admin3_id,aoi_zone,adm3_name,adm3_name1,adm3_name2,adm3_name3,adm3_pcode,adm2_name,adm2_name1,adm2_name2,adm2_name3,adm2_pcode,adm1_name,adm1_name1,adm1_name2,adm1_name3,adm1_pcode,adm0_name,adm0_name1,adm0_name2,adm0_name3,adm0_pcode,valid_on,valid_to,area_sqkm,version,lang,lang1,lang2,lang3,adm0_en,adm3_ref_name,center_lat,center_lon,mmi_categorie,area_km2,n_buildings_overture,n_buildings_osm,population
VE010101,EMSR884/AOI02 - Caracas,Altagracia,,,,VE010101,Libertador,,,,VE0101,Distrito Capital,,,,VE01,Venezuela (República Bolivariana de),,,,VE,2021/02/23,,2.9508224,v01,es,,,,Venezuela (Bolivarian Republic of),Altagracia,10.53201028,-66.91336104,I,0.0,0,0,0.0
VE010101,EMSR884/AOI02 - Caracas,Altagracia,,,,VE010101,Libertador,,,,VE0101,Distrito Capital,,,,VE01,Venezuela (República Bolivariana de),,,,VE,2021/02/23,,2.9508224,v01,es,,,,Venezuela (Bolivarian Republic of),Altagracia,10.53201028,-66.91336104,II-III,0.0,0,0,0.0
VE010101,EMSR884/AOI02 - Caracas,Altagracia,,,,VE010101,Libertador,,,,VE0101,Distrito Capital,,,,VE01,Venezuela (República Bolivariana de),,,,VE,2021/02/23,,2.9508224,v01,es,,,,Venezuela (Bolivarian Republic of),Altagracia,10.53201028,-66.91336104,IV,0.0,0,0,0.0
VE010101,EMSR884/AOI02 - Caracas,Altagracia,,,,VE010101,Libertador,,,,VE0101,Distrito Capital,,,,VE01,Venezuela (República Bolivariana de),,,,VE,2021/02/23,,2.9508224,v01,es,,,,Venezuela (Bolivarian Republic of),Altagracia,10.53201028,-66.91336104,V,0.0,0,0,0.0
VE010101,EMSR884/AOI02 - Caracas,Altagracia,,,,VE010101,Libertador,,,,VE0101,Distrito Capital,,,,VE01,Venezuela (República Bolivariana de),,,,VE,2021/02/23,,2.9508224,v01,es,,,,Venezuela (Bolivarian Republic of),Altagracia,10.53201028,-66.91336104,VI,0.0,0,0,0.0
VE010101,EMSR884/AOI02 - Caracas,Altagracia,,,,VE010101,Libertador,,,,VE0101,Distrito Capital,,,,VE01,Venezuela (República Bolivariana de),,,,VE,2021/02/23,,2.9508224,v01,es,,,,Venezuela (Bolivarian Republic of),Altagracia,10.53201028,-66.91336104,VII,0.0,0,0,0.0
VE010101,EMSR884/AOI02 - Caracas,Altagracia,,,,VE010101,Libertador,,,,VE0101,Distrito Capital,,,,VE01,Venezuela (República Bolivariana de),,,,VE,2021/02/23,,2.9508224,v01,es,,,,Venezuela (Bolivarian Republic of),Altagracia,10.53201028,-66.91336104,VIII,2.969,3245,171,19948.0
VE010101,EMSR884/AOI02 - Caracas,Altagracia,,,,VE010101,Libertador,,,,VE0101,Distrito Capital,,,,VE01,Venezuela (República Bolivariana de),,,,VE,2021/02/23,,2.9508224,v01,es,,,,Venezuela (Bolivarian Republic of),Altagracia,10.53201028,-66.91336104,IX,0.0,0,0,0.0
VE010101,EMSR884/AOI02 - Caracas,Altagracia,,,,VE010101,Libertador,,,,VE0101,Distrito Capital,,,,VE01,Venezuela (República Bolivariana de),,,,VE,2021/02/23,,2.9508224,v01,es,,,,Venezuela (Bolivarian Republic of),Altagracia,10.53201028,-66.91336104,X+,0.0,0,0,0.0
VE010102,EMSR884/AOI03 - Antimano,Antimano,,,,VE010102,Libertador,,,,VE0101,Distrito Capital,,,,VE01,Venezuela (República Bolivariana de),,,,VE,2021/02/23,,24.84466541,v01,es,,,,Venezuela (Bolivarian Republic of),Antimano,10.4683695,-66.9912598,I,0.0,0,0,0.0
VE010102,EMSR884/AOI03 - Antimano,Antimano,,,,VE010102,Libertador,,,,VE0101,Distrito Capital,,,,VE01,Venezuela (República Bolivariana de),,,,VE,2021/02/23,,24.84466541,v01,es,,,,Venezuela (Bolivarian Republic of),Antimano,10.4683695,-66.9912598,II-III,0.0,0,0,0.0
VE010102,EMSR884/AOI03 - Antimano,Antimano,,,,VE010102,Libertador,,,,VE0101,Distrito Capital,,,,VE01,Venezuela (República Bolivariana de),,,,VE,2021/02/23,,24.84466541,v01,es,,,,Venezuela (Bolivarian Republic of),Antimano,10.4683695,-66.9912598,IV,0.0,0,0,0.0
VE010102,EMSR884/AOI03 - Antimano,Antimano,,,,VE010102,Libertador,,,,VE0101,Distrito Capital,,,,VE01,Venezuela (República Bolivariana de),,,,VE,2021/02/23,,24.84466541,v01,es,,,,Venezuela (Bolivarian Republic of),Antimano,10.4683695,-66.9912598,V,0.0,0,0,0.0
VE010102,EMSR884/AOI03 - Antimano,Antimano,,,,VE010102,Libertador,,,,VE0101,Distrito Capital,,,,VE01,Venezuela (República Bolivariana de),,,,VE,2021/02/23,,24.84466541,v01,es,,,,Venezuela (Bolivarian Republic of),Antimano,10.4683695,-66.9912598,VI,19.365,16523,16917,85863.0
VE010102,EMSR884/AOI03 - Antimano,Antimano,,,,VE010102,Libertador,,,,VE0101,Distrito Capital,,,,VE01,Venezuela (República Bolivariana de),,,,VE,2021/02/23,,24.84466541,v01,es,,,,Venezuela (Bolivarian Republic of),Antimano,10.4683695,-66.9912598,VII,5.636,8915,1274,44250.0
VE010102,EMSR884/AOI03 - Antimano,Antimano,,,,VE010102,Libertador,,,,VE0101,Distrito Capital,,,,VE01,Venezuela (República Bolivariana de),,,,VE,2021/02/23,,24.84466541,v01,es,,,,Venezuela (Bolivarian Republic of),Antimano,10.4683695,-66.9912598,VIII,0.0,0,0,0.0
VE010102,EMSR884/AOI03 - Antimano,Antimano,,,,VE010102,Libertador,,,,VE0101,Distrito Capital,,,,VE01,Venezuela (República Bolivariana de),,,,VE,2021/02/23,,24.84466541,v01,es,,,,Venezuela (Bolivarian Republic of),Antimano,10.4683695,-66.9912598,IX,0.0,0,0,0.0
VE010102,EMSR884/AOI03 - Antimano,Antimano,,,,VE010102,Libertador,,,,VE0101,Distrito Capital,,,,VE01,Venezuela (República Bolivariana de),,,,VE,2021/02/23,,24.84466541,v01,es,,,,Venezuela (Bolivarian Republic of),Antimano,10.4683695,-66.9912598,X+,0.0,0,0,0.0
VE010103,EMSR884/AOI02 - Caracas,Candelaria,,,,VE010103,Libertador,,,,VE0101,Distrito Capital,,,,VE01,Venezuela (República Bolivariana de),,,,VE,2021/02/23,,1.31842686,v01,es,,,,Venezuela (Bolivarian Republic of),Candelaria,10.5073545,-66.90575015,I,0.0,0,0,0.0
VE010103,EMSR884/AOI02 - Caracas,Candelaria,,,,VE010103,Libertador,,,,VE0101,Distrito Capital,,,,VE01,Venezuela (República Bolivariana de),,,,VE,2021/02/23,,1.31842686,v01,es,,,,Venezuela (Bolivarian Republic of),Candelaria,10.5073545,-66.90575015,II-III,0.0,0,0,0.0
VE010103,EMSR884/AOI02 - Caracas,Candelaria,,,,VE010103,Libertador,,,,VE0101,Distrito Capital,,,,VE01,Venezuela (República Bolivariana de),,,,VE,2021/02/23,,1.31842686,v01,es,,,,Venezuela (Bolivarian Republic of),Candelaria,10.5073545,-66.90575015,IV,0.0,0,0,0.0
VE010103,EMSR884/AOI02 - Caracas,Candelaria,,,,VE010103,Libertador,,,,VE0101,Distrito Capital,,,,VE01,Venezuela (República Bolivariana de),,,,VE,2021/02/23,,1.31842686,v01,es,,,,Venezuela (Bolivarian Republic of),Candelaria,10.5073545,-66.90575015,V,0.0,0,0,0.0
VE010103,EMSR884/AOI02 - Caracas,Candelaria,,,,VE010103,Libertador,,,,VE0101,Distrito Capital,,,,VE01,Venezuela (República Bolivariana de),,,,VE,2021/02/23,,1.31842686,v01,es,,,,Venezuela (Bolivarian Republic of),Candelaria,10.5073545,-66.90575015,VI,0.0,0,0,0.0
VE010103,EMSR884/AOI02 - Caracas,Candelaria,,,,VE010103,Libertador,,,,VE0101,Distrito Capital,,,,VE01,Venezuela (República Bolivariana de),,,,VE,2021/02/23,,1.31842686,v01,es,,,,Venezuela (Bolivarian Republic of),Candelaria,10.5073545,-66.90575015,VII,0.0,0,0,0.0
VE010103,EMSR884/AOI02 - Caracas,Candelaria,,,,VE010103,Libertador,,,,VE0101,Distrito Capital,,,,VE01,Venezuela (República Bolivariana de),,,,VE,2021/02/23,,1.31842686,v01,es,,,,Venezuela (Bolivarian Republic of),Candelaria,10.5073545,-66.90575015,VIII,1.327,3097,567,19141.0
VE010103,EMSR884/AOI02 - Caracas,Candelaria,,,,VE010103,Libertador,,,,VE0101,Distrito Capital,,,,VE01,Venezuela (República Bolivariana de),,,,VE,2021/02/23,,1.31842686,v01,es,,,,Venezuela (Bolivarian Republic of),Candelaria,10.5073545,-66.90575015,IX,0.0,0,0,0.0
VE010103,EMSR884/AOI02 - Caracas,Candelaria,,,,VE010103,Libertador,,,,VE0101,Distrito Capital,,,,VE01,Venezuela (República Bolivariana de),,,,VE,2021/02/23,,1.31842686,v01,es,,,,Venezuela (Bolivarian Republic of),Candelaria,10.5073545,-66.90575015,X+,0.0,0,0,0.0
VE010104,EMSR884/AOI02 - Caracas; EMSR884/AOI03 - Antimano,Caricuao,,,,VE010104,Libertador,,,,VE0101,Distrito Capital,,,,VE01,Venezuela (República Bolivariana de),,,,VE,2021/02/23,,24.00620624,v01,es,,,,Venezuela (Bolivarian Republic of),Caricuao,10.4252285,-66.98067361,I,0.0,0,0,0.0
VE010104,EMSR884/AOI02 - Caracas; EMSR884/AOI03 - Antimano,Caricuao,,,,VE010104,Libertador,,,,VE0101,Distrito Capital,,,,VE01,Venezuela (República Bolivariana de),,,,VE,2021/02/23,,24.00620624,v01,es,,,,Venezuela (Bolivarian Republic of),Caricuao,10.4252285,-66.98067361,II-III,0.0,0,0,0.0
VE010104,EMSR884/AOI02 - Caracas; EMSR884/AOI03 - Antimano,Caricuao,,,,VE010104,Libertador,,,,VE0101,Distrito Capital,,,,VE01,Venezuela (República Bolivariana de),,,,VE,2021/02/23,,24.00620624,v01,es,,,,Venezuela (Bolivarian Republic of),Caricuao,10.4252285,-66.98067361,IV,0.0,0,0,0.0
VE010104,EMSR884/AOI02 - Caracas; EMSR884/AOI03 - Antimano,Caricuao,,,,VE010104,Libertador,,,,VE0101,Distrito Capital,,,,VE01,Venezuela (República Bolivariana de),,,,VE,2021/02/23,,24.00620624,v01,es,,,,Venezuela (Bolivarian Republic of),Caricuao,10.4252285,-66.98067361,V,0.0,0,0,0.0
VE010104,EMSR884/AOI02 - Caracas; EMSR884/AOI03 - Antimano,Caricuao,,,,VE010104,Libertador,,,,VE0101,Distrito Capital,,,,VE01,Venezuela (República Bolivariana de),,,,VE,2021/02/23,,24.00620624,v01,es,,,,Venezuela (Bolivarian Republic of),Caricuao,10.4252285,-66.98067361,VI,24.158,13614,317,74319.0
VE010104,EMSR884/AOI02 - Caracas; EMSR884/AOI03 - Antimano,Caricuao,,,,VE010104,Libertador,,,,VE0101,Distrito Capital,,,,VE01,Venezuela (República Bolivariana de),,,,VE,2021/02/23,,24.00620624,v01,es,,,,Venezuela (Bolivarian Republic of),Caricuao,10.4252285,-66.98067361,VII,0.0,0,0,0.0
VE010104,EMSR884/AOI02 - Caracas; EMSR884/AOI03 - Antimano,Caricuao,,,,VE010104,Libertador,,,,VE0101,Distrito Capital,,,,VE01,Venezuela (República Bolivariana de),,,,VE,2021/02/23,,24.00620624,v01,es,,,,Venezuela (Bolivarian Republic of),Caricuao,10.4252285,-66.98067361,VIII,0.0,0,0,0.0
VE010104,EMSR884/AOI02 - Caracas; EMSR884/AOI03 - Antimano,Caricuao,,,,VE010104,Libertador,,,,VE0101,Distrito Capital,,,,VE01,Venezuela (República Bolivariana de),,,,VE,2021/02/23,,24.00620624,v01,es,,,,Venezuela (Bolivarian Republic of),Caricuao,10.4252285,-66.98067361,IX,0.0,0,0,0.0
VE010104,EMSR884/AOI02 - Caracas; EMSR884/AOI03 - Antimano,Caricuao,,,,VE010104,Libertador,,,,VE0101,Distrito Capital,,,,VE01,Venezuela (República Bolivariana de),,,,VE,2021/02/23,,24.00620624,v01,es,,,,Venezuela (Bolivarian Republic of),Caricuao,10.4252285,-66.98067361,X+,0.0,0,0,0.0
VE010105,EMSR884/AOI02 - Caracas,Catedral,,,,VE010105,Libertador,,,,VE0101,Distrito Capital,,,,VE01,Venezuela (República Bolivariana de),,,,VE,2021/02/23,,0.84258876,v01,es,,,,Venezuela (Bolivarian Republic of),Catedral,10.5060175,-66.91666592,I,0.0,0,0,0.0
VE010105,EMSR884/AOI02 - Caracas,Catedral,,,,VE010105,Libertador,,,,VE0101,Distrito Capital,,,,VE01,Venezuela (República Bolivariana de),,,,VE,2021/02/23,,0.84258876,v01,es,,,,Venezuela (Bolivarian Republic of),Catedral,10.5060175,-66.91666592,II-III,0.0,0,0,0.0
VE010105,EMSR884/AOI02 - Caracas,Catedral,,,,VE010105,Libertador,,,,VE0101,Distrito Capital,,,,VE01,Venezuela (República Bolivariana de),,,,VE,2021/02/23,,0.84258876,v01,es,,,,Venezuela (Bolivarian Republic of),Catedral,10.5060175,-66.91666592,IV,0.0,0,0,0.0
VE010105,EMSR884/AOI02 - Caracas,Catedral,,,,VE010105,Libertador,,,,VE0101,Distrito Capital,,,,VE01,Venezuela (República Bolivariana de),,,,VE,2021/02/23,,0.84258876,v01,es,,,,Venezuela (Bolivarian Republic of),Catedral,10.5060175,-66.91666592,V,0.0,0,0,0.0
VE010105,EMSR884/AOI02 - Caracas,Catedral,,,,VE010105,Libertador,,,,VE0101,Distrito Capital,,,,VE01,Venezuela (República Bolivariana de),,,,VE,2021/02/23,,0.84258876,v01,es,,,,Venezuela (Bolivarian Republic of),Catedral,10.5060175,-66.91666592,VI,0.0,0,0,0.0
VE010105,EMSR884/AOI02 - Caracas,Catedral,,,,VE010105,Libertador,,,,VE0101,Distrito Capital,,,,VE01,Venezuela (República Bolivariana de),,,,VE,2021/02/23,,0.84258876,v01,es,,,,Venezuela (Bolivarian Republic of),Catedral,10.5060175,-66.91666592,VII,0.0,0,0,0.0
VE010105,EMSR884/AOI02 - Caracas,Catedral,,,,VE010105,Libertador,,,,VE0101,Distrito Capital,,,,VE01,Venezuela (República Bolivariana de),,,,VE,2021/02/23,,0.84258876,v01,es,,,,Venezuela (Bolivarian Republic of),Catedral,10.5060175,-66.91666592,VIII,0.848,1086,258,8170.0
VE010105,EMSR884/AOI02 - Caracas,Catedral,,,,VE010105,Libertador,,,,VE0101,Distrito Capital,,,,VE01,Venezuela (República Bolivariana de),,,,VE,2021/02/23,,0.84258876,v01,es,,,,Venezuela (Bolivarian Republic of),Catedral,10.5060175,-66.91666592,IX,0.0,0,0,0.0
VE010105,EMSR884/AOI02 - Caracas,Catedral,,,,VE010105,Libertador,,,,VE0101,Distrito Capital,,,,VE01,Venezuela (República Bolivariana de),,,,VE,2021/02/23,,0.84258876,v01,es,,,,Venezuela (Bolivarian Republic of),Catedral,10.5060175,-66.91666592,X+,0.0,0,0,0.0
VE010106,EMSR884/AOI02 - Caracas; EMSR884/AOI03 - Antimano,Coche,,,,VE010106,Libertador,,,,VE0101,Distrito Capital,,,,VE01,Venezuela (República Bolivariana de),,,,VE,2021/02/23,,12.29543577,v01,es,,,,Venezuela (Bolivarian Republic of),Coche,10.4336575,-66.93741391,I,0.0,0,0,0.0
VE010106,EMSR884/AOI02 - Caracas; EMSR884/AOI03 - Antimano,Coche,,,,VE010106,Libertador,,,,VE0101,Distrito Capital,,,,VE01,Venezuela (República Bolivariana de),,,,VE,2021/02/23,,12.29543577,v01,es,,,,Venezuela (Bolivarian Republic of),Coche,10.4336575,-66.93741391,II-III,0.0,0,0,0.0
VE010106,EMSR884/AOI02 - Caracas; EMSR884/AOI03 - Antimano,Coche,,,,VE010106,Libertador,,,,VE0101,Distrito Capital,,,,VE01,Venezuela (República Bolivariana de),,,,VE,2021/02/23,,12.29543577,v01,es,,,,Venezuela (Bolivarian Republic of),Coche,10.4336575,-66.93741391,IV,0.0,0,0,0.0
VE010106,EMSR884/AOI02 - Caracas; EMSR884/AOI03 - Antimano,Coche,,,,VE010106,Libertador,,,,VE0101,Distrito Capital,,,,VE01,Venezuela (República Bolivariana de),,,,VE,2021/02/23,,12.29543577,v01,es,,,,Venezuela (Bolivarian Republic of),Coche,10.4336575,-66.93741391,V,0.0,0,0,0.0
VE010106,EMSR884/AOI02 - Caracas; EMSR884/AOI03 - Antimano,Coche,,,,VE010106,Libertador,,,,VE0101,Distrito Capital,,,,VE01,Venezuela (República Bolivariana de),,,,VE,2021/02/23,,12.29543577,v01,es,,,,Venezuela (Bolivarian Republic of),Coche,10.4336575,-66.93741391,VI,11.717,8467,330,50979.0
VE010106,EMSR884/AOI02 - Caracas; EMSR884/AOI03 - Antimano,Coche,,,,VE010106,Libertador,,,,VE0101,Distrito Capital,,,,VE01,Venezuela (República Bolivariana de),,,,VE,2021/02/23,,12.29543577,v01,es,,,,Venezuela (Bolivarian Republic of),Coche,10.4336575,-66.93741391,VII,0.656,685,31,7081.0
VE010106,EMSR884/AOI02 - Caracas; EMSR884/AOI03 - Antimano,Coche,,,,VE010106,Libertador,,,,VE0101,Distrito Capital,,,,VE01,Venezuela (República Bolivariana de),,,,VE,2021/02/23,,12.29543577,v01,es,,,,Venezuela (Bolivarian Republic of),Coche,10.4336575,-66.93741391,VIII,0.0,0,0,0.0
VE010106,EMSR884/AOI02 - Caracas; EMSR884/AOI03 - Antimano,Coche,,,,VE010106,Libertador,,,,VE0101,Distrito Capital,,,,VE01,Venezuela (República Bolivariana de),,,,VE,2021/02/23,,12.29543577,v01,es,,,,Venezuela (Bolivarian Republic of),Coche,10.4336575,-66.93741391,IX,0.0,0,0,0.0
VE010106,EMSR884/AOI02 - Caracas; EMSR884/AOI03 - Antimano,Coche,,,,VE010106,Libertador,,,,VE0101,Distrito Capital,,,,VE01,Venezuela (República Bolivariana de),,,,VE,2021/02/23,,12.29543577,v01,es,,,,Venezuela (Bolivarian Republic of),Coche,10.4336575,-66.93741391,X+,0.0,0,0,0.0
VE010107,EMSR884/AOI03 - Antimano,El Junquito,,,,VE010107,Libertador,,,,VE0101,Distrito Capital,,,,VE01,Venezuela (República Bolivariana de),,,,VE,2021/02/23,,58.73882787,v01,es,,,,Venezuela (Bolivarian Republic of),El Junquito,10.4946755,-67.02329514,I,0.0,0,0,0.0
VE010107,EMSR884/AOI03 - Antimano,El Junquito,,,,VE010107,Libertador,,,,VE0101,Distrito Capital,,,,VE01,Venezuela (República Bolivariana de),,,,VE,2021/02/23,,58.73882787,v01,es,,,,Venezuela (Bolivarian Republic of),El Junquito,10.4946755,-67.02329514,II-III,0.0,0,0,0.0
VE010107,EMSR884/AOI03 - Antimano,El Junquito,,,,VE010107,Libertador,,,,VE0101,Distrito Capital,,,,VE01,Venezuela (República Bolivariana de),,,,VE,2021/02/23,,58.73882787,v01,es,,,,Venezuela (Bolivarian Republic of),El Junquito,10.4946755,-67.02329514,IV,0.0,0,0,0.0
VE010107,EMSR884/AOI03 - Antimano,El Junquito,,,,VE010107,Libertador,,,,VE0101,Distrito Capital,,,,VE01,Venezuela (República Bolivariana de),,,,VE,2021/02/23,,58.73882787,v01,es,,,,Venezuela (Bolivarian Republic of),El Junquito,10.4946755,-67.02329514,V,0.0,0,0,0.0
VE010107,EMSR884/AOI03 - Antimano,El Junquito,,,,VE010107,Libertador,,,,VE0101,Distrito Capital,,,,VE01,Venezuela (República Bolivariana de),,,,VE,2021/02/23,,58.73882787,v01,es,,,,Venezuela (Bolivarian Republic of),El Junquito,10.4946755,-67.02329514,VI,2.552,675,24,1818.0
VE010107,EMSR884/AOI03 - Antimano,El Junquito,,,,VE010107,Libertador,,,,VE0101,Distrito Capital,,,,VE01,Venezuela (República Bolivariana de),,,,VE,2021/02/23,,58.73882787,v01,es,,,,Venezuela (Bolivarian Republic of),El Junquito,10.4946755,-67.02329514,VII,48.532,16773,8864,87520.0
VE010107,EMSR884/AOI03 - Antimano,El Junquito,,,,VE010107,Libertador,,,,VE0101,Distrito Capital,,,,VE01,Venezuela (República Bolivariana de),,,,VE,2021/02/23,,58.73882787,v01,es,,,,Venezuela (Bolivarian Republic of),El Junquito,10.4946755,-67.02329514,VIII,8.026,141,19,736.0
VE010107,EMSR884/AOI03 - Antimano,El Junquito,,,,VE010107,Libertador,,,,VE0101,Distrito Capital,,,,VE01,Venezuela (República Bolivariana de),,,,VE,2021/02/23,,58.73882787,v01,es,,,,Venezuela (Bolivarian Republic of),El Junquito,10.4946755,-67.02329514,IX,0.0,0,0,0.0
VE010107,EMSR884/AOI03 - Antimano,El Junquito,,,,VE010107,Libertador,,,,VE0101,Distrito Capital,,,,VE01,Venezuela (República Bolivariana de),,,,VE,2021/02/23,,58.73882787,v01,es,,,,Venezuela (Bolivarian Republic of),El Junquito,10.4946755,-67.02329514,X+,0.0,0,0,0.0
VE010108,EMSR884/AOI02 - Caracas; EMSR884/AOI03 - Antimano,El Paraíso,,,,VE010108,Libertador,,,,VE0101,Distrito Capital,,,,VE01,Venezuela (República Bolivariana de),,,,VE,2021/02/23,,10.3434603,v01,es,,,,Venezuela (Bolivarian Republic of),El Paraiso,10.485052,-66.94562126,I,0.0,0,0,0.0
VE010108,EMSR884/AOI02 - Caracas; EMSR884/AOI03 - Antimano,El Paraíso,,,,VE010108,Libertador,,,,VE0101,Distrito Capital,,,,VE01,Venezuela (República Bolivariana de),,,,VE,2021/02/23,,10.3434603,v01,es,,,,Venezuela (Bolivarian Republic of),El Paraiso,10.485052,-66.94562126,II-III,0.0,0,0,0.0
VE010108,EMSR884/AOI02 - Caracas; EMSR884/AOI03 - Antimano,El Paraíso,,,,VE010108,Libertador,,,,VE0101,Distrito Capital,,,,VE01,Venezuela (República Bolivariana de),,,,VE,2021/02/23,,10.3434603,v01,es,,,,Venezuela (Bolivarian Republic of),El Paraiso,10.485052,-66.94562126,IV,0.0,0,0,0.0
VE010108,EMSR884/AOI02 - Caracas; EMSR884/AOI03 - Antimano,El Paraíso,,,,VE010108,Libertador,,,,VE0101,Distrito Capital,,,,VE01,Venezuela (República Bolivariana de),,,,VE,2021/02/23,,10.3434603,v01,es,,,,Venezuela (Bolivarian Republic of),El Paraiso,10.485052,-66.94562126,V,0.0,0,0,0.0
VE010108,EMSR884/AOI02 - Caracas; EMSR884/AOI03 - Antimano,El Paraíso,,,,VE010108,Libertador,,,,VE0101,Distrito Capital,,,,VE01,Venezuela (República Bolivariana de),,,,VE,2021/02/23,,10.3434603,v01,es,,,,Venezuela (Bolivarian Republic of),El Paraiso,10.485052,-66.94562126,VI,0.009,1,0,14.0
VE010108,EMSR884/AOI02 - Caracas; EMSR884/AOI03 - Antimano,El Paraíso,,,,VE010108,Libertador,,,,VE0101,Distrito Capital,,,,VE01,Venezuela (República Bolivariana de),,,,VE,2021/02/23,,10.3434603,v01,es,,,,Venezuela (Bolivarian Republic of),El Paraiso,10.485052,-66.94562126,VII,10.284,13175,585,92975.0
VE010108,EMSR884/AOI02 - Caracas; EMSR884/AOI03 - Antimano,El Paraíso,,,,VE010108,Libertador,,,,VE0101,Distrito Capital,,,,VE01,Venezuela (República Bolivariana de),,,,VE,2021/02/23,,10.3434603,v01,es,,,,Venezuela (Bolivarian Republic of),El Paraiso,10.485052,-66.94562126,VIII,0.116,79,31,696.0
VE010108,EMSR884/AOI02 - Caracas; EMSR884/AOI03 - Antimano,El Paraíso,,,,VE010108,Libertador,,,,VE0101,Distrito Capital,,,,VE01,Venezuela (República Bolivariana de),,,,VE,2021/02/23,,10.3434603,v01,es,,,,Venezuela (Bolivarian Republic of),El Paraiso,10.485052,-66.94562126,IX,0.0,0,0,0.0
VE010108,EMSR884/AOI02 - Caracas; EMSR884/AOI03 - Antimano,El Paraíso,,,,VE010108,Libertador,,,,VE0101,Distrito Capital,,,,VE01,Venezuela (República Bolivariana de),,,,VE,2021/02/23,,10.3434603,v01,es,,,,Venezuela (Bolivarian Republic of),El Paraiso,10.485052,-66.94562126,X+,0.0,0,0,0.0
VE010109,EMSR884/AOI01 - Petare; EMSR884/AOI02 - Caracas,El Recreo,,,,VE010109,Libertador,,,,VE0101,Distrito Capital,,,,VE01,Venezuela (República Bolivariana de),,,,VE,2021/02/23,,15.54573253,v01,es,,,,Venezuela (Bolivarian Republic of),El Recreo,10.51615966,-66.87732569,I,0.0,0,0,0.0
VE010109,EMSR884/AOI01 - Petare; EMSR884/AOI02 - Caracas,El Recreo,,,,VE010109,Libertador,,,,VE0101,Distrito Capital,,,,VE01,Venezuela (República Bolivariana de),,,,VE,2021/02/23,,15.54573253,v01,es,,,,Venezuela (Bolivarian Republic of),El Recreo,10.51615966,-66.87732569,II-III,0.0,0,0,0.0
VE010109,EMSR884/AOI01 - Petare; EMSR884/AOI02 - Caracas,El Recreo,,,,VE010109,Libertador,,,,VE0101,Distrito Capital,,,,VE01,Venezuela (República Bolivariana de),,,,VE,2021/02/23,,15.54573253,v01,es,,,,Venezuela (Bolivarian Republic of),El Recreo,10.51615966,-66.87732569,IV,0.0,0,0,0.0
VE010109,EMSR884/AOI01 - Petare; EMSR884/AOI02 - Caracas,El Recreo,,,,VE010109,Libertador,,,,VE0101,Distrito Capital,,,,VE01,Venezuela (República Bolivariana de),,,,VE,2021/02/23,,15.54573253,v01,es,,,,Venezuela (Bolivarian Republic of),El Recreo,10.51615966,-66.87732569,V,0.0,0,0,0.0
VE010109,EMSR884/AOI01 - Petare; EMSR884/AOI02 - Caracas,El Recreo,,,,VE010109,Libertador,,,,VE0101,Distrito Capital,,,,VE01,Venezuela (República Bolivariana de),,,,VE,2021/02/23,,15.54573253,v01,es,,,,Venezuela (Bolivarian Republic of),El Recreo,10.51615966,-66.87732569,VI,0.0,0,0,0.0
VE010109,EMSR884/AOI01 - Petare; EMSR884/AOI02 - Caracas,El Recreo,,,,VE010109,Libertador,,,,VE0101,Distrito Capital,,,,VE01,Venezuela (República Bolivariana de),,,,VE,2021/02/23,,15.54573253,v01,es,,,,Venezuela (Bolivarian Republic of),El Recreo,10.51615966,-66.87732569,VII,8.724,7780,1420,56776.0
VE010109,EMSR884/AOI01 - Petare; EMSR884/AOI02 - Caracas,El Recreo,,,,VE010109,Libertador,,,,VE0101,Distrito Capital,,,,VE01,Venezuela (República Bolivariana de),,,,VE,2021/02/23,,15.54573253,v01,es,,,,Venezuela (Bolivarian Republic of),El Recreo,10.51615966,-66.87732569,VIII,6.919,3623,101,15851.0
VE010109,EMSR884/AOI01 - Petare; EMSR884/AOI02 - Caracas,El Recreo,,,,VE010109,Libertador,,,,VE0101,Distrito Capital,,,,VE01,Venezuela (República Bolivariana de),,,,VE,2021/02/23,,15.54573253,v01,es,,,,Venezuela (Bolivarian Republic of),El Recreo,10.51615966,-66.87732569,IX,0.0,0,0,0.0
VE010109,EMSR884/AOI01 - Petare; EMSR884/AOI02 - Caracas,El Recreo,,,,VE010109,Libertador,,,,VE0101,Distrito Capital,,,,VE01,Venezuela (República Bolivariana de),,,,VE,2021/02/23,,15.54573253,v01,es,,,,Venezuela (Bolivarian Republic of),El Recreo,10.51615966,-66.87732569,X+,0.0,0,0,0.0
VE010110,EMSR884/AOI02 - Caracas; EMSR884/AOI03 - Antimano,El Valle,,,,VE010110,Libertador,,,,VE0101,Distrito Capital,,,,VE01,Venezuela (República Bolivariana de),,,,VE,2021/02/23,,20.85087021,v01,es,,,,Venezuela (Bolivarian Republic of),El Valle,10.44314877,-66.91011781,I,0.0,0,0,0.0
VE010110,EMSR884/AOI02 - Caracas; EMSR884/AOI03 - Antimano,El Valle,,,,VE010110,Libertador,,,,VE0101,Distrito Capital,,,,VE01,Venezuela (República Bolivariana de),,,,VE,2021/02/23,,20.85087021,v01,es,,,,Venezuela (Bolivarian Republic of),El Valle,10.44314877,-66.91011781,II-III,0.0,0,0,0.0
VE010110,EMSR884/AOI02 - Caracas; EMSR884/AOI03 - Antimano,El Valle,,,,VE010110,Libertador,,,,VE0101,Distrito Capital,,,,VE01,Venezuela (República Bolivariana de),,,,VE,2021/02/23,,20.85087021,v01,es,,,,Venezuela (Bolivarian Republic of),El Valle,10.44314877,-66.91011781,IV,0.0,0,0,0.0
VE010110,EMSR884/AOI02 - Caracas; EMSR884/AOI03 - Antimano,El Valle,,,,VE010110,Libertador,,,,VE0101,Distrito Capital,,,,VE01,Venezuela (República Bolivariana de),,,,VE,2021/02/23,,20.85087021,v01,es,,,,Venezuela (Bolivarian Republic of),El Valle,10.44314877,-66.91011781,V,0.0,0,0,0.0
VE010110,EMSR884/AOI02 - Caracas; EMSR884/AOI03 - Antimano,El Valle,,,,VE010110,Libertador,,,,VE0101,Distrito Capital,,,,VE01,Venezuela (República Bolivariana de),,,,VE,2021/02/23,,20.85087021,v01,es,,,,Venezuela (Bolivarian Republic of),El Valle,10.44314877,-66.91011781,VI,8.347,822,180,4546.0
VE010110,EMSR884/AOI02 - Caracas; EMSR884/AOI03 - Antimano,El Valle,,,,VE010110,Libertador,,,,VE0101,Distrito Capital,,,,VE01,Venezuela (República Bolivariana de),,,,VE,2021/02/23,,20.85087021,v01,es,,,,Venezuela (Bolivarian Republic of),El Valle,10.44314877,-66.91011781,VII,12.635,16079,703,76989.0
VE010110,EMSR884/AOI02 - Caracas; EMSR884/AOI03 - Antimano,El Valle,,,,VE010110,Libertador,,,,VE0101,Distrito Capital,,,,VE01,Venezuela (República Bolivariana de),,,,VE,2021/02/23,,20.85087021,v01,es,,,,Venezuela (Bolivarian Republic of),El Valle,10.44314877,-66.91011781,VIII,0.0,0,0,0.0
VE010110,EMSR884/AOI02 - Caracas; EMSR884/AOI03 - Antimano,El Valle,,,,VE010110,Libertador,,,,VE0101,Distrito Capital,,,,VE01,Venezuela (República Bolivariana de),,,,VE,2021/02/23,,20.85087021,v01,es,,,,Venezuela (Bolivarian Republic of),El Valle,10.44314877,-66.91011781,IX,0.0,0,0,0.0
VE010110,EMSR884/AOI02 - Caracas; EMSR884/AOI03 - Antimano,El Valle,,,,VE010110,Libertador,,,,VE0101,Distrito Capital,,,,VE01,Venezuela (República Bolivariana de),,,,VE,2021/02/23,,20.85087021,v01,es,,,,Venezuela (Bolivarian Republic of),El Valle,10.44314877,-66.91011781,X+,0.0,0,0,0.0
VE010111,EMSR884/AOI02 - Caracas,La Pastora,,,,VE010111,Libertador,,,,VE0101,Distrito Capital,,,,VE01,Venezuela (República Bolivariana de),,,,VE,2021/02/23,,7.51928825,v01,es,,,,Venezuela (Bolivarian Republic of),La Pastora,10.531556,-66.92450243,I,0.0,0,0,0.0
VE010111,EMSR884/AOI02 - Caracas,La Pastora,,,,VE010111,Libertador,,,,VE0101,Distrito Capital,,,,VE01,Venezuela (República Bolivariana de),,,,VE,2021/02/23,,7.51928825,v01,es,,,,Venezuela (Bolivarian Republic of),La Pastora,10.531556,-66.92450243,II-III,0.0,0,0,0.0
VE010111,EMSR884/AOI02 - Caracas,La Pastora,,,,VE010111,Libertador,,,,VE0101,Distrito Capital,,,,VE01,Venezuela (República Bolivariana de),,,,VE,2021/02/23,,7.51928825,v01,es,,,,Venezuela (Bolivarian Republic of),La Pastora,10.531556,-66.92450243,IV,0.0,0,0,0.0
VE010111,EMSR884/AOI02 - Caracas,La Pastora,,,,VE010111,Libertador,,,,VE0101,Distrito Capital,,,,VE01,Venezuela (República Bolivariana de),,,,VE,2021/02/23,,7.51928825,v01,es,,,,Venezuela (Bolivarian Republic of),La Pastora,10.531556,-66.92450243,V,0.0,0,0,0.0
VE010111,EMSR884/AOI02 - Caracas,La Pastora,,,,VE010111,Libertador,,,,VE0101,Distrito Capital,,,,VE01,Venezuela (República Bolivariana de),,,,VE,2021/02/23,,7.51928825,v01,es,,,,Venezuela (Bolivarian Republic of),La Pastora,10.531556,-66.92450243,VI,0.0,0,0,0.0
VE010111,EMSR884/AOI02 - Caracas,La Pastora,,,,VE010111,Libertador,,,,VE0101,Distrito Capital,,,,VE01,Venezuela (República Bolivariana de),,,,VE,2021/02/23,,7.51928825,v01,es,,,,Venezuela (Bolivarian Republic of),La Pastora,10.531556,-66.92450243,VII,0.0,0,0,0.0
VE010111,EMSR884/AOI02 - Caracas,La Pastora,,,,VE010111,Libertador,,,,VE0101,Distrito Capital,,,,VE01,Venezuela (República Bolivariana de),,,,VE,2021/02/23,,7.51928825,v01,es,,,,Venezuela (Bolivarian Republic of),La Pastora,10.531556,-66.92450243,VIII,7.567,8161,58,61151.0
VE010111,EMSR884/AOI02 - Caracas,La Pastora,,,,VE010111,Libertador,,,,VE0101,Distrito Capital,,,,VE01,Venezuela (República Bolivariana de),,,,VE,2021/02/23,,7.51928825,v01,es,,,,Venezuela (Bolivarian Republic of),La Pastora,10.531556,-66.92450243,IX,0.0,0,0,0.0
VE010111,EMSR884/AOI02 - Caracas,La Pastora,,,,VE010111,Libertador,,,,VE0101,Distrito Capital,,,,VE01,Venezuela (República Bolivariana de),,,,VE,2021/02/23,,7.51928825,v01,es,,,,Venezuela (Bolivarian Republic of),La Pastora,10.531556,-66.92450243,X+,0.0,0,0,0.0
VE010112,EMSR884/AOI02 - Caracas; EMSR884/AOI03 - Antimano,La Vega,,,,VE010112,Libertador,,,,VE0101,Distrito Capital,,,,VE01,Venezuela (República Bolivariana de),,,,VE,2021/02/23,,11.45325634,v01,es,,,,Venezuela (Bolivarian Republic of),La Vega,10.462918,-66.9466475,I,0.0,0,0,0.0
VE010112,EMSR884/AOI02 - Caracas; EMSR884/AOI03 - Antimano,La Vega,,,,VE010112,Libertador,,,,VE0101,Distrito Capital,,,,VE01,Venezuela (República Bolivariana de),,,,VE,2021/02/23,,11.45325634,v01,es,,,,Venezuela (Bolivarian Republic of),La Vega,10.462918,-66.9466475,II-III,0.0,0,0,0.0
VE010112,EMSR884/AOI02 - Caracas; EMSR884/AOI03 - Antimano,La Vega,,,,VE010112,Libertador,,,,VE0101,Distrito Capital,,,,VE01,Venezuela (República Bolivariana de),,,,VE,2021/02/23,,11.45325634,v01,es,,,,Venezuela (Bolivarian Republic of),La Vega,10.462918,-66.9466475,IV,0.0,0,0,0.0
VE010112,EMSR884/AOI02 - Caracas; EMSR884/AOI03 - Antimano,La Vega,,,,VE010112,Libertador,,,,VE0101,Distrito Capital,,,,VE01,Venezuela (República Bolivariana de),,,,VE,2021/02/23,,11.45325634,v01,es,,,,Venezuela (Bolivarian Republic of),La Vega,10.462918,-66.9466475,V,0.0,0,0,0.0
VE010112,EMSR884/AOI02 - Caracas; EMSR884/AOI03 - Antimano,La Vega,,,,VE010112,Libertador,,,,VE0101,Distrito Capital,,,,VE01,Venezuela (República Bolivariana de),,,,VE,2021/02/23,,11.45325634,v01,es,,,,Venezuela (Bolivarian Republic of),La Vega,10.462918,-66.9466475,VI,8.109,8943,162,45116.0
VE010112,EMSR884/AOI02 - Caracas; EMSR884/AOI03 - Antimano,La Vega,,,,VE010112,Libertador,,,,VE0101,Distrito Capital,,,,VE01,Venezuela (República Bolivariana de),,,,VE,2021/02/23,,11.45325634,v01,es,,,,Venezuela (Bolivarian Republic of),La Vega,10.462918,-66.9466475,VII,3.417,5364,215,33918.0
VE010112,EMSR884/AOI02 - Caracas; EMSR884/AOI03 - Antimano,La Vega,,,,VE010112,Libertador,,,,VE0101,Distrito Capital,,,,VE01,Venezuela (República Bolivariana de),,,,VE,2021/02/23,,11.45325634,v01,es,,,,Venezuela (Bolivarian Republic of),La Vega,10.462918,-66.9466475,VIII,0.0,0,0,0.0
VE010112,EMSR884/AOI02 - Caracas; EMSR884/AOI03 - Antimano,La Vega,,,,VE010112,Libertador,,,,VE0101,Distrito Capital,,,,VE01,Venezuela (República Bolivariana de),,,,VE,2021/02/23,,11.45325634,v01,es,,,,Venezuela (Bolivarian Republic of),La Vega,10.462918,-66.9466475,IX,0.0,0,0,0.0
VE010112,EMSR884/AOI02 - Caracas; EMSR884/AOI03 - Antimano,La Vega,,,,VE010112,Libertador,,,,VE0101,Distrito Capital,,,,VE01,Venezuela (República Bolivariana de),,,,VE,2021/02/23,,11.45325634,v01,es,,,,Venezuela (Bolivarian Republic of),La Vega,10.462918,-66.9466475,X+,0.0,0,0,0.0
VE010113,EMSR884/AOI03 - Antimano,Macarao,,,,VE010113,Libertador,,,,VE0101,Distrito Capital,,,,VE01,Venezuela (República Bolivariana de),,,,VE,2021/02/23,,104.40731635,v01,es,,,,Venezuela (Bolivarian Republic of),Macarao,10.423343,-67.08196419,I,0.0,0,0,0.0
VE010113,EMSR884/AOI03 - Antimano,Macarao,,,,VE010113,Libertador,,,,VE0101,Distrito Capital,,,,VE01,Venezuela (República Bolivariana de),,,,VE,2021/02/23,,104.40731635,v01,es,,,,Venezuela (Bolivarian Republic of),Macarao,10.423343,-67.08196419,II-III,0.0,0,0,0.0
VE010113,EMSR884/AOI03 - Antimano,Macarao,,,,VE010113,Libertador,,,,VE0101,Distrito Capital,,,,VE01,Venezuela (República Bolivariana de),,,,VE,2021/02/23,,104.40731635,v01,es,,,,Venezuela (Bolivarian Republic of),Macarao,10.423343,-67.08196419,IV,0.0,0,0,0.0
VE010113,EMSR884/AOI03 - Antimano,Macarao,,,,VE010113,Libertador,,,,VE0101,Distrito Capital,,,,VE01,Venezuela (República Bolivariana de),,,,VE,2021/02/23,,104.40731635,v01,es,,,,Venezuela (Bolivarian Republic of),Macarao,10.423343,-67.08196419,V,0.0,0,0,0.0
VE010113,EMSR884/AOI03 - Antimano,Macarao,,,,VE010113,Libertador,,,,VE0101,Distrito Capital,,,,VE01,Venezuela (República Bolivariana de),,,,VE,2021/02/23,,104.40731635,v01,es,,,,Venezuela (Bolivarian Republic of),Macarao,10.423343,-67.08196419,VI,85.415,10017,12,41946.0
VE010113,EMSR884/AOI03 - Antimano,Macarao,,,,VE010113,Libertador,,,,VE0101,Distrito Capital,,,,VE01,Venezuela (República Bolivariana de),,,,VE,2021/02/23,,104.40731635,v01,es,,,,Venezuela (Bolivarian Republic of),Macarao,10.423343,-67.08196419,VII,19.65,331,17,760.0
VE010113,EMSR884/AOI03 - Antimano,Macarao,,,,VE010113,Libertador,,,,VE0101,Distrito Capital,,,,VE01,Venezuela (República Bolivariana de),,,,VE,2021/02/23,,104.40731635,v01,es,,,,Venezuela (Bolivarian Republic of),Macarao,10.423343,-67.08196419,VIII,0.0,0,0,0.0
VE010113,EMSR884/AOI03 - Antimano,Macarao,,,,VE010113,Libertador,,,,VE0101,Distrito Capital,,,,VE01,Venezuela (República Bolivariana de),,,,VE,2021/02/23,,104.40731635,v01,es,,,,Venezuela (Bolivarian Republic of),Macarao,10.423343,-67.08196419,IX,0.0,0,0,0.0
VE010113,EMSR884/AOI03 - Antimano,Macarao,,,,VE010113,Libertador,,,,VE0101,Distrito Capital,,,,VE01,Venezuela (República Bolivariana de),,,,VE,2021/02/23,,104.40731635,v01,es,,,,Venezuela (Bolivarian Republic of),Macarao,10.423343,-67.08196419,X+,0.0,0,0,0.0
VE010114,EMSR884/AOI02 - Caracas,San Agustín,,,,VE010114,Libertador,,,,VE0101,Distrito Capital,,,,VE01,Venezuela (República Bolivariana de),,,,VE,2021/02/23,,1.55371325,v01,es,,,,Venezuela (Bolivarian Republic of),San Agustin,10.4962395,-66.90472062,I,0.0,0,0,0.0
VE010114,EMSR884/AOI02 - Caracas,San Agustín,,,,VE010114,Libertador,,,,VE0101,Distrito Capital,,,,VE01,Venezuela (República Bolivariana de),,,,VE,2021/02/23,,1.55371325,v01,es,,,,Venezuela (Bolivarian Republic of),San Agustin,10.4962395,-66.90472062,II-III,0.0,0,0,0.0
VE010114,EMSR884/AOI02 - Caracas,San Agustín,,,,VE010114,Libertador,,,,VE0101,Distrito Capital,,,,VE01,Venezuela (República Bolivariana de),,,,VE,2021/02/23,,1.55371325,v01,es,,,,Venezuela (Bolivarian Republic of),San Agustin,10.4962395,-66.90472062,IV,0.0,0,0,0.0
VE010114,EMSR884/AOI02 - Caracas,San Agustín,,,,VE010114,Libertador,,,,VE0101,Distrito Capital,,,,VE01,Venezuela (República Bolivariana de),,,,VE,2021/02/23,,1.55371325,v01,es,,,,Venezuela (Bolivarian Republic of),San Agustin,10.4962395,-66.90472062,V,0.0,0,0,0.0
VE010114,EMSR884/AOI02 - Caracas,San Agustín,,,,VE010114,Libertador,,,,VE0101,Distrito Capital,,,,VE01,Venezuela (República Bolivariana de),,,,VE,2021/02/23,,1.55371325,v01,es,,,,Venezuela (Bolivarian Republic of),San Agustin,10.4962395,-66.90472062,VI,0.0,0,0,0.0
VE010114,EMSR884/AOI02 - Caracas,San Agustín,,,,VE010114,Libertador,,,,VE0101,Distrito Capital,,,,VE01,Venezuela (República Bolivariana de),,,,VE,2021/02/23,,1.55371325,v01,es,,,,Venezuela (Bolivarian Republic of),San Agustin,10.4962395,-66.90472062,VII,0.156,675,0,3395.0
VE010114,EMSR884/AOI02 - Caracas,San Agustín,,,,VE010114,Libertador,,,,VE0101,Distrito Capital,,,,VE01,Venezuela (República Bolivariana de),,,,VE,2021/02/23,,1.55371325,v01,es,,,,Venezuela (Bolivarian Republic of),San Agustin,10.4962395,-66.90472062,VIII,1.407,2244,144,16090.0
VE010114,EMSR884/AOI02 - Caracas,San Agustín,,,,VE010114,Libertador,,,,VE0101,Distrito Capital,,,,VE01,Venezuela (República Bolivariana de),,,,VE,2021/02/23,,1.55371325,v01,es,,,,Venezuela (Bolivarian Republic of),San Agustin,10.4962395,-66.90472062,IX,0.0,0,0,0.0
VE010114,EMSR884/AOI02 - Caracas,San Agustín,,,,VE010114,Libertador,,,,VE0101,Distrito Capital,,,,VE01,Venezuela (República Bolivariana de),,,,VE,2021/02/23,,1.55371325,v01,es,,,,Venezuela (Bolivarian Republic of),San Agustin,10.4962395,-66.90472062,X+,0.0,0,0,0.0
VE010115,EMSR884/AOI02 - Caracas,San Bernandino,,,,VE010115,Libertador,,,,VE0101,Distrito Capital,,,,VE01,Venezuela (República Bolivariana de),,,,VE,2021/02/23,,7.61041906,v01,es,,,,Venezuela (Bolivarian Republic of),San Bernandino,10.53176661,-66.89874842,I,0.0,0,0,0.0
VE010115,EMSR884/AOI02 - Caracas,San Bernandino,,,,VE010115,Libertador,,,,VE0101,Distrito Capital,,,,VE01,Venezuela (República Bolivariana de),,,,VE,2021/02/23,,7.61041906,v01,es,,,,Venezuela (Bolivarian Republic of),San Bernandino,10.53176661,-66.89874842,II-III,0.0,0,0,0.0
VE010115,EMSR884/AOI02 - Caracas,San Bernandino,,,,VE010115,Libertador,,,,VE0101,Distrito Capital,,,,VE01,Venezuela (República Bolivariana de),,,,VE,2021/02/23,,7.61041906,v01,es,,,,Venezuela (Bolivarian Republic of),San Bernandino,10.53176661,-66.89874842,IV,0.0,0,0,0.0
VE010115,EMSR884/AOI02 - Caracas,San Bernandino,,,,VE010115,Libertador,,,,VE0101,Distrito Capital,,,,VE01,Venezuela (República Bolivariana de),,,,VE,2021/02/23,,7.61041906,v01,es,,,,Venezuela (Bolivarian Republic of),San Bernandino,10.53176661,-66.89874842,V,0.0,0,0,0.0
VE010115,EMSR884/AOI02 - Caracas,San Bernandino,,,,VE010115,Libertador,,,,VE0101,Distrito Capital,,,,VE01,Venezuela (República Bolivariana de),,,,VE,2021/02/23,,7.61041906,v01,es,,,,Venezuela (Bolivarian Republic of),San Bernandino,10.53176661,-66.89874842,VI,0.0,0,0,0.0
VE010115,EMSR884/AOI02 - Caracas,San Bernandino,,,,VE010115,Libertador,,,,VE0101,Distrito Capital,,,,VE01,Venezuela (República Bolivariana de),,,,VE,2021/02/23,,7.61041906,v01,es,,,,Venezuela (Bolivarian Republic of),San Bernandino,10.53176661,-66.89874842,VII,0.0,0,0,0.0
VE010115,EMSR884/AOI02 - Caracas,San Bernandino,,,,VE010115,Libertador,,,,VE0101,Distrito Capital,,,,VE01,Venezuela (República Bolivariana de),,,,VE,2021/02/23,,7.61041906,v01,es,,,,Venezuela (Bolivarian Republic of),San Bernandino,10.53176661,-66.89874842,VIII,7.658,3106,2482,21291.0
VE010115,EMSR884/AOI02 - Caracas,San Bernandino,,,,VE010115,Libertador,,,,VE0101,Distrito Capital,,,,VE01,Venezuela (República Bolivariana de),,,,VE,2021/02/23,,7.61041906,v01,es,,,,Venezuela (Bolivarian Republic of),San Bernandino,10.53176661,-66.89874842,IX,0.0,0,0,0.0
VE010115,EMSR884/AOI02 - Caracas,San Bernandino,,,,VE010115,Libertador,,,,VE0101,Distrito Capital,,,,VE01,Venezuela (República Bolivariana de),,,,VE,2021/02/23,,7.61041906,v01,es,,,,Venezuela (Bolivarian Republic of),San Bernandino,10.53176661,-66.89874842,X+,0.0,0,0,0.0
VE010116,EMSR884/AOI02 - Caracas,San José,,,,VE010116,Libertador,,,,VE0101,Distrito Capital,,,,VE01,Venezuela (República Bolivariana de),,,,VE,2021/02/23,,2.4127559,v01,es,,,,Venezuela (Bolivarian Republic of),San Jose,10.53193052,-66.90899264,I,0.0,0,0,0.0
VE010116,EMSR884/AOI02 - Caracas,San José,,,,VE010116,Libertador,,,,VE0101,Distrito Capital,,,,VE01,Venezuela (República Bolivariana de),,,,VE,2021/02/23,,2.4127559,v01,es,,,,Venezuela (Bolivarian Republic of),San Jose,10.53193052,-66.90899264,II-III,0.0,0,0,0.0
VE010116,EMSR884/AOI02 - Caracas,San José,,,,VE010116,Libertador,,,,VE0101,Distrito Capital,,,,VE01,Venezuela (República Bolivariana de),,,,VE,2021/02/23,,2.4127559,v01,es,,,,Venezuela (Bolivarian Republic of),San Jose,10.53193052,-66.90899264,IV,0.0,0,0,0.0
VE010116,EMSR884/AOI02 - Caracas,San José,,,,VE010116,Libertador,,,,VE0101,Distrito Capital,,,,VE01,Venezuela (República Bolivariana de),,,,VE,2021/02/23,,2.4127559,v01,es,,,,Venezuela (Bolivarian Republic of),San Jose,10.53193052,-66.90899264,V,0.0,0,0,0.0
VE010116,EMSR884/AOI02 - Caracas,San José,,,,VE010116,Libertador,,,,VE0101,Distrito Capital,,,,VE01,Venezuela (República Bolivariana de),,,,VE,2021/02/23,,2.4127559,v01,es,,,,Venezuela (Bolivarian Republic of),San Jose,10.53193052,-66.90899264,VI,0.0,0,0,0.0
VE010116,EMSR884/AOI02 - Caracas,San José,,,,VE010116,Libertador,,,,VE0101,Distrito Capital,,,,VE01,Venezuela (República Bolivariana de),,,,VE,2021/02/23,,2.4127559,v01,es,,,,Venezuela (Bolivarian Republic of),San Jose,10.53193052,-66.90899264,VII,0.0,0,0,0.0
VE010116,EMSR884/AOI02 - Caracas,San José,,,,VE010116,Libertador,,,,VE0101,Distrito Capital,,,,VE01,Venezuela (República Bolivariana de),,,,VE,2021/02/23,,2.4127559,v01,es,,,,Venezuela (Bolivarian Republic of),San Jose,10.53193052,-66.90899264,VIII,2.428,3014,206,17162.0
VE010116,EMSR884/AOI02 - Caracas,San José,,,,VE010116,Libertador,,,,VE0101,Distrito Capital,,,,VE01,Venezuela (República Bolivariana de),,,,VE,2021/02/23,,2.4127559,v01,es,,,,Venezuela (Bolivarian Republic of),San Jose,10.53193052,-66.90899264,IX,0.0,0,0,0.0
VE010116,EMSR884/AOI02 - Caracas,San José,,,,VE010116,Libertador,,,,VE0101,Distrito Capital,,,,VE01,Venezuela (República Bolivariana de),,,,VE,2021/02/23,,2.4127559,v01,es,,,,Venezuela (Bolivarian Republic of),San Jose,10.53193052,-66.90899264,X+,0.0,0,0,0.0
VE010117,EMSR884/AOI02 - Caracas; EMSR884/AOI03 - Antimano,San Juan,,,,VE010117,Libertador,,,,VE0101,Distrito Capital,,,,VE01,Venezuela (República Bolivariana de),,,,VE,2021/02/23,,3.21184248,v01,es,,,,Venezuela (Bolivarian Republic of),San Juan,10.4973285,-66.9317725,I,0.0,0,0,0.0
VE010117,EMSR884/AOI02 - Caracas; EMSR884/AOI03 - Antimano,San Juan,,,,VE010117,Libertador,,,,VE0101,Distrito Capital,,,,VE01,Venezuela (República Bolivariana de),,,,VE,2021/02/23,,3.21184248,v01,es,,,,Venezuela (Bolivarian Republic of),San Juan,10.4973285,-66.9317725,II-III,0.0,0,0,0.0
VE010117,EMSR884/AOI02 - Caracas; EMSR884/AOI03 - Antimano,San Juan,,,,VE010117,Libertador,,,,VE0101,Distrito Capital,,,,VE01,Venezuela (República Bolivariana de),,,,VE,2021/02/23,,3.21184248,v01,es,,,,Venezuela (Bolivarian Republic of),San Juan,10.4973285,-66.9317725,IV,0.0,0,0,0.0
VE010117,EMSR884/AOI02 - Caracas; EMSR884/AOI03 - Antimano,San Juan,,,,VE010117,Libertador,,,,VE0101,Distrito Capital,,,,VE01,Venezuela (República Bolivariana de),,,,VE,2021/02/23,,3.21184248,v01,es,,,,Venezuela (Bolivarian Republic of),San Juan,10.4973285,-66.9317725,V,0.0,0,0,0.0
VE010117,EMSR884/AOI02 - Caracas; EMSR884/AOI03 - Antimano,San Juan,,,,VE010117,Libertador,,,,VE0101,Distrito Capital,,,,VE01,Venezuela (República Bolivariana de),,,,VE,2021/02/23,,3.21184248,v01,es,,,,Venezuela (Bolivarian Republic of),San Juan,10.4973285,-66.9317725,VI,0.0,0,0,0.0
VE010117,EMSR884/AOI02 - Caracas; EMSR884/AOI03 - Antimano,San Juan,,,,VE010117,Libertador,,,,VE0101,Distrito Capital,,,,VE01,Venezuela (República Bolivariana de),,,,VE,2021/02/23,,3.21184248,v01,es,,,,Venezuela (Bolivarian Republic of),San Juan,10.4973285,-66.9317725,VII,0.95,1417,36,12147.0
VE010117,EMSR884/AOI02 - Caracas; EMSR884/AOI03 - Antimano,San Juan,,,,VE010117,Libertador,,,,VE0101,Distrito Capital,,,,VE01,Venezuela (República Bolivariana de),,,,VE,2021/02/23,,3.21184248,v01,es,,,,Venezuela (Bolivarian Republic of),San Juan,10.4973285,-66.9317725,VIII,2.282,5181,129,38655.0
VE010117,EMSR884/AOI02 - Caracas; EMSR884/AOI03 - Antimano,San Juan,,,,VE010117,Libertador,,,,VE0101,Distrito Capital,,,,VE01,Venezuela (República Bolivariana de),,,,VE,2021/02/23,,3.21184248,v01,es,,,,Venezuela (Bolivarian Republic of),San Juan,10.4973285,-66.9317725,IX,0.0,0,0,0.0
VE010117,EMSR884/AOI02 - Caracas; EMSR884/AOI03 - Antimano,San Juan,,,,VE010117,Libertador,,,,VE0101,Distrito Capital,,,,VE01,Venezuela (República Bolivariana de),,,,VE,2021/02/23,,3.21184248,v01,es,,,,Venezuela (Bolivarian Republic of),San Juan,10.4973285,-66.9317725,X+,0.0,0,0,0.0
VE010118,EMSR884/AOI02 - Caracas,San Pedro,,,,VE010118,Libertador,,,,VE0101,Distrito Capital,,,,VE01,Venezuela (República Bolivariana de),,,,VE,2021/02/23,,6.55567204,v01,es,,,,Venezuela (Bolivarian Republic of),San Pedro,10.48110062,-66.89322909,I,0.0,0,0,0.0
VE010118,EMSR884/AOI02 - Caracas,San Pedro,,,,VE010118,Libertador,,,,VE0101,Distrito Capital,,,,VE01,Venezuela (República Bolivariana de),,,,VE,2021/02/23,,6.55567204,v01,es,,,,Venezuela (Bolivarian Republic of),San Pedro,10.48110062,-66.89322909,II-III,0.0,0,0,0.0
VE010118,EMSR884/AOI02 - Caracas,San Pedro,,,,VE010118,Libertador,,,,VE0101,Distrito Capital,,,,VE01,Venezuela (República Bolivariana de),,,,VE,2021/02/23,,6.55567204,v01,es,,,,Venezuela (Bolivarian Republic of),San Pedro,10.48110062,-66.89322909,IV,0.0,0,0,0.0
VE010118,EMSR884/AOI02 - Caracas,San Pedro,,,,VE010118,Libertador,,,,VE0101,Distrito Capital,,,,VE01,Venezuela (República Bolivariana de),,,,VE,2021/02/23,,6.55567204,v01,es,,,,Venezuela (Bolivarian Republic of),San Pedro,10.48110062,-66.89322909,V,0.0,0,0,0.0
VE010118,EMSR884/AOI02 - Caracas,San Pedro,,,,VE010118,Libertador,,,,VE0101,Distrito Capital,,,,VE01,Venezuela (República Bolivariana de),,,,VE,2021/02/23,,6.55567204,v01,es,,,,Venezuela (Bolivarian Republic of),San Pedro,10.48110062,-66.89322909,VI,0.0,0,0,0.0
VE010118,EMSR884/AOI02 - Caracas,San Pedro,,,,VE010118,Libertador,,,,VE0101,Distrito Capital,,,,VE01,Venezuela (República Bolivariana de),,,,VE,2021/02/23,,6.55567204,v01,es,,,,Venezuela (Bolivarian Republic of),San Pedro,10.48110062,-66.89322909,VII,6.333,7083,589,57451.0
VE010118,EMSR884/AOI02 - Caracas,San Pedro,,,,VE010118,Libertador,,,,VE0101,Distrito Capital,,,,VE01,Venezuela (República Bolivariana de),,,,VE,2021/02/23,,6.55567204,v01,es,,,,Venezuela (Bolivarian Republic of),San Pedro,10.48110062,-66.89322909,VIII,0.264,23,1,226.0
VE010118,EMSR884/AOI02 - Caracas,San Pedro,,,,VE010118,Libertador,,,,VE0101,Distrito Capital,,,,VE01,Venezuela (República Bolivariana de),,,,VE,2021/02/23,,6.55567204,v01,es,,,,Venezuela (Bolivarian Republic of),San Pedro,10.48110062,-66.89322909,IX,0.0,0,0,0.0
VE010118,EMSR884/AOI02 - Caracas,San Pedro,,,,VE010118,Libertador,,,,VE0101,Distrito Capital,,,,VE01,Venezuela (República Bolivariana de),,,,VE,2021/02/23,,6.55567204,v01,es,,,,Venezuela (Bolivarian Republic of),San Pedro,10.48110062,-66.89322909,X+,0.0,0,0,0.0
VE010119,EMSR884/AOI02 - Caracas; EMSR884/AOI03 - Antimano,Santa Rosalía,,,,VE010119,Libertador,,,,VE0101,Distrito Capital,,,,VE01,Venezuela (República Bolivariana de),,,,VE,2021/02/23,,6.21578897,v01,es,,,,Venezuela (Bolivarian Republic of),Santa Rosalia,10.483391,-66.91663839,I,0.0,0,0,0.0
VE010119,EMSR884/AOI02 - Caracas; EMSR884/AOI03 - Antimano,Santa Rosalía,,,,VE010119,Libertador,,,,VE0101,Distrito Capital,,,,VE01,Venezuela (República Bolivariana de),,,,VE,2021/02/23,,6.21578897,v01,es,,,,Venezuela (Bolivarian Republic of),Santa Rosalia,10.483391,-66.91663839,II-III,0.0,0,0,0.0
VE010119,EMSR884/AOI02 - Caracas; EMSR884/AOI03 - Antimano,Santa Rosalía,,,,VE010119,Libertador,,,,VE0101,Distrito Capital,,,,VE01,Venezuela (República Bolivariana de),,,,VE,2021/02/23,,6.21578897,v01,es,,,,Venezuela (Bolivarian Republic of),Santa Rosalia,10.483391,-66.91663839,IV,0.0,0,0,0.0
VE010119,EMSR884/AOI02 - Caracas; EMSR884/AOI03 - Antimano,Santa Rosalía,,,,VE010119,Libertador,,,,VE0101,Distrito Capital,,,,VE01,Venezuela (República Bolivariana de),,,,VE,2021/02/23,,6.21578897,v01,es,,,,Venezuela (Bolivarian Republic of),Santa Rosalia,10.483391,-66.91663839,V,0.0,0,0,0.0
VE010119,EMSR884/AOI02 - Caracas; EMSR884/AOI03 - Antimano,Santa Rosalía,,,,VE010119,Libertador,,,,VE0101,Distrito Capital,,,,VE01,Venezuela (República Bolivariana de),,,,VE,2021/02/23,,6.21578897,v01,es,,,,Venezuela (Bolivarian Republic of),Santa Rosalia,10.483391,-66.91663839,VI,0.0,0,0,0.0
VE010119,EMSR884/AOI02 - Caracas; EMSR884/AOI03 - Antimano,Santa Rosalía,,,,VE010119,Libertador,,,,VE0101,Distrito Capital,,,,VE01,Venezuela (República Bolivariana de),,,,VE,2021/02/23,,6.21578897,v01,es,,,,Venezuela (Bolivarian Republic of),Santa Rosalia,10.483391,-66.91663839,VII,5.801,13048,78,76912.0
VE010119,EMSR884/AOI02 - Caracas; EMSR884/AOI03 - Antimano,Santa Rosalía,,,,VE010119,Libertador,,,,VE0101,Distrito Capital,,,,VE01,Venezuela (República Bolivariana de),,,,VE,2021/02/23,,6.21578897,v01,es,,,,Venezuela (Bolivarian Republic of),Santa Rosalia,10.483391,-66.91663839,VIII,0.454,1346,26,7322.0
VE010119,EMSR884/AOI02 - Caracas; EMSR884/AOI03 - Antimano,Santa Rosalía,,,,VE010119,Libertador,,,,VE0101,Distrito Capital,,,,VE01,Venezuela (República Bolivariana de),,,,VE,2021/02/23,,6.21578897,v01,es,,,,Venezuela (Bolivarian Republic of),Santa Rosalia,10.483391,-66.91663839,IX,0.0,0,0,0.0
VE010119,EMSR884/AOI02 - Caracas; EMSR884/AOI03 - Antimano,Santa Rosalía,,,,VE010119,Libertador,,,,VE0101,Distrito Capital,,,,VE01,Venezuela (República Bolivariana de),,,,VE,2021/02/23,,6.21578897,v01,es,,,,Venezuela (Bolivarian Republic of),Santa Rosalia,10.483391,-66.91663839,X+,0.0,0,0,0.0
VE010120,EMSR884/AOI02 - Caracas,Santa Teresa,,,,VE010120,Libertador,,,,VE0101,Distrito Capital,,,,VE01,Venezuela (República Bolivariana de),,,,VE,2021/02/23,,0.66299781,v01,es,,,,Venezuela (Bolivarian Republic of),Santa Teresa,10.496518,-66.91705106,I,0.0,0,0,0.0
VE010120,EMSR884/AOI02 - Caracas,Santa Teresa,,,,VE010120,Libertador,,,,VE0101,Distrito Capital,,,,VE01,Venezuela (República Bolivariana de),,,,VE,2021/02/23,,0.66299781,v01,es,,,,Venezuela (Bolivarian Republic of),Santa Teresa,10.496518,-66.91705106,II-III,0.0,0,0,0.0
VE010120,EMSR884/AOI02 - Caracas,Santa Teresa,,,,VE010120,Libertador,,,,VE0101,Distrito Capital,,,,VE01,Venezuela (República Bolivariana de),,,,VE,2021/02/23,,0.66299781,v01,es,,,,Venezuela (Bolivarian Republic of),Santa Teresa,10.496518,-66.91705106,IV,0.0,0,0,0.0
VE010120,EMSR884/AOI02 - Caracas,Santa Teresa,,,,VE010120,Libertador,,,,VE0101,Distrito Capital,,,,VE01,Venezuela (República Bolivariana de),,,,VE,2021/02/23,,0.66299781,v01,es,,,,Venezuela (Bolivarian Republic of),Santa Teresa,10.496518,-66.91705106,V,0.0,0,0,0.0
VE010120,EMSR884/AOI02 - Caracas,Santa Teresa,,,,VE010120,Libertador,,,,VE0101,Distrito Capital,,,,VE01,Venezuela (República Bolivariana de),,,,VE,2021/02/23,,0.66299781,v01,es,,,,Venezuela (Bolivarian Republic of),Santa Teresa,10.496518,-66.91705106,VI,0.0,0,0,0.0
VE010120,EMSR884/AOI02 - Caracas,Santa Teresa,,,,VE010120,Libertador,,,,VE0101,Distrito Capital,,,,VE01,Venezuela (República Bolivariana de),,,,VE,2021/02/23,,0.66299781,v01,es,,,,Venezuela (Bolivarian Republic of),Santa Teresa,10.496518,-66.91705106,VII,0.073,65,8,388.0
VE010120,EMSR884/AOI02 - Caracas,Santa Teresa,,,,VE010120,Libertador,,,,VE0101,Distrito Capital,,,,VE01,Venezuela (República Bolivariana de),,,,VE,2021/02/23,,0.66299781,v01,es,,,,Venezuela (Bolivarian Republic of),Santa Teresa,10.496518,-66.91705106,VIII,0.595,1735,114,8676.0
VE010120,EMSR884/AOI02 - Caracas,Santa Teresa,,,,VE010120,Libertador,,,,VE0101,Distrito Capital,,,,VE01,Venezuela (República Bolivariana de),,,,VE,2021/02/23,,0.66299781,v01,es,,,,Venezuela (Bolivarian Republic of),Santa Teresa,10.496518,-66.91705106,IX,0.0,0,0,0.0
VE010120,EMSR884/AOI02 - Caracas,Santa Teresa,,,,VE010120,Libertador,,,,VE0101,Distrito Capital,,,,VE01,Venezuela (República Bolivariana de),,,,VE,2021/02/23,,0.66299781,v01,es,,,,Venezuela (Bolivarian Republic of),Santa Teresa,10.496518,-66.91705106,X+,0.0,0,0,0.0
VE010121,EMSR884/AOI02 - Caracas; EMSR884/AOI03 - Antimano,Sucre,,,,VE010121,Libertador,,,,VE0101,Distrito Capital,,,,VE01,Venezuela (República Bolivariana de),,,,VE,2021/02/23,,50.70001361,v01,es,,,,Venezuela (Bolivarian Republic of),Sucre,10.5278695,-66.9656894,I,0.0,0,0,0.0
VE010121,EMSR884/AOI02 - Caracas; EMSR884/AOI03 - Antimano,Sucre,,,,VE010121,Libertador,,,,VE0101,Distrito Capital,,,,VE01,Venezuela (República Bolivariana de),,,,VE,2021/02/23,,50.70001361,v01,es,,,,Venezuela (Bolivarian Republic of),Sucre,10.5278695,-66.9656894,II-III,0.0,0,0,0.0
VE010121,EMSR884/AOI02 - Caracas; EMSR884/AOI03 - Antimano,Sucre,,,,VE010121,Libertador,,,,VE0101,Distrito Capital,,,,VE01,Venezuela (República Bolivariana de),,,,VE,2021/02/23,,50.70001361,v01,es,,,,Venezuela (Bolivarian Republic of),Sucre,10.5278695,-66.9656894,IV,0.0,0,0,0.0
VE010121,EMSR884/AOI02 - Caracas; EMSR884/AOI03 - Antimano,Sucre,,,,VE010121,Libertador,,,,VE0101,Distrito Capital,,,,VE01,Venezuela (República Bolivariana de),,,,VE,2021/02/23,,50.70001361,v01,es,,,,Venezuela (Bolivarian Republic of),Sucre,10.5278695,-66.9656894,V,0.0,0,0,0.0
VE010121,EMSR884/AOI02 - Caracas; EMSR884/AOI03 - Antimano,Sucre,,,,VE010121,Libertador,,,,VE0101,Distrito Capital,,,,VE01,Venezuela (República Bolivariana de),,,,VE,2021/02/23,,50.70001361,v01,es,,,,Venezuela (Bolivarian Republic of),Sucre,10.5278695,-66.9656894,VI,0.0,0,0,0.0
VE010121,EMSR884/AOI02 - Caracas; EMSR884/AOI03 - Antimano,Sucre,,,,VE010121,Libertador,,,,VE0101,Distrito Capital,,,,VE01,Venezuela (República Bolivariana de),,,,VE,2021/02/23,,50.70001361,v01,es,,,,Venezuela (Bolivarian Republic of),Sucre,10.5278695,-66.9656894,VII,13.066,18101,296,110599.0
VE010121,EMSR884/AOI02 - Caracas; EMSR884/AOI03 - Antimano,Sucre,,,,VE010121,Libertador,,,,VE0101,Distrito Capital,,,,VE01,Venezuela (República Bolivariana de),,,,VE,2021/02/23,,50.70001361,v01,es,,,,Venezuela (Bolivarian Republic of),Sucre,10.5278695,-66.9656894,VIII,37.954,21294,2871,139086.0
VE010121,EMSR884/AOI02 - Caracas; EMSR884/AOI03 - Antimano,Sucre,,,,VE010121,Libertador,,,,VE0101,Distrito Capital,,,,VE01,Venezuela (República Bolivariana de),,,,VE,2021/02/23,,50.70001361,v01,es,,,,Venezuela (Bolivarian Republic of),Sucre,10.5278695,-66.9656894,IX,0.0,0,0,0.0
VE010121,EMSR884/AOI02 - Caracas; EMSR884/AOI03 - Antimano,Sucre,,,,VE010121,Libertador,,,,VE0101,Distrito Capital,,,,VE01,Venezuela (República Bolivariana de),,,,VE,2021/02/23,,50.70001361,v01,es,,,,Venezuela (Bolivarian Republic of),Sucre,10.5278695,-66.9656894,X+,0.0,0,0,0.0
VE010122,EMSR884/AOI02 - Caracas; EMSR884/AOI03 - Antimano,23 de Enero,,,,VE010122,Libertador,,,,VE0101,Distrito Capital,,,,VE01,Venezuela (República Bolivariana de),,,,VE,2021/02/23,,2.24878105,v01,es,,,,Venezuela (Bolivarian Republic of),23 de Enero,10.506788,-66.93119152,I,0.0,0,0,0.0
VE010122,EMSR884/AOI02 - Caracas; EMSR884/AOI03 - Antimano,23 de Enero,,,,VE010122,Libertador,,,,VE0101,Distrito Capital,,,,VE01,Venezuela (República Bolivariana de),,,,VE,2021/02/23,,2.24878105,v01,es,,,,Venezuela (Bolivarian Republic of),23 de Enero,10.506788,-66.93119152,II-III,0.0,0,0,0.0
VE010122,EMSR884/AOI02 - Caracas; EMSR884/AOI03 - Antimano,23 de Enero,,,,VE010122,Libertador,,,,VE0101,Distrito Capital,,,,VE01,Venezuela (República Bolivariana de),,,,VE,2021/02/23,,2.24878105,v01,es,,,,Venezuela (Bolivarian Republic of),23 de Enero,10.506788,-66.93119152,IV,0.0,0,0,0.0
VE010122,EMSR884/AOI02 - Caracas; EMSR884/AOI03 - Antimano,23 de Enero,,,,VE010122,Libertador,,,,VE0101,Distrito Capital,,,,VE01,Venezuela (República Bolivariana de),,,,VE,2021/02/23,,2.24878105,v01,es,,,,Venezuela (Bolivarian Republic of),23 de Enero,10.506788,-66.93119152,V,0.0,0,0,0.0
VE010122,EMSR884/AOI02 - Caracas; EMSR884/AOI03 - Antimano,23 de Enero,,,,VE010122,Libertador,,,,VE0101,Distrito Capital,,,,VE01,Venezuela (República Bolivariana de),,,,VE,2021/02/23,,2.24878105,v01,es,,,,Venezuela (Bolivarian Republic of),23 de Enero,10.506788,-66.93119152,VI,0.0,0,0,0.0
VE010122,EMSR884/AOI02 - Caracas; EMSR884/AOI03 - Antimano,23 de Enero,,,,VE010122,Libertador,,,,VE0101,Distrito Capital,,,,VE01,Venezuela (República Bolivariana de),,,,VE,2021/02/23,,2.24878105,v01,es,,,,Venezuela (Bolivarian Republic of),23 de Enero,10.506788,-66.93119152,VII,0.045,87,6,515.0
VE010122,EMSR884/AOI02 - Caracas; EMSR884/AOI03 - Antimano,23 de Enero,,,,VE010122,Libertador,,,,VE0101,Distrito Capital,,,,VE01,Venezuela (República Bolivariana de),,,,VE,2021/02/23,,2.24878105,v01,es,,,,Venezuela (Bolivarian Republic of),23 de Enero,10.506788,-66.93119152,VIII,2.218,3090,178,27468.0
VE010122,EMSR884/AOI02 - Caracas; EMSR884/AOI03 - Antimano,23 de Enero,,,,VE010122,Libertador,,,,VE0101,Distrito Capital,,,,VE01,Venezuela (República Bolivariana de),,,,VE,2021/02/23,,2.24878105,v01,es,,,,Venezuela (Bolivarian Republic of),23 de Enero,10.506788,-66.93119152,IX,0.0,0,0,0.0
VE010122,EMSR884/AOI02 - Caracas; EMSR884/AOI03 - Antimano,23 de Enero,,,,VE010122,Libertador,,,,VE0101,Distrito Capital,,,,VE01,Venezuela (República Bolivariana de),,,,VE,2021/02/23,,2.24878105,v01,es,,,,Venezuela (Bolivarian Republic of),23 de Enero,10.506788,-66.93119152,X+,0.0,0,0,0.0
VE050101,EMSR884/AOI05 - Santa Cruz,Capital Bolívar,,,,VE050101,Bolívar,,,,VE0501,Aragua,,,,VE05,Venezuela (República Bolivariana de),,,,VE,2021/02/23,,56.33368143,v01,es,,,,Venezuela (Bolivarian Republic of),Capital Bolivar,10.250126,-67.40816764,I,0.0,0,0,0.0
VE050101,EMSR884/AOI05 - Santa Cruz,Capital Bolívar,,,,VE050101,Bolívar,,,,VE0501,Aragua,,,,VE05,Venezuela (República Bolivariana de),,,,VE,2021/02/23,,56.33368143,v01,es,,,,Venezuela (Bolivarian Republic of),Capital Bolivar,10.250126,-67.40816764,II-III,0.0,0,0,0.0
VE050101,EMSR884/AOI05 - Santa Cruz,Capital Bolívar,,,,VE050101,Bolívar,,,,VE0501,Aragua,,,,VE05,Venezuela (República Bolivariana de),,,,VE,2021/02/23,,56.33368143,v01,es,,,,Venezuela (Bolivarian Republic of),Capital Bolivar,10.250126,-67.40816764,IV,0.0,0,0,0.0
VE050101,EMSR884/AOI05 - Santa Cruz,Capital Bolívar,,,,VE050101,Bolívar,,,,VE0501,Aragua,,,,VE05,Venezuela (República Bolivariana de),,,,VE,2021/02/23,,56.33368143,v01,es,,,,Venezuela (Bolivarian Republic of),Capital Bolivar,10.250126,-67.40816764,V,0.0,0,0,0.0
VE050101,EMSR884/AOI05 - Santa Cruz,Capital Bolívar,,,,VE050101,Bolívar,,,,VE0501,Aragua,,,,VE05,Venezuela (República Bolivariana de),,,,VE,2021/02/23,,56.33368143,v01,es,,,,Venezuela (Bolivarian Republic of),Capital Bolivar,10.250126,-67.40816764,VI,50.981,10064,1,30610.0
VE050101,EMSR884/AOI05 - Santa Cruz,Capital Bolívar,,,,VE050101,Bolívar,,,,VE0501,Aragua,,,,VE05,Venezuela (República Bolivariana de),,,,VE,2021/02/23,,56.33368143,v01,es,,,,Venezuela (Bolivarian Republic of),Capital Bolivar,10.250126,-67.40816764,VII,5.707,157,0,371.0
VE050101,EMSR884/AOI05 - Santa Cruz,Capital Bolívar,,,,VE050101,Bolívar,,,,VE0501,Aragua,,,,VE05,Venezuela (República Bolivariana de),,,,VE,2021/02/23,,56.33368143,v01,es,,,,Venezuela (Bolivarian Republic of),Capital Bolivar,10.250126,-67.40816764,VIII,0.0,0,0,0.0
VE050101,EMSR884/AOI05 - Santa Cruz,Capital Bolívar,,,,VE050101,Bolívar,,,,VE0501,Aragua,,,,VE05,Venezuela (República Bolivariana de),,,,VE,2021/02/23,,56.33368143,v01,es,,,,Venezuela (Bolivarian Republic of),Capital Bolivar,10.250126,-67.40816764,IX,0.0,0,0,0.0
VE050101,EMSR884/AOI05 - Santa Cruz,Capital Bolívar,,,,VE050101,Bolívar,,,,VE0501,Aragua,,,,VE05,Venezuela (República Bolivariana de),,,,VE,2021/02/23,,56.33368143,v01,es,,,,Venezuela (Bolivarian Republic of),Capital Bolivar,10.250126,-67.40816764,X+,0.0,0,0,0.0
VE050303,EMSR884/AOI04 - Maracay,Urbana las Delicias,,,,VE050303,Girardot,,,,VE0503,Aragua,,,,VE05,Venezuela (República Bolivariana de),,,,VE,2021/02/23,,77.12626869,v01,es,,,,Venezuela (Bolivarian Republic of),Urbana las Delicias,10.299786,-67.55976013,I,0.0,0,0,0.0
VE050303,EMSR884/AOI04 - Maracay,Urbana las Delicias,,,,VE050303,Girardot,,,,VE0503,Aragua,,,,VE05,Venezuela (República Bolivariana de),,,,VE,2021/02/23,,77.12626869,v01,es,,,,Venezuela (Bolivarian Republic of),Urbana las Delicias,10.299786,-67.55976013,II-III,0.0,0,0,0.0
VE050303,EMSR884/AOI04 - Maracay,Urbana las Delicias,,,,VE050303,Girardot,,,,VE0503,Aragua,,,,VE05,Venezuela (República Bolivariana de),,,,VE,2021/02/23,,77.12626869,v01,es,,,,Venezuela (Bolivarian Republic of),Urbana las Delicias,10.299786,-67.55976013,IV,0.0,0,0,0.0
VE050303,EMSR884/AOI04 - Maracay,Urbana las Delicias,,,,VE050303,Girardot,,,,VE0503,Aragua,,,,VE05,Venezuela (República Bolivariana de),,,,VE,2021/02/23,,77.12626869,v01,es,,,,Venezuela (Bolivarian Republic of),Urbana las Delicias,10.299786,-67.55976013,V,0.0,0,0,0.0
VE050303,EMSR884/AOI04 - Maracay,Urbana las Delicias,,,,VE050303,Girardot,,,,VE0503,Aragua,,,,VE05,Venezuela (República Bolivariana de),,,,VE,2021/02/23,,77.12626869,v01,es,,,,Venezuela (Bolivarian Republic of),Urbana las Delicias,10.299786,-67.55976013,VI,49.829,6427,1895,18796.0
VE050303,EMSR884/AOI04 - Maracay,Urbana las Delicias,,,,VE050303,Girardot,,,,VE0503,Aragua,,,,VE05,Venezuela (República Bolivariana de),,,,VE,2021/02/23,,77.12626869,v01,es,,,,Venezuela (Bolivarian Republic of),Urbana las Delicias,10.299786,-67.55976013,VII,27.784,10830,1802,36379.0
VE050303,EMSR884/AOI04 - Maracay,Urbana las Delicias,,,,VE050303,Girardot,,,,VE0503,Aragua,,,,VE05,Venezuela (República Bolivariana de),,,,VE,2021/02/23,,77.12626869,v01,es,,,,Venezuela (Bolivarian Republic of),Urbana las Delicias,10.299786,-67.55976013,VIII,0.0,0,0,0.0
VE050303,EMSR884/AOI04 - Maracay,Urbana las Delicias,,,,VE050303,Girardot,,,,VE0503,Aragua,,,,VE05,Venezuela (República Bolivariana de),,,,VE,2021/02/23,,77.12626869,v01,es,,,,Venezuela (Bolivarian Republic of),Urbana las Delicias,10.299786,-67.55976013,IX,0.0,0,0,0.0
VE050303,EMSR884/AOI04 - Maracay,Urbana las Delicias,,,,VE050303,Girardot,,,,VE0503,Aragua,,,,VE05,Venezuela (República Bolivariana de),,,,VE,2021/02/23,,77.12626869,v01,es,,,,Venezuela (Bolivarian Republic of),Urbana las Delicias,10.299786,-67.55976013,X+,0.0,0,0,0.0
VE050304,EMSR884/AOI04 - Maracay,Urbana Madre María de San José,,,,VE050304,Girardot,,,,VE0503,Aragua,,,,VE05,Venezuela (República Bolivariana de),,,,VE,2021/02/23,,10.45578946,v01,es,,,,Venezuela (Bolivarian Republic of),Urbana Madre Maria de San Jose,10.259201,-67.5912882,I,0.0,0,0,0.0
VE050304,EMSR884/AOI04 - Maracay,Urbana Madre María de San José,,,,VE050304,Girardot,,,,VE0503,Aragua,,,,VE05,Venezuela (República Bolivariana de),,,,VE,2021/02/23,,10.45578946,v01,es,,,,Venezuela (Bolivarian Republic of),Urbana Madre Maria de San Jose,10.259201,-67.5912882,II-III,0.0,0,0,0.0
VE050304,EMSR884/AOI04 - Maracay,Urbana Madre María de San José,,,,VE050304,Girardot,,,,VE0503,Aragua,,,,VE05,Venezuela (República Bolivariana de),,,,VE,2021/02/23,,10.45578946,v01,es,,,,Venezuela (Bolivarian Republic of),Urbana Madre Maria de San Jose,10.259201,-67.5912882,IV,0.0,0,0,0.0
VE050304,EMSR884/AOI04 - Maracay,Urbana Madre María de San José,,,,VE050304,Girardot,,,,VE0503,Aragua,,,,VE05,Venezuela (República Bolivariana de),,,,VE,2021/02/23,,10.45578946,v01,es,,,,Venezuela (Bolivarian Republic of),Urbana Madre Maria de San Jose,10.259201,-67.5912882,V,0.0,0,0,0.0
VE050304,EMSR884/AOI04 - Maracay,Urbana Madre María de San José,,,,VE050304,Girardot,,,,VE0503,Aragua,,,,VE05,Venezuela (República Bolivariana de),,,,VE,2021/02/23,,10.45578946,v01,es,,,,Venezuela (Bolivarian Republic of),Urbana Madre Maria de San Jose,10.259201,-67.5912882,VI,0.0,0,0,0.0
VE050304,EMSR884/AOI04 - Maracay,Urbana Madre María de San José,,,,VE050304,Girardot,,,,VE0503,Aragua,,,,VE05,Venezuela (República Bolivariana de),,,,VE,2021/02/23,,10.45578946,v01,es,,,,Venezuela (Bolivarian Republic of),Urbana Madre Maria de San Jose,10.259201,-67.5912882,VII,10.522,9919,3284,41329.0
VE050304,EMSR884/AOI04 - Maracay,Urbana Madre María de San José,,,,VE050304,Girardot,,,,VE0503,Aragua,,,,VE05,Venezuela (República Bolivariana de),,,,VE,2021/02/23,,10.45578946,v01,es,,,,Venezuela (Bolivarian Republic of),Urbana Madre Maria de San Jose,10.259201,-67.5912882,VIII,0.0,0,0,0.0
VE050304,EMSR884/AOI04 - Maracay,Urbana Madre María de San José,,,,VE050304,Girardot,,,,VE0503,Aragua,,,,VE05,Venezuela (República Bolivariana de),,,,VE,2021/02/23,,10.45578946,v01,es,,,,Venezuela (Bolivarian Republic of),Urbana Madre Maria de San Jose,10.259201,-67.5912882,IX,0.0,0,0,0.0
VE050304,EMSR884/AOI04 - Maracay,Urbana Madre María de San José,,,,VE050304,Girardot,,,,VE0503,Aragua,,,,VE05,Venezuela (República Bolivariana de),,,,VE,2021/02/23,,10.45578946,v01,es,,,,Venezuela (Bolivarian Republic of),Urbana Madre Maria de San Jose,10.259201,-67.5912882,X+,0.0,0,0,0.0
VE050305,EMSR884/AOI04 - Maracay; EMSR884/AOI05 - Santa Cruz,Urbana Joaquín Crespo,,,,VE050305,Girardot,,,,VE0503,Aragua,,,,VE05,Venezuela (República Bolivariana de),,,,VE,2021/02/23,,6.1085753,v01,es,,,,Venezuela (Bolivarian Republic of),Urbana Joaquin Crespo,10.232021,-67.57127714,I,0.0,0,0,0.0
VE050305,EMSR884/AOI04 - Maracay; EMSR884/AOI05 - Santa Cruz,Urbana Joaquín Crespo,,,,VE050305,Girardot,,,,VE0503,Aragua,,,,VE05,Venezuela (República Bolivariana de),,,,VE,2021/02/23,,6.1085753,v01,es,,,,Venezuela (Bolivarian Republic of),Urbana Joaquin Crespo,10.232021,-67.57127714,II-III,0.0,0,0,0.0
VE050305,EMSR884/AOI04 - Maracay; EMSR884/AOI05 - Santa Cruz,Urbana Joaquín Crespo,,,,VE050305,Girardot,,,,VE0503,Aragua,,,,VE05,Venezuela (República Bolivariana de),,,,VE,2021/02/23,,6.1085753,v01,es,,,,Venezuela (Bolivarian Republic of),Urbana Joaquin Crespo,10.232021,-67.57127714,IV,0.0,0,0,0.0
VE050305,EMSR884/AOI04 - Maracay; EMSR884/AOI05 - Santa Cruz,Urbana Joaquín Crespo,,,,VE050305,Girardot,,,,VE0503,Aragua,,,,VE05,Venezuela (República Bolivariana de),,,,VE,2021/02/23,,6.1085753,v01,es,,,,Venezuela (Bolivarian Republic of),Urbana Joaquin Crespo,10.232021,-67.57127714,V,0.0,0,0,0.0
VE050305,EMSR884/AOI04 - Maracay; EMSR884/AOI05 - Santa Cruz,Urbana Joaquín Crespo,,,,VE050305,Girardot,,,,VE0503,Aragua,,,,VE05,Venezuela (República Bolivariana de),,,,VE,2021/02/23,,6.1085753,v01,es,,,,Venezuela (Bolivarian Republic of),Urbana Joaquin Crespo,10.232021,-67.57127714,VI,0.0,0,0,0.0
VE050305,EMSR884/AOI04 - Maracay; EMSR884/AOI05 - Santa Cruz,Urbana Joaquín Crespo,,,,VE050305,Girardot,,,,VE0503,Aragua,,,,VE05,Venezuela (República Bolivariana de),,,,VE,2021/02/23,,6.1085753,v01,es,,,,Venezuela (Bolivarian Republic of),Urbana Joaquin Crespo,10.232021,-67.57127714,VII,6.147,10802,70,40009.0
VE050305,EMSR884/AOI04 - Maracay; EMSR884/AOI05 - Santa Cruz,Urbana Joaquín Crespo,,,,VE050305,Girardot,,,,VE0503,Aragua,,,,VE05,Venezuela (República Bolivariana de),,,,VE,2021/02/23,,6.1085753,v01,es,,,,Venezuela (Bolivarian Republic of),Urbana Joaquin Crespo,10.232021,-67.57127714,VIII,0.0,0,0,0.0
VE050305,EMSR884/AOI04 - Maracay; EMSR884/AOI05 - Santa Cruz,Urbana Joaquín Crespo,,,,VE050305,Girardot,,,,VE0503,Aragua,,,,VE05,Venezuela (República Bolivariana de),,,,VE,2021/02/23,,6.1085753,v01,es,,,,Venezuela (Bolivarian Republic of),Urbana Joaquin Crespo,10.232021,-67.57127714,IX,0.0,0,0,0.0
VE050305,EMSR884/AOI04 - Maracay; EMSR884/AOI05 - Santa Cruz,Urbana Joaquín Crespo,,,,VE050305,Girardot,,,,VE0503,Aragua,,,,VE05,Venezuela (República Bolivariana de),,,,VE,2021/02/23,,6.1085753,v01,es,,,,Venezuela (Bolivarian Republic of),Urbana Joaquin Crespo,10.232021,-67.57127714,X+,0.0,0,0,0.0
VE050306,EMSR884/AOI04 - Maracay; EMSR884/AOI05 - Santa Cruz,Urbana Pedro José Ovalles,,,,VE050306,Girardot,,,,VE0503,Aragua,,,,VE05,Venezuela (República Bolivariana de),,,,VE,2021/02/23,,5.71317641,v01,es,,,,Venezuela (Bolivarian Republic of),Urbana Pedro Jose Ovalles,10.2162005,-67.57945294,I,0.0,0,0,0.0
VE050306,EMSR884/AOI04 - Maracay; EMSR884/AOI05 - Santa Cruz,Urbana Pedro José Ovalles,,,,VE050306,Girardot,,,,VE0503,Aragua,,,,VE05,Venezuela (República Bolivariana de),,,,VE,2021/02/23,,5.71317641,v01,es,,,,Venezuela (Bolivarian Republic of),Urbana Pedro Jose Ovalles,10.2162005,-67.57945294,II-III,0.0,0,0,0.0
VE050306,EMSR884/AOI04 - Maracay; EMSR884/AOI05 - Santa Cruz,Urbana Pedro José Ovalles,,,,VE050306,Girardot,,,,VE0503,Aragua,,,,VE05,Venezuela (República Bolivariana de),,,,VE,2021/02/23,,5.71317641,v01,es,,,,Venezuela (Bolivarian Republic of),Urbana Pedro Jose Ovalles,10.2162005,-67.57945294,IV,0.0,0,0,0.0
VE050306,EMSR884/AOI04 - Maracay; EMSR884/AOI05 - Santa Cruz,Urbana Pedro José Ovalles,,,,VE050306,Girardot,,,,VE0503,Aragua,,,,VE05,Venezuela (República Bolivariana de),,,,VE,2021/02/23,,5.71317641,v01,es,,,,Venezuela (Bolivarian Republic of),Urbana Pedro Jose Ovalles,10.2162005,-67.57945294,V,0.0,0,0,0.0
VE050306,EMSR884/AOI04 - Maracay; EMSR884/AOI05 - Santa Cruz,Urbana Pedro José Ovalles,,,,VE050306,Girardot,,,,VE0503,Aragua,,,,VE05,Venezuela (República Bolivariana de),,,,VE,2021/02/23,,5.71317641,v01,es,,,,Venezuela (Bolivarian Republic of),Urbana Pedro Jose Ovalles,10.2162005,-67.57945294,VI,0.0,0,0,0.0
VE050306,EMSR884/AOI04 - Maracay; EMSR884/AOI05 - Santa Cruz,Urbana Pedro José Ovalles,,,,VE050306,Girardot,,,,VE0503,Aragua,,,,VE05,Venezuela (República Bolivariana de),,,,VE,2021/02/23,,5.71317641,v01,es,,,,Venezuela (Bolivarian Republic of),Urbana Pedro Jose Ovalles,10.2162005,-67.57945294,VII,5.749,14525,389,44751.0
VE050306,EMSR884/AOI04 - Maracay; EMSR884/AOI05 - Santa Cruz,Urbana Pedro José Ovalles,,,,VE050306,Girardot,,,,VE0503,Aragua,,,,VE05,Venezuela (República Bolivariana de),,,,VE,2021/02/23,,5.71317641,v01,es,,,,Venezuela (Bolivarian Republic of),Urbana Pedro Jose Ovalles,10.2162005,-67.57945294,VIII,0.0,0,0,0.0
VE050306,EMSR884/AOI04 - Maracay; EMSR884/AOI05 - Santa Cruz,Urbana Pedro José Ovalles,,,,VE050306,Girardot,,,,VE0503,Aragua,,,,VE05,Venezuela (República Bolivariana de),,,,VE,2021/02/23,,5.71317641,v01,es,,,,Venezuela (Bolivarian Republic of),Urbana Pedro Jose Ovalles,10.2162005,-67.57945294,IX,0.0,0,0,0.0
VE050306,EMSR884/AOI04 - Maracay; EMSR884/AOI05 - Santa Cruz,Urbana Pedro José Ovalles,,,,VE050306,Girardot,,,,VE0503,Aragua,,,,VE05,Venezuela (República Bolivariana de),,,,VE,2021/02/23,,5.71317641,v01,es,,,,Venezuela (Bolivarian Republic of),Urbana Pedro Jose Ovalles,10.2162005,-67.57945294,X+,0.0,0,0,0.0
VE050307,EMSR884/AOI04 - Maracay; EMSR884/AOI05 - Santa Cruz,Urbana José Casanova Godoy,,,,VE050307,Girardot,,,,VE0503,Aragua,,,,VE05,Venezuela (República Bolivariana de),,,,VE,2021/02/23,,8.88923813,v01,es,,,,Venezuela (Bolivarian Republic of),Urbana Jose Casanova Godoy,10.224248,-67.59961322,I,0.0,0,0,0.0
VE050307,EMSR884/AOI04 - Maracay; EMSR884/AOI05 - Santa Cruz,Urbana José Casanova Godoy,,,,VE050307,Girardot,,,,VE0503,Aragua,,,,VE05,Venezuela (República Bolivariana de),,,,VE,2021/02/23,,8.88923813,v01,es,,,,Venezuela (Bolivarian Republic of),Urbana Jose Casanova Godoy,10.224248,-67.59961322,II-III,0.0,0,0,0.0
VE050307,EMSR884/AOI04 - Maracay; EMSR884/AOI05 - Santa Cruz,Urbana José Casanova Godoy,,,,VE050307,Girardot,,,,VE0503,Aragua,,,,VE05,Venezuela (República Bolivariana de),,,,VE,2021/02/23,,8.88923813,v01,es,,,,Venezuela (Bolivarian Republic of),Urbana Jose Casanova Godoy,10.224248,-67.59961322,IV,0.0,0,0,0.0
VE050307,EMSR884/AOI04 - Maracay; EMSR884/AOI05 - Santa Cruz,Urbana José Casanova Godoy,,,,VE050307,Girardot,,,,VE0503,Aragua,,,,VE05,Venezuela (República Bolivariana de),,,,VE,2021/02/23,,8.88923813,v01,es,,,,Venezuela (Bolivarian Republic of),Urbana Jose Casanova Godoy,10.224248,-67.59961322,V,0.0,0,0,0.0
VE050307,EMSR884/AOI04 - Maracay; EMSR884/AOI05 - Santa Cruz,Urbana José Casanova Godoy,,,,VE050307,Girardot,,,,VE0503,Aragua,,,,VE05,Venezuela (República Bolivariana de),,,,VE,2021/02/23,,8.88923813,v01,es,,,,Venezuela (Bolivarian Republic of),Urbana Jose Casanova Godoy,10.224248,-67.59961322,VI,0.0,0,0,0.0
VE050307,EMSR884/AOI04 - Maracay; EMSR884/AOI05 - Santa Cruz,Urbana José Casanova Godoy,,,,VE050307,Girardot,,,,VE0503,Aragua,,,,VE05,Venezuela (República Bolivariana de),,,,VE,2021/02/23,,8.88923813,v01,es,,,,Venezuela (Bolivarian Republic of),Urbana Jose Casanova Godoy,10.224248,-67.59961322,VII,8.945,11694,2027,45260.0
VE050307,EMSR884/AOI04 - Maracay; EMSR884/AOI05 - Santa Cruz,Urbana José Casanova Godoy,,,,VE050307,Girardot,,,,VE0503,Aragua,,,,VE05,Venezuela (República Bolivariana de),,,,VE,2021/02/23,,8.88923813,v01,es,,,,Venezuela (Bolivarian Republic of),Urbana Jose Casanova Godoy,10.224248,-67.59961322,VIII,0.0,0,0,0.0
VE050307,EMSR884/AOI04 - Maracay; EMSR884/AOI05 - Santa Cruz,Urbana José Casanova Godoy,,,,VE050307,Girardot,,,,VE0503,Aragua,,,,VE05,Venezuela (República Bolivariana de),,,,VE,2021/02/23,,8.88923813,v01,es,,,,Venezuela (Bolivarian Republic of),Urbana Jose Casanova Godoy,10.224248,-67.59961322,IX,0.0,0,0,0.0
VE050307,EMSR884/AOI04 - Maracay; EMSR884/AOI05 - Santa Cruz,Urbana José Casanova Godoy,,,,VE050307,Girardot,,,,VE0503,Aragua,,,,VE05,Venezuela (República Bolivariana de),,,,VE,2021/02/23,,8.88923813,v01,es,,,,Venezuela (Bolivarian Republic of),Urbana Jose Casanova Godoy,10.224248,-67.59961322,X+,0.0,0,0,0.0
VE050308,EMSR884/AOI04 - Maracay,Urbana Andrés Eloy Blanco,,,,VE050308,Girardot,,,,VE0503,Aragua,,,,VE05,Venezuela (República Bolivariana de),,,,VE,2021/02/23,,18.03785569,v01,es,,,,Venezuela (Bolivarian Republic of),Urbana Andres Eloy Blanco,10.2747185,-67.60488076,I,0.0,0,0,0.0
VE050308,EMSR884/AOI04 - Maracay,Urbana Andrés Eloy Blanco,,,,VE050308,Girardot,,,,VE0503,Aragua,,,,VE05,Venezuela (República Bolivariana de),,,,VE,2021/02/23,,18.03785569,v01,es,,,,Venezuela (Bolivarian Republic of),Urbana Andres Eloy Blanco,10.2747185,-67.60488076,II-III,0.0,0,0,0.0
VE050308,EMSR884/AOI04 - Maracay,Urbana Andrés Eloy Blanco,,,,VE050308,Girardot,,,,VE0503,Aragua,,,,VE05,Venezuela (República Bolivariana de),,,,VE,2021/02/23,,18.03785569,v01,es,,,,Venezuela (Bolivarian Republic of),Urbana Andres Eloy Blanco,10.2747185,-67.60488076,IV,0.0,0,0,0.0
VE050308,EMSR884/AOI04 - Maracay,Urbana Andrés Eloy Blanco,,,,VE050308,Girardot,,,,VE0503,Aragua,,,,VE05,Venezuela (República Bolivariana de),,,,VE,2021/02/23,,18.03785569,v01,es,,,,Venezuela (Bolivarian Republic of),Urbana Andres Eloy Blanco,10.2747185,-67.60488076,V,0.0,0,0,0.0
VE050308,EMSR884/AOI04 - Maracay,Urbana Andrés Eloy Blanco,,,,VE050308,Girardot,,,,VE0503,Aragua,,,,VE05,Venezuela (República Bolivariana de),,,,VE,2021/02/23,,18.03785569,v01,es,,,,Venezuela (Bolivarian Republic of),Urbana Andres Eloy Blanco,10.2747185,-67.60488076,VI,6.656,1,0,2.0
VE050308,EMSR884/AOI04 - Maracay,Urbana Andrés Eloy Blanco,,,,VE050308,Girardot,,,,VE0503,Aragua,,,,VE05,Venezuela (República Bolivariana de),,,,VE,2021/02/23,,18.03785569,v01,es,,,,Venezuela (Bolivarian Republic of),Urbana Andres Eloy Blanco,10.2747185,-67.60488076,VII,11.495,9012,3553,38456.0
VE050308,EMSR884/AOI04 - Maracay,Urbana Andrés Eloy Blanco,,,,VE050308,Girardot,,,,VE0503,Aragua,,,,VE05,Venezuela (República Bolivariana de),,,,VE,2021/02/23,,18.03785569,v01,es,,,,Venezuela (Bolivarian Republic of),Urbana Andres Eloy Blanco,10.2747185,-67.60488076,VIII,0.0,0,0,0.0
VE050308,EMSR884/AOI04 - Maracay,Urbana Andrés Eloy Blanco,,,,VE050308,Girardot,,,,VE0503,Aragua,,,,VE05,Venezuela (República Bolivariana de),,,,VE,2021/02/23,,18.03785569,v01,es,,,,Venezuela (Bolivarian Republic of),Urbana Andres Eloy Blanco,10.2747185,-67.60488076,IX,0.0,0,0,0.0
VE050308,EMSR884/AOI04 - Maracay,Urbana Andrés Eloy Blanco,,,,VE050308,Girardot,,,,VE0503,Aragua,,,,VE05,Venezuela (República Bolivariana de),,,,VE,2021/02/23,,18.03785569,v01,es,,,,Venezuela (Bolivarian Republic of),Urbana Andres Eloy Blanco,10.2747185,-67.60488076,X+,0.0,0,0,0.0
VE050309,EMSR884/AOI04 - Maracay,Urbana los Tacariguas,,,,VE050309,Girardot,,,,VE0503,Aragua,,,,VE05,Venezuela (República Bolivariana de),,,,VE,2021/02/23,,34.8876102,v01,es,,,,Venezuela (Bolivarian Republic of),Urbana los Tacariguas,10.27862516,-67.65755078,I,0.0,0,0,0.0
VE050309,EMSR884/AOI04 - Maracay,Urbana los Tacariguas,,,,VE050309,Girardot,,,,VE0503,Aragua,,,,VE05,Venezuela (República Bolivariana de),,,,VE,2021/02/23,,34.8876102,v01,es,,,,Venezuela (Bolivarian Republic of),Urbana los Tacariguas,10.27862516,-67.65755078,II-III,0.0,0,0,0.0
VE050309,EMSR884/AOI04 - Maracay,Urbana los Tacariguas,,,,VE050309,Girardot,,,,VE0503,Aragua,,,,VE05,Venezuela (República Bolivariana de),,,,VE,2021/02/23,,34.8876102,v01,es,,,,Venezuela (Bolivarian Republic of),Urbana los Tacariguas,10.27862516,-67.65755078,IV,0.0,0,0,0.0
VE050309,EMSR884/AOI04 - Maracay,Urbana los Tacariguas,,,,VE050309,Girardot,,,,VE0503,Aragua,,,,VE05,Venezuela (República Bolivariana de),,,,VE,2021/02/23,,34.8876102,v01,es,,,,Venezuela (Bolivarian Republic of),Urbana los Tacariguas,10.27862516,-67.65755078,V,0.0,0,0,0.0
VE050309,EMSR884/AOI04 - Maracay,Urbana los Tacariguas,,,,VE050309,Girardot,,,,VE0503,Aragua,,,,VE05,Venezuela (República Bolivariana de),,,,VE,2021/02/23,,34.8876102,v01,es,,,,Venezuela (Bolivarian Republic of),Urbana los Tacariguas,10.27862516,-67.65755078,VI,5.735,10,6,61.0
VE050309,EMSR884/AOI04 - Maracay,Urbana los Tacariguas,,,,VE050309,Girardot,,,,VE0503,Aragua,,,,VE05,Venezuela (República Bolivariana de),,,,VE,2021/02/23,,34.8876102,v01,es,,,,Venezuela (Bolivarian Republic of),Urbana los Tacariguas,10.27862516,-67.65755078,VII,29.371,19154,590,66634.0
VE050309,EMSR884/AOI04 - Maracay,Urbana los Tacariguas,,,,VE050309,Girardot,,,,VE0503,Aragua,,,,VE05,Venezuela (República Bolivariana de),,,,VE,2021/02/23,,34.8876102,v01,es,,,,Venezuela (Bolivarian Republic of),Urbana los Tacariguas,10.27862516,-67.65755078,VIII,0.0,0,0,0.0
VE050309,EMSR884/AOI04 - Maracay,Urbana los Tacariguas,,,,VE050309,Girardot,,,,VE0503,Aragua,,,,VE05,Venezuela (República Bolivariana de),,,,VE,2021/02/23,,34.8876102,v01,es,,,,Venezuela (Bolivarian Republic of),Urbana los Tacariguas,10.27862516,-67.65755078,IX,0.0,0,0,0.0
VE050309,EMSR884/AOI04 - Maracay,Urbana los Tacariguas,,,,VE050309,Girardot,,,,VE0503,Aragua,,,,VE05,Venezuela (República Bolivariana de),,,,VE,2021/02/23,,34.8876102,v01,es,,,,Venezuela (Bolivarian Republic of),Urbana los Tacariguas,10.27862516,-67.65755078,X+,0.0,0,0,0.0
VE050401,EMSR884/AOI05 - Santa Cruz; EMSR884/AOI11 - Villa de Cura,Capital José Ángel Lamas,,,,VE050401,José Ángel Lamas,,,,VE0504,Aragua,,,,VE05,Venezuela (República Bolivariana de),,,,VE,2021/02/23,,27.01470579,v01,es,,,,Venezuela (Bolivarian Republic of),Capital Jose Angel Lamas,10.1603535,-67.50721304,I,0.0,0,0,0.0
VE050401,EMSR884/AOI05 - Santa Cruz; EMSR884/AOI11 - Villa de Cura,Capital José Ángel Lamas,,,,VE050401,José Ángel Lamas,,,,VE0504,Aragua,,,,VE05,Venezuela (República Bolivariana de),,,,VE,2021/02/23,,27.01470579,v01,es,,,,Venezuela (Bolivarian Republic of),Capital Jose Angel Lamas,10.1603535,-67.50721304,II-III,0.0,0,0,0.0
VE050401,EMSR884/AOI05 - Santa Cruz; EMSR884/AOI11 - Villa de Cura,Capital José Ángel Lamas,,,,VE050401,José Ángel Lamas,,,,VE0504,Aragua,,,,VE05,Venezuela (República Bolivariana de),,,,VE,2021/02/23,,27.01470579,v01,es,,,,Venezuela (Bolivarian Republic of),Capital Jose Angel Lamas,10.1603535,-67.50721304,IV,0.0,0,0,0.0
VE050401,EMSR884/AOI05 - Santa Cruz; EMSR884/AOI11 - Villa de Cura,Capital José Ángel Lamas,,,,VE050401,José Ángel Lamas,,,,VE0504,Aragua,,,,VE05,Venezuela (República Bolivariana de),,,,VE,2021/02/23,,27.01470579,v01,es,,,,Venezuela (Bolivarian Republic of),Capital Jose Angel Lamas,10.1603535,-67.50721304,V,0.0,0,0,0.0
VE050401,EMSR884/AOI05 - Santa Cruz; EMSR884/AOI11 - Villa de Cura,Capital José Ángel Lamas,,,,VE050401,José Ángel Lamas,,,,VE0504,Aragua,,,,VE05,Venezuela (República Bolivariana de),,,,VE,2021/02/23,,27.01470579,v01,es,,,,Venezuela (Bolivarian Republic of),Capital Jose Angel Lamas,10.1603535,-67.50721304,VI,0.075,15,0,33.0
VE050401,EMSR884/AOI05 - Santa Cruz; EMSR884/AOI11 - Villa de Cura,Capital José Ángel Lamas,,,,VE050401,José Ángel Lamas,,,,VE0504,Aragua,,,,VE05,Venezuela (República Bolivariana de),,,,VE,2021/02/23,,27.01470579,v01,es,,,,Venezuela (Bolivarian Republic of),Capital Jose Angel Lamas,10.1603535,-67.50721304,VII,27.111,12715,40,35026.0
VE050401,EMSR884/AOI05 - Santa Cruz; EMSR884/AOI11 - Villa de Cura,Capital José Ángel Lamas,,,,VE050401,José Ángel Lamas,,,,VE0504,Aragua,,,,VE05,Venezuela (República Bolivariana de),,,,VE,2021/02/23,,27.01470579,v01,es,,,,Venezuela (Bolivarian Republic of),Capital Jose Angel Lamas,10.1603535,-67.50721304,VIII,0.0,0,0,0.0
VE050401,EMSR884/AOI05 - Santa Cruz; EMSR884/AOI11 - Villa de Cura,Capital José Ángel Lamas,,,,VE050401,José Ángel Lamas,,,,VE0504,Aragua,,,,VE05,Venezuela (República Bolivariana de),,,,VE,2021/02/23,,27.01470579,v01,es,,,,Venezuela (Bolivarian Republic of),Capital Jose Angel Lamas,10.1603535,-67.50721304,IX,0.0,0,0,0.0
VE050401,EMSR884/AOI05 - Santa Cruz; EMSR884/AOI11 - Villa de Cura,Capital José Ángel Lamas,,,,VE050401,José Ángel Lamas,,,,VE0504,Aragua,,,,VE05,Venezuela (República Bolivariana de),,,,VE,2021/02/23,,27.01470579,v01,es,,,,Venezuela (Bolivarian Republic of),Capital Jose Angel Lamas,10.1603535,-67.50721304,X+,0.0,0,0,0.0
VE050505,EMSR884/AOI05 - Santa Cruz,No Urbana Zuata,,,,VE050505,José Félix Ribas,,,,VE0505,Aragua,,,,VE05,Venezuela (República Bolivariana de),,,,VE,2021/02/23,,71.86674833,v01,es,,,,Venezuela (Bolivarian Republic of),No Urbana Zuata,10.1716365,-67.37657888,I,0.0,0,0,0.0
VE050505,EMSR884/AOI05 - Santa Cruz,No Urbana Zuata,,,,VE050505,José Félix Ribas,,,,VE0505,Aragua,,,,VE05,Venezuela (República Bolivariana de),,,,VE,2021/02/23,,71.86674833,v01,es,,,,Venezuela (Bolivarian Republic of),No Urbana Zuata,10.1716365,-67.37657888,II-III,0.0,0,0,0.0
VE050505,EMSR884/AOI05 - Santa Cruz,No Urbana Zuata,,,,VE050505,José Félix Ribas,,,,VE0505,Aragua,,,,VE05,Venezuela (República Bolivariana de),,,,VE,2021/02/23,,71.86674833,v01,es,,,,Venezuela (Bolivarian Republic of),No Urbana Zuata,10.1716365,-67.37657888,IV,0.0,0,0,0.0
VE050505,EMSR884/AOI05 - Santa Cruz,No Urbana Zuata,,,,VE050505,José Félix Ribas,,,,VE0505,Aragua,,,,VE05,Venezuela (República Bolivariana de),,,,VE,2021/02/23,,71.86674833,v01,es,,,,Venezuela (Bolivarian Republic of),No Urbana Zuata,10.1716365,-67.37657888,V,0.0,0,0,0.0
VE050505,EMSR884/AOI05 - Santa Cruz,No Urbana Zuata,,,,VE050505,José Félix Ribas,,,,VE0505,Aragua,,,,VE05,Venezuela (República Bolivariana de),,,,VE,2021/02/23,,71.86674833,v01,es,,,,Venezuela (Bolivarian Republic of),No Urbana Zuata,10.1716365,-67.37657888,VI,60.87,9980,1,26368.0
VE050505,EMSR884/AOI05 - Santa Cruz,No Urbana Zuata,,,,VE050505,José Félix Ribas,,,,VE0505,Aragua,,,,VE05,Venezuela (República Bolivariana de),,,,VE,2021/02/23,,71.86674833,v01,es,,,,Venezuela (Bolivarian Republic of),No Urbana Zuata,10.1716365,-67.37657888,VII,11.451,588,0,1714.0
VE050505,EMSR884/AOI05 - Santa Cruz,No Urbana Zuata,,,,VE050505,José Félix Ribas,,,,VE0505,Aragua,,,,VE05,Venezuela (República Bolivariana de),,,,VE,2021/02/23,,71.86674833,v01,es,,,,Venezuela (Bolivarian Republic of),No Urbana Zuata,10.1716365,-67.37657888,VIII,0.0,0,0,0.0
VE050505,EMSR884/AOI05 - Santa Cruz,No Urbana Zuata,,,,VE050505,José Félix Ribas,,,,VE0505,Aragua,,,,VE05,Venezuela (República Bolivariana de),,,,VE,2021/02/23,,71.86674833,v01,es,,,,Venezuela (Bolivarian Republic of),No Urbana Zuata,10.1716365,-67.37657888,IX,0.0,0,0,0.0
VE050505,EMSR884/AOI05 - Santa Cruz,No Urbana Zuata,,,,VE050505,José Félix Ribas,,,,VE0505,Aragua,,,,VE05,Venezuela (República Bolivariana de),,,,VE,2021/02/23,,71.86674833,v01,es,,,,Venezuela (Bolivarian Republic of),No Urbana Zuata,10.1716365,-67.37657888,X+,0.0,0,0,0.0
VE050701,EMSR884/AOI05 - Santa Cruz,Libertador,,,,VE050701,Libertador,,,,VE0507,Aragua,,,,VE05,Venezuela (República Bolivariana de),,,,VE,2021/02/23,,21.63803489,v01,es,,,,Venezuela (Bolivarian Republic of),Libertador,10.18368,-67.55549164,I,0.0,0,0,0.0
VE050701,EMSR884/AOI05 - Santa Cruz,Libertador,,,,VE050701,Libertador,,,,VE0507,Aragua,,,,VE05,Venezuela (República Bolivariana de),,,,VE,2021/02/23,,21.63803489,v01,es,,,,Venezuela (Bolivarian Republic of),Libertador,10.18368,-67.55549164,II-III,0.0,0,0,0.0
VE050701,EMSR884/AOI05 - Santa Cruz,Libertador,,,,VE050701,Libertador,,,,VE0507,Aragua,,,,VE05,Venezuela (República Bolivariana de),,,,VE,2021/02/23,,21.63803489,v01,es,,,,Venezuela (Bolivarian Republic of),Libertador,10.18368,-67.55549164,IV,0.0,0,0,0.0
VE050701,EMSR884/AOI05 - Santa Cruz,Libertador,,,,VE050701,Libertador,,,,VE0507,Aragua,,,,VE05,Venezuela (República Bolivariana de),,,,VE,2021/02/23,,21.63803489,v01,es,,,,Venezuela (Bolivarian Republic of),Libertador,10.18368,-67.55549164,V,0.0,0,0,0.0
VE050701,EMSR884/AOI05 - Santa Cruz,Libertador,,,,VE050701,Libertador,,,,VE0507,Aragua,,,,VE05,Venezuela (República Bolivariana de),,,,VE,2021/02/23,,21.63803489,v01,es,,,,Venezuela (Bolivarian Republic of),Libertador,10.18368,-67.55549164,VI,0.0,0,0,0.0
VE050701,EMSR884/AOI05 - Santa Cruz,Libertador,,,,VE050701,Libertador,,,,VE0507,Aragua,,,,VE05,Venezuela (República Bolivariana de),,,,VE,2021/02/23,,21.63803489,v01,es,,,,Venezuela (Bolivarian Republic of),Libertador,10.18368,-67.55549164,VII,21.775,20583,10,57308.0
VE050701,EMSR884/AOI05 - Santa Cruz,Libertador,,,,VE050701,Libertador,,,,VE0507,Aragua,,,,VE05,Venezuela (República Bolivariana de),,,,VE,2021/02/23,,21.63803489,v01,es,,,,Venezuela (Bolivarian Republic of),Libertador,10.18368,-67.55549164,VIII,0.0,0,0,0.0
VE050701,EMSR884/AOI05 - Santa Cruz,Libertador,,,,VE050701,Libertador,,,,VE0507,Aragua,,,,VE05,Venezuela (República Bolivariana de),,,,VE,2021/02/23,,21.63803489,v01,es,,,,Venezuela (Bolivarian Republic of),Libertador,10.18368,-67.55549164,IX,0.0,0,0,0.0
VE050701,EMSR884/AOI05 - Santa Cruz,Libertador,,,,VE050701,Libertador,,,,VE0507,Aragua,,,,VE05,Venezuela (República Bolivariana de),,,,VE,2021/02/23,,21.63803489,v01,es,,,,Venezuela (Bolivarian Republic of),Libertador,10.18368,-67.55549164,X+,0.0,0,0,0.0
VE050702,EMSR884/AOI05 - Santa Cruz; EMSR884/AOI11 - Villa de Cura,No Urbana San Martin de Porres,,,,VE050702,Libertador,,,,VE0507,Aragua,,,,VE05,Venezuela (República Bolivariana de),,,,VE,2021/02/23,,34.45691432,v01,es,,,,Venezuela (Bolivarian Republic of),No Urbana San Martin de Porres,10.16731,-67.5928643,I,0.0,0,0,0.0
VE050702,EMSR884/AOI05 - Santa Cruz; EMSR884/AOI11 - Villa de Cura,No Urbana San Martin de Porres,,,,VE050702,Libertador,,,,VE0507,Aragua,,,,VE05,Venezuela (República Bolivariana de),,,,VE,2021/02/23,,34.45691432,v01,es,,,,Venezuela (Bolivarian Republic of),No Urbana San Martin de Porres,10.16731,-67.5928643,II-III,0.0,0,0,0.0
VE050702,EMSR884/AOI05 - Santa Cruz; EMSR884/AOI11 - Villa de Cura,No Urbana San Martin de Porres,,,,VE050702,Libertador,,,,VE0507,Aragua,,,,VE05,Venezuela (República Bolivariana de),,,,VE,2021/02/23,,34.45691432,v01,es,,,,Venezuela (Bolivarian Republic of),No Urbana San Martin de Porres,10.16731,-67.5928643,IV,0.0,0,0,0.0
VE050702,EMSR884/AOI05 - Santa Cruz; EMSR884/AOI11 - Villa de Cura,No Urbana San Martin de Porres,,,,VE050702,Libertador,,,,VE0507,Aragua,,,,VE05,Venezuela (República Bolivariana de),,,,VE,2021/02/23,,34.45691432,v01,es,,,,Venezuela (Bolivarian Republic of),No Urbana San Martin de Porres,10.16731,-67.5928643,V,0.0,0,0,0.0
VE050702,EMSR884/AOI05 - Santa Cruz; EMSR884/AOI11 - Villa de Cura,No Urbana San Martin de Porres,,,,VE050702,Libertador,,,,VE0507,Aragua,,,,VE05,Venezuela (República Bolivariana de),,,,VE,2021/02/23,,34.45691432,v01,es,,,,Venezuela (Bolivarian Republic of),No Urbana San Martin de Porres,10.16731,-67.5928643,VI,0.402,0,0,6.0
VE050702,EMSR884/AOI05 - Santa Cruz; EMSR884/AOI11 - Villa de Cura,No Urbana San Martin de Porres,,,,VE050702,Libertador,,,,VE0507,Aragua,,,,VE05,Venezuela (República Bolivariana de),,,,VE,2021/02/23,,34.45691432,v01,es,,,,Venezuela (Bolivarian Republic of),No Urbana San Martin de Porres,10.16731,-67.5928643,VII,34.272,17074,4,50004.0
VE050702,EMSR884/AOI05 - Santa Cruz; EMSR884/AOI11 - Villa de Cura,No Urbana San Martin de Porres,,,,VE050702,Libertador,,,,VE0507,Aragua,,,,VE05,Venezuela (República Bolivariana de),,,,VE,2021/02/23,,34.45691432,v01,es,,,,Venezuela (Bolivarian Republic of),No Urbana San Martin de Porres,10.16731,-67.5928643,VIII,0.0,0,0,0.0
VE050702,EMSR884/AOI05 - Santa Cruz; EMSR884/AOI11 - Villa de Cura,No Urbana San Martin de Porres,,,,VE050702,Libertador,,,,VE0507,Aragua,,,,VE05,Venezuela (República Bolivariana de),,,,VE,2021/02/23,,34.45691432,v01,es,,,,Venezuela (Bolivarian Republic of),No Urbana San Martin de Porres,10.16731,-67.5928643,IX,0.0,0,0,0.0
VE050702,EMSR884/AOI05 - Santa Cruz; EMSR884/AOI11 - Villa de Cura,No Urbana San Martin de Porres,,,,VE050702,Libertador,,,,VE0507,Aragua,,,,VE05,Venezuela (República Bolivariana de),,,,VE,2021/02/23,,34.45691432,v01,es,,,,Venezuela (Bolivarian Republic of),No Urbana San Martin de Porres,10.16731,-67.5928643,X+,0.0,0,0,0.0
VE050801,EMSR884/AOI04 - Maracay,Mario Briceño Iragorry,,,,VE050801,Mario Briceño Iragorri,,,,VE0508,Aragua,,,,VE05,Venezuela (República Bolivariana de),,,,VE,2021/02/23,,55.0000944,v01,es,,,,Venezuela (Bolivarian Republic of),Mario Briceno Iragorry,10.32246435,-67.63775678,I,0.0,0,0,0.0
VE050801,EMSR884/AOI04 - Maracay,Mario Briceño Iragorry,,,,VE050801,Mario Briceño Iragorri,,,,VE0508,Aragua,,,,VE05,Venezuela (República Bolivariana de),,,,VE,2021/02/23,,55.0000944,v01,es,,,,Venezuela (Bolivarian Republic of),Mario Briceno Iragorry,10.32246435,-67.63775678,II-III,0.0,0,0,0.0
VE050801,EMSR884/AOI04 - Maracay,Mario Briceño Iragorry,,,,VE050801,Mario Briceño Iragorri,,,,VE0508,Aragua,,,,VE05,Venezuela (República Bolivariana de),,,,VE,2021/02/23,,55.0000944,v01,es,,,,Venezuela (Bolivarian Republic of),Mario Briceno Iragorry,10.32246435,-67.63775678,IV,0.0,0,0,0.0
VE050801,EMSR884/AOI04 - Maracay,Mario Briceño Iragorry,,,,VE050801,Mario Briceño Iragorri,,,,VE0508,Aragua,,,,VE05,Venezuela (República Bolivariana de),,,,VE,2021/02/23,,55.0000944,v01,es,,,,Venezuela (Bolivarian Republic of),Mario Briceno Iragorry,10.32246435,-67.63775678,V,0.0,0,0,0.0
VE050801,EMSR884/AOI04 - Maracay,Mario Briceño Iragorry,,,,VE050801,Mario Briceño Iragorri,,,,VE0508,Aragua,,,,VE05,Venezuela (República Bolivariana de),,,,VE,2021/02/23,,55.0000944,v01,es,,,,Venezuela (Bolivarian Republic of),Mario Briceno Iragorry,10.32246435,-67.63775678,VI,28.811,308,1,1188.0
VE050801,EMSR884/AOI04 - Maracay,Mario Briceño Iragorry,,,,VE050801,Mario Briceño Iragorri,,,,VE0508,Aragua,,,,VE05,Venezuela (República Bolivariana de),,,,VE,2021/02/23,,55.0000944,v01,es,,,,Venezuela (Bolivarian Republic of),Mario Briceno Iragorry,10.32246435,-67.63775678,VII,26.538,10670,1311,37283.0
VE050801,EMSR884/AOI04 - Maracay,Mario Briceño Iragorry,,,,VE050801,Mario Briceño Iragorri,,,,VE0508,Aragua,,,,VE05,Venezuela (República Bolivariana de),,,,VE,2021/02/23,,55.0000944,v01,es,,,,Venezuela (Bolivarian Republic of),Mario Briceno Iragorry,10.32246435,-67.63775678,VIII,0.0,0,0,0.0
VE050801,EMSR884/AOI04 - Maracay,Mario Briceño Iragorry,,,,VE050801,Mario Briceño Iragorri,,,,VE0508,Aragua,,,,VE05,Venezuela (República Bolivariana de),,,,VE,2021/02/23,,55.0000944,v01,es,,,,Venezuela (Bolivarian Republic of),Mario Briceno Iragorry,10.32246435,-67.63775678,IX,0.0,0,0,0.0
VE050801,EMSR884/AOI04 - Maracay,Mario Briceño Iragorry,,,,VE050801,Mario Briceño Iragorri,,,,VE0508,Aragua,,,,VE05,Venezuela (República Bolivariana de),,,,VE,2021/02/23,,55.0000944,v01,es,,,,Venezuela (Bolivarian Republic of),Mario Briceno Iragorry,10.32246435,-67.63775678,X+,0.0,0,0,0.0
VE050802,EMSR884/AOI04 - Maracay,Urbana Caña de Azúcar,,,,VE050802,Mario Briceño Iragorri,,,,VE0508,Aragua,,,,VE05,Venezuela (República Bolivariana de),,,,VE,2021/02/23,,10.34824116,v01,es,,,,Venezuela (Bolivarian Republic of),Urbana Cana de Azucar,10.2767175,-67.63451713,I,0.0,0,0,0.0
VE050802,EMSR884/AOI04 - Maracay,Urbana Caña de Azúcar,,,,VE050802,Mario Briceño Iragorri,,,,VE0508,Aragua,,,,VE05,Venezuela (República Bolivariana de),,,,VE,2021/02/23,,10.34824116,v01,es,,,,Venezuela (Bolivarian Republic of),Urbana Cana de Azucar,10.2767175,-67.63451713,II-III,0.0,0,0,0.0
VE050802,EMSR884/AOI04 - Maracay,Urbana Caña de Azúcar,,,,VE050802,Mario Briceño Iragorri,,,,VE0508,Aragua,,,,VE05,Venezuela (República Bolivariana de),,,,VE,2021/02/23,,10.34824116,v01,es,,,,Venezuela (Bolivarian Republic of),Urbana Cana de Azucar,10.2767175,-67.63451713,IV,0.0,0,0,0.0
VE050802,EMSR884/AOI04 - Maracay,Urbana Caña de Azúcar,,,,VE050802,Mario Briceño Iragorri,,,,VE0508,Aragua,,,,VE05,Venezuela (República Bolivariana de),,,,VE,2021/02/23,,10.34824116,v01,es,,,,Venezuela (Bolivarian Republic of),Urbana Cana de Azucar,10.2767175,-67.63451713,V,0.0,0,0,0.0
VE050802,EMSR884/AOI04 - Maracay,Urbana Caña de Azúcar,,,,VE050802,Mario Briceño Iragorri,,,,VE0508,Aragua,,,,VE05,Venezuela (República Bolivariana de),,,,VE,2021/02/23,,10.34824116,v01,es,,,,Venezuela (Bolivarian Republic of),Urbana Cana de Azucar,10.2767175,-67.63451713,VI,0.0,0,0,0.0
VE050802,EMSR884/AOI04 - Maracay,Urbana Caña de Azúcar,,,,VE050802,Mario Briceño Iragorri,,,,VE0508,Aragua,,,,VE05,Venezuela (República Bolivariana de),,,,VE,2021/02/23,,10.34824116,v01,es,,,,Venezuela (Bolivarian Republic of),Urbana Cana de Azucar,10.2767175,-67.63451713,VII,10.414,8004,2194,33744.0
VE050802,EMSR884/AOI04 - Maracay,Urbana Caña de Azúcar,,,,VE050802,Mario Briceño Iragorri,,,,VE0508,Aragua,,,,VE05,Venezuela (República Bolivariana de),,,,VE,2021/02/23,,10.34824116,v01,es,,,,Venezuela (Bolivarian Republic of),Urbana Cana de Azucar,10.2767175,-67.63451713,VIII,0.0,0,0,0.0
VE050802,EMSR884/AOI04 - Maracay,Urbana Caña de Azúcar,,,,VE050802,Mario Briceño Iragorri,,,,VE0508,Aragua,,,,VE05,Venezuela (República Bolivariana de),,,,VE,2021/02/23,,10.34824116,v01,es,,,,Venezuela (Bolivarian Republic of),Urbana Cana de Azucar,10.2767175,-67.63451713,IX,0.0,0,0,0.0
VE050802,EMSR884/AOI04 - Maracay,Urbana Caña de Azúcar,,,,VE050802,Mario Briceño Iragorri,,,,VE0508,Aragua,,,,VE05,Venezuela (República Bolivariana de),,,,VE,2021/02/23,,10.34824116,v01,es,,,,Venezuela (Bolivarian Republic of),Urbana Cana de Azucar,10.2767175,-67.63451713,X+,0.0,0,0,0.0
VE051101,EMSR884/AOI04 - Maracay; EMSR884/AOI05 - Santa Cruz,Santiago Mariño,,,,VE051101,Santiago Mariño,,,,VE0511,Aragua,,,,VE05,Venezuela (República Bolivariana de),,,,VE,2021/02/23,,20.69094169,v01,es,,,,Venezuela (Bolivarian Republic of),Santiago Marino,10.2112815,-67.47599284,I,0.0,0,0,0.0
VE051101,EMSR884/AOI04 - Maracay; EMSR884/AOI05 - Santa Cruz,Santiago Mariño,,,,VE051101,Santiago Mariño,,,,VE0511,Aragua,,,,VE05,Venezuela (República Bolivariana de),,,,VE,2021/02/23,,20.69094169,v01,es,,,,Venezuela (Bolivarian Republic of),Santiago Marino,10.2112815,-67.47599284,II-III,0.0,0,0,0.0
VE051101,EMSR884/AOI04 - Maracay; EMSR884/AOI05 - Santa Cruz,Santiago Mariño,,,,VE051101,Santiago Mariño,,,,VE0511,Aragua,,,,VE05,Venezuela (República Bolivariana de),,,,VE,2021/02/23,,20.69094169,v01,es,,,,Venezuela (Bolivarian Republic of),Santiago Marino,10.2112815,-67.47599284,IV,0.0,0,0,0.0
VE051101,EMSR884/AOI04 - Maracay; EMSR884/AOI05 - Santa Cruz,Santiago Mariño,,,,VE051101,Santiago Mariño,,,,VE0511,Aragua,,,,VE05,Venezuela (República Bolivariana de),,,,VE,2021/02/23,,20.69094169,v01,es,,,,Venezuela (Bolivarian Republic of),Santiago Marino,10.2112815,-67.47599284,V,0.0,0,0,0.0
VE051101,EMSR884/AOI04 - Maracay; EMSR884/AOI05 - Santa Cruz,Santiago Mariño,,,,VE051101,Santiago Mariño,,,,VE0511,Aragua,,,,VE05,Venezuela (República Bolivariana de),,,,VE,2021/02/23,,20.69094169,v01,es,,,,Venezuela (Bolivarian Republic of),Santiago Marino,10.2112815,-67.47599284,VI,0.601,0,0,0.0
VE051101,EMSR884/AOI04 - Maracay; EMSR884/AOI05 - Santa Cruz,Santiago Mariño,,,,VE051101,Santiago Mariño,,,,VE0511,Aragua,,,,VE05,Venezuela (República Bolivariana de),,,,VE,2021/02/23,,20.69094169,v01,es,,,,Venezuela (Bolivarian Republic of),Santiago Marino,10.2112815,-67.47599284,VII,20.221,15354,64,58998.0
VE051101,EMSR884/AOI04 - Maracay; EMSR884/AOI05 - Santa Cruz,Santiago Mariño,,,,VE051101,Santiago Mariño,,,,VE0511,Aragua,,,,VE05,Venezuela (República Bolivariana de),,,,VE,2021/02/23,,20.69094169,v01,es,,,,Venezuela (Bolivarian Republic of),Santiago Marino,10.2112815,-67.47599284,VIII,0.0,0,0,0.0
VE051101,EMSR884/AOI04 - Maracay; EMSR884/AOI05 - Santa Cruz,Santiago Mariño,,,,VE051101,Santiago Mariño,,,,VE0511,Aragua,,,,VE05,Venezuela (República Bolivariana de),,,,VE,2021/02/23,,20.69094169,v01,es,,,,Venezuela (Bolivarian Republic of),Santiago Marino,10.2112815,-67.47599284,IX,0.0,0,0,0.0
VE051101,EMSR884/AOI04 - Maracay; EMSR884/AOI05 - Santa Cruz,Santiago Mariño,,,,VE051101,Santiago Mariño,,,,VE0511,Aragua,,,,VE05,Venezuela (República Bolivariana de),,,,VE,2021/02/23,,20.69094169,v01,es,,,,Venezuela (Bolivarian Republic of),Santiago Marino,10.2112815,-67.47599284,X+,0.0,0,0,0.0
VE051102,EMSR884/AOI04 - Maracay; EMSR884/AOI05 - Santa Cruz,No Urbana Arévalo Aponte,,,,VE051102,Santiago Mariño,,,,VE0511,Aragua,,,,VE05,Venezuela (República Bolivariana de),,,,VE,2021/02/23,,182.04463475,v01,es,,,,Venezuela (Bolivarian Republic of),No Urbana Arevalo Aponte,10.3067685,-67.46564171,I,0.0,0,0,0.0
VE051102,EMSR884/AOI04 - Maracay; EMSR884/AOI05 - Santa Cruz,No Urbana Arévalo Aponte,,,,VE051102,Santiago Mariño,,,,VE0511,Aragua,,,,VE05,Venezuela (República Bolivariana de),,,,VE,2021/02/23,,182.04463475,v01,es,,,,Venezuela (Bolivarian Republic of),No Urbana Arevalo Aponte,10.3067685,-67.46564171,II-III,0.0,0,0,0.0
VE051102,EMSR884/AOI04 - Maracay; EMSR884/AOI05 - Santa Cruz,No Urbana Arévalo Aponte,,,,VE051102,Santiago Mariño,,,,VE0511,Aragua,,,,VE05,Venezuela (República Bolivariana de),,,,VE,2021/02/23,,182.04463475,v01,es,,,,Venezuela (Bolivarian Republic of),No Urbana Arevalo Aponte,10.3067685,-67.46564171,IV,0.0,0,0,0.0
VE051102,EMSR884/AOI04 - Maracay; EMSR884/AOI05 - Santa Cruz,No Urbana Arévalo Aponte,,,,VE051102,Santiago Mariño,,,,VE0511,Aragua,,,,VE05,Venezuela (República Bolivariana de),,,,VE,2021/02/23,,182.04463475,v01,es,,,,Venezuela (Bolivarian Republic of),No Urbana Arevalo Aponte,10.3067685,-67.46564171,V,0.0,0,0,0.0
VE051102,EMSR884/AOI04 - Maracay; EMSR884/AOI05 - Santa Cruz,No Urbana Arévalo Aponte,,,,VE051102,Santiago Mariño,,,,VE0511,Aragua,,,,VE05,Venezuela (República Bolivariana de),,,,VE,2021/02/23,,182.04463475,v01,es,,,,Venezuela (Bolivarian Republic of),No Urbana Arevalo Aponte,10.3067685,-67.46564171,VI,147.886,7517,2,13084.0
VE051102,EMSR884/AOI04 - Maracay; EMSR884/AOI05 - Santa Cruz,No Urbana Arévalo Aponte,,,,VE051102,Santiago Mariño,,,,VE0511,Aragua,,,,VE05,Venezuela (República Bolivariana de),,,,VE,2021/02/23,,182.04463475,v01,es,,,,Venezuela (Bolivarian Republic of),No Urbana Arevalo Aponte,10.3067685,-67.46564171,VII,35.312,8623,19,20932.0
VE051102,EMSR884/AOI04 - Maracay; EMSR884/AOI05 - Santa Cruz,No Urbana Arévalo Aponte,,,,VE051102,Santiago Mariño,,,,VE0511,Aragua,,,,VE05,Venezuela (República Bolivariana de),,,,VE,2021/02/23,,182.04463475,v01,es,,,,Venezuela (Bolivarian Republic of),No Urbana Arevalo Aponte,10.3067685,-67.46564171,VIII,0.0,0,0,0.0
VE051102,EMSR884/AOI04 - Maracay; EMSR884/AOI05 - Santa Cruz,No Urbana Arévalo Aponte,,,,VE051102,Santiago Mariño,,,,VE0511,Aragua,,,,VE05,Venezuela (República Bolivariana de),,,,VE,2021/02/23,,182.04463475,v01,es,,,,Venezuela (Bolivarian Republic of),No Urbana Arevalo Aponte,10.3067685,-67.46564171,IX,0.0,0,0,0.0
VE051102,EMSR884/AOI04 - Maracay; EMSR884/AOI05 - Santa Cruz,No Urbana Arévalo Aponte,,,,VE051102,Santiago Mariño,,,,VE0511,Aragua,,,,VE05,Venezuela (República Bolivariana de),,,,VE,2021/02/23,,182.04463475,v01,es,,,,Venezuela (Bolivarian Republic of),No Urbana Arevalo Aponte,10.3067685,-67.46564171,X+,0.0,0,0,0.0
VE051104,EMSR884/AOI04 - Maracay; EMSR884/AOI05 - Santa Cruz,No Urbana Samán de Guere,,,,VE051104,Santiago Mariño,,,,VE0511,Aragua,,,,VE05,Venezuela (República Bolivariana de),,,,VE,2021/02/23,,14.08612074,v01,es,,,,Venezuela (Bolivarian Republic of),No Urbana Saman de Guere,10.2255935,-67.52515581,I,0.0,0,0,0.0
VE051104,EMSR884/AOI04 - Maracay; EMSR884/AOI05 - Santa Cruz,No Urbana Samán de Guere,,,,VE051104,Santiago Mariño,,,,VE0511,Aragua,,,,VE05,Venezuela (República Bolivariana de),,,,VE,2021/02/23,,14.08612074,v01,es,,,,Venezuela (Bolivarian Republic of),No Urbana Saman de Guere,10.2255935,-67.52515581,II-III,0.0,0,0,0.0
VE051104,EMSR884/AOI04 - Maracay; EMSR884/AOI05 - Santa Cruz,No Urbana Samán de Guere,,,,VE051104,Santiago Mariño,,,,VE0511,Aragua,,,,VE05,Venezuela (República Bolivariana de),,,,VE,2021/02/23,,14.08612074,v01,es,,,,Venezuela (Bolivarian Republic of),No Urbana Saman de Guere,10.2255935,-67.52515581,IV,0.0,0,0,0.0
VE051104,EMSR884/AOI04 - Maracay; EMSR884/AOI05 - Santa Cruz,No Urbana Samán de Guere,,,,VE051104,Santiago Mariño,,,,VE0511,Aragua,,,,VE05,Venezuela (República Bolivariana de),,,,VE,2021/02/23,,14.08612074,v01,es,,,,Venezuela (Bolivarian Republic of),No Urbana Saman de Guere,10.2255935,-67.52515581,V,0.0,0,0,0.0
VE051104,EMSR884/AOI04 - Maracay; EMSR884/AOI05 - Santa Cruz,No Urbana Samán de Guere,,,,VE051104,Santiago Mariño,,,,VE0511,Aragua,,,,VE05,Venezuela (República Bolivariana de),,,,VE,2021/02/23,,14.08612074,v01,es,,,,Venezuela (Bolivarian Republic of),No Urbana Saman de Guere,10.2255935,-67.52515581,VI,0.0,0,0,0.0
VE051104,EMSR884/AOI04 - Maracay; EMSR884/AOI05 - Santa Cruz,No Urbana Samán de Guere,,,,VE051104,Santiago Mariño,,,,VE0511,Aragua,,,,VE05,Venezuela (República Bolivariana de),,,,VE,2021/02/23,,14.08612074,v01,es,,,,Venezuela (Bolivarian Republic of),No Urbana Saman de Guere,10.2255935,-67.52515581,VII,14.175,23150,106,67791.0
VE051104,EMSR884/AOI04 - Maracay; EMSR884/AOI05 - Santa Cruz,No Urbana Samán de Guere,,,,VE051104,Santiago Mariño,,,,VE0511,Aragua,,,,VE05,Venezuela (República Bolivariana de),,,,VE,2021/02/23,,14.08612074,v01,es,,,,Venezuela (Bolivarian Republic of),No Urbana Saman de Guere,10.2255935,-67.52515581,VIII,0.0,0,0,0.0
VE051104,EMSR884/AOI04 - Maracay; EMSR884/AOI05 - Santa Cruz,No Urbana Samán de Guere,,,,VE051104,Santiago Mariño,,,,VE0511,Aragua,,,,VE05,Venezuela (República Bolivariana de),,,,VE,2021/02/23,,14.08612074,v01,es,,,,Venezuela (Bolivarian Republic of),No Urbana Saman de Guere,10.2255935,-67.52515581,IX,0.0,0,0,0.0
VE051104,EMSR884/AOI04 - Maracay; EMSR884/AOI05 - Santa Cruz,No Urbana Samán de Guere,,,,VE051104,Santiago Mariño,,,,VE0511,Aragua,,,,VE05,Venezuela (República Bolivariana de),,,,VE,2021/02/23,,14.08612074,v01,es,,,,Venezuela (Bolivarian Republic of),No Urbana Saman de Guere,10.2255935,-67.52515581,X+,0.0,0,0,0.0
VE051105,EMSR884/AOI04 - Maracay,No Urbana Alfredo Pacheco Miranda,,,,VE051105,Santiago Mariño,,,,VE0511,Aragua,,,,VE05,Venezuela (República Bolivariana de),,,,VE,2021/02/23,,17.43222441,v01,es,,,,Venezuela (Bolivarian Republic of),No Urbana Alfredo Pacheco Miranda,10.2586315,-67.52961516,I,0.0,0,0,0.0
VE051105,EMSR884/AOI04 - Maracay,No Urbana Alfredo Pacheco Miranda,,,,VE051105,Santiago Mariño,,,,VE0511,Aragua,,,,VE05,Venezuela (República Bolivariana de),,,,VE,2021/02/23,,17.43222441,v01,es,,,,Venezuela (Bolivarian Republic of),No Urbana Alfredo Pacheco Miranda,10.2586315,-67.52961516,II-III,0.0,0,0,0.0
VE051105,EMSR884/AOI04 - Maracay,No Urbana Alfredo Pacheco Miranda,,,,VE051105,Santiago Mariño,,,,VE0511,Aragua,,,,VE05,Venezuela (República Bolivariana de),,,,VE,2021/02/23,,17.43222441,v01,es,,,,Venezuela (Bolivarian Republic of),No Urbana Alfredo Pacheco Miranda,10.2586315,-67.52961516,IV,0.0,0,0,0.0
VE051105,EMSR884/AOI04 - Maracay,No Urbana Alfredo Pacheco Miranda,,,,VE051105,Santiago Mariño,,,,VE0511,Aragua,,,,VE05,Venezuela (República Bolivariana de),,,,VE,2021/02/23,,17.43222441,v01,es,,,,Venezuela (Bolivarian Republic of),No Urbana Alfredo Pacheco Miranda,10.2586315,-67.52961516,V,0.0,0,0,0.0
VE051105,EMSR884/AOI04 - Maracay,No Urbana Alfredo Pacheco Miranda,,,,VE051105,Santiago Mariño,,,,VE0511,Aragua,,,,VE05,Venezuela (República Bolivariana de),,,,VE,2021/02/23,,17.43222441,v01,es,,,,Venezuela (Bolivarian Republic of),No Urbana Alfredo Pacheco Miranda,10.2586315,-67.52961516,VI,3.798,23,0,105.0
VE051105,EMSR884/AOI04 - Maracay,No Urbana Alfredo Pacheco Miranda,,,,VE051105,Santiago Mariño,,,,VE0511,Aragua,,,,VE05,Venezuela (República Bolivariana de),,,,VE,2021/02/23,,17.43222441,v01,es,,,,Venezuela (Bolivarian Republic of),No Urbana Alfredo Pacheco Miranda,10.2586315,-67.52961516,VII,13.745,7248,3,22895.0
VE051105,EMSR884/AOI04 - Maracay,No Urbana Alfredo Pacheco Miranda,,,,VE051105,Santiago Mariño,,,,VE0511,Aragua,,,,VE05,Venezuela (República Bolivariana de),,,,VE,2021/02/23,,17.43222441,v01,es,,,,Venezuela (Bolivarian Republic of),No Urbana Alfredo Pacheco Miranda,10.2586315,-67.52961516,VIII,0.0,0,0,0.0
VE051105,EMSR884/AOI04 - Maracay,No Urbana Alfredo Pacheco Miranda,,,,VE051105,Santiago Mariño,,,,VE0511,Aragua,,,,VE05,Venezuela (República Bolivariana de),,,,VE,2021/02/23,,17.43222441,v01,es,,,,Venezuela (Bolivarian Republic of),No Urbana Alfredo Pacheco Miranda,10.2586315,-67.52961516,IX,0.0,0,0,0.0
VE051105,EMSR884/AOI04 - Maracay,No Urbana Alfredo Pacheco Miranda,,,,VE051105,Santiago Mariño,,,,VE0511,Aragua,,,,VE05,Venezuela (República Bolivariana de),,,,VE,2021/02/23,,17.43222441,v01,es,,,,Venezuela (Bolivarian Republic of),No Urbana Alfredo Pacheco Miranda,10.2586315,-67.52961516,X+,0.0,0,0,0.0
VE051301,EMSR884/AOI05 - Santa Cruz,Sucre,,,,VE051301,Sucre,,,,VE0513,Aragua,,,,VE05,Venezuela (República Bolivariana de),,,,VE,2021/02/23,,39.26398554,v01,es,,,,Venezuela (Bolivarian Republic of),Sucre,10.1716365,-67.45043813,I,0.0,0,0,0.0
VE051301,EMSR884/AOI05 - Santa Cruz,Sucre,,,,VE051301,Sucre,,,,VE0513,Aragua,,,,VE05,Venezuela (República Bolivariana de),,,,VE,2021/02/23,,39.26398554,v01,es,,,,Venezuela (Bolivarian Republic of),Sucre,10.1716365,-67.45043813,II-III,0.0,0,0,0.0
VE051301,EMSR884/AOI05 - Santa Cruz,Sucre,,,,VE051301,Sucre,,,,VE0513,Aragua,,,,VE05,Venezuela (República Bolivariana de),,,,VE,2021/02/23,,39.26398554,v01,es,,,,Venezuela (Bolivarian Republic of),Sucre,10.1716365,-67.45043813,IV,0.0,0,0,0.0
VE051301,EMSR884/AOI05 - Santa Cruz,Sucre,,,,VE051301,Sucre,,,,VE0513,Aragua,,,,VE05,Venezuela (República Bolivariana de),,,,VE,2021/02/23,,39.26398554,v01,es,,,,Venezuela (Bolivarian Republic of),Sucre,10.1716365,-67.45043813,V,0.0,0,0,0.0
VE051301,EMSR884/AOI05 - Santa Cruz,Sucre,,,,VE051301,Sucre,,,,VE0513,Aragua,,,,VE05,Venezuela (República Bolivariana de),,,,VE,2021/02/23,,39.26398554,v01,es,,,,Venezuela (Bolivarian Republic of),Sucre,10.1716365,-67.45043813,VI,7.341,1206,0,3839.0
VE051301,EMSR884/AOI05 - Santa Cruz,Sucre,,,,VE051301,Sucre,,,,VE0513,Aragua,,,,VE05,Venezuela (República Bolivariana de),,,,VE,2021/02/23,,39.26398554,v01,es,,,,Venezuela (Bolivarian Republic of),Sucre,10.1716365,-67.45043813,VII,32.171,30207,47,91728.0
VE051301,EMSR884/AOI05 - Santa Cruz,Sucre,,,,VE051301,Sucre,,,,VE0513,Aragua,,,,VE05,Venezuela (República Bolivariana de),,,,VE,2021/02/23,,39.26398554,v01,es,,,,Venezuela (Bolivarian Republic of),Sucre,10.1716365,-67.45043813,VIII,0.0,0,0,0.0
VE051301,EMSR884/AOI05 - Santa Cruz,Sucre,,,,VE051301,Sucre,,,,VE0513,Aragua,,,,VE05,Venezuela (República Bolivariana de),,,,VE,2021/02/23,,39.26398554,v01,es,,,,Venezuela (Bolivarian Republic of),Sucre,10.1716365,-67.45043813,IX,0.0,0,0,0.0
VE051301,EMSR884/AOI05 - Santa Cruz,Sucre,,,,VE051301,Sucre,,,,VE0513,Aragua,,,,VE05,Venezuela (República Bolivariana de),,,,VE,2021/02/23,,39.26398554,v01,es,,,,Venezuela (Bolivarian Republic of),Sucre,10.1716365,-67.45043813,X+,0.0,0,0,0.0
VE051302,EMSR884/AOI05 - Santa Cruz,No Urbana Bella Vista,,,,VE051302,Sucre,,,,VE0513,Aragua,,,,VE05,Venezuela (República Bolivariana de),,,,VE,2021/02/23,,26.93181081,v01,es,,,,Venezuela (Bolivarian Republic of),No Urbana Bella Vista,10.135544,-67.42915307,I,0.0,0,0,0.0
VE051302,EMSR884/AOI05 - Santa Cruz,No Urbana Bella Vista,,,,VE051302,Sucre,,,,VE0513,Aragua,,,,VE05,Venezuela (República Bolivariana de),,,,VE,2021/02/23,,26.93181081,v01,es,,,,Venezuela (Bolivarian Republic of),No Urbana Bella Vista,10.135544,-67.42915307,II-III,0.0,0,0,0.0
VE051302,EMSR884/AOI05 - Santa Cruz,No Urbana Bella Vista,,,,VE051302,Sucre,,,,VE0513,Aragua,,,,VE05,Venezuela (República Bolivariana de),,,,VE,2021/02/23,,26.93181081,v01,es,,,,Venezuela (Bolivarian Republic of),No Urbana Bella Vista,10.135544,-67.42915307,IV,0.0,0,0,0.0
VE051302,EMSR884/AOI05 - Santa Cruz,No Urbana Bella Vista,,,,VE051302,Sucre,,,,VE0513,Aragua,,,,VE05,Venezuela (República Bolivariana de),,,,VE,2021/02/23,,26.93181081,v01,es,,,,Venezuela (Bolivarian Republic of),No Urbana Bella Vista,10.135544,-67.42915307,V,0.0,0,0,0.0
VE051302,EMSR884/AOI05 - Santa Cruz,No Urbana Bella Vista,,,,VE051302,Sucre,,,,VE0513,Aragua,,,,VE05,Venezuela (República Bolivariana de),,,,VE,2021/02/23,,26.93181081,v01,es,,,,Venezuela (Bolivarian Republic of),No Urbana Bella Vista,10.135544,-67.42915307,VI,25.723,2987,0,6349.0
VE051302,EMSR884/AOI05 - Santa Cruz,No Urbana Bella Vista,,,,VE051302,Sucre,,,,VE0513,Aragua,,,,VE05,Venezuela (República Bolivariana de),,,,VE,2021/02/23,,26.93181081,v01,es,,,,Venezuela (Bolivarian Republic of),No Urbana Bella Vista,10.135544,-67.42915307,VII,1.38,5,0,33.0
VE051302,EMSR884/AOI05 - Santa Cruz,No Urbana Bella Vista,,,,VE051302,Sucre,,,,VE0513,Aragua,,,,VE05,Venezuela (República Bolivariana de),,,,VE,2021/02/23,,26.93181081,v01,es,,,,Venezuela (Bolivarian Republic of),No Urbana Bella Vista,10.135544,-67.42915307,VIII,0.0,0,0,0.0
VE051302,EMSR884/AOI05 - Santa Cruz,No Urbana Bella Vista,,,,VE051302,Sucre,,,,VE0513,Aragua,,,,VE05,Venezuela (República Bolivariana de),,,,VE,2021/02/23,,26.93181081,v01,es,,,,Venezuela (Bolivarian Republic of),No Urbana Bella Vista,10.135544,-67.42915307,IX,0.0,0,0,0.0
VE051302,EMSR884/AOI05 - Santa Cruz,No Urbana Bella Vista,,,,VE051302,Sucre,,,,VE0513,Aragua,,,,VE05,Venezuela (República Bolivariana de),,,,VE,2021/02/23,,26.93181081,v01,es,,,,Venezuela (Bolivarian Republic of),No Urbana Bella Vista,10.135544,-67.42915307,X+,0.0,0,0,0.0
VE051601,EMSR884/AOI05 - Santa Cruz; EMSR884/AOI11 - Villa de Cura,Ezequiel Zamora,,,,VE051601,Ezequiel Zamora,,,,VE0516,Aragua,,,,VE05,Venezuela (República Bolivariana de),,,,VE,2021/02/23,,350.64528274,v01,es,,,,Venezuela (Bolivarian Republic of),Ezequiel Zamora,10.0311635,-67.42596359,I,0.0,0,0,0.0
VE051601,EMSR884/AOI05 - Santa Cruz; EMSR884/AOI11 - Villa de Cura,Ezequiel Zamora,,,,VE051601,Ezequiel Zamora,,,,VE0516,Aragua,,,,VE05,Venezuela (República Bolivariana de),,,,VE,2021/02/23,,350.64528274,v01,es,,,,Venezuela (Bolivarian Republic of),Ezequiel Zamora,10.0311635,-67.42596359,II-III,0.0,0,0,0.0
VE051601,EMSR884/AOI05 - Santa Cruz; EMSR884/AOI11 - Villa de Cura,Ezequiel Zamora,,,,VE051601,Ezequiel Zamora,,,,VE0516,Aragua,,,,VE05,Venezuela (República Bolivariana de),,,,VE,2021/02/23,,350.64528274,v01,es,,,,Venezuela (Bolivarian Republic of),Ezequiel Zamora,10.0311635,-67.42596359,IV,0.0,0,0,0.0
VE051601,EMSR884/AOI05 - Santa Cruz; EMSR884/AOI11 - Villa de Cura,Ezequiel Zamora,,,,VE051601,Ezequiel Zamora,,,,VE0516,Aragua,,,,VE05,Venezuela (República Bolivariana de),,,,VE,2021/02/23,,350.64528274,v01,es,,,,Venezuela (Bolivarian Republic of),Ezequiel Zamora,10.0311635,-67.42596359,V,91.492,360,0,659.0
VE051601,EMSR884/AOI05 - Santa Cruz; EMSR884/AOI11 - Villa de Cura,Ezequiel Zamora,,,,VE051601,Ezequiel Zamora,,,,VE0516,Aragua,,,,VE05,Venezuela (República Bolivariana de),,,,VE,2021/02/23,,350.64528274,v01,es,,,,Venezuela (Bolivarian Republic of),Ezequiel Zamora,10.0311635,-67.42596359,VI,257.105,36449,119,94021.0
VE051601,EMSR884/AOI05 - Santa Cruz; EMSR884/AOI11 - Villa de Cura,Ezequiel Zamora,,,,VE051601,Ezequiel Zamora,,,,VE0516,Aragua,,,,VE05,Venezuela (República Bolivariana de),,,,VE,2021/02/23,,350.64528274,v01,es,,,,Venezuela (Bolivarian Republic of),Ezequiel Zamora,10.0311635,-67.42596359,VII,4.269,100,0,295.0
VE051601,EMSR884/AOI05 - Santa Cruz; EMSR884/AOI11 - Villa de Cura,Ezequiel Zamora,,,,VE051601,Ezequiel Zamora,,,,VE0516,Aragua,,,,VE05,Venezuela (República Bolivariana de),,,,VE,2021/02/23,,350.64528274,v01,es,,,,Venezuela (Bolivarian Republic of),Ezequiel Zamora,10.0311635,-67.42596359,VIII,0.0,0,0,0.0
VE051601,EMSR884/AOI05 - Santa Cruz; EMSR884/AOI11 - Villa de Cura,Ezequiel Zamora,,,,VE051601,Ezequiel Zamora,,,,VE0516,Aragua,,,,VE05,Venezuela (República Bolivariana de),,,,VE,2021/02/23,,350.64528274,v01,es,,,,Venezuela (Bolivarian Republic of),Ezequiel Zamora,10.0311635,-67.42596359,IX,0.0,0,0,0.0
VE051601,EMSR884/AOI05 - Santa Cruz; EMSR884/AOI11 - Villa de Cura,Ezequiel Zamora,,,,VE051601,Ezequiel Zamora,,,,VE0516,Aragua,,,,VE05,Venezuela (República Bolivariana de),,,,VE,2021/02/23,,350.64528274,v01,es,,,,Venezuela (Bolivarian Republic of),Ezequiel Zamora,10.0311635,-67.42596359,X+,0.0,0,0,0.0
VE051602,EMSR884/AOI11 - Villa de Cura,No Urbana Magdaleno,,,,VE051602,Ezequiel Zamora,,,,VE0516,Aragua,,,,VE05,Venezuela (República Bolivariana de),,,,VE,2021/02/23,,65.39140555,v01,es,,,,Venezuela (Bolivarian Republic of),No Urbana Magdaleno,10.08459686,-67.63133362,I,0.0,0,0,0.0
VE051602,EMSR884/AOI11 - Villa de Cura,No Urbana Magdaleno,,,,VE051602,Ezequiel Zamora,,,,VE0516,Aragua,,,,VE05,Venezuela (República Bolivariana de),,,,VE,2021/02/23,,65.39140555,v01,es,,,,Venezuela (Bolivarian Republic of),No Urbana Magdaleno,10.08459686,-67.63133362,II-III,0.0,0,0,0.0
VE051602,EMSR884/AOI11 - Villa de Cura,No Urbana Magdaleno,,,,VE051602,Ezequiel Zamora,,,,VE0516,Aragua,,,,VE05,Venezuela (República Bolivariana de),,,,VE,2021/02/23,,65.39140555,v01,es,,,,Venezuela (Bolivarian Republic of),No Urbana Magdaleno,10.08459686,-67.63133362,IV,0.0,0,0,0.0
VE051602,EMSR884/AOI11 - Villa de Cura,No Urbana Magdaleno,,,,VE051602,Ezequiel Zamora,,,,VE0516,Aragua,,,,VE05,Venezuela (República Bolivariana de),,,,VE,2021/02/23,,65.39140555,v01,es,,,,Venezuela (Bolivarian Republic of),No Urbana Magdaleno,10.08459686,-67.63133362,V,0.0,0,0,0.0
VE051602,EMSR884/AOI11 - Villa de Cura,No Urbana Magdaleno,,,,VE051602,Ezequiel Zamora,,,,VE0516,Aragua,,,,VE05,Venezuela (República Bolivariana de),,,,VE,2021/02/23,,65.39140555,v01,es,,,,Venezuela (Bolivarian Republic of),No Urbana Magdaleno,10.08459686,-67.63133362,VI,60.092,7984,3,20287.0
VE051602,EMSR884/AOI11 - Villa de Cura,No Urbana Magdaleno,,,,VE051602,Ezequiel Zamora,,,,VE0516,Aragua,,,,VE05,Venezuela (República Bolivariana de),,,,VE,2021/02/23,,65.39140555,v01,es,,,,Venezuela (Bolivarian Republic of),No Urbana Magdaleno,10.08459686,-67.63133362,VII,5.714,344,0,893.0
VE051602,EMSR884/AOI11 - Villa de Cura,No Urbana Magdaleno,,,,VE051602,Ezequiel Zamora,,,,VE0516,Aragua,,,,VE05,Venezuela (República Bolivariana de),,,,VE,2021/02/23,,65.39140555,v01,es,,,,Venezuela (Bolivarian Republic of),No Urbana Magdaleno,10.08459686,-67.63133362,VIII,0.0,0,0,0.0
VE051602,EMSR884/AOI11 - Villa de Cura,No Urbana Magdaleno,,,,VE051602,Ezequiel Zamora,,,,VE0516,Aragua,,,,VE05,Venezuela (República Bolivariana de),,,,VE,2021/02/23,,65.39140555,v01,es,,,,Venezuela (Bolivarian Republic of),No Urbana Magdaleno,10.08459686,-67.63133362,IX,0.0,0,0,0.0
VE051602,EMSR884/AOI11 - Villa de Cura,No Urbana Magdaleno,,,,VE051602,Ezequiel Zamora,,,,VE0516,Aragua,,,,VE05,Venezuela (República Bolivariana de),,,,VE,2021/02/23,,65.39140555,v01,es,,,,Venezuela (Bolivarian Republic of),No Urbana Magdaleno,10.08459686,-67.63133362,X+,0.0,0,0,0.0
VE051603,EMSR884/AOI05 - Santa Cruz; EMSR884/AOI11 - Villa de Cura,No Urbana San Francisco de Asís,,,,VE051603,Ezequiel Zamora,,,,VE0516,Aragua,,,,VE05,Venezuela (República Bolivariana de),,,,VE,2021/02/23,,86.57156767,v01,es,,,,Venezuela (Bolivarian Republic of),No Urbana San Francisco de Asis,10.0688995,-67.5613356,I,0.0,0,0,0.0
VE051603,EMSR884/AOI05 - Santa Cruz; EMSR884/AOI11 - Villa de Cura,No Urbana San Francisco de Asís,,,,VE051603,Ezequiel Zamora,,,,VE0516,Aragua,,,,VE05,Venezuela (República Bolivariana de),,,,VE,2021/02/23,,86.57156767,v01,es,,,,Venezuela (Bolivarian Republic of),No Urbana San Francisco de Asis,10.0688995,-67.5613356,II-III,0.0,0,0,0.0
VE051603,EMSR884/AOI05 - Santa Cruz; EMSR884/AOI11 - Villa de Cura,No Urbana San Francisco de Asís,,,,VE051603,Ezequiel Zamora,,,,VE0516,Aragua,,,,VE05,Venezuela (República Bolivariana de),,,,VE,2021/02/23,,86.57156767,v01,es,,,,Venezuela (Bolivarian Republic of),No Urbana San Francisco de Asis,10.0688995,-67.5613356,IV,0.0,0,0,0.0
VE051603,EMSR884/AOI05 - Santa Cruz; EMSR884/AOI11 - Villa de Cura,No Urbana San Francisco de Asís,,,,VE051603,Ezequiel Zamora,,,,VE0516,Aragua,,,,VE05,Venezuela (República Bolivariana de),,,,VE,2021/02/23,,86.57156767,v01,es,,,,Venezuela (Bolivarian Republic of),No Urbana San Francisco de Asis,10.0688995,-67.5613356,V,0.0,0,0,0.0
VE051603,EMSR884/AOI05 - Santa Cruz; EMSR884/AOI11 - Villa de Cura,No Urbana San Francisco de Asís,,,,VE051603,Ezequiel Zamora,,,,VE0516,Aragua,,,,VE05,Venezuela (República Bolivariana de),,,,VE,2021/02/23,,86.57156767,v01,es,,,,Venezuela (Bolivarian Republic of),No Urbana San Francisco de Asis,10.0688995,-67.5613356,VI,83.477,8055,0,14328.0
VE051603,EMSR884/AOI05 - Santa Cruz; EMSR884/AOI11 - Villa de Cura,No Urbana San Francisco de Asís,,,,VE051603,Ezequiel Zamora,,,,VE0516,Aragua,,,,VE05,Venezuela (República Bolivariana de),,,,VE,2021/02/23,,86.57156767,v01,es,,,,Venezuela (Bolivarian Republic of),No Urbana San Francisco de Asis,10.0688995,-67.5613356,VII,3.644,35,0,152.0
VE051603,EMSR884/AOI05 - Santa Cruz; EMSR884/AOI11 - Villa de Cura,No Urbana San Francisco de Asís,,,,VE051603,Ezequiel Zamora,,,,VE0516,Aragua,,,,VE05,Venezuela (República Bolivariana de),,,,VE,2021/02/23,,86.57156767,v01,es,,,,Venezuela (Bolivarian Republic of),No Urbana San Francisco de Asis,10.0688995,-67.5613356,VIII,0.0,0,0,0.0
VE051603,EMSR884/AOI05 - Santa Cruz; EMSR884/AOI11 - Villa de Cura,No Urbana San Francisco de Asís,,,,VE051603,Ezequiel Zamora,,,,VE0516,Aragua,,,,VE05,Venezuela (República Bolivariana de),,,,VE,2021/02/23,,86.57156767,v01,es,,,,Venezuela (Bolivarian Republic of),No Urbana San Francisco de Asis,10.0688995,-67.5613356,IX,0.0,0,0,0.0
VE051603,EMSR884/AOI05 - Santa Cruz; EMSR884/AOI11 - Villa de Cura,No Urbana San Francisco de Asís,,,,VE051603,Ezequiel Zamora,,,,VE0516,Aragua,,,,VE05,Venezuela (República Bolivariana de),,,,VE,2021/02/23,,86.57156767,v01,es,,,,Venezuela (Bolivarian Republic of),No Urbana San Francisco de Asis,10.0688995,-67.5613356,X+,0.0,0,0,0.0
VE051604,EMSR884/AOI11 - Villa de Cura,No Urbana Valles de Tucutunemo,,,,VE051604,Ezequiel Zamora,,,,VE0516,Aragua,,,,VE05,Venezuela (República Bolivariana de),,,,VE,2021/02/23,,99.79646067,v01,es,,,,Venezuela (Bolivarian Republic of),No Urbana Valles de Tucutunemo,10.0875035,-67.38341013,I,0.0,0,0,0.0
VE051604,EMSR884/AOI11 - Villa de Cura,No Urbana Valles de Tucutunemo,,,,VE051604,Ezequiel Zamora,,,,VE0516,Aragua,,,,VE05,Venezuela (República Bolivariana de),,,,VE,2021/02/23,,99.79646067,v01,es,,,,Venezuela (Bolivarian Republic of),No Urbana Valles de Tucutunemo,10.0875035,-67.38341013,II-III,0.0,0,0,0.0
VE051604,EMSR884/AOI11 - Villa de Cura,No Urbana Valles de Tucutunemo,,,,VE051604,Ezequiel Zamora,,,,VE0516,Aragua,,,,VE05,Venezuela (República Bolivariana de),,,,VE,2021/02/23,,99.79646067,v01,es,,,,Venezuela (Bolivarian Republic of),No Urbana Valles de Tucutunemo,10.0875035,-67.38341013,IV,0.0,0,0,0.0
VE051604,EMSR884/AOI11 - Villa de Cura,No Urbana Valles de Tucutunemo,,,,VE051604,Ezequiel Zamora,,,,VE0516,Aragua,,,,VE05,Venezuela (República Bolivariana de),,,,VE,2021/02/23,,99.79646067,v01,es,,,,Venezuela (Bolivarian Republic of),No Urbana Valles de Tucutunemo,10.0875035,-67.38341013,V,12.201,63,0,58.0
VE051604,EMSR884/AOI11 - Villa de Cura,No Urbana Valles de Tucutunemo,,,,VE051604,Ezequiel Zamora,,,,VE0516,Aragua,,,,VE05,Venezuela (República Bolivariana de),,,,VE,2021/02/23,,99.79646067,v01,es,,,,Venezuela (Bolivarian Republic of),No Urbana Valles de Tucutunemo,10.0875035,-67.38341013,VI,88.227,5247,1,8051.0
VE051604,EMSR884/AOI11 - Villa de Cura,No Urbana Valles de Tucutunemo,,,,VE051604,Ezequiel Zamora,,,,VE0516,Aragua,,,,VE05,Venezuela (República Bolivariana de),,,,VE,2021/02/23,,99.79646067,v01,es,,,,Venezuela (Bolivarian Republic of),No Urbana Valles de Tucutunemo,10.0875035,-67.38341013,VII,0.0,0,0,0.0
VE051604,EMSR884/AOI11 - Villa de Cura,No Urbana Valles de Tucutunemo,,,,VE051604,Ezequiel Zamora,,,,VE0516,Aragua,,,,VE05,Venezuela (República Bolivariana de),,,,VE,2021/02/23,,99.79646067,v01,es,,,,Venezuela (Bolivarian Republic of),No Urbana Valles de Tucutunemo,10.0875035,-67.38341013,VIII,0.0,0,0,0.0
VE051604,EMSR884/AOI11 - Villa de Cura,No Urbana Valles de Tucutunemo,,,,VE051604,Ezequiel Zamora,,,,VE0516,Aragua,,,,VE05,Venezuela (República Bolivariana de),,,,VE,2021/02/23,,99.79646067,v01,es,,,,Venezuela (Bolivarian Republic of),No Urbana Valles de Tucutunemo,10.0875035,-67.38341013,IX,0.0,0,0,0.0
VE051604,EMSR884/AOI11 - Villa de Cura,No Urbana Valles de Tucutunemo,,,,VE051604,Ezequiel Zamora,,,,VE0516,Aragua,,,,VE05,Venezuela (República Bolivariana de),,,,VE,2021/02/23,,99.79646067,v01,es,,,,Venezuela (Bolivarian Republic of),No Urbana Valles de Tucutunemo,10.0875035,-67.38341013,X+,0.0,0,0,0.0
VE051605,EMSR884/AOI11 - Villa de Cura,No Urbana Augusto Mijares,,,,VE051605,Ezequiel Zamora,,,,VE0516,Aragua,,,,VE05,Venezuela (República Bolivariana de),,,,VE,2021/02/23,,63.19658908,v01,es,,,,Venezuela (Bolivarian Republic of),No Urbana Augusto Mijares,10.0743275,-67.59240826,I,0.0,0,0,0.0
VE051605,EMSR884/AOI11 - Villa de Cura,No Urbana Augusto Mijares,,,,VE051605,Ezequiel Zamora,,,,VE0516,Aragua,,,,VE05,Venezuela (República Bolivariana de),,,,VE,2021/02/23,,63.19658908,v01,es,,,,Venezuela (Bolivarian Republic of),No Urbana Augusto Mijares,10.0743275,-67.59240826,II-III,0.0,0,0,0.0
VE051605,EMSR884/AOI11 - Villa de Cura,No Urbana Augusto Mijares,,,,VE051605,Ezequiel Zamora,,,,VE0516,Aragua,,,,VE05,Venezuela (República Bolivariana de),,,,VE,2021/02/23,,63.19658908,v01,es,,,,Venezuela (Bolivarian Republic of),No Urbana Augusto Mijares,10.0743275,-67.59240826,IV,0.0,0,0,0.0
VE051605,EMSR884/AOI11 - Villa de Cura,No Urbana Augusto Mijares,,,,VE051605,Ezequiel Zamora,,,,VE0516,Aragua,,,,VE05,Venezuela (República Bolivariana de),,,,VE,2021/02/23,,63.19658908,v01,es,,,,Venezuela (Bolivarian Republic of),No Urbana Augusto Mijares,10.0743275,-67.59240826,V,0.089,0,0,0.0
VE051605,EMSR884/AOI11 - Villa de Cura,No Urbana Augusto Mijares,,,,VE051605,Ezequiel Zamora,,,,VE0516,Aragua,,,,VE05,Venezuela (República Bolivariana de),,,,VE,2021/02/23,,63.19658908,v01,es,,,,Venezuela (Bolivarian Republic of),No Urbana Augusto Mijares,10.0743275,-67.59240826,VI,52.287,2547,0,3225.0
VE051605,EMSR884/AOI11 - Villa de Cura,No Urbana Augusto Mijares,,,,VE051605,Ezequiel Zamora,,,,VE0516,Aragua,,,,VE05,Venezuela (República Bolivariana de),,,,VE,2021/02/23,,63.19658908,v01,es,,,,Venezuela (Bolivarian Republic of),No Urbana Augusto Mijares,10.0743275,-67.59240826,VII,11.218,162,0,586.0
VE051605,EMSR884/AOI11 - Villa de Cura,No Urbana Augusto Mijares,,,,VE051605,Ezequiel Zamora,,,,VE0516,Aragua,,,,VE05,Venezuela (República Bolivariana de),,,,VE,2021/02/23,,63.19658908,v01,es,,,,Venezuela (Bolivarian Republic of),No Urbana Augusto Mijares,10.0743275,-67.59240826,VIII,0.0,0,0,0.0
VE051605,EMSR884/AOI11 - Villa de Cura,No Urbana Augusto Mijares,,,,VE051605,Ezequiel Zamora,,,,VE0516,Aragua,,,,VE05,Venezuela (República Bolivariana de),,,,VE,2021/02/23,,63.19658908,v01,es,,,,Venezuela (Bolivarian Republic of),No Urbana Augusto Mijares,10.0743275,-67.59240826,IX,0.0,0,0,0.0
VE051605,EMSR884/AOI11 - Villa de Cura,No Urbana Augusto Mijares,,,,VE051605,Ezequiel Zamora,,,,VE0516,Aragua,,,,VE05,Venezuela (República Bolivariana de),,,,VE,2021/02/23,,63.19658908,v01,es,,,,Venezuela (Bolivarian Republic of),No Urbana Augusto Mijares,10.0743275,-67.59240826,X+,0.0,0,0,0.0
VE051701,EMSR884/AOI04 - Maracay; EMSR884/AOI05 - Santa Cruz,Francisco Linares Alcántara,,,,VE051701,Francisco Linares Alcántara,,,,VE0517,Aragua,,,,VE05,Venezuela (República Bolivariana de),,,,VE,2021/02/23,,19.8497824,v01,es,,,,Venezuela (Bolivarian Republic of),Francisco Linares Alcantara,10.2013085,-67.51455174,I,0.0,0,0,0.0
VE051701,EMSR884/AOI04 - Maracay; EMSR884/AOI05 - Santa Cruz,Francisco Linares Alcántara,,,,VE051701,Francisco Linares Alcántara,,,,VE0517,Aragua,,,,VE05,Venezuela (República Bolivariana de),,,,VE,2021/02/23,,19.8497824,v01,es,,,,Venezuela (Bolivarian Republic of),Francisco Linares Alcantara,10.2013085,-67.51455174,II-III,0.0,0,0,0.0
VE051701,EMSR884/AOI04 - Maracay; EMSR884/AOI05 - Santa Cruz,Francisco Linares Alcántara,,,,VE051701,Francisco Linares Alcántara,,,,VE0517,Aragua,,,,VE05,Venezuela (República Bolivariana de),,,,VE,2021/02/23,,19.8497824,v01,es,,,,Venezuela (Bolivarian Republic of),Francisco Linares Alcantara,10.2013085,-67.51455174,IV,0.0,0,0,0.0
VE051701,EMSR884/AOI04 - Maracay; EMSR884/AOI05 - Santa Cruz,Francisco Linares Alcántara,,,,VE051701,Francisco Linares Alcántara,,,,VE0517,Aragua,,,,VE05,Venezuela (República Bolivariana de),,,,VE,2021/02/23,,19.8497824,v01,es,,,,Venezuela (Bolivarian Republic of),Francisco Linares Alcantara,10.2013085,-67.51455174,V,0.0,0,0,0.0
VE051701,EMSR884/AOI04 - Maracay; EMSR884/AOI05 - Santa Cruz,Francisco Linares Alcántara,,,,VE051701,Francisco Linares Alcántara,,,,VE0517,Aragua,,,,VE05,Venezuela (República Bolivariana de),,,,VE,2021/02/23,,19.8497824,v01,es,,,,Venezuela (Bolivarian Republic of),Francisco Linares Alcantara,10.2013085,-67.51455174,VI,0.0,0,0,0.0
VE051701,EMSR884/AOI04 - Maracay; EMSR884/AOI05 - Santa Cruz,Francisco Linares Alcántara,,,,VE051701,Francisco Linares Alcántara,,,,VE0517,Aragua,,,,VE05,Venezuela (República Bolivariana de),,,,VE,2021/02/23,,19.8497824,v01,es,,,,Venezuela (Bolivarian Republic of),Francisco Linares Alcantara,10.2013085,-67.51455174,VII,19.975,23582,35,66577.0
VE051701,EMSR884/AOI04 - Maracay; EMSR884/AOI05 - Santa Cruz,Francisco Linares Alcántara,,,,VE051701,Francisco Linares Alcántara,,,,VE0517,Aragua,,,,VE05,Venezuela (República Bolivariana de),,,,VE,2021/02/23,,19.8497824,v01,es,,,,Venezuela (Bolivarian Republic of),Francisco Linares Alcantara,10.2013085,-67.51455174,VIII,0.0,0,0,0.0
VE051701,EMSR884/AOI04 - Maracay; EMSR884/AOI05 - Santa Cruz,Francisco Linares Alcántara,,,,VE051701,Francisco Linares Alcántara,,,,VE0517,Aragua,,,,VE05,Venezuela (República Bolivariana de),,,,VE,2021/02/23,,19.8497824,v01,es,,,,Venezuela (Bolivarian Republic of),Francisco Linares Alcantara,10.2013085,-67.51455174,IX,0.0,0,0,0.0
VE051701,EMSR884/AOI04 - Maracay; EMSR884/AOI05 - Santa Cruz,Francisco Linares Alcántara,,,,VE051701,Francisco Linares Alcántara,,,,VE0517,Aragua,,,,VE05,Venezuela (República Bolivariana de),,,,VE,2021/02/23,,19.8497824,v01,es,,,,Venezuela (Bolivarian Republic of),Francisco Linares Alcantara,10.2013085,-67.51455174,X+,0.0,0,0,0.0
VE051702,EMSR884/AOI05 - Santa Cruz,No Urbana Francisco de Miranda,,,,VE051702,Francisco Linares Alcántara,,,,VE0517,Aragua,,,,VE05,Venezuela (República Bolivariana de),,,,VE,2021/02/23,,1.63769787,v01,es,,,,Venezuela (Bolivarian Republic of),No Urbana Francisco de Miranda,10.2034385,-67.57508114,I,0.0,0,0,0.0
VE051702,EMSR884/AOI05 - Santa Cruz,No Urbana Francisco de Miranda,,,,VE051702,Francisco Linares Alcántara,,,,VE0517,Aragua,,,,VE05,Venezuela (República Bolivariana de),,,,VE,2021/02/23,,1.63769787,v01,es,,,,Venezuela (Bolivarian Republic of),No Urbana Francisco de Miranda,10.2034385,-67.57508114,II-III,0.0,0,0,0.0
VE051702,EMSR884/AOI05 - Santa Cruz,No Urbana Francisco de Miranda,,,,VE051702,Francisco Linares Alcántara,,,,VE0517,Aragua,,,,VE05,Venezuela (República Bolivariana de),,,,VE,2021/02/23,,1.63769787,v01,es,,,,Venezuela (Bolivarian Republic of),No Urbana Francisco de Miranda,10.2034385,-67.57508114,IV,0.0,0,0,0.0
VE051702,EMSR884/AOI05 - Santa Cruz,No Urbana Francisco de Miranda,,,,VE051702,Francisco Linares Alcántara,,,,VE0517,Aragua,,,,VE05,Venezuela (República Bolivariana de),,,,VE,2021/02/23,,1.63769787,v01,es,,,,Venezuela (Bolivarian Republic of),No Urbana Francisco de Miranda,10.2034385,-67.57508114,V,0.0,0,0,0.0
VE051702,EMSR884/AOI05 - Santa Cruz,No Urbana Francisco de Miranda,,,,VE051702,Francisco Linares Alcántara,,,,VE0517,Aragua,,,,VE05,Venezuela (República Bolivariana de),,,,VE,2021/02/23,,1.63769787,v01,es,,,,Venezuela (Bolivarian Republic of),No Urbana Francisco de Miranda,10.2034385,-67.57508114,VI,0.0,0,0,0.0
VE051702,EMSR884/AOI05 - Santa Cruz,No Urbana Francisco de Miranda,,,,VE051702,Francisco Linares Alcántara,,,,VE0517,Aragua,,,,VE05,Venezuela (República Bolivariana de),,,,VE,2021/02/23,,1.63769787,v01,es,,,,Venezuela (Bolivarian Republic of),No Urbana Francisco de Miranda,10.2034385,-67.57508114,VII,1.648,5570,0,15213.0
VE051702,EMSR884/AOI05 - Santa Cruz,No Urbana Francisco de Miranda,,,,VE051702,Francisco Linares Alcántara,,,,VE0517,Aragua,,,,VE05,Venezuela (República Bolivariana de),,,,VE,2021/02/23,,1.63769787,v01,es,,,,Venezuela (Bolivarian Republic of),No Urbana Francisco de Miranda,10.2034385,-67.57508114,VIII,0.0,0,0,0.0
VE051702,EMSR884/AOI05 - Santa Cruz,No Urbana Francisco de Miranda,,,,VE051702,Francisco Linares Alcántara,,,,VE0517,Aragua,,,,VE05,Venezuela (República Bolivariana de),,,,VE,2021/02/23,,1.63769787,v01,es,,,,Venezuela (Bolivarian Republic of),No Urbana Francisco de Miranda,10.2034385,-67.57508114,IX,0.0,0,0,0.0
VE051702,EMSR884/AOI05 - Santa Cruz,No Urbana Francisco de Miranda,,,,VE051702,Francisco Linares Alcántara,,,,VE0517,Aragua,,,,VE05,Venezuela (República Bolivariana de),,,,VE,2021/02/23,,1.63769787,v01,es,,,,Venezuela (Bolivarian Republic of),No Urbana Francisco de Miranda,10.2034385,-67.57508114,X+,0.0,0,0,0.0
VE051703,EMSR884/AOI05 - Santa Cruz,No Urbana Monseñor Feliciano González,,,,VE051703,Francisco Linares Alcántara,,,,VE0517,Aragua,,,,VE05,Venezuela (República Bolivariana de),,,,VE,2021/02/23,,1.28769434,v01,es,,,,Venezuela (Bolivarian Republic of),No Urbana Monsenor Feliciano Gonzalez,10.201277,-67.59214029,I,0.0,0,0,0.0
VE051703,EMSR884/AOI05 - Santa Cruz,No Urbana Monseñor Feliciano González,,,,VE051703,Francisco Linares Alcántara,,,,VE0517,Aragua,,,,VE05,Venezuela (República Bolivariana de),,,,VE,2021/02/23,,1.28769434,v01,es,,,,Venezuela (Bolivarian Republic of),No Urbana Monsenor Feliciano Gonzalez,10.201277,-67.59214029,II-III,0.0,0,0,0.0
VE051703,EMSR884/AOI05 - Santa Cruz,No Urbana Monseñor Feliciano González,,,,VE051703,Francisco Linares Alcántara,,,,VE0517,Aragua,,,,VE05,Venezuela (República Bolivariana de),,,,VE,2021/02/23,,1.28769434,v01,es,,,,Venezuela (Bolivarian Republic of),No Urbana Monsenor Feliciano Gonzalez,10.201277,-67.59214029,IV,0.0,0,0,0.0
VE051703,EMSR884/AOI05 - Santa Cruz,No Urbana Monseñor Feliciano González,,,,VE051703,Francisco Linares Alcántara,,,,VE0517,Aragua,,,,VE05,Venezuela (República Bolivariana de),,,,VE,2021/02/23,,1.28769434,v01,es,,,,Venezuela (Bolivarian Republic of),No Urbana Monsenor Feliciano Gonzalez,10.201277,-67.59214029,V,0.0,0,0,0.0
VE051703,EMSR884/AOI05 - Santa Cruz,No Urbana Monseñor Feliciano González,,,,VE051703,Francisco Linares Alcántara,,,,VE0517,Aragua,,,,VE05,Venezuela (República Bolivariana de),,,,VE,2021/02/23,,1.28769434,v01,es,,,,Venezuela (Bolivarian Republic of),No Urbana Monsenor Feliciano Gonzalez,10.201277,-67.59214029,VI,0.0,0,0,0.0
VE051703,EMSR884/AOI05 - Santa Cruz,No Urbana Monseñor Feliciano González,,,,VE051703,Francisco Linares Alcántara,,,,VE0517,Aragua,,,,VE05,Venezuela (República Bolivariana de),,,,VE,2021/02/23,,1.28769434,v01,es,,,,Venezuela (Bolivarian Republic of),No Urbana Monsenor Feliciano Gonzalez,10.201277,-67.59214029,VII,1.296,1638,0,5205.0
VE051703,EMSR884/AOI05 - Santa Cruz,No Urbana Monseñor Feliciano González,,,,VE051703,Francisco Linares Alcántara,,,,VE0517,Aragua,,,,VE05,Venezuela (República Bolivariana de),,,,VE,2021/02/23,,1.28769434,v01,es,,,,Venezuela (Bolivarian Republic of),No Urbana Monsenor Feliciano Gonzalez,10.201277,-67.59214029,VIII,0.0,0,0,0.0
VE051703,EMSR884/AOI05 - Santa Cruz,No Urbana Monseñor Feliciano González,,,,VE051703,Francisco Linares Alcántara,,,,VE0517,Aragua,,,,VE05,Venezuela (República Bolivariana de),,,,VE,2021/02/23,,1.28769434,v01,es,,,,Venezuela (Bolivarian Republic of),No Urbana Monsenor Feliciano Gonzalez,10.201277,-67.59214029,IX,0.0,0,0,0.0
VE051703,EMSR884/AOI05 - Santa Cruz,No Urbana Monseñor Feliciano González,,,,VE051703,Francisco Linares Alcántara,,,,VE0517,Aragua,,,,VE05,Venezuela (República Bolivariana de),,,,VE,2021/02/23,,1.28769434,v01,es,,,,Venezuela (Bolivarian Republic of),No Urbana Monsenor Feliciano Gonzalez,10.201277,-67.59214029,X+,0.0,0,0,0.0
VE080301,EMSR884/AOI04 - Maracay,Urbana Aguas Calientes,,,,VE080301,Diego Ibarra,,,,VE0803,Carabobo,,,,VE08,Venezuela (República Bolivariana de),,,,VE,2021/02/23,,37.00603311,v01,es,,,,Venezuela (Bolivarian Republic of),Urbana Aguas Calientes,10.28892554,-67.6713815,I,0.0,0,0,0.0
VE080301,EMSR884/AOI04 - Maracay,Urbana Aguas Calientes,,,,VE080301,Diego Ibarra,,,,VE0803,Carabobo,,,,VE08,Venezuela (República Bolivariana de),,,,VE,2021/02/23,,37.00603311,v01,es,,,,Venezuela (Bolivarian Republic of),Urbana Aguas Calientes,10.28892554,-67.6713815,II-III,0.0,0,0,0.0
VE080301,EMSR884/AOI04 - Maracay,Urbana Aguas Calientes,,,,VE080301,Diego Ibarra,,,,VE0803,Carabobo,,,,VE08,Venezuela (República Bolivariana de),,,,VE,2021/02/23,,37.00603311,v01,es,,,,Venezuela (Bolivarian Republic of),Urbana Aguas Calientes,10.28892554,-67.6713815,IV,0.0,0,0,0.0
VE080301,EMSR884/AOI04 - Maracay,Urbana Aguas Calientes,,,,VE080301,Diego Ibarra,,,,VE0803,Carabobo,,,,VE08,Venezuela (República Bolivariana de),,,,VE,2021/02/23,,37.00603311,v01,es,,,,Venezuela (Bolivarian Republic of),Urbana Aguas Calientes,10.28892554,-67.6713815,V,0.0,0,0,0.0
VE080301,EMSR884/AOI04 - Maracay,Urbana Aguas Calientes,,,,VE080301,Diego Ibarra,,,,VE0803,Carabobo,,,,VE08,Venezuela (República Bolivariana de),,,,VE,2021/02/23,,37.00603311,v01,es,,,,Venezuela (Bolivarian Republic of),Urbana Aguas Calientes,10.28892554,-67.6713815,VI,7.621,4,0,14.0
VE080301,EMSR884/AOI04 - Maracay,Urbana Aguas Calientes,,,,VE080301,Diego Ibarra,,,,VE0803,Carabobo,,,,VE08,Venezuela (República Bolivariana de),,,,VE,2021/02/23,,37.00603311,v01,es,,,,Venezuela (Bolivarian Republic of),Urbana Aguas Calientes,10.28892554,-67.6713815,VII,29.619,10925,3,27868.0
VE080301,EMSR884/AOI04 - Maracay,Urbana Aguas Calientes,,,,VE080301,Diego Ibarra,,,,VE0803,Carabobo,,,,VE08,Venezuela (República Bolivariana de),,,,VE,2021/02/23,,37.00603311,v01,es,,,,Venezuela (Bolivarian Republic of),Urbana Aguas Calientes,10.28892554,-67.6713815,VIII,0.0,0,0,0.0
VE080301,EMSR884/AOI04 - Maracay,Urbana Aguas Calientes,,,,VE080301,Diego Ibarra,,,,VE0803,Carabobo,,,,VE08,Venezuela (República Bolivariana de),,,,VE,2021/02/23,,37.00603311,v01,es,,,,Venezuela (Bolivarian Republic of),Urbana Aguas Calientes,10.28892554,-67.6713815,IX,0.0,0,0,0.0
VE080301,EMSR884/AOI04 - Maracay,Urbana Aguas Calientes,,,,VE080301,Diego Ibarra,,,,VE0803,Carabobo,,,,VE08,Venezuela (República Bolivariana de),,,,VE,2021/02/23,,37.00603311,v01,es,,,,Venezuela (Bolivarian Republic of),Urbana Aguas Calientes,10.28892554,-67.6713815,X+,0.0,0,0,0.0
VE080302,EMSR884/AOI04 - Maracay,Urbana Mariara,,,,VE080302,Diego Ibarra,,,,VE0803,Carabobo,,,,VE08,Venezuela (República Bolivariana de),,,,VE,2021/02/23,,43.00862786,v01,es,,,,Venezuela (Bolivarian Republic of),Urbana Mariara,10.3012595,-67.71609155,I,0.0,0,0,0.0
VE080302,EMSR884/AOI04 - Maracay,Urbana Mariara,,,,VE080302,Diego Ibarra,,,,VE0803,Carabobo,,,,VE08,Venezuela (República Bolivariana de),,,,VE,2021/02/23,,43.00862786,v01,es,,,,Venezuela (Bolivarian Republic of),Urbana Mariara,10.3012595,-67.71609155,II-III,0.0,0,0,0.0
VE080302,EMSR884/AOI04 - Maracay,Urbana Mariara,,,,VE080302,Diego Ibarra,,,,VE0803,Carabobo,,,,VE08,Venezuela (República Bolivariana de),,,,VE,2021/02/23,,43.00862786,v01,es,,,,Venezuela (Bolivarian Republic of),Urbana Mariara,10.3012595,-67.71609155,IV,0.0,0,0,0.0
VE080302,EMSR884/AOI04 - Maracay,Urbana Mariara,,,,VE080302,Diego Ibarra,,,,VE0803,Carabobo,,,,VE08,Venezuela (República Bolivariana de),,,,VE,2021/02/23,,43.00862786,v01,es,,,,Venezuela (Bolivarian Republic of),Urbana Mariara,10.3012595,-67.71609155,V,0.0,0,0,0.0
VE080302,EMSR884/AOI04 - Maracay,Urbana Mariara,,,,VE080302,Diego Ibarra,,,,VE0803,Carabobo,,,,VE08,Venezuela (República Bolivariana de),,,,VE,2021/02/23,,43.00862786,v01,es,,,,Venezuela (Bolivarian Republic of),Urbana Mariara,10.3012595,-67.71609155,VI,20.499,2549,75,7849.0
VE080302,EMSR884/AOI04 - Maracay,Urbana Mariara,,,,VE080302,Diego Ibarra,,,,VE0803,Carabobo,,,,VE08,Venezuela (República Bolivariana de),,,,VE,2021/02/23,,43.00862786,v01,es,,,,Venezuela (Bolivarian Republic of),Urbana Mariara,10.3012595,-67.71609155,VII,22.78,18952,35,60517.0
VE080302,EMSR884/AOI04 - Maracay,Urbana Mariara,,,,VE080302,Diego Ibarra,,,,VE0803,Carabobo,,,,VE08,Venezuela (República Bolivariana de),,,,VE,2021/02/23,,43.00862786,v01,es,,,,Venezuela (Bolivarian Republic of),Urbana Mariara,10.3012595,-67.71609155,VIII,0.0,0,0,0.0
VE080302,EMSR884/AOI04 - Maracay,Urbana Mariara,,,,VE080302,Diego Ibarra,,,,VE0803,Carabobo,,,,VE08,Venezuela (República Bolivariana de),,,,VE,2021/02/23,,43.00862786,v01,es,,,,Venezuela (Bolivarian Republic of),Urbana Mariara,10.3012595,-67.71609155,IX,0.0,0,0,0.0
VE080302,EMSR884/AOI04 - Maracay,Urbana Mariara,,,,VE080302,Diego Ibarra,,,,VE0803,Carabobo,,,,VE08,Venezuela (República Bolivariana de),,,,VE,2021/02/23,,43.00862786,v01,es,,,,Venezuela (Bolivarian Republic of),Urbana Mariara,10.3012595,-67.71609155,X+,0.0,0,0,0.0
VE080401,EMSR884/AOI10 - Guacara,Urbana Ciudad Alianza,,,,VE080401,Guacara,,,,VE0804,Carabobo,,,,VE08,Venezuela (República Bolivariana de),,,,VE,2021/02/23,,12.16436052,v01,es,,,,Venezuela (Bolivarian Republic of),Urbana Ciudad Alianza,10.189684,-67.89345518,I,0.0,0,0,0.0
VE080401,EMSR884/AOI10 - Guacara,Urbana Ciudad Alianza,,,,VE080401,Guacara,,,,VE0804,Carabobo,,,,VE08,Venezuela (República Bolivariana de),,,,VE,2021/02/23,,12.16436052,v01,es,,,,Venezuela (Bolivarian Republic of),Urbana Ciudad Alianza,10.189684,-67.89345518,II-III,0.0,0,0,0.0
VE080401,EMSR884/AOI10 - Guacara,Urbana Ciudad Alianza,,,,VE080401,Guacara,,,,VE0804,Carabobo,,,,VE08,Venezuela (República Bolivariana de),,,,VE,2021/02/23,,12.16436052,v01,es,,,,Venezuela (Bolivarian Republic of),Urbana Ciudad Alianza,10.189684,-67.89345518,IV,0.0,0,0,0.0
VE080401,EMSR884/AOI10 - Guacara,Urbana Ciudad Alianza,,,,VE080401,Guacara,,,,VE0804,Carabobo,,,,VE08,Venezuela (República Bolivariana de),,,,VE,2021/02/23,,12.16436052,v01,es,,,,Venezuela (Bolivarian Republic of),Urbana Ciudad Alianza,10.189684,-67.89345518,V,0.0,0,0,0.0
VE080401,EMSR884/AOI10 - Guacara,Urbana Ciudad Alianza,,,,VE080401,Guacara,,,,VE0804,Carabobo,,,,VE08,Venezuela (República Bolivariana de),,,,VE,2021/02/23,,12.16436052,v01,es,,,,Venezuela (Bolivarian Republic of),Urbana Ciudad Alianza,10.189684,-67.89345518,VI,0.788,0,0,0.0
VE080401,EMSR884/AOI10 - Guacara,Urbana Ciudad Alianza,,,,VE080401,Guacara,,,,VE0804,Carabobo,,,,VE08,Venezuela (República Bolivariana de),,,,VE,2021/02/23,,12.16436052,v01,es,,,,Venezuela (Bolivarian Republic of),Urbana Ciudad Alianza,10.189684,-67.89345518,VII,11.453,8766,118,31882.0
VE080401,EMSR884/AOI10 - Guacara,Urbana Ciudad Alianza,,,,VE080401,Guacara,,,,VE0804,Carabobo,,,,VE08,Venezuela (República Bolivariana de),,,,VE,2021/02/23,,12.16436052,v01,es,,,,Venezuela (Bolivarian Republic of),Urbana Ciudad Alianza,10.189684,-67.89345518,VIII,0.0,0,0,0.0
VE080401,EMSR884/AOI10 - Guacara,Urbana Ciudad Alianza,,,,VE080401,Guacara,,,,VE0804,Carabobo,,,,VE08,Venezuela (República Bolivariana de),,,,VE,2021/02/23,,12.16436052,v01,es,,,,Venezuela (Bolivarian Republic of),Urbana Ciudad Alianza,10.189684,-67.89345518,IX,0.0,0,0,0.0
VE080401,EMSR884/AOI10 - Guacara,Urbana Ciudad Alianza,,,,VE080401,Guacara,,,,VE0804,Carabobo,,,,VE08,Venezuela (República Bolivariana de),,,,VE,2021/02/23,,12.16436052,v01,es,,,,Venezuela (Bolivarian Republic of),Urbana Ciudad Alianza,10.189684,-67.89345518,X+,0.0,0,0,0.0
VE080402,EMSR884/AOI10 - Guacara,Urbana Guacara,,,,VE080402,Guacara,,,,VE0804,Carabobo,,,,VE08,Venezuela (República Bolivariana de),,,,VE,2021/02/23,,132.11196281,v01,es,,,,Venezuela (Bolivarian Republic of),Urbana Guacara,10.2653985,-67.87714457,I,0.0,0,0,0.0
VE080402,EMSR884/AOI10 - Guacara,Urbana Guacara,,,,VE080402,Guacara,,,,VE0804,Carabobo,,,,VE08,Venezuela (República Bolivariana de),,,,VE,2021/02/23,,132.11196281,v01,es,,,,Venezuela (Bolivarian Republic of),Urbana Guacara,10.2653985,-67.87714457,II-III,0.0,0,0,0.0
VE080402,EMSR884/AOI10 - Guacara,Urbana Guacara,,,,VE080402,Guacara,,,,VE0804,Carabobo,,,,VE08,Venezuela (República Bolivariana de),,,,VE,2021/02/23,,132.11196281,v01,es,,,,Venezuela (Bolivarian Republic of),Urbana Guacara,10.2653985,-67.87714457,IV,0.0,0,0,0.0
VE080402,EMSR884/AOI10 - Guacara,Urbana Guacara,,,,VE080402,Guacara,,,,VE0804,Carabobo,,,,VE08,Venezuela (República Bolivariana de),,,,VE,2021/02/23,,132.11196281,v01,es,,,,Venezuela (Bolivarian Republic of),Urbana Guacara,10.2653985,-67.87714457,V,0.0,0,0,0.0
VE080402,EMSR884/AOI10 - Guacara,Urbana Guacara,,,,VE080402,Guacara,,,,VE0804,Carabobo,,,,VE08,Venezuela (República Bolivariana de),,,,VE,2021/02/23,,132.11196281,v01,es,,,,Venezuela (Bolivarian Republic of),Urbana Guacara,10.2653985,-67.87714457,VI,27.341,54,22,172.0
VE080402,EMSR884/AOI10 - Guacara,Urbana Guacara,,,,VE080402,Guacara,,,,VE0804,Carabobo,,,,VE08,Venezuela (República Bolivariana de),,,,VE,2021/02/23,,132.11196281,v01,es,,,,Venezuela (Bolivarian Republic of),Urbana Guacara,10.2653985,-67.87714457,VII,105.611,47235,2402,135493.0
VE080402,EMSR884/AOI10 - Guacara,Urbana Guacara,,,,VE080402,Guacara,,,,VE0804,Carabobo,,,,VE08,Venezuela (República Bolivariana de),,,,VE,2021/02/23,,132.11196281,v01,es,,,,Venezuela (Bolivarian Republic of),Urbana Guacara,10.2653985,-67.87714457,VIII,0.0,0,0,0.0
VE080402,EMSR884/AOI10 - Guacara,Urbana Guacara,,,,VE080402,Guacara,,,,VE0804,Carabobo,,,,VE08,Venezuela (República Bolivariana de),,,,VE,2021/02/23,,132.11196281,v01,es,,,,Venezuela (Bolivarian Republic of),Urbana Guacara,10.2653985,-67.87714457,IX,0.0,0,0,0.0
VE080402,EMSR884/AOI10 - Guacara,Urbana Guacara,,,,VE080402,Guacara,,,,VE0804,Carabobo,,,,VE08,Venezuela (República Bolivariana de),,,,VE,2021/02/23,,132.11196281,v01,es,,,,Venezuela (Bolivarian Republic of),Urbana Guacara,10.2653985,-67.87714457,X+,0.0,0,0,0.0
VE080403,EMSR884/AOI09 - Valencia; EMSR884/AOI10 - Guacara,No Urbana Yagua,,,,VE080403,Guacara,,,,VE0804,Carabobo,,,,VE08,Venezuela (República Bolivariana de),,,,VE,2021/02/23,,33.63553819,v01,es,,,,Venezuela (Bolivarian Republic of),No Urbana Yagua,10.2703325,-67.91627132,I,0.0,0,0,0.0
VE080403,EMSR884/AOI09 - Valencia; EMSR884/AOI10 - Guacara,No Urbana Yagua,,,,VE080403,Guacara,,,,VE0804,Carabobo,,,,VE08,Venezuela (República Bolivariana de),,,,VE,2021/02/23,,33.63553819,v01,es,,,,Venezuela (Bolivarian Republic of),No Urbana Yagua,10.2703325,-67.91627132,II-III,0.0,0,0,0.0
VE080403,EMSR884/AOI09 - Valencia; EMSR884/AOI10 - Guacara,No Urbana Yagua,,,,VE080403,Guacara,,,,VE0804,Carabobo,,,,VE08,Venezuela (República Bolivariana de),,,,VE,2021/02/23,,33.63553819,v01,es,,,,Venezuela (Bolivarian Republic of),No Urbana Yagua,10.2703325,-67.91627132,IV,0.0,0,0,0.0
VE080403,EMSR884/AOI09 - Valencia; EMSR884/AOI10 - Guacara,No Urbana Yagua,,,,VE080403,Guacara,,,,VE0804,Carabobo,,,,VE08,Venezuela (República Bolivariana de),,,,VE,2021/02/23,,33.63553819,v01,es,,,,Venezuela (Bolivarian Republic of),No Urbana Yagua,10.2703325,-67.91627132,V,0.0,0,0,0.0
VE080403,EMSR884/AOI09 - Valencia; EMSR884/AOI10 - Guacara,No Urbana Yagua,,,,VE080403,Guacara,,,,VE0804,Carabobo,,,,VE08,Venezuela (República Bolivariana de),,,,VE,2021/02/23,,33.63553819,v01,es,,,,Venezuela (Bolivarian Republic of),No Urbana Yagua,10.2703325,-67.91627132,VI,9.109,125,21,317.0
VE080403,EMSR884/AOI09 - Valencia; EMSR884/AOI10 - Guacara,No Urbana Yagua,,,,VE080403,Guacara,,,,VE0804,Carabobo,,,,VE08,Venezuela (República Bolivariana de),,,,VE,2021/02/23,,33.63553819,v01,es,,,,Venezuela (Bolivarian Republic of),No Urbana Yagua,10.2703325,-67.91627132,VII,24.74,12662,102,31271.0
VE080403,EMSR884/AOI09 - Valencia; EMSR884/AOI10 - Guacara,No Urbana Yagua,,,,VE080403,Guacara,,,,VE0804,Carabobo,,,,VE08,Venezuela (República Bolivariana de),,,,VE,2021/02/23,,33.63553819,v01,es,,,,Venezuela (Bolivarian Republic of),No Urbana Yagua,10.2703325,-67.91627132,VIII,0.0,0,0,0.0
VE080403,EMSR884/AOI09 - Valencia; EMSR884/AOI10 - Guacara,No Urbana Yagua,,,,VE080403,Guacara,,,,VE0804,Carabobo,,,,VE08,Venezuela (República Bolivariana de),,,,VE,2021/02/23,,33.63553819,v01,es,,,,Venezuela (Bolivarian Republic of),No Urbana Yagua,10.2703325,-67.91627132,IX,0.0,0,0,0.0
VE080403,EMSR884/AOI09 - Valencia; EMSR884/AOI10 - Guacara,No Urbana Yagua,,,,VE080403,Guacara,,,,VE0804,Carabobo,,,,VE08,Venezuela (República Bolivariana de),,,,VE,2021/02/23,,33.63553819,v01,es,,,,Venezuela (Bolivarian Republic of),No Urbana Yagua,10.2703325,-67.91627132,X+,0.0,0,0,0.0
VE080501,EMSR884/AOI06 - Moron,Urbana Morón,,,,VE080501,Juan José Mora,,,,VE0805,Carabobo,,,,VE08,Venezuela (República Bolivariana de),,,,VE,2021/02/23,,316.41761415,v01,es,,,,Venezuela (Bolivarian Republic of),Urbana Moron,10.439713,-68.22007201,I,0.0,0,0,0.0
VE080501,EMSR884/AOI06 - Moron,Urbana Morón,,,,VE080501,Juan José Mora,,,,VE0805,Carabobo,,,,VE08,Venezuela (República Bolivariana de),,,,VE,2021/02/23,,316.41761415,v01,es,,,,Venezuela (Bolivarian Republic of),Urbana Moron,10.439713,-68.22007201,II-III,0.0,0,0,0.0
VE080501,EMSR884/AOI06 - Moron,Urbana Morón,,,,VE080501,Juan José Mora,,,,VE0805,Carabobo,,,,VE08,Venezuela (República Bolivariana de),,,,VE,2021/02/23,,316.41761415,v01,es,,,,Venezuela (Bolivarian Republic of),Urbana Moron,10.439713,-68.22007201,IV,0.0,0,0,0.0
VE080501,EMSR884/AOI06 - Moron,Urbana Morón,,,,VE080501,Juan José Mora,,,,VE0805,Carabobo,,,,VE08,Venezuela (República Bolivariana de),,,,VE,2021/02/23,,316.41761415,v01,es,,,,Venezuela (Bolivarian Republic of),Urbana Moron,10.439713,-68.22007201,V,0.0,0,0,0.0
VE080501,EMSR884/AOI06 - Moron,Urbana Morón,,,,VE080501,Juan José Mora,,,,VE0805,Carabobo,,,,VE08,Venezuela (República Bolivariana de),,,,VE,2021/02/23,,316.41761415,v01,es,,,,Venezuela (Bolivarian Republic of),Urbana Moron,10.439713,-68.22007201,VI,0.0,0,0,0.0
VE080501,EMSR884/AOI06 - Moron,Urbana Morón,,,,VE080501,Juan José Mora,,,,VE0805,Carabobo,,,,VE08,Venezuela (República Bolivariana de),,,,VE,2021/02/23,,316.41761415,v01,es,,,,Venezuela (Bolivarian Republic of),Urbana Moron,10.439713,-68.22007201,VII,95.229,7,0,5.0
VE080501,EMSR884/AOI06 - Moron,Urbana Morón,,,,VE080501,Juan José Mora,,,,VE0805,Carabobo,,,,VE08,Venezuela (República Bolivariana de),,,,VE,2021/02/23,,316.41761415,v01,es,,,,Venezuela (Bolivarian Republic of),Urbana Moron,10.439713,-68.22007201,VIII,139.413,4813,2491,8691.0
VE080501,EMSR884/AOI06 - Moron,Urbana Morón,,,,VE080501,Juan José Mora,,,,VE0805,Carabobo,,,,VE08,Venezuela (República Bolivariana de),,,,VE,2021/02/23,,316.41761415,v01,es,,,,Venezuela (Bolivarian Republic of),Urbana Moron,10.439713,-68.22007201,IX,83.75,17518,15201,49074.0
VE080501,EMSR884/AOI06 - Moron,Urbana Morón,,,,VE080501,Juan José Mora,,,,VE0805,Carabobo,,,,VE08,Venezuela (República Bolivariana de),,,,VE,2021/02/23,,316.41761415,v01,es,,,,Venezuela (Bolivarian Republic of),Urbana Moron,10.439713,-68.22007201,X+,0.0,0,0,0.0
VE080601,EMSR884/AOI09 - Valencia,Urbana Tocuyito,,,,VE080601,Libertador,,,,VE0806,Carabobo,,,,VE08,Venezuela (República Bolivariana de),,,,VE,2021/02/23,,209.84304334,v01,es,,,,Venezuela (Bolivarian Republic of),Urbana Tocuyito,10.1140485,-68.12496949,I,0.0,0,0,0.0
VE080601,EMSR884/AOI09 - Valencia,Urbana Tocuyito,,,,VE080601,Libertador,,,,VE0806,Carabobo,,,,VE08,Venezuela (República Bolivariana de),,,,VE,2021/02/23,,209.84304334,v01,es,,,,Venezuela (Bolivarian Republic of),Urbana Tocuyito,10.1140485,-68.12496949,II-III,0.0,0,0,0.0
VE080601,EMSR884/AOI09 - Valencia,Urbana Tocuyito,,,,VE080601,Libertador,,,,VE0806,Carabobo,,,,VE08,Venezuela (República Bolivariana de),,,,VE,2021/02/23,,209.84304334,v01,es,,,,Venezuela (Bolivarian Republic of),Urbana Tocuyito,10.1140485,-68.12496949,IV,0.0,0,0,0.0
VE080601,EMSR884/AOI09 - Valencia,Urbana Tocuyito,,,,VE080601,Libertador,,,,VE0806,Carabobo,,,,VE08,Venezuela (República Bolivariana de),,,,VE,2021/02/23,,209.84304334,v01,es,,,,Venezuela (Bolivarian Republic of),Urbana Tocuyito,10.1140485,-68.12496949,V,0.0,0,0,0.0
VE080601,EMSR884/AOI09 - Valencia,Urbana Tocuyito,,,,VE080601,Libertador,,,,VE0806,Carabobo,,,,VE08,Venezuela (República Bolivariana de),,,,VE,2021/02/23,,209.84304334,v01,es,,,,Venezuela (Bolivarian Republic of),Urbana Tocuyito,10.1140485,-68.12496949,VI,169.995,16945,123,30274.0
VE080601,EMSR884/AOI09 - Valencia,Urbana Tocuyito,,,,VE080601,Libertador,,,,VE0806,Carabobo,,,,VE08,Venezuela (República Bolivariana de),,,,VE,2021/02/23,,209.84304334,v01,es,,,,Venezuela (Bolivarian Republic of),Urbana Tocuyito,10.1140485,-68.12496949,VII,41.175,41013,260,108905.0
VE080601,EMSR884/AOI09 - Valencia,Urbana Tocuyito,,,,VE080601,Libertador,,,,VE0806,Carabobo,,,,VE08,Venezuela (República Bolivariana de),,,,VE,2021/02/23,,209.84304334,v01,es,,,,Venezuela (Bolivarian Republic of),Urbana Tocuyito,10.1140485,-68.12496949,VIII,0.0,0,0,0.0
VE080601,EMSR884/AOI09 - Valencia,Urbana Tocuyito,,,,VE080601,Libertador,,,,VE0806,Carabobo,,,,VE08,Venezuela (República Bolivariana de),,,,VE,2021/02/23,,209.84304334,v01,es,,,,Venezuela (Bolivarian Republic of),Urbana Tocuyito,10.1140485,-68.12496949,IX,0.0,0,0,0.0
VE080601,EMSR884/AOI09 - Valencia,Urbana Tocuyito,,,,VE080601,Libertador,,,,VE0806,Carabobo,,,,VE08,Venezuela (República Bolivariana de),,,,VE,2021/02/23,,209.84304334,v01,es,,,,Venezuela (Bolivarian Republic of),Urbana Tocuyito,10.1140485,-68.12496949,X+,0.0,0,0,0.0
VE080701,EMSR884/AOI09 - Valencia; EMSR884/AOI10 - Guacara,Urbana los Guayos,,,,VE080701,Los Guayos,,,,VE0807,Carabobo,,,,VE08,Venezuela (República Bolivariana de),,,,VE,2021/02/23,,66.49382621,v01,es,,,,Venezuela (Bolivarian Republic of),Urbana los Guayos,10.15180508,-67.89517183,I,0.0,0,0,0.0
VE080701,EMSR884/AOI09 - Valencia; EMSR884/AOI10 - Guacara,Urbana los Guayos,,,,VE080701,Los Guayos,,,,VE0807,Carabobo,,,,VE08,Venezuela (República Bolivariana de),,,,VE,2021/02/23,,66.49382621,v01,es,,,,Venezuela (Bolivarian Republic of),Urbana los Guayos,10.15180508,-67.89517183,II-III,0.0,0,0,0.0
VE080701,EMSR884/AOI09 - Valencia; EMSR884/AOI10 - Guacara,Urbana los Guayos,,,,VE080701,Los Guayos,,,,VE0807,Carabobo,,,,VE08,Venezuela (República Bolivariana de),,,,VE,2021/02/23,,66.49382621,v01,es,,,,Venezuela (Bolivarian Republic of),Urbana los Guayos,10.15180508,-67.89517183,IV,0.0,0,0,0.0
VE080701,EMSR884/AOI09 - Valencia; EMSR884/AOI10 - Guacara,Urbana los Guayos,,,,VE080701,Los Guayos,,,,VE0807,Carabobo,,,,VE08,Venezuela (República Bolivariana de),,,,VE,2021/02/23,,66.49382621,v01,es,,,,Venezuela (Bolivarian Republic of),Urbana los Guayos,10.15180508,-67.89517183,V,0.0,0,0,0.0
VE080701,EMSR884/AOI09 - Valencia; EMSR884/AOI10 - Guacara,Urbana los Guayos,,,,VE080701,Los Guayos,,,,VE0807,Carabobo,,,,VE08,Venezuela (República Bolivariana de),,,,VE,2021/02/23,,66.49382621,v01,es,,,,Venezuela (Bolivarian Republic of),Urbana los Guayos,10.15180508,-67.89517183,VI,12.974,853,0,1283.0
VE080701,EMSR884/AOI09 - Valencia; EMSR884/AOI10 - Guacara,Urbana los Guayos,,,,VE080701,Los Guayos,,,,VE0807,Carabobo,,,,VE08,Venezuela (República Bolivariana de),,,,VE,2021/02/23,,66.49382621,v01,es,,,,Venezuela (Bolivarian Republic of),Urbana los Guayos,10.15180508,-67.89517183,VII,53.94,39422,247,124542.0
VE080701,EMSR884/AOI09 - Valencia; EMSR884/AOI10 - Guacara,Urbana los Guayos,,,,VE080701,Los Guayos,,,,VE0807,Carabobo,,,,VE08,Venezuela (República Bolivariana de),,,,VE,2021/02/23,,66.49382621,v01,es,,,,Venezuela (Bolivarian Republic of),Urbana los Guayos,10.15180508,-67.89517183,VIII,0.0,0,0,0.0
VE080701,EMSR884/AOI09 - Valencia; EMSR884/AOI10 - Guacara,Urbana los Guayos,,,,VE080701,Los Guayos,,,,VE0807,Carabobo,,,,VE08,Venezuela (República Bolivariana de),,,,VE,2021/02/23,,66.49382621,v01,es,,,,Venezuela (Bolivarian Republic of),Urbana los Guayos,10.15180508,-67.89517183,IX,0.0,0,0,0.0
VE080701,EMSR884/AOI09 - Valencia; EMSR884/AOI10 - Guacara,Urbana los Guayos,,,,VE080701,Los Guayos,,,,VE0807,Carabobo,,,,VE08,Venezuela (República Bolivariana de),,,,VE,2021/02/23,,66.49382621,v01,es,,,,Venezuela (Bolivarian Republic of),Urbana los Guayos,10.15180508,-67.89517183,X+,0.0,0,0,0.0
VE081001,EMSR884/AOI09 - Valencia,Urbana Naguanagua,,,,VE081001,Naguanagua,,,,VE0810,Carabobo,,,,VE08,Venezuela (República Bolivariana de),,,,VE,2021/02/23,,199.56390302,v01,es,,,,Venezuela (Bolivarian Republic of),Urbana Naguanagua,10.284856,-68.06883695,I,0.0,0,0,0.0
VE081001,EMSR884/AOI09 - Valencia,Urbana Naguanagua,,,,VE081001,Naguanagua,,,,VE0810,Carabobo,,,,VE08,Venezuela (República Bolivariana de),,,,VE,2021/02/23,,199.56390302,v01,es,,,,Venezuela (Bolivarian Republic of),Urbana Naguanagua,10.284856,-68.06883695,II-III,0.0,0,0,0.0
VE081001,EMSR884/AOI09 - Valencia,Urbana Naguanagua,,,,VE081001,Naguanagua,,,,VE0810,Carabobo,,,,VE08,Venezuela (República Bolivariana de),,,,VE,2021/02/23,,199.56390302,v01,es,,,,Venezuela (Bolivarian Republic of),Urbana Naguanagua,10.284856,-68.06883695,IV,0.0,0,0,0.0
VE081001,EMSR884/AOI09 - Valencia,Urbana Naguanagua,,,,VE081001,Naguanagua,,,,VE0810,Carabobo,,,,VE08,Venezuela (República Bolivariana de),,,,VE,2021/02/23,,199.56390302,v01,es,,,,Venezuela (Bolivarian Republic of),Urbana Naguanagua,10.284856,-68.06883695,V,0.0,0,0,0.0
VE081001,EMSR884/AOI09 - Valencia,Urbana Naguanagua,,,,VE081001,Naguanagua,,,,VE0810,Carabobo,,,,VE08,Venezuela (República Bolivariana de),,,,VE,2021/02/23,,199.56390302,v01,es,,,,Venezuela (Bolivarian Republic of),Urbana Naguanagua,10.284856,-68.06883695,VI,76.217,649,0,1614.0
VE081001,EMSR884/AOI09 - Valencia,Urbana Naguanagua,,,,VE081001,Naguanagua,,,,VE0810,Carabobo,,,,VE08,Venezuela (República Bolivariana de),,,,VE,2021/02/23,,199.56390302,v01,es,,,,Venezuela (Bolivarian Republic of),Urbana Naguanagua,10.284856,-68.06883695,VII,124.609,42148,479,134662.0
VE081001,EMSR884/AOI09 - Valencia,Urbana Naguanagua,,,,VE081001,Naguanagua,,,,VE0810,Carabobo,,,,VE08,Venezuela (República Bolivariana de),,,,VE,2021/02/23,,199.56390302,v01,es,,,,Venezuela (Bolivarian Republic of),Urbana Naguanagua,10.284856,-68.06883695,VIII,0.0,0,0,0.0
VE081001,EMSR884/AOI09 - Valencia,Urbana Naguanagua,,,,VE081001,Naguanagua,,,,VE0810,Carabobo,,,,VE08,Venezuela (República Bolivariana de),,,,VE,2021/02/23,,199.56390302,v01,es,,,,Venezuela (Bolivarian Republic of),Urbana Naguanagua,10.284856,-68.06883695,IX,0.0,0,0,0.0
VE081001,EMSR884/AOI09 - Valencia,Urbana Naguanagua,,,,VE081001,Naguanagua,,,,VE0810,Carabobo,,,,VE08,Venezuela (República Bolivariana de),,,,VE,2021/02/23,,199.56390302,v01,es,,,,Venezuela (Bolivarian Republic of),Urbana Naguanagua,10.284856,-68.06883695,X+,0.0,0,0,0.0
VE081101,EMSR884/AOI07 - Puerto Cabello,Urbana Bartolomé Salom,,,,VE081101,Puerto Cabello,,,,VE0811,Carabobo,,,,VE08,Venezuela (República Bolivariana de),,,,VE,2021/02/23,,71.75767331,v01,es,,,,Venezuela (Bolivarian Republic of),Urbana Bartolome Salom,10.400893,-68.00362431,I,0.0,0,0,0.0
VE081101,EMSR884/AOI07 - Puerto Cabello,Urbana Bartolomé Salom,,,,VE081101,Puerto Cabello,,,,VE0811,Carabobo,,,,VE08,Venezuela (República Bolivariana de),,,,VE,2021/02/23,,71.75767331,v01,es,,,,Venezuela (Bolivarian Republic of),Urbana Bartolome Salom,10.400893,-68.00362431,II-III,0.0,0,0,0.0
VE081101,EMSR884/AOI07 - Puerto Cabello,Urbana Bartolomé Salom,,,,VE081101,Puerto Cabello,,,,VE0811,Carabobo,,,,VE08,Venezuela (República Bolivariana de),,,,VE,2021/02/23,,71.75767331,v01,es,,,,Venezuela (Bolivarian Republic of),Urbana Bartolome Salom,10.400893,-68.00362431,IV,0.0,0,0,0.0
VE081101,EMSR884/AOI07 - Puerto Cabello,Urbana Bartolomé Salom,,,,VE081101,Puerto Cabello,,,,VE0811,Carabobo,,,,VE08,Venezuela (República Bolivariana de),,,,VE,2021/02/23,,71.75767331,v01,es,,,,Venezuela (Bolivarian Republic of),Urbana Bartolome Salom,10.400893,-68.00362431,V,0.0,0,0,0.0
VE081101,EMSR884/AOI07 - Puerto Cabello,Urbana Bartolomé Salom,,,,VE081101,Puerto Cabello,,,,VE0811,Carabobo,,,,VE08,Venezuela (República Bolivariana de),,,,VE,2021/02/23,,71.75767331,v01,es,,,,Venezuela (Bolivarian Republic of),Urbana Bartolome Salom,10.400893,-68.00362431,VI,0.0,0,0,0.0
VE081101,EMSR884/AOI07 - Puerto Cabello,Urbana Bartolomé Salom,,,,VE081101,Puerto Cabello,,,,VE0811,Carabobo,,,,VE08,Venezuela (República Bolivariana de),,,,VE,2021/02/23,,71.75767331,v01,es,,,,Venezuela (Bolivarian Republic of),Urbana Bartolome Salom,10.400893,-68.00362431,VII,54.312,1256,0,1464.0
VE081101,EMSR884/AOI07 - Puerto Cabello,Urbana Bartolomé Salom,,,,VE081101,Puerto Cabello,,,,VE0811,Carabobo,,,,VE08,Venezuela (República Bolivariana de),,,,VE,2021/02/23,,71.75767331,v01,es,,,,Venezuela (Bolivarian Republic of),Urbana Bartolome Salom,10.400893,-68.00362431,VIII,17.899,10010,58,34158.0
VE081101,EMSR884/AOI07 - Puerto Cabello,Urbana Bartolomé Salom,,,,VE081101,Puerto Cabello,,,,VE0811,Carabobo,,,,VE08,Venezuela (República Bolivariana de),,,,VE,2021/02/23,,71.75767331,v01,es,,,,Venezuela (Bolivarian Republic of),Urbana Bartolome Salom,10.400893,-68.00362431,IX,0.0,0,0,0.0
VE081101,EMSR884/AOI07 - Puerto Cabello,Urbana Bartolomé Salom,,,,VE081101,Puerto Cabello,,,,VE0811,Carabobo,,,,VE08,Venezuela (República Bolivariana de),,,,VE,2021/02/23,,71.75767331,v01,es,,,,Venezuela (Bolivarian Republic of),Urbana Bartolome Salom,10.400893,-68.00362431,X+,0.0,0,0,0.0
VE081102,EMSR884/AOI07 - Puerto Cabello,Urbana Democracia,,,,VE081102,Puerto Cabello,,,,VE0811,Carabobo,,,,VE08,Venezuela (República Bolivariana de),,,,VE,2021/02/23,,152.78315497,v01,es,,,,Venezuela (Bolivarian Republic of),Urbana Democracia,10.3961015,-68.1167674,I,0.0,0,0,0.0
VE081102,EMSR884/AOI07 - Puerto Cabello,Urbana Democracia,,,,VE081102,Puerto Cabello,,,,VE0811,Carabobo,,,,VE08,Venezuela (República Bolivariana de),,,,VE,2021/02/23,,152.78315497,v01,es,,,,Venezuela (Bolivarian Republic of),Urbana Democracia,10.3961015,-68.1167674,II-III,0.0,0,0,0.0
VE081102,EMSR884/AOI07 - Puerto Cabello,Urbana Democracia,,,,VE081102,Puerto Cabello,,,,VE0811,Carabobo,,,,VE08,Venezuela (República Bolivariana de),,,,VE,2021/02/23,,152.78315497,v01,es,,,,Venezuela (Bolivarian Republic of),Urbana Democracia,10.3961015,-68.1167674,IV,0.0,0,0,0.0
VE081102,EMSR884/AOI07 - Puerto Cabello,Urbana Democracia,,,,VE081102,Puerto Cabello,,,,VE0811,Carabobo,,,,VE08,Venezuela (República Bolivariana de),,,,VE,2021/02/23,,152.78315497,v01,es,,,,Venezuela (Bolivarian Republic of),Urbana Democracia,10.3961015,-68.1167674,V,0.0,0,0,0.0
VE081102,EMSR884/AOI07 - Puerto Cabello,Urbana Democracia,,,,VE081102,Puerto Cabello,,,,VE0811,Carabobo,,,,VE08,Venezuela (República Bolivariana de),,,,VE,2021/02/23,,152.78315497,v01,es,,,,Venezuela (Bolivarian Republic of),Urbana Democracia,10.3961015,-68.1167674,VI,0.0,0,0,0.0
VE081102,EMSR884/AOI07 - Puerto Cabello,Urbana Democracia,,,,VE081102,Puerto Cabello,,,,VE0811,Carabobo,,,,VE08,Venezuela (República Bolivariana de),,,,VE,2021/02/23,,152.78315497,v01,es,,,,Venezuela (Bolivarian Republic of),Urbana Democracia,10.3961015,-68.1167674,VII,109.804,3309,0,4175.0
VE081102,EMSR884/AOI07 - Puerto Cabello,Urbana Democracia,,,,VE081102,Puerto Cabello,,,,VE0811,Carabobo,,,,VE08,Venezuela (República Bolivariana de),,,,VE,2021/02/23,,152.78315497,v01,es,,,,Venezuela (Bolivarian Republic of),Urbana Democracia,10.3961015,-68.1167674,VIII,43.942,4202,0,10436.0
VE081102,EMSR884/AOI07 - Puerto Cabello,Urbana Democracia,,,,VE081102,Puerto Cabello,,,,VE0811,Carabobo,,,,VE08,Venezuela (República Bolivariana de),,,,VE,2021/02/23,,152.78315497,v01,es,,,,Venezuela (Bolivarian Republic of),Urbana Democracia,10.3961015,-68.1167674,IX,0.0,0,0,0.0
VE081102,EMSR884/AOI07 - Puerto Cabello,Urbana Democracia,,,,VE081102,Puerto Cabello,,,,VE0811,Carabobo,,,,VE08,Venezuela (República Bolivariana de),,,,VE,2021/02/23,,152.78315497,v01,es,,,,Venezuela (Bolivarian Republic of),Urbana Democracia,10.3961015,-68.1167674,X+,0.0,0,0,0.0
VE081104,EMSR884/AOI07 - Puerto Cabello,Urbana Goaigoaza,,,,VE081104,Puerto Cabello,,,,VE0811,Carabobo,,,,VE08,Venezuela (República Bolivariana de),,,,VE,2021/02/23,,74.48355732,v01,es,,,,Venezuela (Bolivarian Republic of),Urbana Goaigoaza,10.398743,-68.04884003,I,0.0,0,0,0.0
VE081104,EMSR884/AOI07 - Puerto Cabello,Urbana Goaigoaza,,,,VE081104,Puerto Cabello,,,,VE0811,Carabobo,,,,VE08,Venezuela (República Bolivariana de),,,,VE,2021/02/23,,74.48355732,v01,es,,,,Venezuela (Bolivarian Republic of),Urbana Goaigoaza,10.398743,-68.04884003,II-III,0.0,0,0,0.0
VE081104,EMSR884/AOI07 - Puerto Cabello,Urbana Goaigoaza,,,,VE081104,Puerto Cabello,,,,VE0811,Carabobo,,,,VE08,Venezuela (República Bolivariana de),,,,VE,2021/02/23,,74.48355732,v01,es,,,,Venezuela (Bolivarian Republic of),Urbana Goaigoaza,10.398743,-68.04884003,IV,0.0,0,0,0.0
VE081104,EMSR884/AOI07 - Puerto Cabello,Urbana Goaigoaza,,,,VE081104,Puerto Cabello,,,,VE0811,Carabobo,,,,VE08,Venezuela (República Bolivariana de),,,,VE,2021/02/23,,74.48355732,v01,es,,,,Venezuela (Bolivarian Republic of),Urbana Goaigoaza,10.398743,-68.04884003,V,0.0,0,0,0.0
VE081104,EMSR884/AOI07 - Puerto Cabello,Urbana Goaigoaza,,,,VE081104,Puerto Cabello,,,,VE0811,Carabobo,,,,VE08,Venezuela (República Bolivariana de),,,,VE,2021/02/23,,74.48355732,v01,es,,,,Venezuela (Bolivarian Republic of),Urbana Goaigoaza,10.398743,-68.04884003,VI,0.0,0,0,0.0
VE081104,EMSR884/AOI07 - Puerto Cabello,Urbana Goaigoaza,,,,VE081104,Puerto Cabello,,,,VE0811,Carabobo,,,,VE08,Venezuela (República Bolivariana de),,,,VE,2021/02/23,,74.48355732,v01,es,,,,Venezuela (Bolivarian Republic of),Urbana Goaigoaza,10.398743,-68.04884003,VII,56.637,533,0,785.0
VE081104,EMSR884/AOI07 - Puerto Cabello,Urbana Goaigoaza,,,,VE081104,Puerto Cabello,,,,VE0811,Carabobo,,,,VE08,Venezuela (República Bolivariana de),,,,VE,2021/02/23,,74.48355732,v01,es,,,,Venezuela (Bolivarian Republic of),Urbana Goaigoaza,10.398743,-68.04884003,VIII,18.316,13944,93,41183.0
VE081104,EMSR884/AOI07 - Puerto Cabello,Urbana Goaigoaza,,,,VE081104,Puerto Cabello,,,,VE0811,Carabobo,,,,VE08,Venezuela (República Bolivariana de),,,,VE,2021/02/23,,74.48355732,v01,es,,,,Venezuela (Bolivarian Republic of),Urbana Goaigoaza,10.398743,-68.04884003,IX,0.0,0,0,0.0
VE081104,EMSR884/AOI07 - Puerto Cabello,Urbana Goaigoaza,,,,VE081104,Puerto Cabello,,,,VE0811,Carabobo,,,,VE08,Venezuela (República Bolivariana de),,,,VE,2021/02/23,,74.48355732,v01,es,,,,Venezuela (Bolivarian Republic of),Urbana Goaigoaza,10.398743,-68.04884003,X+,0.0,0,0,0.0
VE081107,EMSR884/AOI07 - Puerto Cabello,No Urbana Borburata,,,,VE081107,Puerto Cabello,,,,VE0811,Carabobo,,,,VE08,Venezuela (República Bolivariana de),,,,VE,2021/02/23,,58.69727431,v01,es,,,,Venezuela (Bolivarian Republic of),No Urbana Borburata,10.413928,-67.96754577,I,0.0,0,0,0.0
VE081107,EMSR884/AOI07 - Puerto Cabello,No Urbana Borburata,,,,VE081107,Puerto Cabello,,,,VE0811,Carabobo,,,,VE08,Venezuela (República Bolivariana de),,,,VE,2021/02/23,,58.69727431,v01,es,,,,Venezuela (Bolivarian Republic of),No Urbana Borburata,10.413928,-67.96754577,II-III,0.0,0,0,0.0
VE081107,EMSR884/AOI07 - Puerto Cabello,No Urbana Borburata,,,,VE081107,Puerto Cabello,,,,VE0811,Carabobo,,,,VE08,Venezuela (República Bolivariana de),,,,VE,2021/02/23,,58.69727431,v01,es,,,,Venezuela (Bolivarian Republic of),No Urbana Borburata,10.413928,-67.96754577,IV,0.0,0,0,0.0
VE081107,EMSR884/AOI07 - Puerto Cabello,No Urbana Borburata,,,,VE081107,Puerto Cabello,,,,VE0811,Carabobo,,,,VE08,Venezuela (República Bolivariana de),,,,VE,2021/02/23,,58.69727431,v01,es,,,,Venezuela (Bolivarian Republic of),No Urbana Borburata,10.413928,-67.96754577,V,0.0,0,0,0.0
VE081107,EMSR884/AOI07 - Puerto Cabello,No Urbana Borburata,,,,VE081107,Puerto Cabello,,,,VE0811,Carabobo,,,,VE08,Venezuela (República Bolivariana de),,,,VE,2021/02/23,,58.69727431,v01,es,,,,Venezuela (Bolivarian Republic of),No Urbana Borburata,10.413928,-67.96754577,VI,0.0,0,0,0.0
VE081107,EMSR884/AOI07 - Puerto Cabello,No Urbana Borburata,,,,VE081107,Puerto Cabello,,,,VE0811,Carabobo,,,,VE08,Venezuela (República Bolivariana de),,,,VE,2021/02/23,,58.69727431,v01,es,,,,Venezuela (Bolivarian Republic of),No Urbana Borburata,10.413928,-67.96754577,VII,43.891,60,0,114.0
VE081107,EMSR884/AOI07 - Puerto Cabello,No Urbana Borburata,,,,VE081107,Puerto Cabello,,,,VE0811,Carabobo,,,,VE08,Venezuela (República Bolivariana de),,,,VE,2021/02/23,,58.69727431,v01,es,,,,Venezuela (Bolivarian Republic of),No Urbana Borburata,10.413928,-67.96754577,VIII,15.177,2911,89,5889.0
VE081107,EMSR884/AOI07 - Puerto Cabello,No Urbana Borburata,,,,VE081107,Puerto Cabello,,,,VE0811,Carabobo,,,,VE08,Venezuela (República Bolivariana de),,,,VE,2021/02/23,,58.69727431,v01,es,,,,Venezuela (Bolivarian Republic of),No Urbana Borburata,10.413928,-67.96754577,IX,0.0,0,0,0.0
VE081107,EMSR884/AOI07 - Puerto Cabello,No Urbana Borburata,,,,VE081107,Puerto Cabello,,,,VE0811,Carabobo,,,,VE08,Venezuela (República Bolivariana de),,,,VE,2021/02/23,,58.69727431,v01,es,,,,Venezuela (Bolivarian Republic of),No Urbana Borburata,10.413928,-67.96754577,X+,0.0,0,0,0.0
VE081201,EMSR884/AOI09 - Valencia; EMSR884/AOI10 - Guacara,Urbana San Diego,,,,VE081201,San Diego,,,,VE0812,Carabobo,,,,VE08,Venezuela (República Bolivariana de),,,,VE,2021/02/23,,114.00622978,v01,es,,,,Venezuela (Bolivarian Republic of),Urbana San Diego,10.270591,-67.96187857,I,0.0,0,0,0.0
VE081201,EMSR884/AOI09 - Valencia; EMSR884/AOI10 - Guacara,Urbana San Diego,,,,VE081201,San Diego,,,,VE0812,Carabobo,,,,VE08,Venezuela (República Bolivariana de),,,,VE,2021/02/23,,114.00622978,v01,es,,,,Venezuela (Bolivarian Republic of),Urbana San Diego,10.270591,-67.96187857,II-III,0.0,0,0,0.0
VE081201,EMSR884/AOI09 - Valencia; EMSR884/AOI10 - Guacara,Urbana San Diego,,,,VE081201,San Diego,,,,VE0812,Carabobo,,,,VE08,Venezuela (República Bolivariana de),,,,VE,2021/02/23,,114.00622978,v01,es,,,,Venezuela (Bolivarian Republic of),Urbana San Diego,10.270591,-67.96187857,IV,0.0,0,0,0.0
VE081201,EMSR884/AOI09 - Valencia; EMSR884/AOI10 - Guacara,Urbana San Diego,,,,VE081201,San Diego,,,,VE0812,Carabobo,,,,VE08,Venezuela (República Bolivariana de),,,,VE,2021/02/23,,114.00622978,v01,es,,,,Venezuela (Bolivarian Republic of),Urbana San Diego,10.270591,-67.96187857,V,0.0,0,0,0.0
VE081201,EMSR884/AOI09 - Valencia; EMSR884/AOI10 - Guacara,Urbana San Diego,,,,VE081201,San Diego,,,,VE0812,Carabobo,,,,VE08,Venezuela (República Bolivariana de),,,,VE,2021/02/23,,114.00622978,v01,es,,,,Venezuela (Bolivarian Republic of),Urbana San Diego,10.270591,-67.96187857,VI,33.958,516,9,907.0
VE081201,EMSR884/AOI09 - Valencia; EMSR884/AOI10 - Guacara,Urbana San Diego,,,,VE081201,San Diego,,,,VE0812,Carabobo,,,,VE08,Venezuela (República Bolivariana de),,,,VE,2021/02/23,,114.00622978,v01,es,,,,Venezuela (Bolivarian Republic of),Urbana San Diego,10.270591,-67.96187857,VII,80.768,41134,1054,116684.0
VE081201,EMSR884/AOI09 - Valencia; EMSR884/AOI10 - Guacara,Urbana San Diego,,,,VE081201,San Diego,,,,VE0812,Carabobo,,,,VE08,Venezuela (República Bolivariana de),,,,VE,2021/02/23,,114.00622978,v01,es,,,,Venezuela (Bolivarian Republic of),Urbana San Diego,10.270591,-67.96187857,VIII,0.0,0,0,0.0
VE081201,EMSR884/AOI09 - Valencia; EMSR884/AOI10 - Guacara,Urbana San Diego,,,,VE081201,San Diego,,,,VE0812,Carabobo,,,,VE08,Venezuela (República Bolivariana de),,,,VE,2021/02/23,,114.00622978,v01,es,,,,Venezuela (Bolivarian Republic of),Urbana San Diego,10.270591,-67.96187857,IX,0.0,0,0,0.0
VE081201,EMSR884/AOI09 - Valencia; EMSR884/AOI10 - Guacara,Urbana San Diego,,,,VE081201,San Diego,,,,VE0812,Carabobo,,,,VE08,Venezuela (República Bolivariana de),,,,VE,2021/02/23,,114.00622978,v01,es,,,,Venezuela (Bolivarian Republic of),Urbana San Diego,10.270591,-67.96187857,X+,0.0,0,0,0.0
VE081301,EMSR884/AOI04 - Maracay; EMSR884/AOI10 - Guacara,Urbana San Joaquín,,,,VE081301,San Joaquín,,,,VE0813,Carabobo,,,,VE08,Venezuela (República Bolivariana de),,,,VE,2021/02/23,,137.48363535,v01,es,,,,Venezuela (Bolivarian Republic of),Urbana San Joaquin,10.277068,-67.79780808,I,0.0,0,0,0.0
VE081301,EMSR884/AOI04 - Maracay; EMSR884/AOI10 - Guacara,Urbana San Joaquín,,,,VE081301,San Joaquín,,,,VE0813,Carabobo,,,,VE08,Venezuela (República Bolivariana de),,,,VE,2021/02/23,,137.48363535,v01,es,,,,Venezuela (Bolivarian Republic of),Urbana San Joaquin,10.277068,-67.79780808,II-III,0.0,0,0,0.0
VE081301,EMSR884/AOI04 - Maracay; EMSR884/AOI10 - Guacara,Urbana San Joaquín,,,,VE081301,San Joaquín,,,,VE0813,Carabobo,,,,VE08,Venezuela (República Bolivariana de),,,,VE,2021/02/23,,137.48363535,v01,es,,,,Venezuela (Bolivarian Republic of),Urbana San Joaquin,10.277068,-67.79780808,IV,0.0,0,0,0.0
VE081301,EMSR884/AOI04 - Maracay; EMSR884/AOI10 - Guacara,Urbana San Joaquín,,,,VE081301,San Joaquín,,,,VE0813,Carabobo,,,,VE08,Venezuela (República Bolivariana de),,,,VE,2021/02/23,,137.48363535,v01,es,,,,Venezuela (Bolivarian Republic of),Urbana San Joaquin,10.277068,-67.79780808,V,0.0,0,0,0.0
VE081301,EMSR884/AOI04 - Maracay; EMSR884/AOI10 - Guacara,Urbana San Joaquín,,,,VE081301,San Joaquín,,,,VE0813,Carabobo,,,,VE08,Venezuela (República Bolivariana de),,,,VE,2021/02/23,,137.48363535,v01,es,,,,Venezuela (Bolivarian Republic of),Urbana San Joaquin,10.277068,-67.79780808,VI,47.138,55,0,75.0
VE081301,EMSR884/AOI04 - Maracay; EMSR884/AOI10 - Guacara,Urbana San Joaquín,,,,VE081301,San Joaquín,,,,VE0813,Carabobo,,,,VE08,Venezuela (República Bolivariana de),,,,VE,2021/02/23,,137.48363535,v01,es,,,,Venezuela (Bolivarian Republic of),Urbana San Joaquin,10.277068,-67.79780808,VII,91.216,24324,942,70341.0
VE081301,EMSR884/AOI04 - Maracay; EMSR884/AOI10 - Guacara,Urbana San Joaquín,,,,VE081301,San Joaquín,,,,VE0813,Carabobo,,,,VE08,Venezuela (República Bolivariana de),,,,VE,2021/02/23,,137.48363535,v01,es,,,,Venezuela (Bolivarian Republic of),Urbana San Joaquin,10.277068,-67.79780808,VIII,0.0,0,0,0.0
VE081301,EMSR884/AOI04 - Maracay; EMSR884/AOI10 - Guacara,Urbana San Joaquín,,,,VE081301,San Joaquín,,,,VE0813,Carabobo,,,,VE08,Venezuela (República Bolivariana de),,,,VE,2021/02/23,,137.48363535,v01,es,,,,Venezuela (Bolivarian Republic of),Urbana San Joaquin,10.277068,-67.79780808,IX,0.0,0,0,0.0
VE081301,EMSR884/AOI04 - Maracay; EMSR884/AOI10 - Guacara,Urbana San Joaquín,,,,VE081301,San Joaquín,,,,VE0813,Carabobo,,,,VE08,Venezuela (República Bolivariana de),,,,VE,2021/02/23,,137.48363535,v01,es,,,,Venezuela (Bolivarian Republic of),Urbana San Joaquin,10.277068,-67.79780808,X+,0.0,0,0,0.0
VE081401,EMSR884/AOI09 - Valencia,Urbana Candelaria,,,,VE081401,Valencia,,,,VE0814,Carabobo,,,,VE08,Venezuela (República Bolivariana de),,,,VE,2021/02/23,,3.91562289,v01,es,,,,Venezuela (Bolivarian Republic of),Urbana Candelaria,10.176394,-68.01585349,I,0.0,0,0,0.0
VE081401,EMSR884/AOI09 - Valencia,Urbana Candelaria,,,,VE081401,Valencia,,,,VE0814,Carabobo,,,,VE08,Venezuela (República Bolivariana de),,,,VE,2021/02/23,,3.91562289,v01,es,,,,Venezuela (Bolivarian Republic of),Urbana Candelaria,10.176394,-68.01585349,II-III,0.0,0,0,0.0
VE081401,EMSR884/AOI09 - Valencia,Urbana Candelaria,,,,VE081401,Valencia,,,,VE0814,Carabobo,,,,VE08,Venezuela (República Bolivariana de),,,,VE,2021/02/23,,3.91562289,v01,es,,,,Venezuela (Bolivarian Republic of),Urbana Candelaria,10.176394,-68.01585349,IV,0.0,0,0,0.0
VE081401,EMSR884/AOI09 - Valencia,Urbana Candelaria,,,,VE081401,Valencia,,,,VE0814,Carabobo,,,,VE08,Venezuela (República Bolivariana de),,,,VE,2021/02/23,,3.91562289,v01,es,,,,Venezuela (Bolivarian Republic of),Urbana Candelaria,10.176394,-68.01585349,V,0.0,0,0,0.0
VE081401,EMSR884/AOI09 - Valencia,Urbana Candelaria,,,,VE081401,Valencia,,,,VE0814,Carabobo,,,,VE08,Venezuela (República Bolivariana de),,,,VE,2021/02/23,,3.91562289,v01,es,,,,Venezuela (Bolivarian Republic of),Urbana Candelaria,10.176394,-68.01585349,VI,0.546,1043,24,4331.0
VE081401,EMSR884/AOI09 - Valencia,Urbana Candelaria,,,,VE081401,Valencia,,,,VE0814,Carabobo,,,,VE08,Venezuela (República Bolivariana de),,,,VE,2021/02/23,,3.91562289,v01,es,,,,Venezuela (Bolivarian Republic of),Urbana Candelaria,10.176394,-68.01585349,VII,3.395,3463,10,19463.0
VE081401,EMSR884/AOI09 - Valencia,Urbana Candelaria,,,,VE081401,Valencia,,,,VE0814,Carabobo,,,,VE08,Venezuela (República Bolivariana de),,,,VE,2021/02/23,,3.91562289,v01,es,,,,Venezuela (Bolivarian Republic of),Urbana Candelaria,10.176394,-68.01585349,VIII,0.0,0,0,0.0
VE081401,EMSR884/AOI09 - Valencia,Urbana Candelaria,,,,VE081401,Valencia,,,,VE0814,Carabobo,,,,VE08,Venezuela (República Bolivariana de),,,,VE,2021/02/23,,3.91562289,v01,es,,,,Venezuela (Bolivarian Republic of),Urbana Candelaria,10.176394,-68.01585349,IX,0.0,0,0,0.0
VE081401,EMSR884/AOI09 - Valencia,Urbana Candelaria,,,,VE081401,Valencia,,,,VE0814,Carabobo,,,,VE08,Venezuela (República Bolivariana de),,,,VE,2021/02/23,,3.91562289,v01,es,,,,Venezuela (Bolivarian Republic of),Urbana Candelaria,10.176394,-68.01585349,X+,0.0,0,0,0.0
VE081402,EMSR884/AOI09 - Valencia,Urbana Catedral,,,,VE081402,Valencia,,,,VE0814,Carabobo,,,,VE08,Venezuela (República Bolivariana de),,,,VE,2021/02/23,,0.56656837,v01,es,,,,Venezuela (Bolivarian Republic of),Urbana Catedral,10.1848115,-68.00147292,I,0.0,0,0,0.0
VE081402,EMSR884/AOI09 - Valencia,Urbana Catedral,,,,VE081402,Valencia,,,,VE0814,Carabobo,,,,VE08,Venezuela (República Bolivariana de),,,,VE,2021/02/23,,0.56656837,v01,es,,,,Venezuela (Bolivarian Republic of),Urbana Catedral,10.1848115,-68.00147292,II-III,0.0,0,0,0.0
VE081402,EMSR884/AOI09 - Valencia,Urbana Catedral,,,,VE081402,Valencia,,,,VE0814,Carabobo,,,,VE08,Venezuela (República Bolivariana de),,,,VE,2021/02/23,,0.56656837,v01,es,,,,Venezuela (Bolivarian Republic of),Urbana Catedral,10.1848115,-68.00147292,IV,0.0,0,0,0.0
VE081402,EMSR884/AOI09 - Valencia,Urbana Catedral,,,,VE081402,Valencia,,,,VE0814,Carabobo,,,,VE08,Venezuela (República Bolivariana de),,,,VE,2021/02/23,,0.56656837,v01,es,,,,Venezuela (Bolivarian Republic of),Urbana Catedral,10.1848115,-68.00147292,V,0.0,0,0,0.0
VE081402,EMSR884/AOI09 - Valencia,Urbana Catedral,,,,VE081402,Valencia,,,,VE0814,Carabobo,,,,VE08,Venezuela (República Bolivariana de),,,,VE,2021/02/23,,0.56656837,v01,es,,,,Venezuela (Bolivarian Republic of),Urbana Catedral,10.1848115,-68.00147292,VI,0.0,0,0,0.0
VE081402,EMSR884/AOI09 - Valencia,Urbana Catedral,,,,VE081402,Valencia,,,,VE0814,Carabobo,,,,VE08,Venezuela (República Bolivariana de),,,,VE,2021/02/23,,0.56656837,v01,es,,,,Venezuela (Bolivarian Republic of),Urbana Catedral,10.1848115,-68.00147292,VII,0.57,506,10,3739.0
VE081402,EMSR884/AOI09 - Valencia,Urbana Catedral,,,,VE081402,Valencia,,,,VE0814,Carabobo,,,,VE08,Venezuela (República Bolivariana de),,,,VE,2021/02/23,,0.56656837,v01,es,,,,Venezuela (Bolivarian Republic of),Urbana Catedral,10.1848115,-68.00147292,VIII,0.0,0,0,0.0
VE081402,EMSR884/AOI09 - Valencia,Urbana Catedral,,,,VE081402,Valencia,,,,VE0814,Carabobo,,,,VE08,Venezuela (República Bolivariana de),,,,VE,2021/02/23,,0.56656837,v01,es,,,,Venezuela (Bolivarian Republic of),Urbana Catedral,10.1848115,-68.00147292,IX,0.0,0,0,0.0
VE081402,EMSR884/AOI09 - Valencia,Urbana Catedral,,,,VE081402,Valencia,,,,VE0814,Carabobo,,,,VE08,Venezuela (República Bolivariana de),,,,VE,2021/02/23,,0.56656837,v01,es,,,,Venezuela (Bolivarian Republic of),Urbana Catedral,10.1848115,-68.00147292,X+,0.0,0,0,0.0
VE081403,EMSR884/AOI09 - Valencia,Urbana el Socorro,,,,VE081403,Valencia,,,,VE0814,Carabobo,,,,VE08,Venezuela (República Bolivariana de),,,,VE,2021/02/23,,1.06814163,v01,es,,,,Venezuela (Bolivarian Republic of),Urbana el Socorro,10.183713,-68.00917285,I,0.0,0,0,0.0
VE081403,EMSR884/AOI09 - Valencia,Urbana el Socorro,,,,VE081403,Valencia,,,,VE0814,Carabobo,,,,VE08,Venezuela (República Bolivariana de),,,,VE,2021/02/23,,1.06814163,v01,es,,,,Venezuela (Bolivarian Republic of),Urbana el Socorro,10.183713,-68.00917285,II-III,0.0,0,0,0.0
VE081403,EMSR884/AOI09 - Valencia,Urbana el Socorro,,,,VE081403,Valencia,,,,VE0814,Carabobo,,,,VE08,Venezuela (República Bolivariana de),,,,VE,2021/02/23,,1.06814163,v01,es,,,,Venezuela (Bolivarian Republic of),Urbana el Socorro,10.183713,-68.00917285,IV,0.0,0,0,0.0
VE081403,EMSR884/AOI09 - Valencia,Urbana el Socorro,,,,VE081403,Valencia,,,,VE0814,Carabobo,,,,VE08,Venezuela (República Bolivariana de),,,,VE,2021/02/23,,1.06814163,v01,es,,,,Venezuela (Bolivarian Republic of),Urbana el Socorro,10.183713,-68.00917285,V,0.0,0,0,0.0
VE081403,EMSR884/AOI09 - Valencia,Urbana el Socorro,,,,VE081403,Valencia,,,,VE0814,Carabobo,,,,VE08,Venezuela (República Bolivariana de),,,,VE,2021/02/23,,1.06814163,v01,es,,,,Venezuela (Bolivarian Republic of),Urbana el Socorro,10.183713,-68.00917285,VI,0.0,0,0,0.0
VE081403,EMSR884/AOI09 - Valencia,Urbana el Socorro,,,,VE081403,Valencia,,,,VE0814,Carabobo,,,,VE08,Venezuela (República Bolivariana de),,,,VE,2021/02/23,,1.06814163,v01,es,,,,Venezuela (Bolivarian Republic of),Urbana el Socorro,10.183713,-68.00917285,VII,1.075,1423,33,7131.0
VE081403,EMSR884/AOI09 - Valencia,Urbana el Socorro,,,,VE081403,Valencia,,,,VE0814,Carabobo,,,,VE08,Venezuela (República Bolivariana de),,,,VE,2021/02/23,,1.06814163,v01,es,,,,Venezuela (Bolivarian Republic of),Urbana el Socorro,10.183713,-68.00917285,VIII,0.0,0,0,0.0
VE081403,EMSR884/AOI09 - Valencia,Urbana el Socorro,,,,VE081403,Valencia,,,,VE0814,Carabobo,,,,VE08,Venezuela (República Bolivariana de),,,,VE,2021/02/23,,1.06814163,v01,es,,,,Venezuela (Bolivarian Republic of),Urbana el Socorro,10.183713,-68.00917285,IX,0.0,0,0,0.0
VE081403,EMSR884/AOI09 - Valencia,Urbana el Socorro,,,,VE081403,Valencia,,,,VE0814,Carabobo,,,,VE08,Venezuela (República Bolivariana de),,,,VE,2021/02/23,,1.06814163,v01,es,,,,Venezuela (Bolivarian Republic of),Urbana el Socorro,10.183713,-68.00917285,X+,0.0,0,0,0.0
VE081404,EMSR884/AOI09 - Valencia,Urbana Miguel Peña,,,,VE081404,Valencia,,,,VE0814,Carabobo,,,,VE08,Venezuela (República Bolivariana de),,,,VE,2021/02/23,,174.99553486,v01,es,,,,Venezuela (Bolivarian Republic of),Urbana Miguel Pena,10.0612745,-68.01967191,I,0.0,0,0,0.0
VE081404,EMSR884/AOI09 - Valencia,Urbana Miguel Peña,,,,VE081404,Valencia,,,,VE0814,Carabobo,,,,VE08,Venezuela (República Bolivariana de),,,,VE,2021/02/23,,174.99553486,v01,es,,,,Venezuela (Bolivarian Republic of),Urbana Miguel Pena,10.0612745,-68.01967191,II-III,0.0,0,0,0.0
VE081404,EMSR884/AOI09 - Valencia,Urbana Miguel Peña,,,,VE081404,Valencia,,,,VE0814,Carabobo,,,,VE08,Venezuela (República Bolivariana de),,,,VE,2021/02/23,,174.99553486,v01,es,,,,Venezuela (Bolivarian Republic of),Urbana Miguel Pena,10.0612745,-68.01967191,IV,0.0,0,0,0.0
VE081404,EMSR884/AOI09 - Valencia,Urbana Miguel Peña,,,,VE081404,Valencia,,,,VE0814,Carabobo,,,,VE08,Venezuela (República Bolivariana de),,,,VE,2021/02/23,,174.99553486,v01,es,,,,Venezuela (Bolivarian Republic of),Urbana Miguel Pena,10.0612745,-68.01967191,V,0.237,0,0,0.0
VE081404,EMSR884/AOI09 - Valencia,Urbana Miguel Peña,,,,VE081404,Valencia,,,,VE0814,Carabobo,,,,VE08,Venezuela (República Bolivariana de),,,,VE,2021/02/23,,174.99553486,v01,es,,,,Venezuela (Bolivarian Republic of),Urbana Miguel Pena,10.0612745,-68.01967191,VI,82.197,9688,136,28203.0
VE081404,EMSR884/AOI09 - Valencia,Urbana Miguel Peña,,,,VE081404,Valencia,,,,VE0814,Carabobo,,,,VE08,Venezuela (República Bolivariana de),,,,VE,2021/02/23,,174.99553486,v01,es,,,,Venezuela (Bolivarian Republic of),Urbana Miguel Pena,10.0612745,-68.01967191,VII,93.66,88239,170,257599.0
VE081404,EMSR884/AOI09 - Valencia,Urbana Miguel Peña,,,,VE081404,Valencia,,,,VE0814,Carabobo,,,,VE08,Venezuela (República Bolivariana de),,,,VE,2021/02/23,,174.99553486,v01,es,,,,Venezuela (Bolivarian Republic of),Urbana Miguel Pena,10.0612745,-68.01967191,VIII,0.0,0,0,0.0
VE081404,EMSR884/AOI09 - Valencia,Urbana Miguel Peña,,,,VE081404,Valencia,,,,VE0814,Carabobo,,,,VE08,Venezuela (República Bolivariana de),,,,VE,2021/02/23,,174.99553486,v01,es,,,,Venezuela (Bolivarian Republic of),Urbana Miguel Pena,10.0612745,-68.01967191,IX,0.0,0,0,0.0
VE081404,EMSR884/AOI09 - Valencia,Urbana Miguel Peña,,,,VE081404,Valencia,,,,VE0814,Carabobo,,,,VE08,Venezuela (República Bolivariana de),,,,VE,2021/02/23,,174.99553486,v01,es,,,,Venezuela (Bolivarian Republic of),Urbana Miguel Pena,10.0612745,-68.01967191,X+,0.0,0,0,0.0
VE081405,EMSR884/AOI09 - Valencia,Urbana Rafael Urdaneta,,,,VE081405,Valencia,,,,VE0814,Carabobo,,,,VE08,Venezuela (República Bolivariana de),,,,VE,2021/02/23,,50.12602614,v01,es,,,,Venezuela (Bolivarian Republic of),Urbana Rafael Urdaneta,10.14137,-67.94744651,I,0.0,0,0,0.0
VE081405,EMSR884/AOI09 - Valencia,Urbana Rafael Urdaneta,,,,VE081405,Valencia,,,,VE0814,Carabobo,,,,VE08,Venezuela (República Bolivariana de),,,,VE,2021/02/23,,50.12602614,v01,es,,,,Venezuela (Bolivarian Republic of),Urbana Rafael Urdaneta,10.14137,-67.94744651,II-III,0.0,0,0,0.0
VE081405,EMSR884/AOI09 - Valencia,Urbana Rafael Urdaneta,,,,VE081405,Valencia,,,,VE0814,Carabobo,,,,VE08,Venezuela (República Bolivariana de),,,,VE,2021/02/23,,50.12602614,v01,es,,,,Venezuela (Bolivarian Republic of),Urbana Rafael Urdaneta,10.14137,-67.94744651,IV,0.0,0,0,0.0
VE081405,EMSR884/AOI09 - Valencia,Urbana Rafael Urdaneta,,,,VE081405,Valencia,,,,VE0814,Carabobo,,,,VE08,Venezuela (República Bolivariana de),,,,VE,2021/02/23,,50.12602614,v01,es,,,,Venezuela (Bolivarian Republic of),Urbana Rafael Urdaneta,10.14137,-67.94744651,V,0.0,0,0,0.0
VE081405,EMSR884/AOI09 - Valencia,Urbana Rafael Urdaneta,,,,VE081405,Valencia,,,,VE0814,Carabobo,,,,VE08,Venezuela (República Bolivariana de),,,,VE,2021/02/23,,50.12602614,v01,es,,,,Venezuela (Bolivarian Republic of),Urbana Rafael Urdaneta,10.14137,-67.94744651,VI,0.011,0,0,2.0
VE081405,EMSR884/AOI09 - Valencia,Urbana Rafael Urdaneta,,,,VE081405,Valencia,,,,VE0814,Carabobo,,,,VE08,Venezuela (República Bolivariana de),,,,VE,2021/02/23,,50.12602614,v01,es,,,,Venezuela (Bolivarian Republic of),Urbana Rafael Urdaneta,10.14137,-67.94744651,VII,50.432,51407,384,150271.0
VE081405,EMSR884/AOI09 - Valencia,Urbana Rafael Urdaneta,,,,VE081405,Valencia,,,,VE0814,Carabobo,,,,VE08,Venezuela (República Bolivariana de),,,,VE,2021/02/23,,50.12602614,v01,es,,,,Venezuela (Bolivarian Republic of),Urbana Rafael Urdaneta,10.14137,-67.94744651,VIII,0.0,0,0,0.0
VE081405,EMSR884/AOI09 - Valencia,Urbana Rafael Urdaneta,,,,VE081405,Valencia,,,,VE0814,Carabobo,,,,VE08,Venezuela (República Bolivariana de),,,,VE,2021/02/23,,50.12602614,v01,es,,,,Venezuela (Bolivarian Republic of),Urbana Rafael Urdaneta,10.14137,-67.94744651,IX,0.0,0,0,0.0
VE081405,EMSR884/AOI09 - Valencia,Urbana Rafael Urdaneta,,,,VE081405,Valencia,,,,VE0814,Carabobo,,,,VE08,Venezuela (República Bolivariana de),,,,VE,2021/02/23,,50.12602614,v01,es,,,,Venezuela (Bolivarian Republic of),Urbana Rafael Urdaneta,10.14137,-67.94744651,X+,0.0,0,0,0.0
VE081406,EMSR884/AOI09 - Valencia,Urbana San Blas,,,,VE081406,Valencia,,,,VE0814,Carabobo,,,,VE08,Venezuela (República Bolivariana de),,,,VE,2021/02/23,,2.72245049,v01,es,,,,Venezuela (Bolivarian Republic of),Urbana San Blas,10.1799315,-67.99309618,I,0.0,0,0,0.0
VE081406,EMSR884/AOI09 - Valencia,Urbana San Blas,,,,VE081406,Valencia,,,,VE0814,Carabobo,,,,VE08,Venezuela (República Bolivariana de),,,,VE,2021/02/23,,2.72245049,v01,es,,,,Venezuela (Bolivarian Republic of),Urbana San Blas,10.1799315,-67.99309618,II-III,0.0,0,0,0.0
VE081406,EMSR884/AOI09 - Valencia,Urbana San Blas,,,,VE081406,Valencia,,,,VE0814,Carabobo,,,,VE08,Venezuela (República Bolivariana de),,,,VE,2021/02/23,,2.72245049,v01,es,,,,Venezuela (Bolivarian Republic of),Urbana San Blas,10.1799315,-67.99309618,IV,0.0,0,0,0.0
VE081406,EMSR884/AOI09 - Valencia,Urbana San Blas,,,,VE081406,Valencia,,,,VE0814,Carabobo,,,,VE08,Venezuela (República Bolivariana de),,,,VE,2021/02/23,,2.72245049,v01,es,,,,Venezuela (Bolivarian Republic of),Urbana San Blas,10.1799315,-67.99309618,V,0.0,0,0,0.0
VE081406,EMSR884/AOI09 - Valencia,Urbana San Blas,,,,VE081406,Valencia,,,,VE0814,Carabobo,,,,VE08,Venezuela (República Bolivariana de),,,,VE,2021/02/23,,2.72245049,v01,es,,,,Venezuela (Bolivarian Republic of),Urbana San Blas,10.1799315,-67.99309618,VI,0.26,273,0,1074.0
VE081406,EMSR884/AOI09 - Valencia,Urbana San Blas,,,,VE081406,Valencia,,,,VE0814,Carabobo,,,,VE08,Venezuela (República Bolivariana de),,,,VE,2021/02/23,,2.72245049,v01,es,,,,Venezuela (Bolivarian Republic of),Urbana San Blas,10.1799315,-67.99309618,VII,2.479,3695,26,19217.0
VE081406,EMSR884/AOI09 - Valencia,Urbana San Blas,,,,VE081406,Valencia,,,,VE0814,Carabobo,,,,VE08,Venezuela (República Bolivariana de),,,,VE,2021/02/23,,2.72245049,v01,es,,,,Venezuela (Bolivarian Republic of),Urbana San Blas,10.1799315,-67.99309618,VIII,0.0,0,0,0.0
VE081406,EMSR884/AOI09 - Valencia,Urbana San Blas,,,,VE081406,Valencia,,,,VE0814,Carabobo,,,,VE08,Venezuela (República Bolivariana de),,,,VE,2021/02/23,,2.72245049,v01,es,,,,Venezuela (Bolivarian Republic of),Urbana San Blas,10.1799315,-67.99309618,IX,0.0,0,0,0.0
VE081406,EMSR884/AOI09 - Valencia,Urbana San Blas,,,,VE081406,Valencia,,,,VE0814,Carabobo,,,,VE08,Venezuela (República Bolivariana de),,,,VE,2021/02/23,,2.72245049,v01,es,,,,Venezuela (Bolivarian Republic of),Urbana San Blas,10.1799315,-67.99309618,X+,0.0,0,0,0.0
VE081407,EMSR884/AOI09 - Valencia,Urbana San José,,,,VE081407,Valencia,,,,VE0814,Carabobo,,,,VE08,Venezuela (República Bolivariana de),,,,VE,2021/02/23,,83.35666533,v01,es,,,,Venezuela (Bolivarian Republic of),Urbana San Jose,10.1990245,-68.05020526,I,0.0,0,0,0.0
VE081407,EMSR884/AOI09 - Valencia,Urbana San José,,,,VE081407,Valencia,,,,VE0814,Carabobo,,,,VE08,Venezuela (República Bolivariana de),,,,VE,2021/02/23,,83.35666533,v01,es,,,,Venezuela (Bolivarian Republic of),Urbana San Jose,10.1990245,-68.05020526,II-III,0.0,0,0,0.0
VE081407,EMSR884/AOI09 - Valencia,Urbana San José,,,,VE081407,Valencia,,,,VE0814,Carabobo,,,,VE08,Venezuela (República Bolivariana de),,,,VE,2021/02/23,,83.35666533,v01,es,,,,Venezuela (Bolivarian Republic of),Urbana San Jose,10.1990245,-68.05020526,IV,0.0,0,0,0.0
VE081407,EMSR884/AOI09 - Valencia,Urbana San José,,,,VE081407,Valencia,,,,VE0814,Carabobo,,,,VE08,Venezuela (República Bolivariana de),,,,VE,2021/02/23,,83.35666533,v01,es,,,,Venezuela (Bolivarian Republic of),Urbana San Jose,10.1990245,-68.05020526,V,0.0,0,0,0.0
VE081407,EMSR884/AOI09 - Valencia,Urbana San José,,,,VE081407,Valencia,,,,VE0814,Carabobo,,,,VE08,Venezuela (República Bolivariana de),,,,VE,2021/02/23,,83.35666533,v01,es,,,,Venezuela (Bolivarian Republic of),Urbana San Jose,10.1990245,-68.05020526,VI,24.61,14,0,25.0
VE081407,EMSR884/AOI09 - Valencia,Urbana San José,,,,VE081407,Valencia,,,,VE0814,Carabobo,,,,VE08,Venezuela (República Bolivariana de),,,,VE,2021/02/23,,83.35666533,v01,es,,,,Venezuela (Bolivarian Republic of),Urbana San Jose,10.1990245,-68.05020526,VII,59.275,30289,284,111827.0
VE081407,EMSR884/AOI09 - Valencia,Urbana San José,,,,VE081407,Valencia,,,,VE0814,Carabobo,,,,VE08,Venezuela (República Bolivariana de),,,,VE,2021/02/23,,83.35666533,v01,es,,,,Venezuela (Bolivarian Republic of),Urbana San Jose,10.1990245,-68.05020526,VIII,0.0,0,0,0.0
VE081407,EMSR884/AOI09 - Valencia,Urbana San José,,,,VE081407,Valencia,,,,VE0814,Carabobo,,,,VE08,Venezuela (República Bolivariana de),,,,VE,2021/02/23,,83.35666533,v01,es,,,,Venezuela (Bolivarian Republic of),Urbana San Jose,10.1990245,-68.05020526,IX,0.0,0,0,0.0
VE081407,EMSR884/AOI09 - Valencia,Urbana San José,,,,VE081407,Valencia,,,,VE0814,Carabobo,,,,VE08,Venezuela (República Bolivariana de),,,,VE,2021/02/23,,83.35666533,v01,es,,,,Venezuela (Bolivarian Republic of),Urbana San Jose,10.1990245,-68.05020526,X+,0.0,0,0,0.0
VE081408,EMSR884/AOI09 - Valencia,Urbana Santa Rosa,,,,VE081408,Valencia,,,,VE0814,Carabobo,,,,VE08,Venezuela (República Bolivariana de),,,,VE,2021/02/23,,32.86414394,v01,es,,,,Venezuela (Bolivarian Republic of),Urbana Santa Rosa,10.1229995,-67.98501471,I,0.0,0,0,0.0
VE081408,EMSR884/AOI09 - Valencia,Urbana Santa Rosa,,,,VE081408,Valencia,,,,VE0814,Carabobo,,,,VE08,Venezuela (República Bolivariana de),,,,VE,2021/02/23,,32.86414394,v01,es,,,,Venezuela (Bolivarian Republic of),Urbana Santa Rosa,10.1229995,-67.98501471,II-III,0.0,0,0,0.0
VE081408,EMSR884/AOI09 - Valencia,Urbana Santa Rosa,,,,VE081408,Valencia,,,,VE0814,Carabobo,,,,VE08,Venezuela (República Bolivariana de),,,,VE,2021/02/23,,32.86414394,v01,es,,,,Venezuela (Bolivarian Republic of),Urbana Santa Rosa,10.1229995,-67.98501471,IV,0.0,0,0,0.0
VE081408,EMSR884/AOI09 - Valencia,Urbana Santa Rosa,,,,VE081408,Valencia,,,,VE0814,Carabobo,,,,VE08,Venezuela (República Bolivariana de),,,,VE,2021/02/23,,32.86414394,v01,es,,,,Venezuela (Bolivarian Republic of),Urbana Santa Rosa,10.1229995,-67.98501471,V,0.0,0,0,0.0
VE081408,EMSR884/AOI09 - Valencia,Urbana Santa Rosa,,,,VE081408,Valencia,,,,VE0814,Carabobo,,,,VE08,Venezuela (República Bolivariana de),,,,VE,2021/02/23,,32.86414394,v01,es,,,,Venezuela (Bolivarian Republic of),Urbana Santa Rosa,10.1229995,-67.98501471,VI,0.0,0,0,0.0
VE081408,EMSR884/AOI09 - Valencia,Urbana Santa Rosa,,,,VE081408,Valencia,,,,VE0814,Carabobo,,,,VE08,Venezuela (República Bolivariana de),,,,VE,2021/02/23,,32.86414394,v01,es,,,,Venezuela (Bolivarian Republic of),Urbana Santa Rosa,10.1229995,-67.98501471,VII,33.072,19029,39,64698.0
VE081408,EMSR884/AOI09 - Valencia,Urbana Santa Rosa,,,,VE081408,Valencia,,,,VE0814,Carabobo,,,,VE08,Venezuela (República Bolivariana de),,,,VE,2021/02/23,,32.86414394,v01,es,,,,Venezuela (Bolivarian Republic of),Urbana Santa Rosa,10.1229995,-67.98501471,VIII,0.0,0,0,0.0
VE081408,EMSR884/AOI09 - Valencia,Urbana Santa Rosa,,,,VE081408,Valencia,,,,VE0814,Carabobo,,,,VE08,Venezuela (República Bolivariana de),,,,VE,2021/02/23,,32.86414394,v01,es,,,,Venezuela (Bolivarian Republic of),Urbana Santa Rosa,10.1229995,-67.98501471,IX,0.0,0,0,0.0
VE081408,EMSR884/AOI09 - Valencia,Urbana Santa Rosa,,,,VE081408,Valencia,,,,VE0814,Carabobo,,,,VE08,Venezuela (República Bolivariana de),,,,VE,2021/02/23,,32.86414394,v01,es,,,,Venezuela (Bolivarian Republic of),Urbana Santa Rosa,10.1229995,-67.98501471,X+,0.0,0,0,0.0
VE121201,EMSR884/AOI11 - Villa de Cura,Capital San Juan de los Morros,,,,VE121201,Juan Germán Roscio,,,,VE1212,Guárico,,,,VE12,Venezuela (República Bolivariana de),,,,VE,2021/02/23,,581.76748832,v01,es,,,,Venezuela (Bolivarian Republic of),Capital San Juan de los Morros,9.89283762,-67.33969157,I,0.0,0,0,0.0
VE121201,EMSR884/AOI11 - Villa de Cura,Capital San Juan de los Morros,,,,VE121201,Juan Germán Roscio,,,,VE1212,Guárico,,,,VE12,Venezuela (República Bolivariana de),,,,VE,2021/02/23,,581.76748832,v01,es,,,,Venezuela (Bolivarian Republic of),Capital San Juan de los Morros,9.89283762,-67.33969157,II-III,0.0,0,0,0.0
VE121201,EMSR884/AOI11 - Villa de Cura,Capital San Juan de los Morros,,,,VE121201,Juan Germán Roscio,,,,VE1212,Guárico,,,,VE12,Venezuela (República Bolivariana de),,,,VE,2021/02/23,,581.76748832,v01,es,,,,Venezuela (Bolivarian Republic of),Capital San Juan de los Morros,9.89283762,-67.33969157,IV,0.0,0,0,0.0
VE121201,EMSR884/AOI11 - Villa de Cura,Capital San Juan de los Morros,,,,VE121201,Juan Germán Roscio,,,,VE1212,Guárico,,,,VE12,Venezuela (República Bolivariana de),,,,VE,2021/02/23,,581.76748832,v01,es,,,,Venezuela (Bolivarian Republic of),Capital San Juan de los Morros,9.89283762,-67.33969157,V,243.313,13838,33,23668.0
VE121201,EMSR884/AOI11 - Villa de Cura,Capital San Juan de los Morros,,,,VE121201,Juan Germán Roscio,,,,VE1212,Guárico,,,,VE12,Venezuela (República Bolivariana de),,,,VE,2021/02/23,,581.76748832,v01,es,,,,Venezuela (Bolivarian Republic of),Capital San Juan de los Morros,9.89283762,-67.33969157,VI,342.135,32387,579,71444.0
VE121201,EMSR884/AOI11 - Villa de Cura,Capital San Juan de los Morros,,,,VE121201,Juan Germán Roscio,,,,VE1212,Guárico,,,,VE12,Venezuela (República Bolivariana de),,,,VE,2021/02/23,,581.76748832,v01,es,,,,Venezuela (Bolivarian Republic of),Capital San Juan de los Morros,9.89283762,-67.33969157,VII,0.0,0,0,0.0
VE121201,EMSR884/AOI11 - Villa de Cura,Capital San Juan de los Morros,,,,VE121201,Juan Germán Roscio,,,,VE1212,Guárico,,,,VE12,Venezuela (República Bolivariana de),,,,VE,2021/02/23,,581.76748832,v01,es,,,,Venezuela (Bolivarian Republic of),Capital San Juan de los Morros,9.89283762,-67.33969157,VIII,0.0,0,0,0.0
VE121201,EMSR884/AOI11 - Villa de Cura,Capital San Juan de los Morros,,,,VE121201,Juan Germán Roscio,,,,VE1212,Guárico,,,,VE12,Venezuela (República Bolivariana de),,,,VE,2021/02/23,,581.76748832,v01,es,,,,Venezuela (Bolivarian Republic of),Capital San Juan de los Morros,9.89283762,-67.33969157,IX,0.0,0,0,0.0
VE121201,EMSR884/AOI11 - Villa de Cura,Capital San Juan de los Morros,,,,VE121201,Juan Germán Roscio,,,,VE1212,Guárico,,,,VE12,Venezuela (República Bolivariana de),,,,VE,2021/02/23,,581.76748832,v01,es,,,,Venezuela (Bolivarian Republic of),Capital San Juan de los Morros,9.89283762,-67.33969157,X+,0.0,0,0,0.0
VE150301,EMSR884/AOI01 - Petare; EMSR884/AOI02 - Caracas,Nuestra Señora del Rosario de Baruta,,,,VE150301,Baruta,,,,VE1503,Miranda,,,,VE15,Venezuela (República Bolivariana de),,,,VE,2021/02/23,,80.85138044,v01,es,,,,Venezuela (Bolivarian Republic of),Nuestra Senora del Rosario de Baruta,10.4157765,-66.87300327,I,0.0,0,0,0.0
VE150301,EMSR884/AOI01 - Petare; EMSR884/AOI02 - Caracas,Nuestra Señora del Rosario de Baruta,,,,VE150301,Baruta,,,,VE1503,Miranda,,,,VE15,Venezuela (República Bolivariana de),,,,VE,2021/02/23,,80.85138044,v01,es,,,,Venezuela (Bolivarian Republic of),Nuestra Senora del Rosario de Baruta,10.4157765,-66.87300327,II-III,0.0,0,0,0.0
VE150301,EMSR884/AOI01 - Petare; EMSR884/AOI02 - Caracas,Nuestra Señora del Rosario de Baruta,,,,VE150301,Baruta,,,,VE1503,Miranda,,,,VE15,Venezuela (República Bolivariana de),,,,VE,2021/02/23,,80.85138044,v01,es,,,,Venezuela (Bolivarian Republic of),Nuestra Senora del Rosario de Baruta,10.4157765,-66.87300327,IV,0.0,0,0,0.0
VE150301,EMSR884/AOI01 - Petare; EMSR884/AOI02 - Caracas,Nuestra Señora del Rosario de Baruta,,,,VE150301,Baruta,,,,VE1503,Miranda,,,,VE15,Venezuela (República Bolivariana de),,,,VE,2021/02/23,,80.85138044,v01,es,,,,Venezuela (Bolivarian Republic of),Nuestra Senora del Rosario de Baruta,10.4157765,-66.87300327,V,0.0,0,0,0.0
VE150301,EMSR884/AOI01 - Petare; EMSR884/AOI02 - Caracas,Nuestra Señora del Rosario de Baruta,,,,VE150301,Baruta,,,,VE1503,Miranda,,,,VE15,Venezuela (República Bolivariana de),,,,VE,2021/02/23,,80.85138044,v01,es,,,,Venezuela (Bolivarian Republic of),Nuestra Senora del Rosario de Baruta,10.4157765,-66.87300327,VI,39.488,7184,119,28775.0
VE150301,EMSR884/AOI01 - Petare; EMSR884/AOI02 - Caracas,Nuestra Señora del Rosario de Baruta,,,,VE150301,Baruta,,,,VE1503,Miranda,,,,VE15,Venezuela (República Bolivariana de),,,,VE,2021/02/23,,80.85138044,v01,es,,,,Venezuela (Bolivarian Republic of),Nuestra Senora del Rosario de Baruta,10.4157765,-66.87300327,VII,41.872,28766,3974,201607.0
VE150301,EMSR884/AOI01 - Petare; EMSR884/AOI02 - Caracas,Nuestra Señora del Rosario de Baruta,,,,VE150301,Baruta,,,,VE1503,Miranda,,,,VE15,Venezuela (República Bolivariana de),,,,VE,2021/02/23,,80.85138044,v01,es,,,,Venezuela (Bolivarian Republic of),Nuestra Senora del Rosario de Baruta,10.4157765,-66.87300327,VIII,0.0,0,0,0.0
VE150301,EMSR884/AOI01 - Petare; EMSR884/AOI02 - Caracas,Nuestra Señora del Rosario de Baruta,,,,VE150301,Baruta,,,,VE1503,Miranda,,,,VE15,Venezuela (República Bolivariana de),,,,VE,2021/02/23,,80.85138044,v01,es,,,,Venezuela (Bolivarian Republic of),Nuestra Senora del Rosario de Baruta,10.4157765,-66.87300327,IX,0.0,0,0,0.0
VE150301,EMSR884/AOI01 - Petare; EMSR884/AOI02 - Caracas,Nuestra Señora del Rosario de Baruta,,,,VE150301,Baruta,,,,VE1503,Miranda,,,,VE15,Venezuela (República Bolivariana de),,,,VE,2021/02/23,,80.85138044,v01,es,,,,Venezuela (Bolivarian Republic of),Nuestra Senora del Rosario de Baruta,10.4157765,-66.87300327,X+,0.0,0,0,0.0
VE150302,EMSR884/AOI01 - Petare; EMSR884/AOI02 - Caracas,El Cafetal,,,,VE150302,Baruta,,,,VE1503,Miranda,,,,VE15,Venezuela (República Bolivariana de),,,,VE,2021/02/23,,8.48172546,v01,es,,,,Venezuela (Bolivarian Republic of),El Cafetal,10.4680275,-66.8394483,I,0.0,0,0,0.0
VE150302,EMSR884/AOI01 - Petare; EMSR884/AOI02 - Caracas,El Cafetal,,,,VE150302,Baruta,,,,VE1503,Miranda,,,,VE15,Venezuela (República Bolivariana de),,,,VE,2021/02/23,,8.48172546,v01,es,,,,Venezuela (Bolivarian Republic of),El Cafetal,10.4680275,-66.8394483,II-III,0.0,0,0,0.0
VE150302,EMSR884/AOI01 - Petare; EMSR884/AOI02 - Caracas,El Cafetal,,,,VE150302,Baruta,,,,VE1503,Miranda,,,,VE15,Venezuela (República Bolivariana de),,,,VE,2021/02/23,,8.48172546,v01,es,,,,Venezuela (Bolivarian Republic of),El Cafetal,10.4680275,-66.8394483,IV,0.0,0,0,0.0
VE150302,EMSR884/AOI01 - Petare; EMSR884/AOI02 - Caracas,El Cafetal,,,,VE150302,Baruta,,,,VE1503,Miranda,,,,VE15,Venezuela (República Bolivariana de),,,,VE,2021/02/23,,8.48172546,v01,es,,,,Venezuela (Bolivarian Republic of),El Cafetal,10.4680275,-66.8394483,V,0.0,0,0,0.0
VE150302,EMSR884/AOI01 - Petare; EMSR884/AOI02 - Caracas,El Cafetal,,,,VE150302,Baruta,,,,VE1503,Miranda,,,,VE15,Venezuela (República Bolivariana de),,,,VE,2021/02/23,,8.48172546,v01,es,,,,Venezuela (Bolivarian Republic of),El Cafetal,10.4680275,-66.8394483,VI,3.334,3473,424,26342.0
VE150302,EMSR884/AOI01 - Petare; EMSR884/AOI02 - Caracas,El Cafetal,,,,VE150302,Baruta,,,,VE1503,Miranda,,,,VE15,Venezuela (República Bolivariana de),,,,VE,2021/02/23,,8.48172546,v01,es,,,,Venezuela (Bolivarian Republic of),El Cafetal,10.4680275,-66.8394483,VII,5.201,4515,516,36062.0
VE150302,EMSR884/AOI01 - Petare; EMSR884/AOI02 - Caracas,El Cafetal,,,,VE150302,Baruta,,,,VE1503,Miranda,,,,VE15,Venezuela (República Bolivariana de),,,,VE,2021/02/23,,8.48172546,v01,es,,,,Venezuela (Bolivarian Republic of),El Cafetal,10.4680275,-66.8394483,VIII,0.0,0,0,0.0
VE150302,EMSR884/AOI01 - Petare; EMSR884/AOI02 - Caracas,El Cafetal,,,,VE150302,Baruta,,,,VE1503,Miranda,,,,VE15,Venezuela (República Bolivariana de),,,,VE,2021/02/23,,8.48172546,v01,es,,,,Venezuela (Bolivarian Republic of),El Cafetal,10.4680275,-66.8394483,IX,0.0,0,0,0.0
VE150302,EMSR884/AOI01 - Petare; EMSR884/AOI02 - Caracas,El Cafetal,,,,VE150302,Baruta,,,,VE1503,Miranda,,,,VE15,Venezuela (República Bolivariana de),,,,VE,2021/02/23,,8.48172546,v01,es,,,,Venezuela (Bolivarian Republic of),El Cafetal,10.4680275,-66.8394483,X+,0.0,0,0,0.0
VE150303,EMSR884/AOI01 - Petare; EMSR884/AOI02 - Caracas,Las Minas de Baruta,,,,VE150303,Baruta,,,,VE1503,Miranda,,,,VE15,Venezuela (República Bolivariana de),,,,VE,2021/02/23,,4.36348258,v01,es,,,,Venezuela (Bolivarian Republic of),Las Minas de Baruta,10.461111,-66.85937374,I,0.0,0,0,0.0
VE150303,EMSR884/AOI01 - Petare; EMSR884/AOI02 - Caracas,Las Minas de Baruta,,,,VE150303,Baruta,,,,VE1503,Miranda,,,,VE15,Venezuela (República Bolivariana de),,,,VE,2021/02/23,,4.36348258,v01,es,,,,Venezuela (Bolivarian Republic of),Las Minas de Baruta,10.461111,-66.85937374,II-III,0.0,0,0,0.0
VE150303,EMSR884/AOI01 - Petare; EMSR884/AOI02 - Caracas,Las Minas de Baruta,,,,VE150303,Baruta,,,,VE1503,Miranda,,,,VE15,Venezuela (República Bolivariana de),,,,VE,2021/02/23,,4.36348258,v01,es,,,,Venezuela (Bolivarian Republic of),Las Minas de Baruta,10.461111,-66.85937374,IV,0.0,0,0,0.0
VE150303,EMSR884/AOI01 - Petare; EMSR884/AOI02 - Caracas,Las Minas de Baruta,,,,VE150303,Baruta,,,,VE1503,Miranda,,,,VE15,Venezuela (República Bolivariana de),,,,VE,2021/02/23,,4.36348258,v01,es,,,,Venezuela (Bolivarian Republic of),Las Minas de Baruta,10.461111,-66.85937374,V,0.0,0,0,0.0
VE150303,EMSR884/AOI01 - Petare; EMSR884/AOI02 - Caracas,Las Minas de Baruta,,,,VE150303,Baruta,,,,VE1503,Miranda,,,,VE15,Venezuela (República Bolivariana de),,,,VE,2021/02/23,,4.36348258,v01,es,,,,Venezuela (Bolivarian Republic of),Las Minas de Baruta,10.461111,-66.85937374,VI,0.0,0,0,0.0
VE150303,EMSR884/AOI01 - Petare; EMSR884/AOI02 - Caracas,Las Minas de Baruta,,,,VE150303,Baruta,,,,VE1503,Miranda,,,,VE15,Venezuela (República Bolivariana de),,,,VE,2021/02/23,,4.36348258,v01,es,,,,Venezuela (Bolivarian Republic of),Las Minas de Baruta,10.461111,-66.85937374,VII,4.391,4098,378,26796.0
VE150303,EMSR884/AOI01 - Petare; EMSR884/AOI02 - Caracas,Las Minas de Baruta,,,,VE150303,Baruta,,,,VE1503,Miranda,,,,VE15,Venezuela (República Bolivariana de),,,,VE,2021/02/23,,4.36348258,v01,es,,,,Venezuela (Bolivarian Republic of),Las Minas de Baruta,10.461111,-66.85937374,VIII,0.0,0,0,0.0
VE150303,EMSR884/AOI01 - Petare; EMSR884/AOI02 - Caracas,Las Minas de Baruta,,,,VE150303,Baruta,,,,VE1503,Miranda,,,,VE15,Venezuela (República Bolivariana de),,,,VE,2021/02/23,,4.36348258,v01,es,,,,Venezuela (Bolivarian Republic of),Las Minas de Baruta,10.461111,-66.85937374,IX,0.0,0,0,0.0
VE150303,EMSR884/AOI01 - Petare; EMSR884/AOI02 - Caracas,Las Minas de Baruta,,,,VE150303,Baruta,,,,VE1503,Miranda,,,,VE15,Venezuela (República Bolivariana de),,,,VE,2021/02/23,,4.36348258,v01,es,,,,Venezuela (Bolivarian Republic of),Las Minas de Baruta,10.461111,-66.85937374,X+,0.0,0,0,0.0
VE150701,EMSR884/AOI01 - Petare; EMSR884/AOI02 - Caracas,Chacao,,,,VE150701,Chacao,,,,VE1507,Miranda,,,,VE15,Venezuela (República Bolivariana de),,,,VE,2021/02/23,,19.34472955,v01,es,,,,Venezuela (Bolivarian Republic of),Chacao,10.516405,-66.85111069,I,0.0,0,0,0.0
VE150701,EMSR884/AOI01 - Petare; EMSR884/AOI02 - Caracas,Chacao,,,,VE150701,Chacao,,,,VE1507,Miranda,,,,VE15,Venezuela (República Bolivariana de),,,,VE,2021/02/23,,19.34472955,v01,es,,,,Venezuela (Bolivarian Republic of),Chacao,10.516405,-66.85111069,II-III,0.0,0,0,0.0
VE150701,EMSR884/AOI01 - Petare; EMSR884/AOI02 - Caracas,Chacao,,,,VE150701,Chacao,,,,VE1507,Miranda,,,,VE15,Venezuela (República Bolivariana de),,,,VE,2021/02/23,,19.34472955,v01,es,,,,Venezuela (Bolivarian Republic of),Chacao,10.516405,-66.85111069,IV,0.0,0,0,0.0
VE150701,EMSR884/AOI01 - Petare; EMSR884/AOI02 - Caracas,Chacao,,,,VE150701,Chacao,,,,VE1507,Miranda,,,,VE15,Venezuela (República Bolivariana de),,,,VE,2021/02/23,,19.34472955,v01,es,,,,Venezuela (Bolivarian Republic of),Chacao,10.516405,-66.85111069,V,0.0,0,0,0.0
VE150701,EMSR884/AOI01 - Petare; EMSR884/AOI02 - Caracas,Chacao,,,,VE150701,Chacao,,,,VE1507,Miranda,,,,VE15,Venezuela (República Bolivariana de),,,,VE,2021/02/23,,19.34472955,v01,es,,,,Venezuela (Bolivarian Republic of),Chacao,10.516405,-66.85111069,VI,0.0,0,0,0.0
VE150701,EMSR884/AOI01 - Petare; EMSR884/AOI02 - Caracas,Chacao,,,,VE150701,Chacao,,,,VE1507,Miranda,,,,VE15,Venezuela (República Bolivariana de),,,,VE,2021/02/23,,19.34472955,v01,es,,,,Venezuela (Bolivarian Republic of),Chacao,10.516405,-66.85111069,VII,13.043,9588,1757,71963.0
VE150701,EMSR884/AOI01 - Petare; EMSR884/AOI02 - Caracas,Chacao,,,,VE150701,Chacao,,,,VE1507,Miranda,,,,VE15,Venezuela (República Bolivariana de),,,,VE,2021/02/23,,19.34472955,v01,es,,,,Venezuela (Bolivarian Republic of),Chacao,10.516405,-66.85111069,VIII,6.423,1,0,28.0
VE150701,EMSR884/AOI01 - Petare; EMSR884/AOI02 - Caracas,Chacao,,,,VE150701,Chacao,,,,VE1507,Miranda,,,,VE15,Venezuela (República Bolivariana de),,,,VE,2021/02/23,,19.34472955,v01,es,,,,Venezuela (Bolivarian Republic of),Chacao,10.516405,-66.85111069,IX,0.0,0,0,0.0
VE150701,EMSR884/AOI01 - Petare; EMSR884/AOI02 - Caracas,Chacao,,,,VE150701,Chacao,,,,VE1507,Miranda,,,,VE15,Venezuela (República Bolivariana de),,,,VE,2021/02/23,,19.34472955,v01,es,,,,Venezuela (Bolivarian Republic of),Chacao,10.516405,-66.85111069,X+,0.0,0,0,0.0
VE150901,EMSR884/AOI01 - Petare; EMSR884/AOI02 - Caracas,El Hatillo,,,,VE150901,El Hatillo,,,,VE1509,Miranda,,,,VE15,Venezuela (República Bolivariana de),,,,VE,2021/02/23,,113.75448218,v01,es,,,,Venezuela (Bolivarian Republic of),El Hatillo,10.4073985,-66.79685734,I,0.0,0,0,0.0
VE150901,EMSR884/AOI01 - Petare; EMSR884/AOI02 - Caracas,El Hatillo,,,,VE150901,El Hatillo,,,,VE1509,Miranda,,,,VE15,Venezuela (República Bolivariana de),,,,VE,2021/02/23,,113.75448218,v01,es,,,,Venezuela (Bolivarian Republic of),El Hatillo,10.4073985,-66.79685734,II-III,0.0,0,0,0.0
VE150901,EMSR884/AOI01 - Petare; EMSR884/AOI02 - Caracas,El Hatillo,,,,VE150901,El Hatillo,,,,VE1509,Miranda,,,,VE15,Venezuela (República Bolivariana de),,,,VE,2021/02/23,,113.75448218,v01,es,,,,Venezuela (Bolivarian Republic of),El Hatillo,10.4073985,-66.79685734,IV,0.0,0,0,0.0
VE150901,EMSR884/AOI01 - Petare; EMSR884/AOI02 - Caracas,El Hatillo,,,,VE150901,El Hatillo,,,,VE1509,Miranda,,,,VE15,Venezuela (República Bolivariana de),,,,VE,2021/02/23,,113.75448218,v01,es,,,,Venezuela (Bolivarian Republic of),El Hatillo,10.4073985,-66.79685734,V,0.0,0,0,0.0
VE150901,EMSR884/AOI01 - Petare; EMSR884/AOI02 - Caracas,El Hatillo,,,,VE150901,El Hatillo,,,,VE1509,Miranda,,,,VE15,Venezuela (República Bolivariana de),,,,VE,2021/02/23,,113.75448218,v01,es,,,,Venezuela (Bolivarian Republic of),El Hatillo,10.4073985,-66.79685734,VI,25.511,1942,106,10100.0
VE150901,EMSR884/AOI01 - Petare; EMSR884/AOI02 - Caracas,El Hatillo,,,,VE150901,El Hatillo,,,,VE1509,Miranda,,,,VE15,Venezuela (República Bolivariana de),,,,VE,2021/02/23,,113.75448218,v01,es,,,,Venezuela (Bolivarian Republic of),El Hatillo,10.4073985,-66.79685734,VII,88.959,23056,1497,124777.0
VE150901,EMSR884/AOI01 - Petare; EMSR884/AOI02 - Caracas,El Hatillo,,,,VE150901,El Hatillo,,,,VE1509,Miranda,,,,VE15,Venezuela (República Bolivariana de),,,,VE,2021/02/23,,113.75448218,v01,es,,,,Venezuela (Bolivarian Republic of),El Hatillo,10.4073985,-66.79685734,VIII,0.0,0,0,0.0
VE150901,EMSR884/AOI01 - Petare; EMSR884/AOI02 - Caracas,El Hatillo,,,,VE150901,El Hatillo,,,,VE1509,Miranda,,,,VE15,Venezuela (República Bolivariana de),,,,VE,2021/02/23,,113.75448218,v01,es,,,,Venezuela (Bolivarian Republic of),El Hatillo,10.4073985,-66.79685734,IX,0.0,0,0,0.0
VE150901,EMSR884/AOI01 - Petare; EMSR884/AOI02 - Caracas,El Hatillo,,,,VE150901,El Hatillo,,,,VE1509,Miranda,,,,VE15,Venezuela (República Bolivariana de),,,,VE,2021/02/23,,113.75448218,v01,es,,,,Venezuela (Bolivarian Republic of),El Hatillo,10.4073985,-66.79685734,X+,0.0,0,0,0.0
VE151301,EMSR884/AOI02 - Caracas,San Antonio de los Altos,,,,VE151301,Los Salías,,,,VE1513,Miranda,,,,VE15,Venezuela (República Bolivariana de),,,,VE,2021/02/23,,57.3234601,v01,es,,,,Venezuela (Bolivarian Republic of),San Antonio de los Altos,10.3848485,-66.95892837,I,0.0,0,0,0.0
VE151301,EMSR884/AOI02 - Caracas,San Antonio de los Altos,,,,VE151301,Los Salías,,,,VE1513,Miranda,,,,VE15,Venezuela (República Bolivariana de),,,,VE,2021/02/23,,57.3234601,v01,es,,,,Venezuela (Bolivarian Republic of),San Antonio de los Altos,10.3848485,-66.95892837,II-III,0.0,0,0,0.0
VE151301,EMSR884/AOI02 - Caracas,San Antonio de los Altos,,,,VE151301,Los Salías,,,,VE1513,Miranda,,,,VE15,Venezuela (República Bolivariana de),,,,VE,2021/02/23,,57.3234601,v01,es,,,,Venezuela (Bolivarian Republic of),San Antonio de los Altos,10.3848485,-66.95892837,IV,0.0,0,0,0.0
VE151301,EMSR884/AOI02 - Caracas,San Antonio de los Altos,,,,VE151301,Los Salías,,,,VE1513,Miranda,,,,VE15,Venezuela (República Bolivariana de),,,,VE,2021/02/23,,57.3234601,v01,es,,,,Venezuela (Bolivarian Republic of),San Antonio de los Altos,10.3848485,-66.95892837,V,0.0,0,0,0.0
VE151301,EMSR884/AOI02 - Caracas,San Antonio de los Altos,,,,VE151301,Los Salías,,,,VE1513,Miranda,,,,VE15,Venezuela (República Bolivariana de),,,,VE,2021/02/23,,57.3234601,v01,es,,,,Venezuela (Bolivarian Republic of),San Antonio de los Altos,10.3848485,-66.95892837,VI,57.647,15644,541,92740.0
VE151301,EMSR884/AOI02 - Caracas,San Antonio de los Altos,,,,VE151301,Los Salías,,,,VE1513,Miranda,,,,VE15,Venezuela (República Bolivariana de),,,,VE,2021/02/23,,57.3234601,v01,es,,,,Venezuela (Bolivarian Republic of),San Antonio de los Altos,10.3848485,-66.95892837,VII,0.038,3,0,2.0
VE151301,EMSR884/AOI02 - Caracas,San Antonio de los Altos,,,,VE151301,Los Salías,,,,VE1513,Miranda,,,,VE15,Venezuela (República Bolivariana de),,,,VE,2021/02/23,,57.3234601,v01,es,,,,Venezuela (Bolivarian Republic of),San Antonio de los Altos,10.3848485,-66.95892837,VIII,0.0,0,0,0.0
VE151301,EMSR884/AOI02 - Caracas,San Antonio de los Altos,,,,VE151301,Los Salías,,,,VE1513,Miranda,,,,VE15,Venezuela (República Bolivariana de),,,,VE,2021/02/23,,57.3234601,v01,es,,,,Venezuela (Bolivarian Republic of),San Antonio de los Altos,10.3848485,-66.95892837,IX,0.0,0,0,0.0
VE151301,EMSR884/AOI02 - Caracas,San Antonio de los Altos,,,,VE151301,Los Salías,,,,VE1513,Miranda,,,,VE15,Venezuela (República Bolivariana de),,,,VE,2021/02/23,,57.3234601,v01,es,,,,Venezuela (Bolivarian Republic of),San Antonio de los Altos,10.3848485,-66.95892837,X+,0.0,0,0,0.0
VE151701,EMSR884/AOI01 - Petare,Guarenas,,,,VE151701,Plaza,,,,VE1517,Miranda,,,,VE15,Venezuela (República Bolivariana de),,,,VE,2021/02/23,,193.51307282,v01,es,,,,Venezuela (Bolivarian Republic of),Guarenas,10.4731185,-66.6520027,I,0.0,0,0,0.0
VE151701,EMSR884/AOI01 - Petare,Guarenas,,,,VE151701,Plaza,,,,VE1517,Miranda,,,,VE15,Venezuela (República Bolivariana de),,,,VE,2021/02/23,,193.51307282,v01,es,,,,Venezuela (Bolivarian Republic of),Guarenas,10.4731185,-66.6520027,II-III,0.0,0,0,0.0
VE151701,EMSR884/AOI01 - Petare,Guarenas,,,,VE151701,Plaza,,,,VE1517,Miranda,,,,VE15,Venezuela (República Bolivariana de),,,,VE,2021/02/23,,193.51307282,v01,es,,,,Venezuela (Bolivarian Republic of),Guarenas,10.4731185,-66.6520027,IV,0.0,0,0,0.0
VE151701,EMSR884/AOI01 - Petare,Guarenas,,,,VE151701,Plaza,,,,VE1517,Miranda,,,,VE15,Venezuela (República Bolivariana de),,,,VE,2021/02/23,,193.51307282,v01,es,,,,Venezuela (Bolivarian Republic of),Guarenas,10.4731185,-66.6520027,V,0.0,0,0,0.0
VE151701,EMSR884/AOI01 - Petare,Guarenas,,,,VE151701,Plaza,,,,VE1517,Miranda,,,,VE15,Venezuela (República Bolivariana de),,,,VE,2021/02/23,,193.51307282,v01,es,,,,Venezuela (Bolivarian Republic of),Guarenas,10.4731185,-66.6520027,VI,0.0,0,0,0.0
VE151701,EMSR884/AOI01 - Petare,Guarenas,,,,VE151701,Plaza,,,,VE1517,Miranda,,,,VE15,Venezuela (República Bolivariana de),,,,VE,2021/02/23,,193.51307282,v01,es,,,,Venezuela (Bolivarian Republic of),Guarenas,10.4731185,-66.6520027,VII,182.577,34732,28861,189755.0
VE151701,EMSR884/AOI01 - Petare,Guarenas,,,,VE151701,Plaza,,,,VE1517,Miranda,,,,VE15,Venezuela (República Bolivariana de),,,,VE,2021/02/23,,193.51307282,v01,es,,,,Venezuela (Bolivarian Republic of),Guarenas,10.4731185,-66.6520027,VIII,12.156,1,0,1.0
VE151701,EMSR884/AOI01 - Petare,Guarenas,,,,VE151701,Plaza,,,,VE1517,Miranda,,,,VE15,Venezuela (República Bolivariana de),,,,VE,2021/02/23,,193.51307282,v01,es,,,,Venezuela (Bolivarian Republic of),Guarenas,10.4731185,-66.6520027,IX,0.0,0,0,0.0
VE151701,EMSR884/AOI01 - Petare,Guarenas,,,,VE151701,Plaza,,,,VE1517,Miranda,,,,VE15,Venezuela (República Bolivariana de),,,,VE,2021/02/23,,193.51307282,v01,es,,,,Venezuela (Bolivarian Republic of),Guarenas,10.4731185,-66.6520027,X+,0.0,0,0,0.0
VE151901,EMSR884/AOI01 - Petare; EMSR884/AOI02 - Caracas,Petare,,,,VE151901,Sucre,,,,VE1519,Miranda,,,,VE15,Venezuela (República Bolivariana de),,,,VE,2021/02/23,,49.90892675,v01,es,,,,Venezuela (Bolivarian Republic of),Petare,10.4983805,-66.79029622,I,0.0,0,0,0.0
VE151901,EMSR884/AOI01 - Petare; EMSR884/AOI02 - Caracas,Petare,,,,VE151901,Sucre,,,,VE1519,Miranda,,,,VE15,Venezuela (República Bolivariana de),,,,VE,2021/02/23,,49.90892675,v01,es,,,,Venezuela (Bolivarian Republic of),Petare,10.4983805,-66.79029622,II-III,0.0,0,0,0.0
VE151901,EMSR884/AOI01 - Petare; EMSR884/AOI02 - Caracas,Petare,,,,VE151901,Sucre,,,,VE1519,Miranda,,,,VE15,Venezuela (República Bolivariana de),,,,VE,2021/02/23,,49.90892675,v01,es,,,,Venezuela (Bolivarian Republic of),Petare,10.4983805,-66.79029622,IV,0.0,0,0,0.0
VE151901,EMSR884/AOI01 - Petare; EMSR884/AOI02 - Caracas,Petare,,,,VE151901,Sucre,,,,VE1519,Miranda,,,,VE15,Venezuela (República Bolivariana de),,,,VE,2021/02/23,,49.90892675,v01,es,,,,Venezuela (Bolivarian Republic of),Petare,10.4983805,-66.79029622,V,0.0,0,0,0.0
VE151901,EMSR884/AOI01 - Petare; EMSR884/AOI02 - Caracas,Petare,,,,VE151901,Sucre,,,,VE1519,Miranda,,,,VE15,Venezuela (República Bolivariana de),,,,VE,2021/02/23,,49.90892675,v01,es,,,,Venezuela (Bolivarian Republic of),Petare,10.4983805,-66.79029622,VI,0.221,153,9,455.0
VE151901,EMSR884/AOI01 - Petare; EMSR884/AOI02 - Caracas,Petare,,,,VE151901,Sucre,,,,VE1519,Miranda,,,,VE15,Venezuela (República Bolivariana de),,,,VE,2021/02/23,,49.90892675,v01,es,,,,Venezuela (Bolivarian Republic of),Petare,10.4983805,-66.79029622,VII,43.478,49414,16306,269318.0
VE151901,EMSR884/AOI01 - Petare; EMSR884/AOI02 - Caracas,Petare,,,,VE151901,Sucre,,,,VE1519,Miranda,,,,VE15,Venezuela (República Bolivariana de),,,,VE,2021/02/23,,49.90892675,v01,es,,,,Venezuela (Bolivarian Republic of),Petare,10.4983805,-66.79029622,VIII,6.525,5,0,42.0
VE151901,EMSR884/AOI01 - Petare; EMSR884/AOI02 - Caracas,Petare,,,,VE151901,Sucre,,,,VE1519,Miranda,,,,VE15,Venezuela (República Bolivariana de),,,,VE,2021/02/23,,49.90892675,v01,es,,,,Venezuela (Bolivarian Republic of),Petare,10.4983805,-66.79029622,IX,0.0,0,0,0.0
VE151901,EMSR884/AOI01 - Petare; EMSR884/AOI02 - Caracas,Petare,,,,VE151901,Sucre,,,,VE1519,Miranda,,,,VE15,Venezuela (República Bolivariana de),,,,VE,2021/02/23,,49.90892675,v01,es,,,,Venezuela (Bolivarian Republic of),Petare,10.4983805,-66.79029622,X+,0.0,0,0,0.0
VE151902,EMSR884/AOI01 - Petare,Caucaguita,,,,VE151902,Sucre,,,,VE1519,Miranda,,,,VE15,Venezuela (República Bolivariana de),,,,VE,2021/02/23,,55.87192536,v01,es,,,,Venezuela (Bolivarian Republic of),Caucaguita,10.4952635,-66.74256773,I,0.0,0,0,0.0
VE151902,EMSR884/AOI01 - Petare,Caucaguita,,,,VE151902,Sucre,,,,VE1519,Miranda,,,,VE15,Venezuela (República Bolivariana de),,,,VE,2021/02/23,,55.87192536,v01,es,,,,Venezuela (Bolivarian Republic of),Caucaguita,10.4952635,-66.74256773,II-III,0.0,0,0,0.0
VE151902,EMSR884/AOI01 - Petare,Caucaguita,,,,VE151902,Sucre,,,,VE1519,Miranda,,,,VE15,Venezuela (República Bolivariana de),,,,VE,2021/02/23,,55.87192536,v01,es,,,,Venezuela (Bolivarian Republic of),Caucaguita,10.4952635,-66.74256773,IV,0.0,0,0,0.0
VE151902,EMSR884/AOI01 - Petare,Caucaguita,,,,VE151902,Sucre,,,,VE1519,Miranda,,,,VE15,Venezuela (República Bolivariana de),,,,VE,2021/02/23,,55.87192536,v01,es,,,,Venezuela (Bolivarian Republic of),Caucaguita,10.4952635,-66.74256773,V,0.0,0,0,0.0
VE151902,EMSR884/AOI01 - Petare,Caucaguita,,,,VE151902,Sucre,,,,VE1519,Miranda,,,,VE15,Venezuela (República Bolivariana de),,,,VE,2021/02/23,,55.87192536,v01,es,,,,Venezuela (Bolivarian Republic of),Caucaguita,10.4952635,-66.74256773,VI,0.0,0,0,0.0
VE151902,EMSR884/AOI01 - Petare,Caucaguita,,,,VE151902,Sucre,,,,VE1519,Miranda,,,,VE15,Venezuela (República Bolivariana de),,,,VE,2021/02/23,,55.87192536,v01,es,,,,Venezuela (Bolivarian Republic of),Caucaguita,10.4952635,-66.74256773,VII,46.148,13538,353,66483.0
VE151902,EMSR884/AOI01 - Petare,Caucaguita,,,,VE151902,Sucre,,,,VE1519,Miranda,,,,VE15,Venezuela (República Bolivariana de),,,,VE,2021/02/23,,55.87192536,v01,es,,,,Venezuela (Bolivarian Republic of),Caucaguita,10.4952635,-66.74256773,VIII,10.076,25,0,110.0
VE151902,EMSR884/AOI01 - Petare,Caucaguita,,,,VE151902,Sucre,,,,VE1519,Miranda,,,,VE15,Venezuela (República Bolivariana de),,,,VE,2021/02/23,,55.87192536,v01,es,,,,Venezuela (Bolivarian Republic of),Caucaguita,10.4952635,-66.74256773,IX,0.0,0,0,0.0
VE151902,EMSR884/AOI01 - Petare,Caucaguita,,,,VE151902,Sucre,,,,VE1519,Miranda,,,,VE15,Venezuela (República Bolivariana de),,,,VE,2021/02/23,,55.87192536,v01,es,,,,Venezuela (Bolivarian Republic of),Caucaguita,10.4952635,-66.74256773,X+,0.0,0,0,0.0
VE151903,EMSR884/AOI01 - Petare,Filas de Mariches,,,,VE151903,Sucre,,,,VE1519,Miranda,,,,VE15,Venezuela (República Bolivariana de),,,,VE,2021/02/23,,33.5629033,v01,es,,,,Venezuela (Bolivarian Republic of),Filas de Mariches,10.42192,-66.72305297,I,0.0,0,0,0.0
VE151903,EMSR884/AOI01 - Petare,Filas de Mariches,,,,VE151903,Sucre,,,,VE1519,Miranda,,,,VE15,Venezuela (República Bolivariana de),,,,VE,2021/02/23,,33.5629033,v01,es,,,,Venezuela (Bolivarian Republic of),Filas de Mariches,10.42192,-66.72305297,II-III,0.0,0,0,0.0
VE151903,EMSR884/AOI01 - Petare,Filas de Mariches,,,,VE151903,Sucre,,,,VE1519,Miranda,,,,VE15,Venezuela (República Bolivariana de),,,,VE,2021/02/23,,33.5629033,v01,es,,,,Venezuela (Bolivarian Republic of),Filas de Mariches,10.42192,-66.72305297,IV,0.0,0,0,0.0
VE151903,EMSR884/AOI01 - Petare,Filas de Mariches,,,,VE151903,Sucre,,,,VE1519,Miranda,,,,VE15,Venezuela (República Bolivariana de),,,,VE,2021/02/23,,33.5629033,v01,es,,,,Venezuela (Bolivarian Republic of),Filas de Mariches,10.42192,-66.72305297,V,0.0,0,0,0.0
VE151903,EMSR884/AOI01 - Petare,Filas de Mariches,,,,VE151903,Sucre,,,,VE1519,Miranda,,,,VE15,Venezuela (República Bolivariana de),,,,VE,2021/02/23,,33.5629033,v01,es,,,,Venezuela (Bolivarian Republic of),Filas de Mariches,10.42192,-66.72305297,VI,12.172,353,0,1215.0
VE151903,EMSR884/AOI01 - Petare,Filas de Mariches,,,,VE151903,Sucre,,,,VE1519,Miranda,,,,VE15,Venezuela (República Bolivariana de),,,,VE,2021/02/23,,33.5629033,v01,es,,,,Venezuela (Bolivarian Republic of),Filas de Mariches,10.42192,-66.72305297,VII,21.603,9398,20,43494.0
VE151903,EMSR884/AOI01 - Petare,Filas de Mariches,,,,VE151903,Sucre,,,,VE1519,Miranda,,,,VE15,Venezuela (República Bolivariana de),,,,VE,2021/02/23,,33.5629033,v01,es,,,,Venezuela (Bolivarian Republic of),Filas de Mariches,10.42192,-66.72305297,VIII,0.0,0,0,0.0
VE151903,EMSR884/AOI01 - Petare,Filas de Mariches,,,,VE151903,Sucre,,,,VE1519,Miranda,,,,VE15,Venezuela (República Bolivariana de),,,,VE,2021/02/23,,33.5629033,v01,es,,,,Venezuela (Bolivarian Republic of),Filas de Mariches,10.42192,-66.72305297,IX,0.0,0,0,0.0
VE151903,EMSR884/AOI01 - Petare,Filas de Mariches,,,,VE151903,Sucre,,,,VE1519,Miranda,,,,VE15,Venezuela (República Bolivariana de),,,,VE,2021/02/23,,33.5629033,v01,es,,,,Venezuela (Bolivarian Republic of),Filas de Mariches,10.42192,-66.72305297,X+,0.0,0,0,0.0
VE151904,EMSR884/AOI01 - Petare,La Dolorita,,,,VE151904,Sucre,,,,VE1519,Miranda,,,,VE15,Venezuela (República Bolivariana de),,,,VE,2021/02/23,,12.60938517,v01,es,,,,Venezuela (Bolivarian Republic of),La Dolorita,10.461361,-66.77217435,I,0.0,0,0,0.0
VE151904,EMSR884/AOI01 - Petare,La Dolorita,,,,VE151904,Sucre,,,,VE1519,Miranda,,,,VE15,Venezuela (República Bolivariana de),,,,VE,2021/02/23,,12.60938517,v01,es,,,,Venezuela (Bolivarian Republic of),La Dolorita,10.461361,-66.77217435,II-III,0.0,0,0,0.0
VE151904,EMSR884/AOI01 - Petare,La Dolorita,,,,VE151904,Sucre,,,,VE1519,Miranda,,,,VE15,Venezuela (República Bolivariana de),,,,VE,2021/02/23,,12.60938517,v01,es,,,,Venezuela (Bolivarian Republic of),La Dolorita,10.461361,-66.77217435,IV,0.0,0,0,0.0
VE151904,EMSR884/AOI01 - Petare,La Dolorita,,,,VE151904,Sucre,,,,VE1519,Miranda,,,,VE15,Venezuela (República Bolivariana de),,,,VE,2021/02/23,,12.60938517,v01,es,,,,Venezuela (Bolivarian Republic of),La Dolorita,10.461361,-66.77217435,V,0.0,0,0,0.0
VE151904,EMSR884/AOI01 - Petare,La Dolorita,,,,VE151904,Sucre,,,,VE1519,Miranda,,,,VE15,Venezuela (República Bolivariana de),,,,VE,2021/02/23,,12.60938517,v01,es,,,,Venezuela (Bolivarian Republic of),La Dolorita,10.461361,-66.77217435,VI,0.404,0,0,152.0
VE151904,EMSR884/AOI01 - Petare,La Dolorita,,,,VE151904,Sucre,,,,VE1519,Miranda,,,,VE15,Venezuela (República Bolivariana de),,,,VE,2021/02/23,,12.60938517,v01,es,,,,Venezuela (Bolivarian Republic of),La Dolorita,10.461361,-66.77217435,VII,12.285,11268,308,66169.0
VE151904,EMSR884/AOI01 - Petare,La Dolorita,,,,VE151904,Sucre,,,,VE1519,Miranda,,,,VE15,Venezuela (República Bolivariana de),,,,VE,2021/02/23,,12.60938517,v01,es,,,,Venezuela (Bolivarian Republic of),La Dolorita,10.461361,-66.77217435,VIII,0.0,0,0,0.0
VE151904,EMSR884/AOI01 - Petare,La Dolorita,,,,VE151904,Sucre,,,,VE1519,Miranda,,,,VE15,Venezuela (República Bolivariana de),,,,VE,2021/02/23,,12.60938517,v01,es,,,,Venezuela (Bolivarian Republic of),La Dolorita,10.461361,-66.77217435,IX,0.0,0,0,0.0
VE151904,EMSR884/AOI01 - Petare,La Dolorita,,,,VE151904,Sucre,,,,VE1519,Miranda,,,,VE15,Venezuela (República Bolivariana de),,,,VE,2021/02/23,,12.60938517,v01,es,,,,Venezuela (Bolivarian Republic of),La Dolorita,10.461361,-66.77217435,X+,0.0,0,0,0.0
VE151905,EMSR884/AOI01 - Petare; EMSR884/AOI02 - Caracas,Leoncio Martínez,,,,VE151905,Sucre,,,,VE1519,Miranda,,,,VE15,Venezuela (República Bolivariana de),,,,VE,2021/02/23,,20.92280039,v01,es,,,,Venezuela (Bolivarian Republic of),Leoncio Martinez,10.5122315,-66.82719657,I,0.0,0,0,0.0
VE151905,EMSR884/AOI01 - Petare; EMSR884/AOI02 - Caracas,Leoncio Martínez,,,,VE151905,Sucre,,,,VE1519,Miranda,,,,VE15,Venezuela (República Bolivariana de),,,,VE,2021/02/23,,20.92280039,v01,es,,,,Venezuela (Bolivarian Republic of),Leoncio Martinez,10.5122315,-66.82719657,II-III,0.0,0,0,0.0
VE151905,EMSR884/AOI01 - Petare; EMSR884/AOI02 - Caracas,Leoncio Martínez,,,,VE151905,Sucre,,,,VE1519,Miranda,,,,VE15,Venezuela (República Bolivariana de),,,,VE,2021/02/23,,20.92280039,v01,es,,,,Venezuela (Bolivarian Republic of),Leoncio Martinez,10.5122315,-66.82719657,IV,0.0,0,0,0.0
VE151905,EMSR884/AOI01 - Petare; EMSR884/AOI02 - Caracas,Leoncio Martínez,,,,VE151905,Sucre,,,,VE1519,Miranda,,,,VE15,Venezuela (República Bolivariana de),,,,VE,2021/02/23,,20.92280039,v01,es,,,,Venezuela (Bolivarian Republic of),Leoncio Martinez,10.5122315,-66.82719657,V,0.0,0,0,0.0
VE151905,EMSR884/AOI01 - Petare; EMSR884/AOI02 - Caracas,Leoncio Martínez,,,,VE151905,Sucre,,,,VE1519,Miranda,,,,VE15,Venezuela (República Bolivariana de),,,,VE,2021/02/23,,20.92280039,v01,es,,,,Venezuela (Bolivarian Republic of),Leoncio Martinez,10.5122315,-66.82719657,VI,0.0,0,0,0.0
VE151905,EMSR884/AOI01 - Petare; EMSR884/AOI02 - Caracas,Leoncio Martínez,,,,VE151905,Sucre,,,,VE1519,Miranda,,,,VE15,Venezuela (República Bolivariana de),,,,VE,2021/02/23,,20.92280039,v01,es,,,,Venezuela (Bolivarian Republic of),Leoncio Martinez,10.5122315,-66.82719657,VII,14.279,8913,843,66276.0
VE151905,EMSR884/AOI01 - Petare; EMSR884/AOI02 - Caracas,Leoncio Martínez,,,,VE151905,Sucre,,,,VE1519,Miranda,,,,VE15,Venezuela (República Bolivariana de),,,,VE,2021/02/23,,20.92280039,v01,es,,,,Venezuela (Bolivarian Republic of),Leoncio Martinez,10.5122315,-66.82719657,VIII,6.775,0,0,0.0
VE151905,EMSR884/AOI01 - Petare; EMSR884/AOI02 - Caracas,Leoncio Martínez,,,,VE151905,Sucre,,,,VE1519,Miranda,,,,VE15,Venezuela (República Bolivariana de),,,,VE,2021/02/23,,20.92280039,v01,es,,,,Venezuela (Bolivarian Republic of),Leoncio Martinez,10.5122315,-66.82719657,IX,0.0,0,0,0.0
VE151905,EMSR884/AOI01 - Petare; EMSR884/AOI02 - Caracas,Leoncio Martínez,,,,VE151905,Sucre,,,,VE1519,Miranda,,,,VE15,Venezuela (República Bolivariana de),,,,VE,2021/02/23,,20.92280039,v01,es,,,,Venezuela (Bolivarian Republic of),Leoncio Martinez,10.5122315,-66.82719657,X+,0.0,0,0,0.0
VE220101,EMSR884/AOI08 - San Felipe,Arístides Bastidas,,,,VE220101,Arístides Bastidas,,,,VE2201,Yaracuy,,,,VE22,Venezuela (República Bolivariana de),,,,VE,2021/02/23,,64.12467442,v01,es,,,,Venezuela (Bolivarian Republic of),Aristides Bastidas,10.255794,-68.86161871,I,0.0,0,0,0.0
VE220101,EMSR884/AOI08 - San Felipe,Arístides Bastidas,,,,VE220101,Arístides Bastidas,,,,VE2201,Yaracuy,,,,VE22,Venezuela (República Bolivariana de),,,,VE,2021/02/23,,64.12467442,v01,es,,,,Venezuela (Bolivarian Republic of),Aristides Bastidas,10.255794,-68.86161871,II-III,0.0,0,0,0.0
VE220101,EMSR884/AOI08 - San Felipe,Arístides Bastidas,,,,VE220101,Arístides Bastidas,,,,VE2201,Yaracuy,,,,VE22,Venezuela (República Bolivariana de),,,,VE,2021/02/23,,64.12467442,v01,es,,,,Venezuela (Bolivarian Republic of),Aristides Bastidas,10.255794,-68.86161871,IV,0.0,0,0,0.0
VE220101,EMSR884/AOI08 - San Felipe,Arístides Bastidas,,,,VE220101,Arístides Bastidas,,,,VE2201,Yaracuy,,,,VE22,Venezuela (República Bolivariana de),,,,VE,2021/02/23,,64.12467442,v01,es,,,,Venezuela (Bolivarian Republic of),Aristides Bastidas,10.255794,-68.86161871,V,0.0,0,0,0.0
VE220101,EMSR884/AOI08 - San Felipe,Arístides Bastidas,,,,VE220101,Arístides Bastidas,,,,VE2201,Yaracuy,,,,VE22,Venezuela (República Bolivariana de),,,,VE,2021/02/23,,64.12467442,v01,es,,,,Venezuela (Bolivarian Republic of),Aristides Bastidas,10.255794,-68.86161871,VI,19.569,734,0,515.0
VE220101,EMSR884/AOI08 - San Felipe,Arístides Bastidas,,,,VE220101,Arístides Bastidas,,,,VE2201,Yaracuy,,,,VE22,Venezuela (República Bolivariana de),,,,VE,2021/02/23,,64.12467442,v01,es,,,,Venezuela (Bolivarian Republic of),Aristides Bastidas,10.255794,-68.86161871,VII,44.962,8471,0,11226.0
VE220101,EMSR884/AOI08 - San Felipe,Arístides Bastidas,,,,VE220101,Arístides Bastidas,,,,VE2201,Yaracuy,,,,VE22,Venezuela (República Bolivariana de),,,,VE,2021/02/23,,64.12467442,v01,es,,,,Venezuela (Bolivarian Republic of),Aristides Bastidas,10.255794,-68.86161871,VIII,0.0,0,0,0.0
VE220101,EMSR884/AOI08 - San Felipe,Arístides Bastidas,,,,VE220101,Arístides Bastidas,,,,VE2201,Yaracuy,,,,VE22,Venezuela (República Bolivariana de),,,,VE,2021/02/23,,64.12467442,v01,es,,,,Venezuela (Bolivarian Republic of),Aristides Bastidas,10.255794,-68.86161871,IX,0.0,0,0,0.0
VE220101,EMSR884/AOI08 - San Felipe,Arístides Bastidas,,,,VE220101,Arístides Bastidas,,,,VE2201,Yaracuy,,,,VE22,Venezuela (República Bolivariana de),,,,VE,2021/02/23,,64.12467442,v01,es,,,,Venezuela (Bolivarian Republic of),Aristides Bastidas,10.255794,-68.86161871,X+,0.0,0,0,0.0
VE220401,EMSR884/AOI08 - San Felipe,Cocorote,,,,VE220401,Cocorote,,,,VE2204,Yaracuy,,,,VE22,Venezuela (República Bolivariana de),,,,VE,2021/02/23,,86.88822145,v01,es,,,,Venezuela (Bolivarian Republic of),Cocorote,10.2958905,-68.78378455,I,0.0,0,0,0.0
VE220401,EMSR884/AOI08 - San Felipe,Cocorote,,,,VE220401,Cocorote,,,,VE2204,Yaracuy,,,,VE22,Venezuela (República Bolivariana de),,,,VE,2021/02/23,,86.88822145,v01,es,,,,Venezuela (Bolivarian Republic of),Cocorote,10.2958905,-68.78378455,II-III,0.0,0,0,0.0
VE220401,EMSR884/AOI08 - San Felipe,Cocorote,,,,VE220401,Cocorote,,,,VE2204,Yaracuy,,,,VE22,Venezuela (República Bolivariana de),,,,VE,2021/02/23,,86.88822145,v01,es,,,,Venezuela (Bolivarian Republic of),Cocorote,10.2958905,-68.78378455,IV,0.0,0,0,0.0
VE220401,EMSR884/AOI08 - San Felipe,Cocorote,,,,VE220401,Cocorote,,,,VE2204,Yaracuy,,,,VE22,Venezuela (República Bolivariana de),,,,VE,2021/02/23,,86.88822145,v01,es,,,,Venezuela (Bolivarian Republic of),Cocorote,10.2958905,-68.78378455,V,0.0,0,0,0.0
VE220401,EMSR884/AOI08 - San Felipe,Cocorote,,,,VE220401,Cocorote,,,,VE2204,Yaracuy,,,,VE22,Venezuela (República Bolivariana de),,,,VE,2021/02/23,,86.88822145,v01,es,,,,Venezuela (Bolivarian Republic of),Cocorote,10.2958905,-68.78378455,VI,3.198,62,0,51.0
VE220401,EMSR884/AOI08 - San Felipe,Cocorote,,,,VE220401,Cocorote,,,,VE2204,Yaracuy,,,,VE22,Venezuela (República Bolivariana de),,,,VE,2021/02/23,,86.88822145,v01,es,,,,Venezuela (Bolivarian Republic of),Cocorote,10.2958905,-68.78378455,VII,84.24,13664,7081,28255.0
VE220401,EMSR884/AOI08 - San Felipe,Cocorote,,,,VE220401,Cocorote,,,,VE2204,Yaracuy,,,,VE22,Venezuela (República Bolivariana de),,,,VE,2021/02/23,,86.88822145,v01,es,,,,Venezuela (Bolivarian Republic of),Cocorote,10.2958905,-68.78378455,VIII,0.0,0,0,0.0
VE220401,EMSR884/AOI08 - San Felipe,Cocorote,,,,VE220401,Cocorote,,,,VE2204,Yaracuy,,,,VE22,Venezuela (República Bolivariana de),,,,VE,2021/02/23,,86.88822145,v01,es,,,,Venezuela (Bolivarian Republic of),Cocorote,10.2958905,-68.78378455,IX,0.0,0,0,0.0
VE220401,EMSR884/AOI08 - San Felipe,Cocorote,,,,VE220401,Cocorote,,,,VE2204,Yaracuy,,,,VE22,Venezuela (República Bolivariana de),,,,VE,2021/02/23,,86.88822145,v01,es,,,,Venezuela (Bolivarian Republic of),Cocorote,10.2958905,-68.78378455,X+,0.0,0,0,0.0
VE220501,EMSR884/AOI08 - San Felipe,Independencia,,,,VE220501,Independencia,,,,VE2205,Yaracuy,,,,VE22,Venezuela (República Bolivariana de),,,,VE,2021/02/23,,84.96095605,v01,es,,,,Venezuela (Bolivarian Republic of),Independencia,10.312383,-68.73241902,I,0.0,0,0,0.0
VE220501,EMSR884/AOI08 - San Felipe,Independencia,,,,VE220501,Independencia,,,,VE2205,Yaracuy,,,,VE22,Venezuela (República Bolivariana de),,,,VE,2021/02/23,,84.96095605,v01,es,,,,Venezuela (Bolivarian Republic of),Independencia,10.312383,-68.73241902,II-III,0.0,0,0,0.0
VE220501,EMSR884/AOI08 - San Felipe,Independencia,,,,VE220501,Independencia,,,,VE2205,Yaracuy,,,,VE22,Venezuela (República Bolivariana de),,,,VE,2021/02/23,,84.96095605,v01,es,,,,Venezuela (Bolivarian Republic of),Independencia,10.312383,-68.73241902,IV,0.0,0,0,0.0
VE220501,EMSR884/AOI08 - San Felipe,Independencia,,,,VE220501,Independencia,,,,VE2205,Yaracuy,,,,VE22,Venezuela (República Bolivariana de),,,,VE,2021/02/23,,84.96095605,v01,es,,,,Venezuela (Bolivarian Republic of),Independencia,10.312383,-68.73241902,V,0.0,0,0,0.0
VE220501,EMSR884/AOI08 - San Felipe,Independencia,,,,VE220501,Independencia,,,,VE2205,Yaracuy,,,,VE22,Venezuela (República Bolivariana de),,,,VE,2021/02/23,,84.96095605,v01,es,,,,Venezuela (Bolivarian Republic of),Independencia,10.312383,-68.73241902,VI,2.881,17,0,16.0
VE220501,EMSR884/AOI08 - San Felipe,Independencia,,,,VE220501,Independencia,,,,VE2205,Yaracuy,,,,VE22,Venezuela (República Bolivariana de),,,,VE,2021/02/23,,84.96095605,v01,es,,,,Venezuela (Bolivarian Republic of),Independencia,10.312383,-68.73241902,VII,45.32,7004,4465,17968.0
VE220501,EMSR884/AOI08 - San Felipe,Independencia,,,,VE220501,Independencia,,,,VE2205,Yaracuy,,,,VE22,Venezuela (República Bolivariana de),,,,VE,2021/02/23,,84.96095605,v01,es,,,,Venezuela (Bolivarian Republic of),Independencia,10.312383,-68.73241902,VIII,37.294,14804,8175,39067.0
VE220501,EMSR884/AOI08 - San Felipe,Independencia,,,,VE220501,Independencia,,,,VE2205,Yaracuy,,,,VE22,Venezuela (República Bolivariana de),,,,VE,2021/02/23,,84.96095605,v01,es,,,,Venezuela (Bolivarian Republic of),Independencia,10.312383,-68.73241902,IX,0.0,0,0,0.0
VE220501,EMSR884/AOI08 - San Felipe,Independencia,,,,VE220501,Independencia,,,,VE2205,Yaracuy,,,,VE22,Venezuela (República Bolivariana de),,,,VE,2021/02/23,,84.96095605,v01,es,,,,Venezuela (Bolivarian Republic of),Independencia,10.312383,-68.73241902,X+,0.0,0,0,0.0
VE220701,EMSR884/AOI08 - San Felipe,La Trinidad,,,,VE220701,La Trinidad,,,,VE2207,Yaracuy,,,,VE22,Venezuela (República Bolivariana de),,,,VE,2021/02/23,,44.60525998,v01,es,,,,Venezuela (Bolivarian Republic of),La Trinidad,10.2347455,-68.74555551,I,0.0,0,0,0.0
VE220701,EMSR884/AOI08 - San Felipe,La Trinidad,,,,VE220701,La Trinidad,,,,VE2207,Yaracuy,,,,VE22,Venezuela (República Bolivariana de),,,,VE,2021/02/23,,44.60525998,v01,es,,,,Venezuela (Bolivarian Republic of),La Trinidad,10.2347455,-68.74555551,II-III,0.0,0,0,0.0
VE220701,EMSR884/AOI08 - San Felipe,La Trinidad,,,,VE220701,La Trinidad,,,,VE2207,Yaracuy,,,,VE22,Venezuela (República Bolivariana de),,,,VE,2021/02/23,,44.60525998,v01,es,,,,Venezuela (Bolivarian Republic of),La Trinidad,10.2347455,-68.74555551,IV,0.0,0,0,0.0
VE220701,EMSR884/AOI08 - San Felipe,La Trinidad,,,,VE220701,La Trinidad,,,,VE2207,Yaracuy,,,,VE22,Venezuela (República Bolivariana de),,,,VE,2021/02/23,,44.60525998,v01,es,,,,Venezuela (Bolivarian Republic of),La Trinidad,10.2347455,-68.74555551,V,0.0,0,0,0.0
VE220701,EMSR884/AOI08 - San Felipe,La Trinidad,,,,VE220701,La Trinidad,,,,VE2207,Yaracuy,,,,VE22,Venezuela (República Bolivariana de),,,,VE,2021/02/23,,44.60525998,v01,es,,,,Venezuela (Bolivarian Republic of),La Trinidad,10.2347455,-68.74555551,VI,8.278,93,0,63.0
VE220701,EMSR884/AOI08 - San Felipe,La Trinidad,,,,VE220701,La Trinidad,,,,VE2207,Yaracuy,,,,VE22,Venezuela (República Bolivariana de),,,,VE,2021/02/23,,44.60525998,v01,es,,,,Venezuela (Bolivarian Republic of),La Trinidad,10.2347455,-68.74555551,VII,36.61,7856,5,12388.0
VE220701,EMSR884/AOI08 - San Felipe,La Trinidad,,,,VE220701,La Trinidad,,,,VE2207,Yaracuy,,,,VE22,Venezuela (República Bolivariana de),,,,VE,2021/02/23,,44.60525998,v01,es,,,,Venezuela (Bolivarian Republic of),La Trinidad,10.2347455,-68.74555551,VIII,0.0,0,0,0.0
VE220701,EMSR884/AOI08 - San Felipe,La Trinidad,,,,VE220701,La Trinidad,,,,VE2207,Yaracuy,,,,VE22,Venezuela (República Bolivariana de),,,,VE,2021/02/23,,44.60525998,v01,es,,,,Venezuela (Bolivarian Republic of),La Trinidad,10.2347455,-68.74555551,IX,0.0,0,0,0.0
VE220701,EMSR884/AOI08 - San Felipe,La Trinidad,,,,VE220701,La Trinidad,,,,VE2207,Yaracuy,,,,VE22,Venezuela (República Bolivariana de),,,,VE,2021/02/23,,44.60525998,v01,es,,,,Venezuela (Bolivarian Republic of),La Trinidad,10.2347455,-68.74555551,X+,0.0,0,0,0.0
VE220801,EMSR884/AOI08 - San Felipe,Manuel Monge,,,,VE220801,Manuel Monge,,,,VE2208,Yaracuy,,,,VE22,Venezuela (República Bolivariana de),,,,VE,2021/02/23,,411.14101812,v01,es,,,,Venezuela (Bolivarian Republic of),Manuel Monge,10.61329365,-68.74726916,I,0.0,0,0,0.0
VE220801,EMSR884/AOI08 - San Felipe,Manuel Monge,,,,VE220801,Manuel Monge,,,,VE2208,Yaracuy,,,,VE22,Venezuela (República Bolivariana de),,,,VE,2021/02/23,,411.14101812,v01,es,,,,Venezuela (Bolivarian Republic of),Manuel Monge,10.61329365,-68.74726916,II-III,0.0,0,0,0.0
VE220801,EMSR884/AOI08 - San Felipe,Manuel Monge,,,,VE220801,Manuel Monge,,,,VE2208,Yaracuy,,,,VE22,Venezuela (República Bolivariana de),,,,VE,2021/02/23,,411.14101812,v01,es,,,,Venezuela (Bolivarian Republic of),Manuel Monge,10.61329365,-68.74726916,IV,0.0,0,0,0.0
VE220801,EMSR884/AOI08 - San Felipe,Manuel Monge,,,,VE220801,Manuel Monge,,,,VE2208,Yaracuy,,,,VE22,Venezuela (República Bolivariana de),,,,VE,2021/02/23,,411.14101812,v01,es,,,,Venezuela (Bolivarian Republic of),Manuel Monge,10.61329365,-68.74726916,V,0.0,0,0,0.0
VE220801,EMSR884/AOI08 - San Felipe,Manuel Monge,,,,VE220801,Manuel Monge,,,,VE2208,Yaracuy,,,,VE22,Venezuela (República Bolivariana de),,,,VE,2021/02/23,,411.14101812,v01,es,,,,Venezuela (Bolivarian Republic of),Manuel Monge,10.61329365,-68.74726916,VI,11.661,32,0,20.0
VE220801,EMSR884/AOI08 - San Felipe,Manuel Monge,,,,VE220801,Manuel Monge,,,,VE2208,Yaracuy,,,,VE22,Venezuela (República Bolivariana de),,,,VE,2021/02/23,,411.14101812,v01,es,,,,Venezuela (Bolivarian Republic of),Manuel Monge,10.61329365,-68.74726916,VII,273.703,3982,0,3935.0
VE220801,EMSR884/AOI08 - San Felipe,Manuel Monge,,,,VE220801,Manuel Monge,,,,VE2208,Yaracuy,,,,VE22,Venezuela (República Bolivariana de),,,,VE,2021/02/23,,411.14101812,v01,es,,,,Venezuela (Bolivarian Republic of),Manuel Monge,10.61329365,-68.74726916,VIII,128.414,3071,5,4341.0
VE220801,EMSR884/AOI08 - San Felipe,Manuel Monge,,,,VE220801,Manuel Monge,,,,VE2208,Yaracuy,,,,VE22,Venezuela (República Bolivariana de),,,,VE,2021/02/23,,411.14101812,v01,es,,,,Venezuela (Bolivarian Republic of),Manuel Monge,10.61329365,-68.74726916,IX,0.0,0,0,0.0
VE220801,EMSR884/AOI08 - San Felipe,Manuel Monge,,,,VE220801,Manuel Monge,,,,VE2208,Yaracuy,,,,VE22,Venezuela (República Bolivariana de),,,,VE,2021/02/23,,411.14101812,v01,es,,,,Venezuela (Bolivarian Republic of),Manuel Monge,10.61329365,-68.74726916,X+,0.0,0,0,0.0
VE221101,EMSR884/AOI08 - San Felipe,Capital San Felipe,,,,VE221101,San Felipe,,,,VE2211,Yaracuy,,,,VE22,Venezuela (República Bolivariana de),,,,VE,2021/02/23,,57.56651425,v01,es,,,,Venezuela (Bolivarian Republic of),Capital San Felipe,10.3560095,-68.73172943,I,0.0,0,0,0.0
VE221101,EMSR884/AOI08 - San Felipe,Capital San Felipe,,,,VE221101,San Felipe,,,,VE2211,Yaracuy,,,,VE22,Venezuela (República Bolivariana de),,,,VE,2021/02/23,,57.56651425,v01,es,,,,Venezuela (Bolivarian Republic of),Capital San Felipe,10.3560095,-68.73172943,II-III,0.0,0,0,0.0
VE221101,EMSR884/AOI08 - San Felipe,Capital San Felipe,,,,VE221101,San Felipe,,,,VE2211,Yaracuy,,,,VE22,Venezuela (República Bolivariana de),,,,VE,2021/02/23,,57.56651425,v01,es,,,,Venezuela (Bolivarian Republic of),Capital San Felipe,10.3560095,-68.73172943,IV,0.0,0,0,0.0
VE221101,EMSR884/AOI08 - San Felipe,Capital San Felipe,,,,VE221101,San Felipe,,,,VE2211,Yaracuy,,,,VE22,Venezuela (República Bolivariana de),,,,VE,2021/02/23,,57.56651425,v01,es,,,,Venezuela (Bolivarian Republic of),Capital San Felipe,10.3560095,-68.73172943,V,0.0,0,0,0.0
VE221101,EMSR884/AOI08 - San Felipe,Capital San Felipe,,,,VE221101,San Felipe,,,,VE2211,Yaracuy,,,,VE22,Venezuela (República Bolivariana de),,,,VE,2021/02/23,,57.56651425,v01,es,,,,Venezuela (Bolivarian Republic of),Capital San Felipe,10.3560095,-68.73172943,VI,0.0,0,0,0.0
VE221101,EMSR884/AOI08 - San Felipe,Capital San Felipe,,,,VE221101,San Felipe,,,,VE2211,Yaracuy,,,,VE22,Venezuela (República Bolivariana de),,,,VE,2021/02/23,,57.56651425,v01,es,,,,Venezuela (Bolivarian Republic of),Capital San Felipe,10.3560095,-68.73172943,VII,21.589,647,539,1730.0
VE221101,EMSR884/AOI08 - San Felipe,Capital San Felipe,,,,VE221101,San Felipe,,,,VE2211,Yaracuy,,,,VE22,Venezuela (República Bolivariana de),,,,VE,2021/02/23,,57.56651425,v01,es,,,,Venezuela (Bolivarian Republic of),Capital San Felipe,10.3560095,-68.73172943,VIII,36.341,19508,17277,50903.0
VE221101,EMSR884/AOI08 - San Felipe,Capital San Felipe,,,,VE221101,San Felipe,,,,VE2211,Yaracuy,,,,VE22,Venezuela (República Bolivariana de),,,,VE,2021/02/23,,57.56651425,v01,es,,,,Venezuela (Bolivarian Republic of),Capital San Felipe,10.3560095,-68.73172943,IX,0.0,0,0,0.0
VE221101,EMSR884/AOI08 - San Felipe,Capital San Felipe,,,,VE221101,San Felipe,,,,VE2211,Yaracuy,,,,VE22,Venezuela (República Bolivariana de),,,,VE,2021/02/23,,57.56651425,v01,es,,,,Venezuela (Bolivarian Republic of),Capital San Felipe,10.3560095,-68.73172943,X+,0.0,0,0,0.0
VE221102,EMSR884/AOI08 - San Felipe,Albarico,,,,VE221102,San Felipe,,,,VE2211,Yaracuy,,,,VE22,Venezuela (República Bolivariana de),,,,VE,2021/02/23,,224.98423964,v01,es,,,,Venezuela (Bolivarian Republic of),Albarico,10.487514,-68.65936521,I,0.0,0,0,0.0
VE221102,EMSR884/AOI08 - San Felipe,Albarico,,,,VE221102,San Felipe,,,,VE2211,Yaracuy,,,,VE22,Venezuela (República Bolivariana de),,,,VE,2021/02/23,,224.98423964,v01,es,,,,Venezuela (Bolivarian Republic of),Albarico,10.487514,-68.65936521,II-III,0.0,0,0,0.0
VE221102,EMSR884/AOI08 - San Felipe,Albarico,,,,VE221102,San Felipe,,,,VE2211,Yaracuy,,,,VE22,Venezuela (República Bolivariana de),,,,VE,2021/02/23,,224.98423964,v01,es,,,,Venezuela (Bolivarian Republic of),Albarico,10.487514,-68.65936521,IV,0.0,0,0,0.0
VE221102,EMSR884/AOI08 - San Felipe,Albarico,,,,VE221102,San Felipe,,,,VE2211,Yaracuy,,,,VE22,Venezuela (República Bolivariana de),,,,VE,2021/02/23,,224.98423964,v01,es,,,,Venezuela (Bolivarian Republic of),Albarico,10.487514,-68.65936521,V,0.0,0,0,0.0
VE221102,EMSR884/AOI08 - San Felipe,Albarico,,,,VE221102,San Felipe,,,,VE2211,Yaracuy,,,,VE22,Venezuela (República Bolivariana de),,,,VE,2021/02/23,,224.98423964,v01,es,,,,Venezuela (Bolivarian Republic of),Albarico,10.487514,-68.65936521,VI,0.0,0,0,0.0
VE221102,EMSR884/AOI08 - San Felipe,Albarico,,,,VE221102,San Felipe,,,,VE2211,Yaracuy,,,,VE22,Venezuela (República Bolivariana de),,,,VE,2021/02/23,,224.98423964,v01,es,,,,Venezuela (Bolivarian Republic of),Albarico,10.487514,-68.65936521,VII,6.667,1,0,1.0
VE221102,EMSR884/AOI08 - San Felipe,Albarico,,,,VE221102,San Felipe,,,,VE2211,Yaracuy,,,,VE22,Venezuela (República Bolivariana de),,,,VE,2021/02/23,,224.98423964,v01,es,,,,Venezuela (Bolivarian Republic of),Albarico,10.487514,-68.65936521,VIII,200.207,11489,8809,21813.0
VE221102,EMSR884/AOI08 - San Felipe,Albarico,,,,VE221102,San Felipe,,,,VE2211,Yaracuy,,,,VE22,Venezuela (República Bolivariana de),,,,VE,2021/02/23,,224.98423964,v01,es,,,,Venezuela (Bolivarian Republic of),Albarico,10.487514,-68.65936521,IX,19.52,192,29,395.0
VE221102,EMSR884/AOI08 - San Felipe,Albarico,,,,VE221102,San Felipe,,,,VE2211,Yaracuy,,,,VE22,Venezuela (República Bolivariana de),,,,VE,2021/02/23,,224.98423964,v01,es,,,,Venezuela (Bolivarian Republic of),Albarico,10.487514,-68.65936521,X+,0.0,0,0,0.0
VE221103,EMSR884/AOI08 - San Felipe,San Javier,,,,VE221103,San Felipe,,,,VE2211,Yaracuy,,,,VE22,Venezuela (República Bolivariana de),,,,VE,2021/02/23,,115.62041045,v01,es,,,,Venezuela (Bolivarian Republic of),San Javier,10.3022055,-68.65268789,I,0.0,0,0,0.0
VE221103,EMSR884/AOI08 - San Felipe,San Javier,,,,VE221103,San Felipe,,,,VE2211,Yaracuy,,,,VE22,Venezuela (República Bolivariana de),,,,VE,2021/02/23,,115.62041045,v01,es,,,,Venezuela (Bolivarian Republic of),San Javier,10.3022055,-68.65268789,II-III,0.0,0,0,0.0
VE221103,EMSR884/AOI08 - San Felipe,San Javier,,,,VE221103,San Felipe,,,,VE2211,Yaracuy,,,,VE22,Venezuela (República Bolivariana de),,,,VE,2021/02/23,,115.62041045,v01,es,,,,Venezuela (Bolivarian Republic of),San Javier,10.3022055,-68.65268789,IV,0.0,0,0,0.0
VE221103,EMSR884/AOI08 - San Felipe,San Javier,,,,VE221103,San Felipe,,,,VE2211,Yaracuy,,,,VE22,Venezuela (República Bolivariana de),,,,VE,2021/02/23,,115.62041045,v01,es,,,,Venezuela (Bolivarian Republic of),San Javier,10.3022055,-68.65268789,V,0.0,0,0,0.0
VE221103,EMSR884/AOI08 - San Felipe,San Javier,,,,VE221103,San Felipe,,,,VE2211,Yaracuy,,,,VE22,Venezuela (República Bolivariana de),,,,VE,2021/02/23,,115.62041045,v01,es,,,,Venezuela (Bolivarian Republic of),San Javier,10.3022055,-68.65268789,VI,16.246,18,0,10.0
VE221103,EMSR884/AOI08 - San Felipe,San Javier,,,,VE221103,San Felipe,,,,VE2211,Yaracuy,,,,VE22,Venezuela (República Bolivariana de),,,,VE,2021/02/23,,115.62041045,v01,es,,,,Venezuela (Bolivarian Republic of),San Javier,10.3022055,-68.65268789,VII,38.506,267,7,207.0
VE221103,EMSR884/AOI08 - San Felipe,San Javier,,,,VE221103,San Felipe,,,,VE2211,Yaracuy,,,,VE22,Venezuela (República Bolivariana de),,,,VE,2021/02/23,,115.62041045,v01,es,,,,Venezuela (Bolivarian Republic of),San Javier,10.3022055,-68.65268789,VIII,61.601,5058,3366,10347.0
VE221103,EMSR884/AOI08 - San Felipe,San Javier,,,,VE221103,San Felipe,,,,VE2211,Yaracuy,,,,VE22,Venezuela (República Bolivariana de),,,,VE,2021/02/23,,115.62041045,v01,es,,,,Venezuela (Bolivarian Republic of),San Javier,10.3022055,-68.65268789,IX,0.0,0,0,0.0
VE221103,EMSR884/AOI08 - San Felipe,San Javier,,,,VE221103,San Felipe,,,,VE2211,Yaracuy,,,,VE22,Venezuela (República Bolivariana de),,,,VE,2021/02/23,,115.62041045,v01,es,,,,Venezuela (Bolivarian Republic of),San Javier,10.3022055,-68.65268789,X+,0.0,0,0,0.0
VE221201,EMSR884/AOI08 - San Felipe,Sucre,,,,VE221201,Sucre,,,,VE2212,Yaracuy,,,,VE22,Venezuela (República Bolivariana de),,,,VE,2021/02/23,,142.49510054,v01,es,,,,Venezuela (Bolivarian Republic of),Sucre,10.254912,-68.81862092,I,0.0,0,0,0.0
VE221201,EMSR884/AOI08 - San Felipe,Sucre,,,,VE221201,Sucre,,,,VE2212,Yaracuy,,,,VE22,Venezuela (República Bolivariana de),,,,VE,2021/02/23,,142.49510054,v01,es,,,,Venezuela (Bolivarian Republic of),Sucre,10.254912,-68.81862092,II-III,0.0,0,0,0.0
VE221201,EMSR884/AOI08 - San Felipe,Sucre,,,,VE221201,Sucre,,,,VE2212,Yaracuy,,,,VE22,Venezuela (República Bolivariana de),,,,VE,2021/02/23,,142.49510054,v01,es,,,,Venezuela (Bolivarian Republic of),Sucre,10.254912,-68.81862092,IV,0.0,0,0,0.0
VE221201,EMSR884/AOI08 - San Felipe,Sucre,,,,VE221201,Sucre,,,,VE2212,Yaracuy,,,,VE22,Venezuela (República Bolivariana de),,,,VE,2021/02/23,,142.49510054,v01,es,,,,Venezuela (Bolivarian Republic of),Sucre,10.254912,-68.81862092,V,0.0,0,0,0.0
VE221201,EMSR884/AOI08 - San Felipe,Sucre,,,,VE221201,Sucre,,,,VE2212,Yaracuy,,,,VE22,Venezuela (República Bolivariana de),,,,VE,2021/02/23,,142.49510054,v01,es,,,,Venezuela (Bolivarian Republic of),Sucre,10.254912,-68.81862092,VI,28.721,284,0,326.0
VE221201,EMSR884/AOI08 - San Felipe,Sucre,,,,VE221201,Sucre,,,,VE2212,Yaracuy,,,,VE22,Venezuela (República Bolivariana de),,,,VE,2021/02/23,,142.49510054,v01,es,,,,Venezuela (Bolivarian Republic of),Sucre,10.254912,-68.81862092,VII,114.673,9723,0,14076.0
VE221201,EMSR884/AOI08 - San Felipe,Sucre,,,,VE221201,Sucre,,,,VE2212,Yaracuy,,,,VE22,Venezuela (República Bolivariana de),,,,VE,2021/02/23,,142.49510054,v01,es,,,,Venezuela (Bolivarian Republic of),Sucre,10.254912,-68.81862092,VIII,0.0,0,0,0.0
VE221201,EMSR884/AOI08 - San Felipe,Sucre,,,,VE221201,Sucre,,,,VE2212,Yaracuy,,,,VE22,Venezuela (República Bolivariana de),,,,VE,2021/02/23,,142.49510054,v01,es,,,,Venezuela (Bolivarian Republic of),Sucre,10.254912,-68.81862092,IX,0.0,0,0,0.0
VE221201,EMSR884/AOI08 - San Felipe,Sucre,,,,VE221201,Sucre,,,,VE2212,Yaracuy,,,,VE22,Venezuela (República Bolivariana de),,,,VE,2021/02/23,,142.49510054,v01,es,,,,Venezuela (Bolivarian Republic of),Sucre,10.254912,-68.81862092,X+,0.0,0,0,0.0
VE221401,EMSR884/AOI08 - San Felipe,Capital Veroes,,,,VE221401,Veroes,,,,VE2214,Yaracuy,,,,VE22,Venezuela (República Bolivariana de),,,,VE,2021/02/23,,394.95610298,v01,es,,,,Venezuela (Bolivarian Republic of),Capital Veroes,10.500152,-68.54916419,I,0.0,0,0,0.0
VE221401,EMSR884/AOI08 - San Felipe,Capital Veroes,,,,VE221401,Veroes,,,,VE2214,Yaracuy,,,,VE22,Venezuela (República Bolivariana de),,,,VE,2021/02/23,,394.95610298,v01,es,,,,Venezuela (Bolivarian Republic of),Capital Veroes,10.500152,-68.54916419,II-III,0.0,0,0,0.0
VE221401,EMSR884/AOI08 - San Felipe,Capital Veroes,,,,VE221401,Veroes,,,,VE2214,Yaracuy,,,,VE22,Venezuela (República Bolivariana de),,,,VE,2021/02/23,,394.95610298,v01,es,,,,Venezuela (Bolivarian Republic of),Capital Veroes,10.500152,-68.54916419,IV,0.0,0,0,0.0
VE221401,EMSR884/AOI08 - San Felipe,Capital Veroes,,,,VE221401,Veroes,,,,VE2214,Yaracuy,,,,VE22,Venezuela (República Bolivariana de),,,,VE,2021/02/23,,394.95610298,v01,es,,,,Venezuela (Bolivarian Republic of),Capital Veroes,10.500152,-68.54916419,V,0.0,0,0,0.0
VE221401,EMSR884/AOI08 - San Felipe,Capital Veroes,,,,VE221401,Veroes,,,,VE2214,Yaracuy,,,,VE22,Venezuela (República Bolivariana de),,,,VE,2021/02/23,,394.95610298,v01,es,,,,Venezuela (Bolivarian Republic of),Capital Veroes,10.500152,-68.54916419,VI,0.0,0,0,0.0
VE221401,EMSR884/AOI08 - San Felipe,Capital Veroes,,,,VE221401,Veroes,,,,VE2214,Yaracuy,,,,VE22,Venezuela (República Bolivariana de),,,,VE,2021/02/23,,394.95610298,v01,es,,,,Venezuela (Bolivarian Republic of),Capital Veroes,10.500152,-68.54916419,VII,9.792,2,0,3.0
VE221401,EMSR884/AOI08 - San Felipe,Capital Veroes,,,,VE221401,Veroes,,,,VE2214,Yaracuy,,,,VE22,Venezuela (República Bolivariana de),,,,VE,2021/02/23,,394.95610298,v01,es,,,,Venezuela (Bolivarian Republic of),Capital Veroes,10.500152,-68.54916419,VIII,247.109,1780,0,2106.0
VE221401,EMSR884/AOI08 - San Felipe,Capital Veroes,,,,VE221401,Veroes,,,,VE2214,Yaracuy,,,,VE22,Venezuela (República Bolivariana de),,,,VE,2021/02/23,,394.95610298,v01,es,,,,Venezuela (Bolivarian Republic of),Capital Veroes,10.500152,-68.54916419,IX,140.589,4157,450,7239.0
VE221401,EMSR884/AOI08 - San Felipe,Capital Veroes,,,,VE221401,Veroes,,,,VE2214,Yaracuy,,,,VE22,Venezuela (República Bolivariana de),,,,VE,2021/02/23,,394.95610298,v01,es,,,,Venezuela (Bolivarian Republic of),Capital Veroes,10.500152,-68.54916419,X+,0.0,0,0,0.0
VE221402,EMSR884/AOI08 - San Felipe,El Guayabo,,,,VE221402,Veroes,,,,VE2214,Yaracuy,,,,VE22,Venezuela (República Bolivariana de),,,,VE,2021/02/23,,573.36032415,v01,es,,,,Venezuela (Bolivarian Republic of),El Guayabo,10.37065888,-68.5143455,I,0.0,0,0,0.0
VE221402,EMSR884/AOI08 - San Felipe,El Guayabo,,,,VE221402,Veroes,,,,VE2214,Yaracuy,,,,VE22,Venezuela (República Bolivariana de),,,,VE,2021/02/23,,573.36032415,v01,es,,,,Venezuela (Bolivarian Republic of),El Guayabo,10.37065888,-68.5143455,II-III,0.0,0,0,0.0
VE221402,EMSR884/AOI08 - San Felipe,El Guayabo,,,,VE221402,Veroes,,,,VE2214,Yaracuy,,,,VE22,Venezuela (República Bolivariana de),,,,VE,2021/02/23,,573.36032415,v01,es,,,,Venezuela (Bolivarian Republic of),El Guayabo,10.37065888,-68.5143455,IV,0.0,0,0,0.0
VE221402,EMSR884/AOI08 - San Felipe,El Guayabo,,,,VE221402,Veroes,,,,VE2214,Yaracuy,,,,VE22,Venezuela (República Bolivariana de),,,,VE,2021/02/23,,573.36032415,v01,es,,,,Venezuela (Bolivarian Republic of),El Guayabo,10.37065888,-68.5143455,V,0.0,0,0,0.0
VE221402,EMSR884/AOI08 - San Felipe,El Guayabo,,,,VE221402,Veroes,,,,VE2214,Yaracuy,,,,VE22,Venezuela (República Bolivariana de),,,,VE,2021/02/23,,573.36032415,v01,es,,,,Venezuela (Bolivarian Republic of),El Guayabo,10.37065888,-68.5143455,VI,31.097,44,0,6.0
VE221402,EMSR884/AOI08 - San Felipe,El Guayabo,,,,VE221402,Veroes,,,,VE2214,Yaracuy,,,,VE22,Venezuela (República Bolivariana de),,,,VE,2021/02/23,,573.36032415,v01,es,,,,Venezuela (Bolivarian Republic of),El Guayabo,10.37065888,-68.5143455,VII,158.276,397,0,173.0
VE221402,EMSR884/AOI08 - San Felipe,El Guayabo,,,,VE221402,Veroes,,,,VE2214,Yaracuy,,,,VE22,Venezuela (República Bolivariana de),,,,VE,2021/02/23,,573.36032415,v01,es,,,,Venezuela (Bolivarian Republic of),El Guayabo,10.37065888,-68.5143455,VIII,241.182,3199,1,2694.0
VE221402,EMSR884/AOI08 - San Felipe,El Guayabo,,,,VE221402,Veroes,,,,VE2214,Yaracuy,,,,VE22,Venezuela (República Bolivariana de),,,,VE,2021/02/23,,573.36032415,v01,es,,,,Venezuela (Bolivarian Republic of),El Guayabo,10.37065888,-68.5143455,IX,146.417,5020,13,5113.0
VE221402,EMSR884/AOI08 - San Felipe,El Guayabo,,,,VE221402,Veroes,,,,VE2214,Yaracuy,,,,VE22,Venezuela (República Bolivariana de),,,,VE,2021/02/23,,573.36032415,v01,es,,,,Venezuela (Bolivarian Republic of),El Guayabo,10.37065888,-68.5143455,X+,0.0,0,0,0.0
VE240101,EMSR884/AOI12 - Caraballeda,Caraballeda,,,,VE240101,Vargas,,,,VE2401,La Guaira,,,,VE24,Venezuela (República Bolivariana de),,,,VE,2021/02/23,,66.23536386,v01,es,,,,Venezuela (Bolivarian Republic of),Caraballeda,10.5799045,-66.82506624,I,0.0,0,0,0.0
VE240101,EMSR884/AOI12 - Caraballeda,Caraballeda,,,,VE240101,Vargas,,,,VE2401,La Guaira,,,,VE24,Venezuela (República Bolivariana de),,,,VE,2021/02/23,,66.23536386,v01,es,,,,Venezuela (Bolivarian Republic of),Caraballeda,10.5799045,-66.82506624,II-III,0.0,0,0,0.0
VE240101,EMSR884/AOI12 - Caraballeda,Caraballeda,,,,VE240101,Vargas,,,,VE2401,La Guaira,,,,VE24,Venezuela (República Bolivariana de),,,,VE,2021/02/23,,66.23536386,v01,es,,,,Venezuela (Bolivarian Republic of),Caraballeda,10.5799045,-66.82506624,IV,0.0,0,0,0.0
VE240101,EMSR884/AOI12 - Caraballeda,Caraballeda,,,,VE240101,Vargas,,,,VE2401,La Guaira,,,,VE24,Venezuela (República Bolivariana de),,,,VE,2021/02/23,,66.23536386,v01,es,,,,Venezuela (Bolivarian Republic of),Caraballeda,10.5799045,-66.82506624,V,0.0,0,0,0.0
VE240101,EMSR884/AOI12 - Caraballeda,Caraballeda,,,,VE240101,Vargas,,,,VE2401,La Guaira,,,,VE24,Venezuela (República Bolivariana de),,,,VE,2021/02/23,,66.23536386,v01,es,,,,Venezuela (Bolivarian Republic of),Caraballeda,10.5799045,-66.82506624,VI,0.0,0,0,0.0
VE240101,EMSR884/AOI12 - Caraballeda,Caraballeda,,,,VE240101,Vargas,,,,VE2401,La Guaira,,,,VE24,Venezuela (República Bolivariana de),,,,VE,2021/02/23,,66.23536386,v01,es,,,,Venezuela (Bolivarian Republic of),Caraballeda,10.5799045,-66.82506624,VII,0.0,0,0,0.0
VE240101,EMSR884/AOI12 - Caraballeda,Caraballeda,,,,VE240101,Vargas,,,,VE2401,La Guaira,,,,VE24,Venezuela (República Bolivariana de),,,,VE,2021/02/23,,66.23536386,v01,es,,,,Venezuela (Bolivarian Republic of),Caraballeda,10.5799045,-66.82506624,VIII,59.146,676,647,2170.0
VE240101,EMSR884/AOI12 - Caraballeda,Caraballeda,,,,VE240101,Vargas,,,,VE2401,La Guaira,,,,VE24,Venezuela (República Bolivariana de),,,,VE,2021/02/23,,66.23536386,v01,es,,,,Venezuela (Bolivarian Republic of),Caraballeda,10.5799045,-66.82506624,IX,7.506,10455,7618,40022.0
VE240101,EMSR884/AOI12 - Caraballeda,Caraballeda,,,,VE240101,Vargas,,,,VE2401,La Guaira,,,,VE24,Venezuela (República Bolivariana de),,,,VE,2021/02/23,,66.23536386,v01,es,,,,Venezuela (Bolivarian Republic of),Caraballeda,10.5799045,-66.82506624,X+,0.0,0,0,0.0
VE240102,EMSR884/AOI03 - Antimano,Carayaca,,,,VE240102,Vargas,,,,VE2401,La Guaira,,,,VE24,Venezuela (República Bolivariana de),,,,VE,2021/02/23,,472.20398459,v01,es,,,,Venezuela (Bolivarian Republic of),Carayaca,10.48421986,-67.24610896,I,0.0,0,0,0.0
VE240102,EMSR884/AOI03 - Antimano,Carayaca,,,,VE240102,Vargas,,,,VE2401,La Guaira,,,,VE24,Venezuela (República Bolivariana de),,,,VE,2021/02/23,,472.20398459,v01,es,,,,Venezuela (Bolivarian Republic of),Carayaca,10.48421986,-67.24610896,II-III,0.0,0,0,0.0
VE240102,EMSR884/AOI03 - Antimano,Carayaca,,,,VE240102,Vargas,,,,VE2401,La Guaira,,,,VE24,Venezuela (República Bolivariana de),,,,VE,2021/02/23,,472.20398459,v01,es,,,,Venezuela (Bolivarian Republic of),Carayaca,10.48421986,-67.24610896,IV,0.0,0,0,0.0
VE240102,EMSR884/AOI03 - Antimano,Carayaca,,,,VE240102,Vargas,,,,VE2401,La Guaira,,,,VE24,Venezuela (República Bolivariana de),,,,VE,2021/02/23,,472.20398459,v01,es,,,,Venezuela (Bolivarian Republic of),Carayaca,10.48421986,-67.24610896,V,0.0,0,0,0.0
VE240102,EMSR884/AOI03 - Antimano,Carayaca,,,,VE240102,Vargas,,,,VE2401,La Guaira,,,,VE24,Venezuela (República Bolivariana de),,,,VE,2021/02/23,,472.20398459,v01,es,,,,Venezuela (Bolivarian Republic of),Carayaca,10.48421986,-67.24610896,VI,0.0,0,0,0.0
VE240102,EMSR884/AOI03 - Antimano,Carayaca,,,,VE240102,Vargas,,,,VE2401,La Guaira,,,,VE24,Venezuela (República Bolivariana de),,,,VE,2021/02/23,,472.20398459,v01,es,,,,Venezuela (Bolivarian Republic of),Carayaca,10.48421986,-67.24610896,VII,321.59,14249,2287,26996.0
VE240102,EMSR884/AOI03 - Antimano,Carayaca,,,,VE240102,Vargas,,,,VE2401,La Guaira,,,,VE24,Venezuela (República Bolivariana de),,,,VE,2021/02/23,,472.20398459,v01,es,,,,Venezuela (Bolivarian Republic of),Carayaca,10.48421986,-67.24610896,VIII,153.601,9542,7352,25480.0
VE240102,EMSR884/AOI03 - Antimano,Carayaca,,,,VE240102,Vargas,,,,VE2401,La Guaira,,,,VE24,Venezuela (República Bolivariana de),,,,VE,2021/02/23,,472.20398459,v01,es,,,,Venezuela (Bolivarian Republic of),Carayaca,10.48421986,-67.24610896,IX,0.0,0,0,0.0
VE240102,EMSR884/AOI03 - Antimano,Carayaca,,,,VE240102,Vargas,,,,VE2401,La Guaira,,,,VE24,Venezuela (República Bolivariana de),,,,VE,2021/02/23,,472.20398459,v01,es,,,,Venezuela (Bolivarian Republic of),Carayaca,10.48421986,-67.24610896,X+,0.0,0,0,0.0
VE240104,EMSR884/AOI12 - Caraballeda,Catia la Mar,,,,VE240104,Vargas,,,,VE2401,La Guaira,,,,VE24,Venezuela (República Bolivariana de),,,,VE,2021/02/23,,40.74114323,v01,es,,,,Venezuela (Bolivarian Republic of),Catia la Mar,10.578645,-67.05331721,I,0.0,0,0,0.0
VE240104,EMSR884/AOI12 - Caraballeda,Catia la Mar,,,,VE240104,Vargas,,,,VE2401,La Guaira,,,,VE24,Venezuela (República Bolivariana de),,,,VE,2021/02/23,,40.74114323,v01,es,,,,Venezuela (Bolivarian Republic of),Catia la Mar,10.578645,-67.05331721,II-III,0.0,0,0,0.0
VE240104,EMSR884/AOI12 - Caraballeda,Catia la Mar,,,,VE240104,Vargas,,,,VE2401,La Guaira,,,,VE24,Venezuela (República Bolivariana de),,,,VE,2021/02/23,,40.74114323,v01,es,,,,Venezuela (Bolivarian Republic of),Catia la Mar,10.578645,-67.05331721,IV,0.0,0,0,0.0
VE240104,EMSR884/AOI12 - Caraballeda,Catia la Mar,,,,VE240104,Vargas,,,,VE2401,La Guaira,,,,VE24,Venezuela (República Bolivariana de),,,,VE,2021/02/23,,40.74114323,v01,es,,,,Venezuela (Bolivarian Republic of),Catia la Mar,10.578645,-67.05331721,V,0.0,0,0,0.0
VE240104,EMSR884/AOI12 - Caraballeda,Catia la Mar,,,,VE240104,Vargas,,,,VE2401,La Guaira,,,,VE24,Venezuela (República Bolivariana de),,,,VE,2021/02/23,,40.74114323,v01,es,,,,Venezuela (Bolivarian Republic of),Catia la Mar,10.578645,-67.05331721,VI,0.0,0,0,0.0
VE240104,EMSR884/AOI12 - Caraballeda,Catia la Mar,,,,VE240104,Vargas,,,,VE2401,La Guaira,,,,VE24,Venezuela (República Bolivariana de),,,,VE,2021/02/23,,40.74114323,v01,es,,,,Venezuela (Bolivarian Republic of),Catia la Mar,10.578645,-67.05331721,VII,0.0,0,0,0.0
VE240104,EMSR884/AOI12 - Caraballeda,Catia la Mar,,,,VE240104,Vargas,,,,VE2401,La Guaira,,,,VE24,Venezuela (República Bolivariana de),,,,VE,2021/02/23,,40.74114323,v01,es,,,,Venezuela (Bolivarian Republic of),Catia la Mar,10.578645,-67.05331721,VIII,36.172,14958,13260,61304.0
VE240104,EMSR884/AOI12 - Caraballeda,Catia la Mar,,,,VE240104,Vargas,,,,VE2401,La Guaira,,,,VE24,Venezuela (República Bolivariana de),,,,VE,2021/02/23,,40.74114323,v01,es,,,,Venezuela (Bolivarian Republic of),Catia la Mar,10.578645,-67.05331721,IX,4.825,8093,6915,45900.0
VE240104,EMSR884/AOI12 - Caraballeda,Catia la Mar,,,,VE240104,Vargas,,,,VE2401,La Guaira,,,,VE24,Venezuela (República Bolivariana de),,,,VE,2021/02/23,,40.74114323,v01,es,,,,Venezuela (Bolivarian Republic of),Catia la Mar,10.578645,-67.05331721,X+,0.0,0,0,0.0
VE240106,EMSR884/AOI12 - Caraballeda,La Guaira,,,,VE240106,Vargas,,,,VE2401,La Guaira,,,,VE24,Venezuela (República Bolivariana de),,,,VE,2021/02/23,,11.58897699,v01,es,,,,Venezuela (Bolivarian Republic of),La Guaira,10.5842865,-66.92512897,I,0.0,0,0,0.0
VE240106,EMSR884/AOI12 - Caraballeda,La Guaira,,,,VE240106,Vargas,,,,VE2401,La Guaira,,,,VE24,Venezuela (República Bolivariana de),,,,VE,2021/02/23,,11.58897699,v01,es,,,,Venezuela (Bolivarian Republic of),La Guaira,10.5842865,-66.92512897,II-III,0.0,0,0,0.0
VE240106,EMSR884/AOI12 - Caraballeda,La Guaira,,,,VE240106,Vargas,,,,VE2401,La Guaira,,,,VE24,Venezuela (República Bolivariana de),,,,VE,2021/02/23,,11.58897699,v01,es,,,,Venezuela (Bolivarian Republic of),La Guaira,10.5842865,-66.92512897,IV,0.0,0,0,0.0
VE240106,EMSR884/AOI12 - Caraballeda,La Guaira,,,,VE240106,Vargas,,,,VE2401,La Guaira,,,,VE24,Venezuela (República Bolivariana de),,,,VE,2021/02/23,,11.58897699,v01,es,,,,Venezuela (Bolivarian Republic of),La Guaira,10.5842865,-66.92512897,V,0.0,0,0,0.0
VE240106,EMSR884/AOI12 - Caraballeda,La Guaira,,,,VE240106,Vargas,,,,VE2401,La Guaira,,,,VE24,Venezuela (República Bolivariana de),,,,VE,2021/02/23,,11.58897699,v01,es,,,,Venezuela (Bolivarian Republic of),La Guaira,10.5842865,-66.92512897,VI,0.0,0,0,0.0
VE240106,EMSR884/AOI12 - Caraballeda,La Guaira,,,,VE240106,Vargas,,,,VE2401,La Guaira,,,,VE24,Venezuela (República Bolivariana de),,,,VE,2021/02/23,,11.58897699,v01,es,,,,Venezuela (Bolivarian Republic of),La Guaira,10.5842865,-66.92512897,VII,0.0,0,0,0.0
VE240106,EMSR884/AOI12 - Caraballeda,La Guaira,,,,VE240106,Vargas,,,,VE2401,La Guaira,,,,VE24,Venezuela (República Bolivariana de),,,,VE,2021/02/23,,11.58897699,v01,es,,,,Venezuela (Bolivarian Republic of),La Guaira,10.5842865,-66.92512897,VIII,9.533,638,469,2912.0
VE240106,EMSR884/AOI12 - Caraballeda,La Guaira,,,,VE240106,Vargas,,,,VE2401,La Guaira,,,,VE24,Venezuela (República Bolivariana de),,,,VE,2021/02/23,,11.58897699,v01,es,,,,Venezuela (Bolivarian Republic of),La Guaira,10.5842865,-66.92512897,IX,2.129,4124,5055,20638.0
VE240106,EMSR884/AOI12 - Caraballeda,La Guaira,,,,VE240106,Vargas,,,,VE2401,La Guaira,,,,VE24,Venezuela (República Bolivariana de),,,,VE,2021/02/23,,11.58897699,v01,es,,,,Venezuela (Bolivarian Republic of),La Guaira,10.5842865,-66.92512897,X+,0.0,0,0,0.0
VE240107,EMSR884/AOI12 - Caraballeda,Macuto,,,,VE240107,Vargas,,,,VE2401,La Guaira,,,,VE24,Venezuela (República Bolivariana de),,,,VE,2021/02/23,,32.05647248,v01,es,,,,Venezuela (Bolivarian Republic of),Macuto,10.5773205,-66.88930243,I,0.0,0,0,0.0
VE240107,EMSR884/AOI12 - Caraballeda,Macuto,,,,VE240107,Vargas,,,,VE2401,La Guaira,,,,VE24,Venezuela (República Bolivariana de),,,,VE,2021/02/23,,32.05647248,v01,es,,,,Venezuela (Bolivarian Republic of),Macuto,10.5773205,-66.88930243,II-III,0.0,0,0,0.0
VE240107,EMSR884/AOI12 - Caraballeda,Macuto,,,,VE240107,Vargas,,,,VE2401,La Guaira,,,,VE24,Venezuela (República Bolivariana de),,,,VE,2021/02/23,,32.05647248,v01,es,,,,Venezuela (Bolivarian Republic of),Macuto,10.5773205,-66.88930243,IV,0.0,0,0,0.0
VE240107,EMSR884/AOI12 - Caraballeda,Macuto,,,,VE240107,Vargas,,,,VE2401,La Guaira,,,,VE24,Venezuela (República Bolivariana de),,,,VE,2021/02/23,,32.05647248,v01,es,,,,Venezuela (Bolivarian Republic of),Macuto,10.5773205,-66.88930243,V,0.0,0,0,0.0
VE240107,EMSR884/AOI12 - Caraballeda,Macuto,,,,VE240107,Vargas,,,,VE2401,La Guaira,,,,VE24,Venezuela (República Bolivariana de),,,,VE,2021/02/23,,32.05647248,v01,es,,,,Venezuela (Bolivarian Republic of),Macuto,10.5773205,-66.88930243,VI,0.0,0,0,0.0
VE240107,EMSR884/AOI12 - Caraballeda,Macuto,,,,VE240107,Vargas,,,,VE2401,La Guaira,,,,VE24,Venezuela (República Bolivariana de),,,,VE,2021/02/23,,32.05647248,v01,es,,,,Venezuela (Bolivarian Republic of),Macuto,10.5773205,-66.88930243,VII,0.0,0,0,0.0
VE240107,EMSR884/AOI12 - Caraballeda,Macuto,,,,VE240107,Vargas,,,,VE2401,La Guaira,,,,VE24,Venezuela (República Bolivariana de),,,,VE,2021/02/23,,32.05647248,v01,es,,,,Venezuela (Bolivarian Republic of),Macuto,10.5773205,-66.88930243,VIII,29.501,1674,621,4601.0
VE240107,EMSR884/AOI12 - Caraballeda,Macuto,,,,VE240107,Vargas,,,,VE2401,La Guaira,,,,VE24,Venezuela (República Bolivariana de),,,,VE,2021/02/23,,32.05647248,v01,es,,,,Venezuela (Bolivarian Republic of),Macuto,10.5773205,-66.88930243,IX,2.758,2922,2891,14239.0
VE240107,EMSR884/AOI12 - Caraballeda,Macuto,,,,VE240107,Vargas,,,,VE2401,La Guaira,,,,VE24,Venezuela (República Bolivariana de),,,,VE,2021/02/23,,32.05647248,v01,es,,,,Venezuela (Bolivarian Republic of),Macuto,10.5773205,-66.88930243,X+,0.0,0,0,0.0
VE240108,EMSR884/AOI12 - Caraballeda,Maiquetía,,,,VE240108,Vargas,,,,VE2401,La Guaira,,,,VE24,Venezuela (República Bolivariana de),,,,VE,2021/02/23,,23.35649088,v01,es,,,,Venezuela (Bolivarian Republic of),Maiquetia,10.577393,-66.95035379,I,0.0,0,0,0.0
VE240108,EMSR884/AOI12 - Caraballeda,Maiquetía,,,,VE240108,Vargas,,,,VE2401,La Guaira,,,,VE24,Venezuela (República Bolivariana de),,,,VE,2021/02/23,,23.35649088,v01,es,,,,Venezuela (Bolivarian Republic of),Maiquetia,10.577393,-66.95035379,II-III,0.0,0,0,0.0
VE240108,EMSR884/AOI12 - Caraballeda,Maiquetía,,,,VE240108,Vargas,,,,VE2401,La Guaira,,,,VE24,Venezuela (República Bolivariana de),,,,VE,2021/02/23,,23.35649088,v01,es,,,,Venezuela (Bolivarian Republic of),Maiquetia,10.577393,-66.95035379,IV,0.0,0,0,0.0
VE240108,EMSR884/AOI12 - Caraballeda,Maiquetía,,,,VE240108,Vargas,,,,VE2401,La Guaira,,,,VE24,Venezuela (República Bolivariana de),,,,VE,2021/02/23,,23.35649088,v01,es,,,,Venezuela (Bolivarian Republic of),Maiquetia,10.577393,-66.95035379,V,0.0,0,0,0.0
VE240108,EMSR884/AOI12 - Caraballeda,Maiquetía,,,,VE240108,Vargas,,,,VE2401,La Guaira,,,,VE24,Venezuela (República Bolivariana de),,,,VE,2021/02/23,,23.35649088,v01,es,,,,Venezuela (Bolivarian Republic of),Maiquetia,10.577393,-66.95035379,VI,0.0,0,0,0.0
VE240108,EMSR884/AOI12 - Caraballeda,Maiquetía,,,,VE240108,Vargas,,,,VE2401,La Guaira,,,,VE24,Venezuela (República Bolivariana de),,,,VE,2021/02/23,,23.35649088,v01,es,,,,Venezuela (Bolivarian Republic of),Maiquetia,10.577393,-66.95035379,VII,0.0,0,0,0.0
VE240108,EMSR884/AOI12 - Caraballeda,Maiquetía,,,,VE240108,Vargas,,,,VE2401,La Guaira,,,,VE24,Venezuela (República Bolivariana de),,,,VE,2021/02/23,,23.35649088,v01,es,,,,Venezuela (Bolivarian Republic of),Maiquetia,10.577393,-66.95035379,VIII,19.652,694,686,4077.0
VE240108,EMSR884/AOI12 - Caraballeda,Maiquetía,,,,VE240108,Vargas,,,,VE2401,La Guaira,,,,VE24,Venezuela (República Bolivariana de),,,,VE,2021/02/23,,23.35649088,v01,es,,,,Venezuela (Bolivarian Republic of),Maiquetia,10.577393,-66.95035379,IX,3.851,6612,6872,34442.0
VE240108,EMSR884/AOI12 - Caraballeda,Maiquetía,,,,VE240108,Vargas,,,,VE2401,La Guaira,,,,VE24,Venezuela (República Bolivariana de),,,,VE,2021/02/23,,23.35649088,v01,es,,,,Venezuela (Bolivarian Republic of),Maiquetia,10.577393,-66.95035379,X+,0.0,0,0,0.0
VE240109,EMSR884/AOI12 - Caraballeda,Naiguata,,,,VE240109,Vargas,,,,VE2401,La Guaira,,,,VE24,Venezuela (República Bolivariana de),,,,VE,2021/02/23,,239.83964705,v01,es,,,,Venezuela (Bolivarian Republic of),Naiguata,10.5833285,-66.66202338,I,0.0,0,0,0.0
VE240109,EMSR884/AOI12 - Caraballeda,Naiguata,,,,VE240109,Vargas,,,,VE2401,La Guaira,,,,VE24,Venezuela (República Bolivariana de),,,,VE,2021/02/23,,239.83964705,v01,es,,,,Venezuela (Bolivarian Republic of),Naiguata,10.5833285,-66.66202338,II-III,0.0,0,0,0.0
VE240109,EMSR884/AOI12 - Caraballeda,Naiguata,,,,VE240109,Vargas,,,,VE2401,La Guaira,,,,VE24,Venezuela (República Bolivariana de),,,,VE,2021/02/23,,239.83964705,v01,es,,,,Venezuela (Bolivarian Republic of),Naiguata,10.5833285,-66.66202338,IV,0.0,0,0,0.0
VE240109,EMSR884/AOI12 - Caraballeda,Naiguata,,,,VE240109,Vargas,,,,VE2401,La Guaira,,,,VE24,Venezuela (República Bolivariana de),,,,VE,2021/02/23,,239.83964705,v01,es,,,,Venezuela (Bolivarian Republic of),Naiguata,10.5833285,-66.66202338,V,0.0,0,0,0.0
VE240109,EMSR884/AOI12 - Caraballeda,Naiguata,,,,VE240109,Vargas,,,,VE2401,La Guaira,,,,VE24,Venezuela (República Bolivariana de),,,,VE,2021/02/23,,239.83964705,v01,es,,,,Venezuela (Bolivarian Republic of),Naiguata,10.5833285,-66.66202338,VI,0.0,0,0,0.0
VE240109,EMSR884/AOI12 - Caraballeda,Naiguata,,,,VE240109,Vargas,,,,VE2401,La Guaira,,,,VE24,Venezuela (República Bolivariana de),,,,VE,2021/02/23,,239.83964705,v01,es,,,,Venezuela (Bolivarian Republic of),Naiguata,10.5833285,-66.66202338,VII,20.81,2,0,3.0
VE240109,EMSR884/AOI12 - Caraballeda,Naiguata,,,,VE240109,Vargas,,,,VE2401,La Guaira,,,,VE24,Venezuela (República Bolivariana de),,,,VE,2021/02/23,,239.83964705,v01,es,,,,Venezuela (Bolivarian Republic of),Naiguata,10.5833285,-66.66202338,VIII,212.373,1248,186,2610.0
VE240109,EMSR884/AOI12 - Caraballeda,Naiguata,,,,VE240109,Vargas,,,,VE2401,La Guaira,,,,VE24,Venezuela (República Bolivariana de),,,,VE,2021/02/23,,239.83964705,v01,es,,,,Venezuela (Bolivarian Republic of),Naiguata,10.5833285,-66.66202338,IX,8.166,3322,143,12480.0
VE240109,EMSR884/AOI12 - Caraballeda,Naiguata,,,,VE240109,Vargas,,,,VE2401,La Guaira,,,,VE24,Venezuela (República Bolivariana de),,,,VE,2021/02/23,,239.83964705,v01,es,,,,Venezuela (Bolivarian Republic of),Naiguata,10.5833285,-66.66202338,X+,0.0,0,0,0.0
VE240110,EMSR884/AOI12 - Caraballeda,Urimare,,,,VE240110,Vargas,,,,VE2401,La Guaira,,,,VE24,Venezuela (República Bolivariana de),,,,VE,2021/02/23,,26.03871913,v01,es,,,,Venezuela (Bolivarian Republic of),Urimare,10.5839595,-66.99816571,I,0.0,0,0,0.0
VE240110,EMSR884/AOI12 - Caraballeda,Urimare,,,,VE240110,Vargas,,,,VE2401,La Guaira,,,,VE24,Venezuela (República Bolivariana de),,,,VE,2021/02/23,,26.03871913,v01,es,,,,Venezuela (Bolivarian Republic of),Urimare,10.5839595,-66.99816571,II-III,0.0,0,0,0.0
VE240110,EMSR884/AOI12 - Caraballeda,Urimare,,,,VE240110,Vargas,,,,VE2401,La Guaira,,,,VE24,Venezuela (República Bolivariana de),,,,VE,2021/02/23,,26.03871913,v01,es,,,,Venezuela (Bolivarian Republic of),Urimare,10.5839595,-66.99816571,IV,0.0,0,0,0.0
VE240110,EMSR884/AOI12 - Caraballeda,Urimare,,,,VE240110,Vargas,,,,VE2401,La Guaira,,,,VE24,Venezuela (República Bolivariana de),,,,VE,2021/02/23,,26.03871913,v01,es,,,,Venezuela (Bolivarian Republic of),Urimare,10.5839595,-66.99816571,V,0.0,0,0,0.0
VE240110,EMSR884/AOI12 - Caraballeda,Urimare,,,,VE240110,Vargas,,,,VE2401,La Guaira,,,,VE24,Venezuela (República Bolivariana de),,,,VE,2021/02/23,,26.03871913,v01,es,,,,Venezuela (Bolivarian Republic of),Urimare,10.5839595,-66.99816571,VI,0.0,0,0,0.0
VE240110,EMSR884/AOI12 - Caraballeda,Urimare,,,,VE240110,Vargas,,,,VE2401,La Guaira,,,,VE24,Venezuela (República Bolivariana de),,,,VE,2021/02/23,,26.03871913,v01,es,,,,Venezuela (Bolivarian Republic of),Urimare,10.5839595,-66.99816571,VII,0.0,0,0,0.0
VE240110,EMSR884/AOI12 - Caraballeda,Urimare,,,,VE240110,Vargas,,,,VE2401,La Guaira,,,,VE24,Venezuela (República Bolivariana de),,,,VE,2021/02/23,,26.03871913,v01,es,,,,Venezuela (Bolivarian Republic of),Urimare,10.5839595,-66.99816571,VIII,12.337,172,110,1401.0
VE240110,EMSR884/AOI12 - Caraballeda,Urimare,,,,VE240110,Vargas,,,,VE2401,La Guaira,,,,VE24,Venezuela (República Bolivariana de),,,,VE,2021/02/23,,26.03871913,v01,es,,,,Venezuela (Bolivarian Republic of),Urimare,10.5839595,-66.99816571,IX,13.866,10163,8416,54862.0
VE240110,EMSR884/AOI12 - Caraballeda,Urimare,,,,VE240110,Vargas,,,,VE2401,La Guaira,,,,VE24,Venezuela (República Bolivariana de),,,,VE,2021/02/23,,26.03871913,v01,es,,,,Venezuela (Bolivarian Republic of),Urimare,10.5839595,-66.99816571,X+,0.0,0,0,0.0
VE240111,EMSR884/AOI12 - Caraballeda,Carlos Soublette,,,,VE240111,Vargas,,,,VE2401,La Guaira,,,,VE24,Venezuela (República Bolivariana de),,,,VE,2021/02/23,,7.49074363,v01,es,,,,Venezuela (Bolivarian Republic of),Carlos Soublette,10.5759865,-66.97004871,I,0.0,0,0,0.0
VE240111,EMSR884/AOI12 - Caraballeda,Carlos Soublette,,,,VE240111,Vargas,,,,VE2401,La Guaira,,,,VE24,Venezuela (República Bolivariana de),,,,VE,2021/02/23,,7.49074363,v01,es,,,,Venezuela (Bolivarian Republic of),Carlos Soublette,10.5759865,-66.97004871,II-III,0.0,0,0,0.0
VE240111,EMSR884/AOI12 - Caraballeda,Carlos Soublette,,,,VE240111,Vargas,,,,VE2401,La Guaira,,,,VE24,Venezuela (República Bolivariana de),,,,VE,2021/02/23,,7.49074363,v01,es,,,,Venezuela (Bolivarian Republic of),Carlos Soublette,10.5759865,-66.97004871,IV,0.0,0,0,0.0
VE240111,EMSR884/AOI12 - Caraballeda,Carlos Soublette,,,,VE240111,Vargas,,,,VE2401,La Guaira,,,,VE24,Venezuela (República Bolivariana de),,,,VE,2021/02/23,,7.49074363,v01,es,,,,Venezuela (Bolivarian Republic of),Carlos Soublette,10.5759865,-66.97004871,V,0.0,0,0,0.0
VE240111,EMSR884/AOI12 - Caraballeda,Carlos Soublette,,,,VE240111,Vargas,,,,VE2401,La Guaira,,,,VE24,Venezuela (República Bolivariana de),,,,VE,2021/02/23,,7.49074363,v01,es,,,,Venezuela (Bolivarian Republic of),Carlos Soublette,10.5759865,-66.97004871,VI,0.0,0,0,0.0
VE240111,EMSR884/AOI12 - Caraballeda,Carlos Soublette,,,,VE240111,Vargas,,,,VE2401,La Guaira,,,,VE24,Venezuela (República Bolivariana de),,,,VE,2021/02/23,,7.49074363,v01,es,,,,Venezuela (Bolivarian Republic of),Carlos Soublette,10.5759865,-66.97004871,VII,0.0,0,0,0.0
VE240111,EMSR884/AOI12 - Caraballeda,Carlos Soublette,,,,VE240111,Vargas,,,,VE2401,La Guaira,,,,VE24,Venezuela (República Bolivariana de),,,,VE,2021/02/23,,7.49074363,v01,es,,,,Venezuela (Bolivarian Republic of),Carlos Soublette,10.5759865,-66.97004871,VIII,5.168,111,21,676.0
VE240111,EMSR884/AOI12 - Caraballeda,Carlos Soublette,,,,VE240111,Vargas,,,,VE2401,La Guaira,,,,VE24,Venezuela (República Bolivariana de),,,,VE,2021/02/23,,7.49074363,v01,es,,,,Venezuela (Bolivarian Republic of),Carlos Soublette,10.5759865,-66.97004871,IX,2.37,4279,5360,25389.0
VE240111,EMSR884/AOI12 - Caraballeda,Carlos Soublette,,,,VE240111,Vargas,,,,VE2401,La Guaira,,,,VE24,Venezuela (República Bolivariana de),,,,VE,2021/02/23,,7.49074363,v01,es,,,,Venezuela (Bolivarian Republic of),Carlos Soublette,10.5759865,-66.97004871,X+,0.0,0,0,0.0
VE081103,EMSR884/AOI07 - Puerto Cabello,Urbanafraternidad,,,,VE081103,Puerto Cabello,,,,VE0811,Carabobo,,,,VE08,Venezuela (República Bolivariana de),,,,VE,2021/02/23,,7.02015921,v01,es,,,,Venezuela (Bolivarian Republic of),Urbanafraternidad,10.47542493,-67.98314212,I,0.0,0,0,0.0
VE081103,EMSR884/AOI07 - Puerto Cabello,Urbanafraternidad,,,,VE081103,Puerto Cabello,,,,VE0811,Carabobo,,,,VE08,Venezuela (República Bolivariana de),,,,VE,2021/02/23,,7.02015921,v01,es,,,,Venezuela (Bolivarian Republic of),Urbanafraternidad,10.47542493,-67.98314212,II-III,0.0,0,0,0.0
VE081103,EMSR884/AOI07 - Puerto Cabello,Urbanafraternidad,,,,VE081103,Puerto Cabello,,,,VE0811,Carabobo,,,,VE08,Venezuela (República Bolivariana de),,,,VE,2021/02/23,,7.02015921,v01,es,,,,Venezuela (Bolivarian Republic of),Urbanafraternidad,10.47542493,-67.98314212,IV,0.0,0,0,0.0
VE081103,EMSR884/AOI07 - Puerto Cabello,Urbanafraternidad,,,,VE081103,Puerto Cabello,,,,VE0811,Carabobo,,,,VE08,Venezuela (República Bolivariana de),,,,VE,2021/02/23,,7.02015921,v01,es,,,,Venezuela (Bolivarian Republic of),Urbanafraternidad,10.47542493,-67.98314212,V,0.0,0,0,0.0
VE081103,EMSR884/AOI07 - Puerto Cabello,Urbanafraternidad,,,,VE081103,Puerto Cabello,,,,VE0811,Carabobo,,,,VE08,Venezuela (República Bolivariana de),,,,VE,2021/02/23,,7.02015921,v01,es,,,,Venezuela (Bolivarian Republic of),Urbanafraternidad,10.47542493,-67.98314212,VI,0.0,0,0,0.0
VE081103,EMSR884/AOI07 - Puerto Cabello,Urbanafraternidad,,,,VE081103,Puerto Cabello,,,,VE0811,Carabobo,,,,VE08,Venezuela (República Bolivariana de),,,,VE,2021/02/23,,7.02015921,v01,es,,,,Venezuela (Bolivarian Republic of),Urbanafraternidad,10.47542493,-67.98314212,VII,0.0,0,0,0.0
VE081103,EMSR884/AOI07 - Puerto Cabello,Urbanafraternidad,,,,VE081103,Puerto Cabello,,,,VE0811,Carabobo,,,,VE08,Venezuela (República Bolivariana de),,,,VE,2021/02/23,,7.02015921,v01,es,,,,Venezuela (Bolivarian Republic of),Urbanafraternidad,10.47542493,-67.98314212,VIII,7.064,3036,256,11727.0
VE081103,EMSR884/AOI07 - Puerto Cabello,Urbanafraternidad,,,,VE081103,Puerto Cabello,,,,VE0811,Carabobo,,,,VE08,Venezuela (República Bolivariana de),,,,VE,2021/02/23,,7.02015921,v01,es,,,,Venezuela (Bolivarian Republic of),Urbanafraternidad,10.47542493,-67.98314212,IX,0.0,0,0,0.0
VE081103,EMSR884/AOI07 - Puerto Cabello,Urbanafraternidad,,,,VE081103,Puerto Cabello,,,,VE0811,Carabobo,,,,VE08,Venezuela (República Bolivariana de),,,,VE,2021/02/23,,7.02015921,v01,es,,,,Venezuela (Bolivarian Republic of),Urbanafraternidad,10.47542493,-67.98314212,X+,0.0,0,0,0.0
VE081106,EMSR884/AOI07 - Puerto Cabello,Urbana Unión,,,,VE081106,Puerto Cabello,,,,VE0811,Carabobo,,,,VE08,Venezuela (República Bolivariana de),,,,VE,2021/02/23,,0.98880883,v01,es,,,,Venezuela (Bolivarian Republic of),Urbana Union,10.4772305,-68.00806568,I,0.0,0,0,0.0
VE081106,EMSR884/AOI07 - Puerto Cabello,Urbana Unión,,,,VE081106,Puerto Cabello,,,,VE0811,Carabobo,,,,VE08,Venezuela (República Bolivariana de),,,,VE,2021/02/23,,0.98880883,v01,es,,,,Venezuela (Bolivarian Republic of),Urbana Union,10.4772305,-68.00806568,II-III,0.0,0,0,0.0
VE081106,EMSR884/AOI07 - Puerto Cabello,Urbana Unión,,,,VE081106,Puerto Cabello,,,,VE0811,Carabobo,,,,VE08,Venezuela (República Bolivariana de),,,,VE,2021/02/23,,0.98880883,v01,es,,,,Venezuela (Bolivarian Republic of),Urbana Union,10.4772305,-68.00806568,IV,0.0,0,0,0.0
VE081106,EMSR884/AOI07 - Puerto Cabello,Urbana Unión,,,,VE081106,Puerto Cabello,,,,VE0811,Carabobo,,,,VE08,Venezuela (República Bolivariana de),,,,VE,2021/02/23,,0.98880883,v01,es,,,,Venezuela (Bolivarian Republic of),Urbana Union,10.4772305,-68.00806568,V,0.0,0,0,0.0
VE081106,EMSR884/AOI07 - Puerto Cabello,Urbana Unión,,,,VE081106,Puerto Cabello,,,,VE0811,Carabobo,,,,VE08,Venezuela (República Bolivariana de),,,,VE,2021/02/23,,0.98880883,v01,es,,,,Venezuela (Bolivarian Republic of),Urbana Union,10.4772305,-68.00806568,VI,0.0,0,0,0.0
VE081106,EMSR884/AOI07 - Puerto Cabello,Urbana Unión,,,,VE081106,Puerto Cabello,,,,VE0811,Carabobo,,,,VE08,Venezuela (República Bolivariana de),,,,VE,2021/02/23,,0.98880883,v01,es,,,,Venezuela (Bolivarian Republic of),Urbana Union,10.4772305,-68.00806568,VII,0.0,0,0,0.0
VE081106,EMSR884/AOI07 - Puerto Cabello,Urbana Unión,,,,VE081106,Puerto Cabello,,,,VE0811,Carabobo,,,,VE08,Venezuela (República Bolivariana de),,,,VE,2021/02/23,,0.98880883,v01,es,,,,Venezuela (Bolivarian Republic of),Urbana Union,10.4772305,-68.00806568,VIII,0.995,1034,228,3499.0
VE081106,EMSR884/AOI07 - Puerto Cabello,Urbana Unión,,,,VE081106,Puerto Cabello,,,,VE0811,Carabobo,,,,VE08,Venezuela (República Bolivariana de),,,,VE,2021/02/23,,0.98880883,v01,es,,,,Venezuela (Bolivarian Republic of),Urbana Union,10.4772305,-68.00806568,IX,0.0,0,0,0.0
VE081106,EMSR884/AOI07 - Puerto Cabello,Urbana Unión,,,,VE081106,Puerto Cabello,,,,VE0811,Carabobo,,,,VE08,Venezuela (República Bolivariana de),,,,VE,2021/02/23,,0.98880883,v01,es,,,,Venezuela (Bolivarian Republic of),Urbana Union,10.4772305,-68.00806568,X+,0.0,0,0,0.0
VE081105,EMSR884/AOI07 - Puerto Cabello,Urbana Juan José Flores,,,,VE081105,Puerto Cabello,,,,VE0811,Carabobo,,,,VE08,Venezuela (República Bolivariana de),,,,VE,2021/02/23,,29.63904442,v01,es,,,,Venezuela (Bolivarian Republic of),Urbana Juan Jose Flores,10.48010484,-68.07069405,I,0.0,0,0,0.0
VE081105,EMSR884/AOI07 - Puerto Cabello,Urbana Juan José Flores,,,,VE081105,Puerto Cabello,,,,VE0811,Carabobo,,,,VE08,Venezuela (República Bolivariana de),,,,VE,2021/02/23,,29.63904442,v01,es,,,,Venezuela (Bolivarian Republic of),Urbana Juan Jose Flores,10.48010484,-68.07069405,II-III,0.0,0,0,0.0
VE081105,EMSR884/AOI07 - Puerto Cabello,Urbana Juan José Flores,,,,VE081105,Puerto Cabello,,,,VE0811,Carabobo,,,,VE08,Venezuela (República Bolivariana de),,,,VE,2021/02/23,,29.63904442,v01,es,,,,Venezuela (Bolivarian Republic of),Urbana Juan Jose Flores,10.48010484,-68.07069405,IV,0.0,0,0,0.0
VE081105,EMSR884/AOI07 - Puerto Cabello,Urbana Juan José Flores,,,,VE081105,Puerto Cabello,,,,VE0811,Carabobo,,,,VE08,Venezuela (República Bolivariana de),,,,VE,2021/02/23,,29.63904442,v01,es,,,,Venezuela (Bolivarian Republic of),Urbana Juan Jose Flores,10.48010484,-68.07069405,V,0.0,0,0,0.0
VE081105,EMSR884/AOI07 - Puerto Cabello,Urbana Juan José Flores,,,,VE081105,Puerto Cabello,,,,VE0811,Carabobo,,,,VE08,Venezuela (República Bolivariana de),,,,VE,2021/02/23,,29.63904442,v01,es,,,,Venezuela (Bolivarian Republic of),Urbana Juan Jose Flores,10.48010484,-68.07069405,VI,0.0,0,0,0.0
VE081105,EMSR884/AOI07 - Puerto Cabello,Urbana Juan José Flores,,,,VE081105,Puerto Cabello,,,,VE0811,Carabobo,,,,VE08,Venezuela (República Bolivariana de),,,,VE,2021/02/23,,29.63904442,v01,es,,,,Venezuela (Bolivarian Republic of),Urbana Juan Jose Flores,10.48010484,-68.07069405,VII,0.0,0,0,0.0
VE081105,EMSR884/AOI07 - Puerto Cabello,Urbana Juan José Flores,,,,VE081105,Puerto Cabello,,,,VE0811,Carabobo,,,,VE08,Venezuela (República Bolivariana de),,,,VE,2021/02/23,,29.63904442,v01,es,,,,Venezuela (Bolivarian Republic of),Urbana Juan Jose Flores,10.48010484,-68.07069405,VIII,28.213,16106,449,46076.0
VE081105,EMSR884/AOI07 - Puerto Cabello,Urbana Juan José Flores,,,,VE081105,Puerto Cabello,,,,VE0811,Carabobo,,,,VE08,Venezuela (República Bolivariana de),,,,VE,2021/02/23,,29.63904442,v01,es,,,,Venezuela (Bolivarian Republic of),Urbana Juan Jose Flores,10.48010484,-68.07069405,IX,1.613,0,0,23.0
VE081105,EMSR884/AOI07 - Puerto Cabello,Urbana Juan José Flores,,,,VE081105,Puerto Cabello,,,,VE0811,Carabobo,,,,VE08,Venezuela (República Bolivariana de),,,,VE,2021/02/23,,29.63904442,v01,es,,,,Venezuela (Bolivarian Republic of),Urbana Juan Jose Flores,10.48010484,-68.07069405,X+,0.0,0,0,0.0
