source,scope,raster,agg,threshold,tp,fp,fn,tn,n,precision,recall,f1,kappa
osm,GLOBAL,t_test,mean,0.0,396,127585,0,0,127981,0.003094209296692478,1.0,0.006169329397010368,0.0
osm,GLOBAL,t_test,mean,0.1,396,127585,0,0,127981,0.003094209296692478,1.0,0.006169329397010368,0.0
osm,GLOBAL,t_test,mean,0.2,396,127585,0,0,127981,0.003094209296692478,1.0,0.006169329397010368,0.0
osm,GLOBAL,t_test,mean,0.3,396,127585,0,0,127981,0.003094209296692478,1.0,0.006169329397010368,0.0
osm,GLOBAL,t_test,mean,0.4,396,127585,0,0,127981,0.003094209296692478,1.0,0.006169329397010368,0.0
osm,GLOBAL,t_test,mean,0.5,396,127585,0,0,127981,0.003094209296692478,1.0,0.006169329397010368,0.0
osm,GLOBAL,t_test,mean,0.6,396,127585,0,0,127981,0.003094209296692478,1.0,0.006169329397010368,0.0
osm,GLOBAL,t_test,mean,0.7,396,127584,0,1,127981,0.0030942334739803095,1.0,0.0061693774537296695,4.850465803629002e-08
osm,GLOBAL,t_test,mean,0.8,396,127581,0,4,127981,0.0030943060081108325,1.0,0.0061695216283798,1.9402316626978617e-07
osm,GLOBAL,t_test,mean,0.9,396,127514,0,71,127981,0.003095926823547807,1.0,0.006172743285582903,3.4457095390190755e-06
osm,GLOBAL,t_test,mean,1.0,396,127139,0,446,127981,0.003105029991766966,1.0,0.006190837248204109,2.170832535194894e-05
osm,GLOBAL,t_test,mean,1.1,396,125873,0,1712,127981,0.0031361616865580627,1.0,0.006252713851498046,8.41616627476058e-05
osm,GLOBAL,t_test,mean,1.2,396,122586,0,4999,127981,0.0032199834122066642,1.0,0.006419296795214706,0.00025229715879068434
osm,GLOBAL,t_test,mean,1.3,394,115730,2,11855,127981,0.003392924804519307,0.9949494949494949,0.006762787504291108,0.0005990954651029048
osm,GLOBAL,t_test,mean,1.4,388,105080,8,22505,127981,0.0036788409754617514,0.9797979797979798,0.007330159449860198,0.001172115965732952
osm,GLOBAL,t_test,mean,1.5,383,90988,13,36597,127981,0.0041917019623294045,0.9671717171717171,0.008347227216755479,0.0021990633613242104
osm,GLOBAL,t_test,mean,1.6,377,74649,19,52936,127981,0.005024924692773172,0.952020202020202,0.00999708307920766,0.0038649488555150533
osm,GLOBAL,t_test,mean,1.7,369,58314,27,69271,127981,0.006288022084760493,0.9318181818181818,0.012491748336972527,0.006384052404970467
osm,GLOBAL,t_test,mean,1.8,356,43567,40,84018,127981,0.008105093003665506,0.898989898989899,0.01606534443466685,0.009993512167204243
osm,GLOBAL,t_test,mean,1.9,340,31263,56,96322,127981,0.010758472296933835,0.8585858585858586,0.021250664083252598,0.015231924565579615
osm,GLOBAL,t_test,mean,2.0,324,21926,72,105659,127981,0.014561797752808988,0.8181818181818182,0.028614324825576264,0.022671970430182112
osm,GLOBAL,t_test,mean,2.1,306,15255,90,112330,127981,0.019664545980335454,0.7727272727272727,0.03835307388606881,0.03251445097917863
osm,GLOBAL,t_test,mean,2.2,285,10519,111,117066,127981,0.02637911884487227,0.7196969696969697,0.05089285714285714,0.04519302827468017
osm,GLOBAL,t_test,mean,2.3,260,7255,136,120330,127981,0.034597471723220224,0.6565656565656566,0.0657312602705094,0.06020654758047922
osm,GLOBAL,t_test,mean,2.4,235,5120,161,122465,127981,0.04388422035480859,0.5934343434343434,0.08172491740566858,0.07640287461065048
osm,GLOBAL,t_test,mean,2.5,211,3687,185,123898,127981,0.05413032324268856,0.5328282828282829,0.09827666511411272,0.09318242506790222
osm,GLOBAL,t_test,mean,2.6,195,2642,201,124943,127981,0.06873457878040183,0.49242424242424243,0.12063099288586453,0.11582957731798633
osm,GLOBAL,t_test,mean,2.7,170,1970,226,125615,127981,0.0794392523364486,0.4292929292929293,0.13406940063091485,0.12952369655898568
osm,GLOBAL,t_test,mean,2.8,141,1516,255,126069,127981,0.08509354254677128,0.3560606060606061,0.13735996103263517,0.13302966608428105
osm,GLOBAL,t_test,mean,2.9,123,1132,273,126453,127981,0.09800796812749003,0.3106060606060606,0.14900060569351908,0.14497850101009616
osm,GLOBAL,t_test,mean,3.0,105,858,291,126727,127981,0.10903426791277258,0.26515151515151514,0.15452538631346577,0.1508015058810074
osm,GLOBAL,t_test,mean,3.1,90,655,306,126930,127981,0.12080536912751678,0.22727272727272727,0.15775635407537247,0.15433934260186669
osm,GLOBAL,t_test,mean,3.2,79,509,317,127076,127981,0.13435374149659865,0.1994949494949495,0.16056910569105695,0.15745340422844858
osm,GLOBAL,t_test,mean,3.3,69,387,327,127198,127981,0.1513157894736842,0.17424242424242425,0.16197183098591547,0.1591869645797831
osm,GLOBAL,t_test,mean,3.4,62,295,334,127290,127981,0.17366946778711484,0.15656565656565657,0.1646746347941567,0.1622166190332358
osm,GLOBAL,t_test,mean,3.5,54,241,342,127344,127981,0.18305084745762712,0.13636363636363635,0.15629522431259046,0.1540602987729466
osm,GLOBAL,t_test,mean,3.6,51,202,345,127383,127981,0.2015810276679842,0.12878787878787878,0.15716486902927582,0.15512666756643942
osm,GLOBAL,t_test,mean,3.7,42,172,354,127413,127981,0.19626168224299065,0.10606060606060606,0.1377049180327869,0.13582878592339578
osm,GLOBAL,t_test,mean,3.8,39,135,357,127450,127981,0.22413793103448276,0.09848484848484848,0.13684210526315788,0.13520843079406072
osm,GLOBAL,t_test,mean,3.9,37,108,359,127477,127981,0.25517241379310346,0.09343434343434344,0.1367837338262477,0.13534959574385447
osm,GLOBAL,t_test,mean,4.0,32,85,364,127500,127981,0.27350427350427353,0.08080808080808081,0.12475633528265107,0.12351927589795414
osm,GLOBAL,t_test,mean,4.1,23,59,373,127526,127981,0.2804878048780488,0.05808080808080808,0.09623430962343096,0.09527384187725566
osm,GLOBAL,t_test,mean,4.2,20,51,376,127534,127981,0.28169014084507044,0.050505050505050504,0.08565310492505354,0.08479202999719461
osm,GLOBAL,t_test,mean,4.3,17,37,379,127548,127981,0.3148148148148148,0.04292929292929293,0.07555555555555556,0.07486854347073674
osm,GLOBAL,t_test,mean,4.4,15,30,381,127555,127981,0.3333333333333333,0.03787878787878788,0.06802721088435373,0.06743832496504752
osm,GLOBAL,t_test,mean,4.5,14,24,382,127561,127981,0.3684210526315789,0.03535353535353535,0.06451612903225806,0.06400896874779924
osm,GLOBAL,t_test,mean,4.6,11,18,385,127567,127981,0.3793103448275862,0.027777777777777776,0.051764705882352935,0.05136412677551868
osm,GLOBAL,t_test,mean,4.7,9,15,387,127570,127981,0.375,0.022727272727272728,0.04285714285714286,0.04251855451539881
osm,GLOBAL,t_test,mean,4.8,7,11,389,127574,127981,0.3888888888888889,0.017676767676767676,0.033816425120772944,0.033556392182027654
osm,GLOBAL,t_test,mean,4.9,7,10,389,127575,127981,0.4117647058823529,0.017676767676767676,0.03389830508474576,0.033652148171321894
osm,GLOBAL,t_test,mean,5.0,6,9,390,127576,127981,0.4,0.015151515151515152,0.029197080291970805,0.028977770364240613
osm,GLOBAL,t_test,mean,5.1,6,8,390,127577,127981,0.42857142857142855,0.015151515151515152,0.02926829268292683,0.02906312221076787
osm,GLOBAL,t_test,mean,5.2,6,8,390,127577,127981,0.42857142857142855,0.015151515151515152,0.02926829268292683,0.02906312221076787
osm,GLOBAL,t_test,mean,5.3,4,7,392,127578,127981,0.36363636363636365,0.010101010101010102,0.019656019656019656,0.019492025229450878
osm,GLOBAL,t_test,mean,5.4,3,7,393,127578,127981,0.3,0.007575757575757576,0.014778325123152709,0.014628130699543558
osm,GLOBAL,t_test,mean,5.5,3,6,393,127579,127981,0.3333333333333333,0.007575757575757576,0.014814814814814815,0.014679313106847494
osm,GLOBAL,t_test,mean,5.6,3,4,393,127581,127981,0.42857142857142855,0.007575757575757576,0.01488833746898263,0.014782435307977565
osm,GLOBAL,t_test,mean,5.7,1,2,395,127583,127981,0.3333333333333333,0.0025252525252525255,0.005012531328320803,0.004966232941382161
osm,GLOBAL,t_test,mean,5.8,1,1,395,127584,127981,0.5,0.0025252525252525255,0.0050251256281407045,0.00499418335428169
osm,GLOBAL,t_test,mean,5.9,1,0,395,127585,127981,1.0,0.0025252525252525255,0.005037783375314861,0.005022273706179622
osm,GLOBAL,t_test,mean,6.0,1,0,395,127585,127981,1.0,0.0025252525252525255,0.005037783375314861,0.005022273706179622
osm,GLOBAL,t_test,max,0.0,396,127585,0,0,127981,0.003094209296692478,1.0,0.006169329397010368,0.0
osm,GLOBAL,t_test,max,0.1,396,127585,0,0,127981,0.003094209296692478,1.0,0.006169329397010368,0.0
osm,GLOBAL,t_test,max,0.2,396,127585,0,0,127981,0.003094209296692478,1.0,0.006169329397010368,0.0
osm,GLOBAL,t_test,max,0.3,396,127585,0,0,127981,0.003094209296692478,1.0,0.006169329397010368,0.0
osm,GLOBAL,t_test,max,0.4,396,127585,0,0,127981,0.003094209296692478,1.0,0.006169329397010368,0.0
osm,GLOBAL,t_test,max,0.5,396,127585,0,0,127981,0.003094209296692478,1.0,0.006169329397010368,0.0
osm,GLOBAL,t_test,max,0.6,396,127585,0,0,127981,0.003094209296692478,1.0,0.006169329397010368,0.0
osm,GLOBAL,t_test,max,0.7,396,127585,0,0,127981,0.003094209296692478,1.0,0.006169329397010368,0.0
osm,GLOBAL,t_test,max,0.8,396,127583,0,2,127981,0.0030942576516459733,1.0,0.006169425511197663,9.701007173033596e-08
osm,GLOBAL,t_test,max,0.9,396,127536,0,49,127981,0.003095394428290029,1.0,0.0061716850570413305,2.377617222651674e-06
osm,GLOBAL,t_test,max,1.0,396,127264,0,321,127981,0.0031019896600344666,1.0,0.006184794152558256,1.5608902452127794e-05
osm,GLOBAL,t_test,max,1.1,396,126257,0,1328,127981,0.0031266531388913013,1.0,0.006233815299608812,6.508696541992825e-05
osm,GLOBAL,t_test,max,1.2,396,123735,0,3850,127981,0.0031901781182782705,1.0,0.00636006649160423,0.000192514848983845
osm,GLOBAL,t_test,max,1.3,396,118396,0,9189,127981,0.0033335578153411,1.0,0.006644964258146793,0.000480067563354698
osm,GLOBAL,t_test,max,1.4,393,109700,3,17885,127981,0.0035697092458194437,0.9924242424242424,0.007113830336051553,0.0009534707793142687
osm,GLOBAL,t_test,max,1.5,389,97490,7,30095,127981,0.0039742947925499855,0.9823232323232324,0.00791656067158484,0.0017639504441572956
osm,GLOBAL,t_test,max,1.6,385,82803,11,44782,127981,0.004628071356445641,0.9722222222222222,0.00921228943338438,0.003072111452951509
osm,GLOBAL,t_test,max,1.7,380,67032,16,60553,127981,0.005636978579481398,0.9595959595959596,0.011208117036337895,0.00508713640229647
osm,GLOBAL,t_test,max,1.8,372,52203,24,75382,127981,0.007075606276747503,0.9393939393939394,0.014045421079458572,0.007952108883082789
osm,GLOBAL,t_test,max,1.9,359,38966,37,88619,127981,0.009129052765416402,0.9065656565656566,0.01807608066262179,0.012023019449472011
osm,GLOBAL,t_test,max,2.0,341,28373,55,99212,127981,0.011875740057114996,0.8611111111111112,0.023428375128821708,0.01743054123971848
osm,GLOBAL,t_test,max,2.1,333,20321,63,107264,127981,0.01612278493270069,0.8409090909090909,0.03163895486935867,0.025723145921187605
osm,GLOBAL,t_test,max,2.2,316,14493,80,113092,127981,0.02133837531231008,0.797979797979798,0.04156527458073002,0.03575352287427214
osm,GLOBAL,t_test,max,2.3,299,10062,97,117523,127981,0.028858218318695106,0.7550505050505051,0.0555917077252022,0.049928710070084634
osm,GLOBAL,t_test,max,2.4,286,7294,110,120291,127981,0.037730870712401055,0.7222222222222222,0.07171514543630893,0.06622344666496645
osm,GLOBAL,t_test,max,2.5,257,5347,139,122238,127981,0.04586009992862241,0.648989898989899,0.08566666666666665,0.08035111175772025
osm,GLOBAL,t_test,max,2.6,237,4007,159,123578,127981,0.0558435438265787,0.5984848484848485,0.1021551724137931,0.09704419962035861
osm,GLOBAL,t_test,max,2.7,223,3003,173,124582,127981,0.06912585244885307,0.5631313131313131,0.12313638873550525,0.1182764809963469
osm,GLOBAL,t_test,max,2.8,198,2317,198,125268,127981,0.07872763419483102,0.5,0.13603572655444865,0.13139164896743746
osm,GLOBAL,t_test,max,2.9,177,1813,219,125772,127981,0.08894472361809046,0.44696969696969696,0.14836546521374688,0.14394708659058542
osm,GLOBAL,t_test,max,3.0,149,1450,247,126135,127981,0.09318323952470293,0.37626262626262624,0.1493734335839599,0.14513325970143906
osm,GLOBAL,t_test,max,3.1,134,1102,262,126483,127981,0.10841423948220065,0.3383838383838384,0.16421568627450983,0.16028007262439492
osm,GLOBAL,t_test,max,3.2,124,900,272,126685,127981,0.12109375,0.31313131313131315,0.17464788732394365,0.17094813206035087
osm,GLOBAL,t_test,max,3.3,109,729,287,126856,127981,0.13007159904534607,0.27525252525252525,0.1766612641815235,0.17318657420591918
osm,GLOBAL,t_test,max,3.4,97,579,299,127006,127981,0.14349112426035504,0.24494949494949494,0.18097014925373137,0.17776144692852328
osm,GLOBAL,t_test,max,3.5,88,474,308,127111,127981,0.15658362989323843,0.2222222222222222,0.18371607515657618,0.18074186775657283
osm,GLOBAL,t_test,max,3.6,81,394,315,127191,127981,0.1705263157894737,0.20454545454545456,0.18599311136624572,0.1832366533831615
osm,GLOBAL,t_test,max,3.7,70,338,326,127247,127981,0.1715686274509804,0.17676767676767677,0.17412935323383086,0.17152762561059395
osm,GLOBAL,t_test,max,3.8,62,270,334,127315,127981,0.18674698795180722,0.15656565656565657,0.17032967032967034,0.16798155544932544
osm,GLOBAL,t_test,max,3.9,57,243,339,127342,127981,0.19,0.14393939393939395,0.16379310344827586,0.16155662129556247
osm,GLOBAL,t_test,max,4.0,48,207,348,127378,127981,0.18823529411764706,0.12121212121212122,0.14746543778801843,0.14539384260864074
osm,GLOBAL,t_test,max,4.1,47,177,349,127408,127981,0.20982142857142858,0.11868686868686869,0.15161290322580645,0.14971181551099222
osm,GLOBAL,t_test,max,4.2,41,151,355,127434,127981,0.21354166666666666,0.10353535353535354,0.13945578231292516,0.13771335268973825
osm,GLOBAL,t_test,max,4.3,34,111,362,127474,127981,0.23448275862068965,0.08585858585858586,0.12569316081330867,0.12424059697396951
osm,GLOBAL,t_test,max,4.4,26,77,370,127508,127981,0.2524271844660194,0.06565656565656566,0.10420841683366736,0.10306269695637692
osm,GLOBAL,t_test,max,4.5,21,61,375,127524,127981,0.25609756097560976,0.05303030303030303,0.08786610878661089,0.08689674782054456
osm,GLOBAL,t_test,max,4.6,18,43,378,127542,127981,0.29508196721311475,0.045454545454545456,0.0787746170678337,0.07801303256274765
osm,GLOBAL,t_test,max,4.7,16,36,380,127549,127981,0.3076923076923077,0.04040404040404041,0.07142857142857144,0.07076110044026929
osm,GLOBAL,t_test,max,4.8,15,30,381,127555,127981,0.3333333333333333,0.03787878787878788,0.06802721088435373,0.06743832496504752
osm,GLOBAL,t_test,max,4.9,13,27,383,127558,127981,0.325,0.03282828282828283,0.05963302752293578,0.05909883575605362
osm,GLOBAL,t_test,max,5.0,12,22,384,127563,127981,0.35294117647058826,0.030303030303030304,0.05581395348837209,0.05535172119751335
osm,GLOBAL,t_test,max,5.1,11,19,385,127566,127981,0.36666666666666664,0.027777777777777776,0.05164319248826291,0.05122971448290129
osm,GLOBAL,t_test,max,5.2,11,16,385,127569,127981,0.4074074074074074,0.027777777777777776,0.05200945626477541,0.05163484686816078
osm,GLOBAL,t_test,max,5.3,9,14,387,127571,127981,0.391304347826087,0.022727272727272728,0.042959427207637235,0.04263421158557376
osm,GLOBAL,t_test,max,5.4,9,13,387,127572,127981,0.4090909090909091,0.022727272727272728,0.0430622009569378,0.042750418793444
osm,GLOBAL,t_test,max,5.5,9,12,387,127573,127981,0.42857142857142855,0.022727272727272728,0.04316546762589928,0.042867180073534114
osm,GLOBAL,t_test,max,5.6,8,11,388,127574,127981,0.42105263157894735,0.020202020202020204,0.03855421686746988,0.03828173785943138
osm,GLOBAL,t_test,max,5.7,5,6,391,127579,127981,0.45454545454545453,0.012626262626262626,0.02457002457002457,0.024406852170667664
osm,GLOBAL,t_test,max,5.8,3,5,393,127580,127981,0.375,0.007575757575757576,0.014851485148514853,0.014730747355187259
osm,GLOBAL,t_test,max,5.9,2,5,394,127580,127981,0.2857142857142857,0.005050505050505051,0.009925558312655089,0.00981912263949271
osm,GLOBAL,t_test,max,6.0,1,4,395,127581,127981,0.2,0.0025252525252525255,0.004987531172069826,0.004910747770154361
osm,GLOBAL,t_test,p75,0.0,396,127585,0,0,127981,0.003094209296692478,1.0,0.006169329397010368,0.0
osm,GLOBAL,t_test,p75,0.1,396,127585,0,0,127981,0.003094209296692478,1.0,0.006169329397010368,0.0
osm,GLOBAL,t_test,p75,0.2,396,127585,0,0,127981,0.003094209296692478,1.0,0.006169329397010368,0.0
osm,GLOBAL,t_test,p75,0.3,396,127585,0,0,127981,0.003094209296692478,1.0,0.006169329397010368,0.0
osm,GLOBAL,t_test,p75,0.4,396,127585,0,0,127981,0.003094209296692478,1.0,0.006169329397010368,0.0
osm,GLOBAL,t_test,p75,0.5,396,127585,0,0,127981,0.003094209296692478,1.0,0.006169329397010368,0.0
osm,GLOBAL,t_test,p75,0.6,396,127585,0,0,127981,0.003094209296692478,1.0,0.006169329397010368,0.0
osm,GLOBAL,t_test,p75,0.7,396,127585,0,0,127981,0.003094209296692478,1.0,0.006169329397010368,0.0
osm,GLOBAL,t_test,p75,0.8,396,127582,0,3,127981,0.003094281829689478,1.0,0.006169473569414367,1.4551624109849145e-07
osm,GLOBAL,t_test,p75,0.9,396,127529,0,56,127981,0.003095563806918116,1.0,0.0061720217267633515,2.7174250523685845e-06
osm,GLOBAL,t_test,p75,1.0,396,127203,0,382,127981,0.0031034725977476313,1.0,0.006187741708660494,1.858393253861402e-05
osm,GLOBAL,t_test,p75,1.1,396,126096,0,1489,127981,0.003130632767289631,1.0,0.006241724985814262,7.307037475048286e-05
osm,GLOBAL,t_test,p75,1.2,396,123237,0,4348,127981,0.0032030283176821724,1.0,0.0063856033669545025,0.0002182897219926777
osm,GLOBAL,t_test,p75,1.3,396,117176,0,10409,127981,0.003368148878984792,1.0,0.00671368506713685,0.0005494287017122565
osm,GLOBAL,t_test,p75,1.4,391,107495,5,20090,127981,0.0036241959104981185,0.9873737373737373,0.0072218836002290315,0.0010626488471986006
osm,GLOBAL,t_test,p75,1.5,386,94412,10,33173,127981,0.004071815861094116,0.9747474747474747,0.008109754816480031,0.001959153211753038
osm,GLOBAL,t_test,p75,1.6,382,78800,14,48785,127981,0.004824328761587229,0.9646464646464646,0.009600643393902836,0.0034643520925716426
osm,GLOBAL,t_test,p75,1.7,372,62562,24,65023,127981,0.005910954333110878,0.9393939393939394,0.011747986736144007,0.005632904883686091
osm,GLOBAL,t_test,p75,1.8,362,47614,34,79971,127981,0.007545439386359846,0.9141414141414141,0.014967336475647068,0.00888410820177274
osm,GLOBAL,t_test,p75,1.9,349,34894,47,92691,127981,0.009902675708651363,0.8813131313131313,0.019585285782429362,0.01354854174597522
osm,GLOBAL,t_test,p75,2.0,334,24881,62,102704,127981,0.013246083680348998,0.8434343434343434,0.026082542657451874,0.020112349215004578
osm,GLOBAL,t_test,p75,2.1,321,17565,75,110020,127981,0.0179469976517947,0.8106060606060606,0.035116508040695764,0.02923915940507799
osm,GLOBAL,t_test,p75,2.2,304,12212,92,115373,127981,0.024288910194950462,0.7676767676767676,0.04708798017348203,0.04133732218500301
osm,GLOBAL,t_test,p75,2.3,281,8496,115,119089,127981,0.032015495043864646,0.7095959595959596,0.06126676114684399,0.055675164978492085
osm,GLOBAL,t_test,p75,2.4,258,6055,138,121530,127981,0.040868050055441155,0.6515151515151515,0.07691161126844537,0.0715048484314284
osm,GLOBAL,t_test,p75,2.5,227,4434,169,123151,127981,0.04870199527998283,0.5732323232323232,0.08977654736009491,0.0845550136986928
osm,GLOBAL,t_test,p75,2.6,214,3243,182,124342,127981,0.06190338443737344,0.5404040404040404,0.11108227355307553,0.1061190971443869
osm,GLOBAL,t_test,p75,2.7,195,2419,201,125166,127981,0.07459831675592961,0.49242424242424243,0.12956810631229235,0.12486490171138741
osm,GLOBAL,t_test,p75,2.8,167,1857,229,125728,127981,0.0825098814229249,0.4217171717171717,0.13801652892561983,0.13353189077189084
osm,GLOBAL,t_test,p75,2.9,144,1452,252,126133,127981,0.09022556390977443,0.36363636363636365,0.14457831325301204,0.14031583513525417
osm,GLOBAL,t_test,p75,3.0,127,1091,269,126494,127981,0.10426929392446634,0.3207070707070707,0.1573729863692689,0.1534193952297317
osm,GLOBAL,t_test,p75,3.1,114,826,282,126759,127981,0.12127659574468085,0.2878787878787879,0.17065868263473052,0.16703183357224233
osm,GLOBAL,t_test,p75,3.2,98,668,298,126917,127981,0.1279373368146214,0.2474747474747475,0.1686746987951807,0.16526945169800705
osm,GLOBAL,t_test,p75,3.3,87,535,309,127050,127981,0.13987138263665594,0.2196969696969697,0.17092337917485265,0.16777662949638864
osm,GLOBAL,t_test,p75,3.4,77,404,319,127181,127981,0.1600831600831601,0.19444444444444445,0.17559863169897377,0.17279099818935664
osm,GLOBAL,t_test,p75,3.5,68,325,328,127260,127981,0.17302798982188294,0.1717171717171717,0.17237008871989862,0.16981107765617529
osm,GLOBAL,t_test,p75,3.6,60,273,336,127312,127981,0.18018018018018017,0.15151515151515152,0.16460905349794236,0.16224086887075437
osm,GLOBAL,t_test,p75,3.7,55,228,341,127357,127981,0.19434628975265017,0.1388888888888889,0.16200294550810013,0.15983593785900316
osm,GLOBAL,t_test,p75,3.8,50,193,346,127392,127981,0.205761316872428,0.12626262626262627,0.15649452269170583,0.1545047830484189
osm,GLOBAL,t_test,p75,3.9,42,159,354,127426,127981,0.208955223880597,0.10606060606060606,0.1407035175879397,0.13890940267722598
osm,GLOBAL,t_test,p75,4.0,39,132,357,127453,127981,0.22807017543859648,0.09848484848484848,0.13756613756613756,0.13595352575552277
osm,GLOBAL,t_test,p75,4.1,37,100,359,127485,127981,0.27007299270072993,0.09343434343434344,0.13883677298311445,0.13746478636656356
osm,GLOBAL,t_test,p75,4.2,28,85,368,127500,127981,0.24778761061946902,0.0707070707070707,0.1100196463654224,0.10879526184507737
osm,GLOBAL,t_test,p75,4.3,26,65,370,127520,127981,0.2857142857142857,0.06565656565656566,0.10677618069815197,0.10574209888654719
osm,GLOBAL,t_test,p75,4.4,18,43,378,127542,127981,0.29508196721311475,0.045454545454545456,0.0787746170678337,0.07801303256274765
osm,GLOBAL,t_test,p75,4.5,17,36,379,127549,127981,0.32075471698113206,0.04292929292929293,0.0757238307349666,0.07504817055176699
osm,GLOBAL,t_test,p75,4.6,15,26,381,127559,127981,0.36585365853658536,0.03787878787878788,0.06864988558352403,0.06810882324919422
osm,GLOBAL,t_test,p75,4.7,12,22,384,127563,127981,0.35294117647058826,0.030303030303030304,0.05581395348837209,0.05535172119751335
osm,GLOBAL,t_test,p75,4.8,10,18,386,127567,127981,0.35714285714285715,0.025252525252525252,0.04716981132075471,0.046780259817501633
osm,GLOBAL,t_test,p75,4.9,10,14,386,127571,127981,0.4166666666666667,0.025252525252525252,0.04761904761904762,0.0472821437964275
osm,GLOBAL,t_test,p75,5.0,9,12,387,127573,127981,0.42857142857142855,0.022727272727272728,0.04316546762589928,0.042867180073534114
osm,GLOBAL,t_test,p75,5.1,9,9,387,127576,127981,0.5,0.022727272727272728,0.04347826086956522,0.04322082826019502
osm,GLOBAL,t_test,p75,5.2,7,9,389,127576,127981,0.4375,0.017676767676767676,0.03398058252427184,0.033748366230004906
osm,GLOBAL,t_test,p75,5.3,7,8,389,127577,127981,0.4666666666666667,0.017676767676767676,0.0340632603406326,0.033845049710796694
osm,GLOBAL,t_test,p75,5.4,6,7,390,127578,127981,0.46153846153846156,0.015151515151515152,0.0293398533007335,0.02914888892449068
osm,GLOBAL,t_test,p75,5.5,5,6,391,127579,127981,0.45454545454545453,0.012626262626262626,0.02457002457002457,0.024406852170667664
osm,GLOBAL,t_test,p75,5.6,5,5,391,127580,127981,0.5,0.012626262626262626,0.02463054187192118,0.02448184939253552
osm,GLOBAL,t_test,p75,5.7,3,3,393,127582,127981,0.5,0.007575757575757576,0.01492537313432836,0.01483437884706203
osm,GLOBAL,t_test,p75,5.8,2,3,394,127582,127981,0.4,0.005050505050505051,0.009975062344139652,0.009898663821442973
osm,GLOBAL,t_test,p75,5.9,1,3,395,127582,127981,0.25,0.0025252525252525255,0.005,0.004938421424262961
osm,GLOBAL,t_test,p75,6.0,1,3,395,127582,127981,0.25,0.0025252525252525255,0.005,0.004938421424262961
osm,GLOBAL,t_test,p90,0.0,396,127585,0,0,127981,0.003094209296692478,1.0,0.006169329397010368,0.0
osm,GLOBAL,t_test,p90,0.1,396,127585,0,0,127981,0.003094209296692478,1.0,0.006169329397010368,0.0
osm,GLOBAL,t_test,p90,0.2,396,127585,0,0,127981,0.003094209296692478,1.0,0.006169329397010368,0.0
osm,GLOBAL,t_test,p90,0.3,396,127585,0,0,127981,0.003094209296692478,1.0,0.006169329397010368,0.0
osm,GLOBAL,t_test,p90,0.4,396,127585,0,0,127981,0.003094209296692478,1.0,0.006169329397010368,0.0
osm,GLOBAL,t_test,p90,0.5,396,127585,0,0,127981,0.003094209296692478,1.0,0.006169329397010368,0.0
osm,GLOBAL,t_test,p90,0.6,396,127585,0,0,127981,0.003094209296692478,1.0,0.006169329397010368,0.0
osm,GLOBAL,t_test,p90,0.7,396,127585,0,0,127981,0.003094209296692478,1.0,0.006169329397010368,0.0
osm,GLOBAL,t_test,p90,0.8,396,127583,0,2,127981,0.0030942576516459733,1.0,0.006169425511197663,9.701007173033596e-08
osm,GLOBAL,t_test,p90,0.9,396,127535,0,50,127981,0.003095418624102055,1.0,0.006171733150467166,2.4261589286531037e-06
osm,GLOBAL,t_test,p90,1.0,396,127239,0,346,127981,0.003102597249970619,1.0,0.006186001827682358,1.6827834246372487e-05
osm,GLOBAL,t_test,p90,1.1,396,126193,0,1392,127981,0.0031282338907803998,1.0,0.006236957120919795,6.82580704789544e-05
osm,GLOBAL,t_test,p90,1.2,396,123569,0,4016,127981,0.00319445004638406,1.0,0.006368556058571417,0.00020108353716882696
osm,GLOBAL,t_test,p90,1.3,396,117965,0,9620,127981,0.003345696639940521,1.0,0.006669080559461758,0.0005044085798394771
osm,GLOBAL,t_test,p90,1.4,392,108888,4,18697,127981,0.0035871156661786236,0.98989898989899,0.0071483278018892,0.0009883475536526921
osm,GLOBAL,t_test,p90,1.5,389,96272,7,31313,127981,0.004024373842604566,0.9823232323232324,0.008015908177668793,0.0018642283616635922
osm,GLOBAL,t_test,p90,1.6,384,81208,12,46377,127981,0.004706343759192077,0.9696969696969697,0.009367224471873931,0.003228579083214176
osm,GLOBAL,t_test,p90,1.7,375,65206,21,62379,127981,0.005718119577316601,0.946969696969697,0.011367597799233065,0.005248608295053755
osm,GLOBAL,t_test,p90,1.8,368,50319,28,77266,127981,0.007260244244086255,0.9292929292929293,0.014407924358397118,0.008318558596283691
osm,GLOBAL,t_test,p90,1.9,355,37253,41,90332,127981,0.009439480961497554,0.8964646464646465,0.01868224397431849,0.012635688571492845
osm,GLOBAL,t_test,p90,2.0,341,26842,55,100743,127981,0.01254460508405989,0.8611111111111112,0.024728960440915188,0.0187437283178951
osm,GLOBAL,t_test,p90,2.1,328,19178,68,108407,127981,0.016815338870091255,0.8282828282828283,0.03296151140588886,0.027060355614254506
osm,GLOBAL,t_test,p90,2.2,311,13469,85,114116,127981,0.022568940493468796,0.7853535353535354,0.043876975169300225,0.038090562793817576
osm,GLOBAL,t_test,p90,2.3,294,9384,102,118201,127981,0.03037817730936144,0.7424242424242424,0.058368076235854674,0.05273644535127663
osm,GLOBAL,t_test,p90,2.4,277,6731,119,120854,127981,0.03952625570776256,0.6994949494949495,0.0748244192328471,0.06937333544844676
osm,GLOBAL,t_test,p90,2.5,245,4942,151,122643,127981,0.04723346828609987,0.6186868686868687,0.0877664338169443,0.0824912387648217
osm,GLOBAL,t_test,p90,2.6,226,3626,170,123959,127981,0.05867082035306334,0.5707070707070707,0.1064030131826742,0.10136026746432576
osm,GLOBAL,t_test,p90,2.7,209,2736,187,124849,127981,0.07096774193548387,0.5277777777777778,0.12511224184375938,0.12031362169864947
osm,GLOBAL,t_test,p90,2.8,190,2092,206,125493,127981,0.08326029798422437,0.4797979797979798,0.14189693801344286,0.13734789086377952
osm,GLOBAL,t_test,p90,2.9,164,1664,232,125921,127981,0.08971553610503283,0.41414141414141414,0.1474820143884892,0.14312349153530363
osm,GLOBAL,t_test,p90,3.0,136,1293,260,126292,127981,0.09517144856543037,0.3434343434343434,0.14904109589041098,0.14489759755300333
osm,GLOBAL,t_test,p90,3.1,123,973,273,126612,127981,0.11222627737226278,0.3106060606060606,0.1648793565683646,0.16106563133912744
osm,GLOBAL,t_test,p90,3.2,111,798,285,126787,127981,0.12211221122112212,0.2803030303030303,0.17011494252873563,0.1665221917276716
osm,GLOBAL,t_test,p90,3.3,101,639,295,126946,127981,0.13648648648648648,0.255050505050505,0.1778169014084507,0.17448911168272405
osm,GLOBAL,t_test,p90,3.4,90,511,306,127074,127981,0.1497504159733777,0.22727272727272727,0.18054162487462386,0.17747324568119738
osm,GLOBAL,t_test,p90,3.5,81,404,315,127181,127981,0.1670103092783505,0.20454545454545456,0.18388195232690124,0.18109210414100935
osm,GLOBAL,t_test,p90,3.6,72,328,324,127257,127981,0.18,0.18181818181818182,0.18090452261306533,0.17834938797754352
osm,GLOBAL,t_test,p90,3.7,61,280,335,127305,127981,0.17888563049853373,0.15404040404040403,0.1655359565807327,0.16313977624594878
osm,GLOBAL,t_test,p90,3.8,56,237,340,127348,127981,0.19112627986348124,0.1414141414141414,0.1625544267053701,0.16034474820831734
osm,GLOBAL,t_test,p90,3.9,47,204,349,127381,127981,0.18725099601593626,0.11868686868686869,0.14528593508500773,0.14322903183180513
osm,GLOBAL,t_test,p90,4.0,43,167,353,127418,127981,0.20476190476190476,0.10858585858585859,0.1419141914191419,0.14007007040145647
osm,GLOBAL,t_test,p90,4.1,42,146,354,127439,127981,0.22340425531914893,0.10606060606060606,0.14383561643835616,0.14212659350849396
osm,GLOBAL,t_test,p90,4.2,34,108,362,127477,127981,0.23943661971830985,0.08585858585858586,0.12639405204460966,0.12496479191539021
osm,GLOBAL,t_test,p90,4.3,29,84,367,127501,127981,0.25663716814159293,0.07323232323232323,0.11394891944990175,0.11272994060073714
osm,GLOBAL,t_test,p90,4.4,22,61,374,127524,127981,0.26506024096385544,0.05555555555555555,0.09185803757828812,0.09088317824259405
osm,GLOBAL,t_test,p90,4.5,19,49,377,127536,127981,0.27941176470588236,0.047979797979797977,0.08189655172413794,0.0810631463750702
osm,GLOBAL,t_test,p90,4.6,18,34,378,127551,127981,0.34615384615384615,0.045454545454545456,0.08035714285714286,0.07969608985910126
osm,GLOBAL,t_test,p90,4.7,15,30,381,127555,127981,0.3333333333333333,0.03787878787878788,0.06802721088435373,0.06743832496504752
osm,GLOBAL,t_test,p90,4.8,14,27,382,127558,127981,0.34146341463414637,0.03535353535353535,0.06407322654462243,0.06352950542731255
osm,GLOBAL,t_test,p90,4.9,12,21,384,127564,127981,0.36363636363636365,0.030303030303030304,0.05594405594405595,0.0554944408853066
osm,GLOBAL,t_test,p90,5.0,11,16,385,127569,127981,0.4074074074074074,0.027777777777777776,0.05200945626477541,0.05163484686816078
osm,GLOBAL,t_test,p90,5.1,11,15,385,127570,127981,0.4230769230769231,0.027777777777777776,0.052132701421800945,0.05177116359954072
osm,GLOBAL,t_test,p90,5.2,8,11,388,127574,127981,0.42105263157894735,0.020202020202020204,0.03855421686746988,0.03828173785943138
osm,GLOBAL,t_test,p90,5.3,7,10,389,127575,127981,0.4117647058823529,0.017676767676767676,0.03389830508474576,0.033652148171321894
osm,GLOBAL,t_test,p90,5.4,7,10,389,127575,127981,0.4117647058823529,0.017676767676767676,0.03389830508474576,0.033652148171321894
osm,GLOBAL,t_test,p90,5.5,6,9,390,127576,127981,0.4,0.015151515151515152,0.029197080291970805,0.028977770364240613
osm,GLOBAL,t_test,p90,5.6,6,8,390,127577,127981,0.42857142857142855,0.015151515151515152,0.02926829268292683,0.02906312221076787
osm,GLOBAL,t_test,p90,5.7,5,5,391,127580,127981,0.5,0.012626262626262626,0.02463054187192118,0.02448184939253552
osm,GLOBAL,t_test,p90,5.8,2,4,394,127581,127981,0.3333333333333333,0.005050505050505051,0.009950248756218907,0.009858794901833926
osm,GLOBAL,t_test,p90,5.9,1,4,395,127581,127981,0.2,0.0025252525252525255,0.004987531172069826,0.004910747770154361
osm,GLOBAL,t_test,p90,6.0,1,3,395,127582,127981,0.25,0.0025252525252525255,0.005,0.004938421424262961
osm,GLOBAL,t_test,frac50,0.0,396,127585,0,0,127981,0.003094209296692478,1.0,0.006169329397010368,0.0
osm,GLOBAL,t_test,frac50,0.1,396,127585,0,0,127981,0.003094209296692478,1.0,0.006169329397010368,0.0
osm,GLOBAL,t_test,frac50,0.2,396,127585,0,0,127981,0.003094209296692478,1.0,0.006169329397010368,0.0
osm,GLOBAL,t_test,frac50,0.3,396,127585,0,0,127981,0.003094209296692478,1.0,0.006169329397010368,0.0
osm,GLOBAL,t_test,frac50,0.4,396,127585,0,0,127981,0.003094209296692478,1.0,0.006169329397010368,0.0
osm,GLOBAL,t_test,frac50,0.5,396,127585,0,0,127981,0.003094209296692478,1.0,0.006169329397010368,0.0
osm,GLOBAL,t_test,frac50,0.6,396,127585,0,0,127981,0.003094209296692478,1.0,0.006169329397010368,0.0
osm,GLOBAL,t_test,frac50,0.7,396,127585,0,0,127981,0.003094209296692478,1.0,0.006169329397010368,0.0
osm,GLOBAL,t_test,frac50,0.8,396,127582,0,3,127981,0.003094281829689478,1.0,0.006169473569414367,1.4551624109849145e-07
osm,GLOBAL,t_test,frac50,0.9,396,127525,0,60,127981,0.0030956606030284315,1.0,0.006172214125953693,2.911617600558507e-06
osm,GLOBAL,t_test,frac50,1.0,396,127217,0,368,127981,0.0031031321260373158,1.0,0.006187064971994156,1.7900888057306746e-05
osm,GLOBAL,t_test,frac50,1.1,396,126083,0,1502,127981,0.0031309545458139297,1.0,0.006242364532019704,7.371588190150179e-05
osm,GLOBAL,t_test,frac50,1.2,396,123206,0,4379,127981,0.003203831653209495,1.0,0.0063871997935450574,0.0002199010267666271
osm,GLOBAL,t_test,frac50,1.3,395,117083,1,10502,127981,0.0033623316706106673,0.9974747474747475,0.006702071703683594,0.0005377599265951887
osm,GLOBAL,t_test,frac50,1.4,388,107288,8,20297,127981,0.0036034028009955792,0.9797979797979798,0.007180398253016507,0.0010209503278160552
osm,GLOBAL,t_test,frac50,1.5,384,93952,12,33633,127981,0.004070556309362279,0.9696969696969697,0.008107081028585905,0.0019565889235577346
osm,GLOBAL,t_test,frac50,1.6,377,78364,19,49221,127981,0.004787848770018161,0.952020202020202,0.009527780936856339,0.003391210283153017
osm,GLOBAL,t_test,frac50,1.7,368,62165,28,65420,127981,0.005884892776613948,0.9292929292929293,0.011695720573980198,0.00558056203205331
osm,GLOBAL,t_test,frac50,1.8,361,47394,35,80191,127981,0.007559417862003978,0.9116161616161617,0.014994496479823887,0.008911667811957702
osm,GLOBAL,t_test,frac50,1.9,345,34762,51,92823,127981,0.009827100008545305,0.8712121212121212,0.01943497732585979,0.013397569265223716
osm,GLOBAL,t_test,frac50,2.0,326,24771,70,102814,127981,0.012989600350639518,0.8232323232323232,0.02557564821715765,0.019602784353904005
osm,GLOBAL,t_test,frac50,2.1,309,17484,87,110101,127981,0.01736638003709324,0.7803030303030303,0.03397657925119578,0.028092957195615685
osm,GLOBAL,t_test,frac50,2.2,291,12238,105,115347,127981,0.023226115412243595,0.7348484848484849,0.04502901353965184,0.03926574554034946
osm,GLOBAL,t_test,frac50,2.3,268,8403,128,119182,127981,0.030907623111521162,0.6767676767676768,0.05911547369582001,0.05351403702472993
osm,GLOBAL,t_test,frac50,2.4,249,6033,147,121552,127981,0.039637058261700095,0.6287878787878788,0.07457322551662174,0.06915435378045628
osm,GLOBAL,t_test,frac50,2.5,220,4370,176,123215,127981,0.04793028322440087,0.5555555555555556,0.08824709185720016,0.08302314841858023
osm,GLOBAL,t_test,frac50,2.6,205,3221,191,124364,127981,0.059836544074722706,0.5176767676767676,0.10727367870225013,0.10229389433821795
osm,GLOBAL,t_test,frac50,2.7,184,2393,212,125192,127981,0.07140085370585952,0.46464646464646464,0.12378069290279177,0.11905519154596336
osm,GLOBAL,t_test,frac50,2.8,151,1808,245,125777,127981,0.07708014293006636,0.3813131313131313,0.12823779193205945,0.1237268972447079
osm,GLOBAL,t_test,frac50,2.9,132,1391,264,126194,127981,0.08667104399212082,0.3333333333333333,0.1375716519020323,0.13331502211330828
osm,GLOBAL,t_test,frac50,3.0,114,1077,282,126508,127981,0.09571788413098237,0.2878787878787879,0.1436672967863894,0.13967172707411069
osm,GLOBAL,t_test,frac50,3.1,97,804,299,126781,127981,0.1076581576026637,0.24494949494949494,0.14957594448727832,0.1459042116161232
osm,GLOBAL,t_test,frac50,3.2,89,641,307,126944,127981,0.12191780821917808,0.22474747474747475,0.15808170515097691,0.1546902974202053
osm,GLOBAL,t_test,frac50,3.3,80,501,316,127084,127981,0.13769363166953527,0.20202020202020202,0.16376663254861823,0.16067783143612044
osm,GLOBAL,t_test,frac50,3.4,67,390,329,127195,127981,0.14660831509846828,0.1691919191919192,0.15709261430246188,0.1542886724775106
osm,GLOBAL,t_test,frac50,3.5,62,303,334,127282,127981,0.16986301369863013,0.15656565656565657,0.16294349540078845,0.16045157801760035
osm,GLOBAL,t_test,frac50,3.6,58,251,338,127334,127981,0.18770226537216828,0.14646464646464646,0.1645390070921986,0.16226676400629264
osm,GLOBAL,t_test,frac50,3.7,49,218,347,127367,127981,0.18352059925093633,0.12373737373737374,0.1478129713423831,0.14568387153494966
osm,GLOBAL,t_test,frac50,3.8,42,177,354,127408,127981,0.1917808219178082,0.10606060606060606,0.13658536585365852,0.13467847344796446
osm,GLOBAL,t_test,frac50,3.9,39,149,357,127436,127981,0.2074468085106383,0.09848484848484848,0.13356164383561644,0.13183211263059716
osm,GLOBAL,t_test,frac50,4.0,34,126,362,127459,127981,0.2125,0.08585858585858586,0.12230215827338128,0.12073633046298862
osm,GLOBAL,t_test,frac50,4.1,29,106,367,127479,127981,0.21481481481481482,0.07323232323232323,0.10922787193973635,0.10782418785894177
osm,GLOBAL,t_test,frac50,4.2,28,83,368,127502,127981,0.25225225225225223,0.0707070707070707,0.11045364891518737,0.10924680225786335
osm,GLOBAL,t_test,frac50,4.3,23,63,373,127522,127981,0.26744186046511625,0.05808080808080808,0.0954356846473029,0.09443579898512848
osm,GLOBAL,t_test,frac50,4.4,17,41,379,127544,127981,0.29310344827586204,0.04292929292929293,0.07488986784140969,0.07415790548664003
osm,GLOBAL,t_test,frac50,4.5,15,35,381,127550,127981,0.3,0.03787878787878788,0.06726457399103139,0.06661702190847382
osm,GLOBAL,t_test,frac50,4.6,12,26,384,127559,127981,0.3157894736842105,0.030303030303030304,0.055299539170506916,0.054787382233011335
osm,GLOBAL,t_test,frac50,4.7,9,20,387,127565,127981,0.3103448275862069,0.022727272727272728,0.04235294117647059,0.041948386098364814
osm,GLOBAL,t_test,frac50,4.8,9,14,387,127571,127981,0.391304347826087,0.022727272727272728,0.042959427207637235,0.04263421158557376
osm,GLOBAL,t_test,frac50,4.9,9,12,387,127573,127981,0.42857142857142855,0.022727272727272728,0.04316546762589928,0.042867180073534114
osm,GLOBAL,t_test,frac50,5.0,9,10,387,127575,127981,0.47368421052631576,0.022727272727272728,0.043373493975903614,0.04310238077744003
osm,GLOBAL,t_test,frac50,5.1,7,10,389,127575,127981,0.4117647058823529,0.017676767676767676,0.03389830508474576,0.033652148171321894
osm,GLOBAL,t_test,frac50,5.2,7,9,389,127576,127981,0.4375,0.017676767676767676,0.03398058252427184,0.033748366230004906
osm,GLOBAL,t_test,frac50,5.3,5,7,391,127578,127981,0.4166666666666667,0.012626262626262626,0.024509803921568627,0.02433222037368255
osm,GLOBAL,t_test,frac50,5.4,5,7,391,127578,127981,0.4166666666666667,0.012626262626262626,0.024509803921568627,0.02433222037368255
osm,GLOBAL,t_test,frac50,5.5,5,5,391,127580,127981,0.5,0.012626262626262626,0.02463054187192118,0.02448184939253552
osm,GLOBAL,t_test,frac50,5.6,5,5,391,127580,127981,0.5,0.012626262626262626,0.02463054187192118,0.02448184939253552
osm,GLOBAL,t_test,frac50,5.7,3,3,393,127582,127981,0.5,0.007575757575757576,0.01492537313432836,0.01483437884706203
osm,GLOBAL,t_test,frac50,5.8,1,2,395,127583,127981,0.3333333333333333,0.0025252525252525255,0.005012531328320803,0.004966232941382161
osm,GLOBAL,t_test,frac50,5.9,1,2,395,127583,127981,0.3333333333333333,0.0025252525252525255,0.005012531328320803,0.004966232941382161
osm,GLOBAL,t_test,frac50,6.0,1,2,395,127583,127981,0.3333333333333333,0.0025252525252525255,0.005012531328320803,0.004966232941382161
osm,COASTAL4,t_test,mean,0.0,373,83437,0,0,83810,0.004450542894642644,1.0,0.008861646650748962,0.0
osm,COASTAL4,t_test,mean,0.1,373,83437,0,0,83810,0.004450542894642644,1.0,0.008861646650748962,0.0
osm,COASTAL4,t_test,mean,0.2,373,83437,0,0,83810,0.004450542894642644,1.0,0.008861646650748962,0.0
osm,COASTAL4,t_test,mean,0.3,373,83437,0,0,83810,0.004450542894642644,1.0,0.008861646650748962,0.0
osm,COASTAL4,t_test,mean,0.4,373,83437,0,0,83810,0.004450542894642644,1.0,0.008861646650748962,0.0
osm,COASTAL4,t_test,mean,0.5,373,83437,0,0,83810,0.004450542894642644,1.0,0.008861646650748962,0.0
osm,COASTAL4,t_test,mean,0.6,373,83437,0,0,83810,0.004450542894642644,1.0,0.008861646650748962,0.0
osm,COASTAL4,t_test,mean,0.7,373,83437,0,0,83810,0.004450542894642644,1.0,0.008861646650748962,0.0
osm,COASTAL4,t_test,mean,0.8,373,83437,0,0,83810,0.004450542894642644,1.0,0.008861646650748962,0.0
osm,COASTAL4,t_test,mean,0.9,373,83390,0,47,83810,0.004453040125114907,1.0,0.008866596938290387,5.016775792390279e-06
osm,COASTAL4,t_test,mean,1.0,373,83055,0,382,83810,0.00447092103370571,1.0,0.008902041741745324,4.093763860991398e-05
osm,COASTAL4,t_test,mean,1.1,373,81957,0,1480,83810,0.004530547795457306,1.0,0.00902022901224865,0.0001607122004072913
osm,COASTAL4,t_test,mean,1.2,373,79217,0,4220,83810,0.00468651840683503,1.0,0.009329314808098746,0.0004739485123257602
osm,COASTAL4,t_test,mean,1.3,373,73868,0,9569,83810,0.00502417801484355,1.0,0.009998123676521833,0.001151735412376107
osm,COASTAL4,t_test,mean,1.4,368,65951,5,17486,83810,0.005548937710158477,0.9865951742627346,0.011035806393570444,0.002204011636970887
osm,COASTAL4,t_test,mean,1.5,365,56393,8,27044,83810,0.006430811515557278,0.9785522788203753,0.012777651362657752,0.003969784159237374
osm,COASTAL4,t_test,mean,1.6,363,45839,10,37598,83810,0.007856802735812303,0.9731903485254692,0.015587761674718197,0.006818164046309497
osm,COASTAL4,t_test,mean,1.7,359,35692,14,47745,83810,0.009958114892790769,0.9624664879356568,0.01971227761915221,0.010999246039741893
osm,COASTAL4,t_test,mean,1.8,352,26673,21,56764,83810,0.013024976873265495,0.9436997319034852,0.025695306226731877,0.01706523211875793
osm,COASTAL4,t_test,mean,1.9,338,19206,35,64231,83810,0.017294310274252968,0.9061662198391421,0.03394085454636742,0.025428568804991322
osm,COASTAL4,t_test,mean,2.0,323,13615,50,69822,83810,0.02317405653608839,0.8659517426273459,0.04514010201942562,0.0367899482846015
osm,COASTAL4,t_test,mean,2.1,305,9671,68,73766,83810,0.030573376102646353,0.8176943699731903,0.058942893033143304,0.050798486145245306
osm,COASTAL4,t_test,mean,2.2,284,6960,89,76477,83810,0.03920485919381557,0.7613941018766756,0.0745700406984377,0.06666920430596594
osm,COASTAL4,t_test,mean,2.3,259,5123,114,78314,83810,0.048123374210330735,0.6943699731903485,0.0900086880973067,0.0823701741963698
osm,COASTAL4,t_test,mean,2.4,234,3856,139,79581,83810,0.05721271393643032,0.6273458445040214,0.10486220031369034,0.09750035910391756
osm,COASTAL4,t_test,mean,2.5,210,2945,163,80492,83810,0.06656101426307448,0.5630026809651475,0.11904761904761904,0.11197896007558561
osm,COASTAL4,t_test,mean,2.6,194,2229,179,81208,83810,0.0800660338423442,0.5201072386058981,0.13876967095851214,0.13207481054031783
osm,COASTAL4,t_test,mean,2.7,170,1687,203,81750,83810,0.09154550350026926,0.45576407506702415,0.15246636771300448,0.14613732455229983
osm,COASTAL4,t_test,mean,2.8,141,1338,232,82099,83810,0.09533468559837728,0.3780160857908847,0.15226781857451405,0.1461986807506032
osm,COASTAL4,t_test,mean,2.9,123,1018,250,82419,83810,0.10780017528483786,0.3297587131367292,0.16248348745046234,0.15682735901827635
osm,COASTAL4,t_test,mean,3.0,105,792,268,82645,83810,0.11705685618729098,0.28150134048257375,0.16535433070866143,0.1600738579381855
osm,COASTAL4,t_test,mean,3.1,90,626,283,82811,83810,0.12569832402234637,0.24128686327077747,0.1652892561983471,0.16037550424062616
osm,COASTAL4,t_test,mean,3.2,79,492,294,82945,83810,0.138353765323993,0.21179624664879357,0.1673728813559322,0.16286572917142172
osm,COASTAL4,t_test,mean,3.3,69,378,304,83059,83810,0.15436241610738255,0.18498659517426275,0.16829268292682928,0.16423741472126197
osm,COASTAL4,t_test,mean,3.4,62,291,311,83146,83810,0.17563739376770537,0.16621983914209115,0.17079889807162535,0.1671945674543953
osm,COASTAL4,t_test,mean,3.5,54,240,319,83197,83810,0.1836734693877551,0.1447721179624665,0.16191904047976013,0.1586179477276161
osm,COASTAL4,t_test,mean,3.6,51,201,322,83236,83810,0.20238095238095238,0.13672922252010725,0.1632,0.16018597651059488
osm,COASTAL4,t_test,mean,3.7,42,171,331,83266,83810,0.19718309859154928,0.1126005361930295,0.14334470989761094,0.14056411027207857
osm,COASTAL4,t_test,mean,3.8,39,134,334,83303,83810,0.2254335260115607,0.10455764075067024,0.14285714285714285,0.14043289940071854
osm,COASTAL4,t_test,mean,3.9,37,107,336,83330,83810,0.2569444444444444,0.09919571045576407,0.14313346228239843,0.14100382242092419
osm,COASTAL4,t_test,mean,4.0,32,84,341,83353,83810,0.27586206896551724,0.08579088471849866,0.130879345603272,0.12904030985106177
osm,COASTAL4,t_test,mean,4.1,23,58,350,83379,83810,0.2839506172839506,0.06166219839142091,0.1013215859030837,0.09989214335375833
osm,COASTAL4,t_test,mean,4.2,20,50,353,83387,83810,0.2857142857142857,0.05361930294906166,0.09029345372460497,0.08901215650934882
osm,COASTAL4,t_test,mean,4.3,17,37,356,83400,83810,0.3148148148148148,0.045576407506702415,0.07962529274004684,0.07858809230063983
osm,COASTAL4,t_test,mean,4.4,15,30,358,83407,83810,0.3333333333333333,0.040214477211796246,0.07177033492822966,0.07088000489154439
osm,COASTAL4,t_test,mean,4.5,14,24,359,83413,83810,0.3684210526315789,0.03753351206434316,0.0681265206812652,0.0673589837653168
osm,COASTAL4,t_test,mean,4.6,11,18,362,83419,83810,0.3793103448275862,0.029490616621983913,0.054726368159203974,0.05411900082169745
osm,COASTAL4,t_test,mean,4.7,9,15,364,83422,83810,0.375,0.024128686327077747,0.04534005037783375,0.044826070422691475
osm,COASTAL4,t_test,mean,4.8,7,11,366,83426,83810,0.3888888888888889,0.01876675603217158,0.03580562659846547,0.03541036800212446
osm,COASTAL4,t_test,mean,4.9,7,10,366,83427,83810,0.4117647058823529,0.01876675603217158,0.035897435897435895,0.03552322272020477
osm,COASTAL4,t_test,mean,5.0,6,9,367,83428,83810,0.4,0.0160857908847185,0.030927835051546393,0.030594248823867302
osm,COASTAL4,t_test,mean,5.1,6,8,367,83429,83810,0.42857142857142855,0.0160857908847185,0.031007751937984496,0.03069563292357874
osm,COASTAL4,t_test,mean,5.2,6,8,367,83429,83810,0.42857142857142855,0.0160857908847185,0.031007751937984496,0.03069563292357874
osm,COASTAL4,t_test,mean,5.3,4,7,369,83430,83810,0.36363636363636365,0.010723860589812333,0.020833333333333332,0.02058360270014683
osm,COASTAL4,t_test,mean,5.4,3,7,370,83430,83810,0.3,0.00804289544235925,0.01566579634464752,0.015436979636860259
osm,COASTAL4,t_test,mean,5.5,3,6,370,83431,83810,0.3333333333333333,0.00804289544235925,0.015706806282722512,0.015500345437245053
osm,COASTAL4,t_test,mean,5.6,3,4,370,83433,83810,0.42857142857142855,0.00804289544235925,0.015789473684210527,0.015628068807718155
osm,COASTAL4,t_test,mean,5.7,1,2,372,83435,83810,0.3333333333333333,0.002680965147453083,0.005319148936170213,0.005248502379608145
osm,COASTAL4,t_test,mean,5.8,1,1,372,83436,83810,0.5,0.002680965147453083,0.005333333333333333,0.005286111820507976
osm,COASTAL4,t_test,mean,5.9,1,0,372,83437,83810,1.0,0.002680965147453083,0.0053475935828877,0.005323920595945557
osm,COASTAL4,t_test,mean,6.0,1,0,372,83437,83810,1.0,0.002680965147453083,0.0053475935828877,0.005323920595945557
osm,COASTAL4,t_test,max,0.0,373,83437,0,0,83810,0.004450542894642644,1.0,0.008861646650748962,0.0
osm,COASTAL4,t_test,max,0.1,373,83437,0,0,83810,0.004450542894642644,1.0,0.008861646650748962,0.0
osm,COASTAL4,t_test,max,0.2,373,83437,0,0,83810,0.004450542894642644,1.0,0.008861646650748962,0.0
osm,COASTAL4,t_test,max,0.3,373,83437,0,0,83810,0.004450542894642644,1.0,0.008861646650748962,0.0
osm,COASTAL4,t_test,max,0.4,373,83437,0,0,83810,0.004450542894642644,1.0,0.008861646650748962,0.0
osm,COASTAL4,t_test,max,0.5,373,83437,0,0,83810,0.004450542894642644,1.0,0.008861646650748962,0.0
osm,COASTAL4,t_test,max,0.6,373,83437,0,0,83810,0.004450542894642644,1.0,0.008861646650748962,0.0
osm,COASTAL4,t_test,max,0.7,373,83437,0,0,83810,0.004450542894642644,1.0,0.008861646650748962,0.0
osm,COASTAL4,t_test,max,0.8,373,83437,0,0,83810,0.004450542894642644,1.0,0.008861646650748962,0.0
osm,COASTAL4,t_test,max,0.9,373,83401,0,36,83810,0.004452455415761453,1.0,0.008865437864689175,3.842134473742849e-06
osm,COASTAL4,t_test,max,1.0,373,83163,0,274,83810,0.004465140777628807,1.0,0.0088905838467864,2.9325853847431437e-05
osm,COASTAL4,t_test,max,1.1,373,82270,0,1167,83810,0.004513388913761601,1.0,0.008986219523947191,0.00012624596727408953
osm,COASTAL4,t_test,max,1.2,373,80093,0,3344,83810,0.004635498222851888,1.0,0.009228219052684969,0.00037149530216034395
osm,COASTAL4,t_test,max,1.3,373,75719,0,7718,83810,0.004901960784313725,1.0,0.00975609756097561,0.0009064608295114338
osm,COASTAL4,t_test,max,1.4,372,68957,1,14480,83810,0.005365719972882921,0.9973190348525469,0.01067401222346561,0.0018368214981423006
osm,COASTAL4,t_test,max,1.5,368,60192,5,23245,83810,0.00607661822985469,0.9865951742627346,0.012078840693876882,0.003261092275024456
osm,COASTAL4,t_test,max,1.6,364,50405,9,33032,83810,0.007169729559376785,0.9758713136729222,0.014234875444839857,0.005446838166415328
osm,COASTAL4,t_test,max,1.7,363,40339,10,43098,83810,0.008918480664340818,0.9731903485254692,0.01767498478393183,0.008933525280339506
osm,COASTAL4,t_test,max,1.8,360,31380,13,52057,83810,0.011342155009451797,0.9651474530831099,0.02242082645657522,0.01374404480896692
osm,COASTAL4,t_test,max,1.9,353,23445,20,59992,83810,0.01483317925876124,0.9463806970509383,0.02920855570725249,0.020625585942771446
osm,COASTAL4,t_test,max,2.0,338,17153,35,66284,83810,0.019324223886570235,0.9061662198391421,0.037841468875951634,0.029382311236391578
osm,COASTAL4,t_test,max,2.1,331,12527,42,70910,83810,0.025742728262560275,0.8873994638069705,0.05003401103469126,0.04174495928011461
osm,COASTAL4,t_test,max,2.2,315,9164,58,74273,83810,0.03323135351830362,0.8445040214477212,0.06394640682095006,0.05586071516774177
osm,COASTAL4,t_test,max,2.3,298,6754,75,76683,83810,0.042257515598411795,0.7989276139410187,0.08026936026936025,0.07242772585377193
osm,COASTAL4,t_test,max,2.4,285,5191,88,78246,83810,0.052045288531775015,0.7640750670241286,0.09745255599247733,0.08986801712831102
osm,COASTAL4,t_test,max,2.5,256,4037,117,79400,83810,0.05963195900302819,0.6863270777479893,0.10972996142306045,0.10237886344305562
osm,COASTAL4,t_test,max,2.6,236,3187,137,80250,83810,0.06894536955886649,0.6327077747989276,0.12434141201264488,0.11725610941530337
osm,COASTAL4,t_test,max,2.7,222,2480,151,80957,83810,0.08216136195410807,0.5951742627345844,0.14439024390243904,0.13764544394432718
osm,COASTAL4,t_test,max,2.8,197,1963,176,81474,83810,0.0912037037037037,0.5281501340482574,0.15554678247137782,0.14908806685723727
osm,COASTAL4,t_test,max,2.9,177,1565,196,81872,83810,0.10160734787600459,0.4745308310991957,0.1673758865248227,0.16122659022020536
osm,COASTAL4,t_test,max,3.0,149,1276,224,82161,83810,0.10456140350877192,0.39946380697050937,0.1657397107897664,0.1598125823671417
osm,COASTAL4,t_test,max,3.1,134,981,239,82456,83810,0.12017937219730941,0.35924932975871315,0.1801075268817204,0.17460226228348869
osm,COASTAL4,t_test,max,3.2,124,810,249,82627,83810,0.13276231263383298,0.3324396782841823,0.18974751338944149,0.1845606364093169
osm,COASTAL4,t_test,max,3.3,109,666,264,82771,83810,0.1406451612903226,0.29222520107238603,0.18989547038327528,0.18499811733542784
osm,COASTAL4,t_test,max,3.4,97,535,276,82902,83810,0.15348101265822786,0.26005361930294907,0.1930348258706468,0.18849241318797594
osm,COASTAL4,t_test,max,3.5,88,450,285,82987,83810,0.16356877323420074,0.2359249329758713,0.19319429198682764,0.1889308064738943
osm,COASTAL4,t_test,max,3.6,81,383,292,83054,83810,0.17456896551724138,0.21715817694369974,0.1935483870967742,0.1895492884485667
osm,COASTAL4,t_test,max,3.7,70,331,303,83106,83810,0.1745635910224439,0.1876675603217158,0.18087855297157623,0.17708363759066684
osm,COASTAL4,t_test,max,3.8,62,264,311,83173,83810,0.1901840490797546,0.16621983914209115,0.17739628040057226,0.17396717593080732
osm,COASTAL4,t_test,max,3.9,57,238,316,83199,83810,0.19322033898305085,0.15281501340482573,0.17065868263473052,0.16738578545935898
osm,COASTAL4,t_test,max,4.0,48,203,325,83234,83810,0.19123505976095617,0.128686327077748,0.15384615384615383,0.1508056945633395
osm,COASTAL4,t_test,max,4.1,47,173,326,83264,83810,0.21363636363636362,0.1260053619302949,0.15851602023608768,0.15572801649574156
osm,COASTAL4,t_test,max,4.2,41,147,332,83290,83810,0.21808510638297873,0.10991957104557641,0.1461675579322638,0.14361304551671103
osm,COASTAL4,t_test,max,4.3,34,109,339,83328,83810,0.23776223776223776,0.09115281501340483,0.13178294573643412,0.1296359545344477
osm,COASTAL4,t_test,max,4.4,26,76,347,83361,83810,0.2549019607843137,0.06970509383378017,0.10947368421052632,0.10776828048402065
osm,COASTAL4,t_test,max,4.5,21,60,352,83377,83810,0.25925925925925924,0.05630026809651475,0.09251101321585904,0.09106755652390025
osm,COASTAL4,t_test,max,4.6,18,42,355,83395,83810,0.3,0.04825737265415549,0.08314087759815242,0.08200862078239987
osm,COASTAL4,t_test,max,4.7,16,36,357,83401,83810,0.3076923076923077,0.04289544235924933,0.07529411764705882,0.07428594651592414
osm,COASTAL4,t_test,max,4.8,15,30,358,83407,83810,0.3333333333333333,0.040214477211796246,0.07177033492822966,0.07088000489154439
osm,COASTAL4,t_test,max,4.9,13,27,360,83410,83810,0.325,0.03485254691689008,0.06295399515738499,0.06214547955987356
osm,COASTAL4,t_test,max,5.0,12,22,361,83415,83810,0.35294117647058826,0.032171581769437,0.05896805896805897,0.05826780607455514
osm,COASTAL4,t_test,max,5.1,11,19,362,83418,83810,0.36666666666666664,0.029490616621983913,0.05459057071960297,0.05396371587159758
osm,COASTAL4,t_test,max,5.2,11,16,362,83421,83810,0.4074074074074074,0.029490616621983913,0.05499999999999999,0.054431880650892606
osm,COASTAL4,t_test,max,5.3,9,14,364,83423,83810,0.391304347826087,0.024128686327077747,0.04545454545454545,0.04496080713858205
osm,COASTAL4,t_test,max,5.4,9,13,364,83424,83810,0.4090909090909091,0.024128686327077747,0.04556962025316455,0.0450962203286158
osm,COASTAL4,t_test,max,5.5,9,12,364,83425,83810,0.42857142857142855,0.024128686327077747,0.04568527918781726,0.045232315100207775
osm,COASTAL4,t_test,max,5.6,8,11,365,83426,83810,0.42105263157894735,0.021447721179624665,0.04081632653061224,0.04040232713525291
osm,COASTAL4,t_test,max,5.7,5,6,368,83431,83810,0.45454545454545453,0.013404825737265416,0.026041666666666664,0.02579326438790788
osm,COASTAL4,t_test,max,5.8,3,5,370,83432,83810,0.375,0.00804289544235925,0.015748031496062992,0.015564040967467994
osm,COASTAL4,t_test,max,5.9,2,5,371,83432,83810,0.2857142857142857,0.005361930294906166,0.010526315789473684,0.010364047785303726
osm,COASTAL4,t_test,max,6.0,1,4,372,83433,83810,0.2,0.002680965147453083,0.005291005291005292,0.005173875229052006
osm,COASTAL4,t_test,p75,0.0,373,83437,0,0,83810,0.004450542894642644,1.0,0.008861646650748962,0.0
osm,COASTAL4,t_test,p75,0.1,373,83437,0,0,83810,0.004450542894642644,1.0,0.008861646650748962,0.0
osm,COASTAL4,t_test,p75,0.2,373,83437,0,0,83810,0.004450542894642644,1.0,0.008861646650748962,0.0
osm,COASTAL4,t_test,p75,0.3,373,83437,0,0,83810,0.004450542894642644,1.0,0.008861646650748962,0.0
osm,COASTAL4,t_test,p75,0.4,373,83437,0,0,83810,0.004450542894642644,1.0,0.008861646650748962,0.0
osm,COASTAL4,t_test,p75,0.5,373,83437,0,0,83810,0.004450542894642644,1.0,0.008861646650748962,0.0
osm,COASTAL4,t_test,p75,0.6,373,83437,0,0,83810,0.004450542894642644,1.0,0.008861646650748962,0.0
osm,COASTAL4,t_test,p75,0.7,373,83437,0,0,83810,0.004450542894642644,1.0,0.008861646650748962,0.0
osm,COASTAL4,t_test,p75,0.8,373,83437,0,0,83810,0.004450542894642644,1.0,0.008861646650748962,0.0
osm,COASTAL4,t_test,p75,0.9,373,83397,0,40,83810,0.004452668019577414,1.0,0.008865859310934957,4.269241238169968e-06
osm,COASTAL4,t_test,p75,1.0,373,83108,0,329,83810,0.004468082557707742,1.0,0.008896415197843873,3.523552532787667e-05
osm,COASTAL4,t_test,p75,1.1,373,82139,0,1298,83810,0.004520554585999612,1.0,0.009000422271822404,0.00014063945824918582
osm,COASTAL4,t_test,p75,1.2,373,79704,0,3733,83810,0.004658016658965746,1.0,0.009272840273461777,0.00041671568209303126
osm,COASTAL4,t_test,p75,1.3,373,74876,0,8561,83810,0.0049568765033422375,1.0,0.009864854142974267,0.0010166772050723058
osm,COASTAL4,t_test,p75,1.4,370,67551,3,15886,83810,0.005447505189852917,0.9919571045576407,0.010835505315254634,0.002000745956971804
osm,COASTAL4,t_test,p75,1.5,367,58405,6,25032,83810,0.00624447015585653,0.9839142091152815,0.012410178375179643,0.0035970432636985203
osm,COASTAL4,t_test,p75,1.6,363,48181,10,35256,83810,0.007477752142386288,0.9731903485254692,0.014841466156959747,0.006061797733821272
osm,COASTAL4,t_test,p75,1.7,361,38003,12,45434,83810,0.009409863413616933,0.967828418230563,0.01863851098433023,0.009910498860797036
osm,COASTAL4,t_test,p75,1.8,357,28936,16,54501,83810,0.01218721196190216,0.9571045576407506,0.024067956583294005,0.015414265555217584
osm,COASTAL4,t_test,p75,1.9,345,21295,28,62142,83810,0.015942698706099816,0.9249329758713136,0.03134511425067006,0.022794309358612305
osm,COASTAL4,t_test,p75,2.0,332,15285,41,68152,83810,0.02125888454888903,0.8900804289544236,0.04152595372107567,0.033120435095362014
osm,COASTAL4,t_test,p75,2.1,320,11018,53,72419,83810,0.02822367260539778,0.8579088471849866,0.054649474852702586,0.04643202398544554
osm,COASTAL4,t_test,p75,2.2,303,7935,70,75502,83810,0.03678077203204661,0.8123324396782842,0.07037510161421437,0.062390872114432755
osm,COASTAL4,t_test,p75,2.3,280,5873,93,77564,83810,0.04550625711035267,0.7506702412868632,0.08581060373889059,0.07807348722371786
osm,COASTAL4,t_test,p75,2.4,257,4473,116,78964,83810,0.05433403805496829,0.6890080428954424,0.10072506368802665,0.09324390194737174
osm,COASTAL4,t_test,p75,2.5,226,3444,147,79993,83810,0.061580381471389646,0.6058981233243967,0.11179816967598318,0.10456314065910464
osm,COASTAL4,t_test,p75,2.6,213,2667,160,80770,83810,0.07395833333333333,0.5710455764075067,0.13095604057792806,0.12405317920058052
osm,COASTAL4,t_test,p75,2.7,194,2040,179,81397,83810,0.08683974932855863,0.5201072386058981,0.14883007288070577,0.14228782949226745
osm,COASTAL4,t_test,p75,2.8,166,1605,207,81832,83810,0.09373235460191982,0.4450402144772118,0.15485074626865675,0.1485907346537851
osm,COASTAL4,t_test,p75,2.9,144,1278,229,82159,83810,0.10126582278481013,0.38605898123324395,0.16044568245125349,0.15448356974431984
osm,COASTAL4,t_test,p75,3.0,127,983,246,82454,83810,0.11441441441441441,0.34048257372654156,0.17127444369521239,0.16571618658574425
osm,COASTAL4,t_test,p75,3.1,114,762,259,82675,83810,0.13013698630136986,0.30563002680965146,0.18254603682946355,0.1774107145620873
osm,COASTAL4,t_test,p75,3.2,98,622,275,82815,83810,0.1361111111111111,0.26273458445040215,0.17932296431838973,0.17448256073728333
osm,COASTAL4,t_test,p75,3.3,87,507,286,82930,83810,0.14646464646464646,0.23324396782841822,0.17993795243019647,0.17542946597806194
osm,COASTAL4,t_test,p75,3.4,77,391,296,83046,83810,0.16452991452991453,0.2064343163538874,0.183115338882283,0.17904893873225497
osm,COASTAL4,t_test,p75,3.5,68,321,305,83116,83810,0.17480719794344474,0.18230563002680966,0.1784776902887139,0.1747276588658821
osm,COASTAL4,t_test,p75,3.6,60,272,313,83165,83810,0.18072289156626506,0.16085790884718498,0.1702127659574468,0.16671989156465206
osm,COASTAL4,t_test,p75,3.7,55,227,318,83210,83810,0.1950354609929078,0.14745308310991956,0.16793893129770993,0.16473802096793722
osm,COASTAL4,t_test,p75,3.8,50,192,323,83245,83810,0.2066115702479339,0.13404825737265416,0.16260162601626016,0.15965829467647483
osm,COASTAL4,t_test,p75,3.9,42,158,331,83279,83810,0.21,0.1126005361930295,0.14659685863874347,0.14393721175597124
osm,COASTAL4,t_test,p75,4.0,39,131,334,83306,83810,0.22941176470588234,0.10455764075067024,0.143646408839779,0.14125332923771147
osm,COASTAL4,t_test,p75,4.1,37,99,336,83338,83810,0.27205882352941174,0.09919571045576407,0.1453831041257367,0.1433457351236474
osm,COASTAL4,t_test,p75,4.2,28,84,345,83353,83810,0.25,0.07506702412868632,0.11546391752577319,0.11364200115085342
osm,COASTAL4,t_test,p75,4.3,26,64,347,83373,83810,0.28888888888888886,0.06970509383378017,0.11231101511879052,0.11077244456127174
osm,COASTAL4,t_test,p75,4.4,18,43,355,83394,83810,0.29508196721311475,0.04825737265415549,0.08294930875576037,0.08180057307808587
osm,COASTAL4,t_test,p75,4.5,17,36,356,83401,83810,0.32075471698113206,0.045576407506702415,0.07981220657276995,0.0787920497588552
osm,COASTAL4,t_test,p75,4.6,15,26,358,83411,83810,0.36585365853658536,0.040214477211796246,0.07246376811594202,0.07164541566250518
osm,COASTAL4,t_test,p75,4.7,12,22,361,83415,83810,0.35294117647058826,0.032171581769437,0.05896805896805897,0.05826780607455514
osm,COASTAL4,t_test,p75,4.8,10,18,363,83419,83810,0.35714285714285715,0.02680965147453083,0.04987531172069825,0.04928442088260216
osm,COASTAL4,t_test,p75,4.9,10,14,363,83423,83810,0.4166666666666667,0.02680965147453083,0.05037783375314861,0.04986656609330356
osm,COASTAL4,t_test,p75,5.0,9,12,364,83425,83810,0.42857142857142855,0.024128686327077747,0.04568527918781726,0.045232315100207775
osm,COASTAL4,t_test,p75,5.1,9,9,364,83428,83810,0.5,0.024128686327077747,0.04603580562659846,0.045644740755409606
osm,COASTAL4,t_test,p75,5.2,7,9,366,83428,83810,0.4375,0.01876675603217158,0.03598971722365038,0.03563665271420706
osm,COASTAL4,t_test,p75,5.3,7,8,366,83429,83810,0.4666666666666667,0.01876675603217158,0.03608247422680412,0.03575066239394903
osm,COASTAL4,t_test,p75,5.4,6,7,367,83430,83810,0.46153846153846156,0.0160857908847185,0.031088082901554407,0.030797537809783202
osm,COASTAL4,t_test,p75,5.5,5,6,368,83431,83810,0.45454545454545453,0.013404825737265416,0.026041666666666664,0.02579326438790788
osm,COASTAL4,t_test,p75,5.6,5,5,368,83432,83810,0.5,0.013404825737265416,0.02610966057441253,0.025883271630095
osm,COASTAL4,t_test,p75,5.7,3,3,370,83434,83810,0.5,0.00804289544235925,0.0158311345646438,0.015692431565565854
osm,COASTAL4,t_test,p75,5.8,2,3,371,83434,83810,0.4,0.005361930294906166,0.010582010582010583,0.010465503552297539
osm,COASTAL4,t_test,p75,5.9,1,3,372,83434,83810,0.25,0.002680965147453083,0.005305039787798408,0.005211090701073936
osm,COASTAL4,t_test,p75,6.0,1,3,372,83434,83810,0.25,0.002680965147453083,0.005305039787798408,0.005211090701073936
osm,COASTAL4,t_test,p90,0.0,373,83437,0,0,83810,0.004450542894642644,1.0,0.008861646650748962,0.0
osm,COASTAL4,t_test,p90,0.1,373,83437,0,0,83810,0.004450542894642644,1.0,0.008861646650748962,0.0
osm,COASTAL4,t_test,p90,0.2,373,83437,0,0,83810,0.004450542894642644,1.0,0.008861646650748962,0.0
osm,COASTAL4,t_test,p90,0.3,373,83437,0,0,83810,0.004450542894642644,1.0,0.008861646650748962,0.0
osm,COASTAL4,t_test,p90,0.4,373,83437,0,0,83810,0.004450542894642644,1.0,0.008861646650748962,0.0
osm,COASTAL4,t_test,p90,0.5,373,83437,0,0,83810,0.004450542894642644,1.0,0.008861646650748962,0.0
osm,COASTAL4,t_test,p90,0.6,373,83437,0,0,83810,0.004450542894642644,1.0,0.008861646650748962,0.0
osm,COASTAL4,t_test,p90,0.7,373,83437,0,0,83810,0.004450542894642644,1.0,0.008861646650748962,0.0
osm,COASTAL4,t_test,p90,0.8,373,83437,0,0,83810,0.004450542894642644,1.0,0.008861646650748962,0.0
osm,COASTAL4,t_test,p90,0.9,373,83401,0,36,83810,0.004452455415761453,1.0,0.008865437864689175,3.842134473742849e-06
osm,COASTAL4,t_test,p90,1.0,373,83139,0,298,83810,0.004466423986971932,1.0,0.008893127495976635,3.190366663035714e-05
osm,COASTAL4,t_test,p90,1.1,373,82217,0,1220,83810,0.004516285264559874,1.0,0.008991960271446307,0.00013206381331238958
osm,COASTAL4,t_test,p90,1.2,373,79974,0,3463,83810,0.004642363747246319,1.0,0.009241823587710604,0.0003852825163521881
osm,COASTAL4,t_test,p90,1.3,373,75410,0,8027,83810,0.004921948194186031,1.0,0.009795682546352224,0.0009465771598502287
osm,COASTAL4,t_test,p90,1.4,371,68440,2,14997,83810,0.005391579834619465,0.9946380697050938,0.010725023126734505,0.0018886472048067137
osm,COASTAL4,t_test,p90,1.5,368,59517,5,23920,83810,0.0061451114636386405,0.9865951742627346,0.012214145839556573,0.003398218813079259
osm,COASTAL4,t_test,p90,1.6,364,49489,9,33948,83810,0.0073014663109542055,0.9758713136729222,0.014494484928124876,0.005709949757904295
osm,COASTAL4,t_test,p90,1.7,361,39391,12,44046,83810,0.00908130408532904,0.967828418230563,0.017993769470404986,0.009257059646413709
osm,COASTAL4,t_test,p90,1.8,358,30415,15,53022,83810,0.011633574887076333,0.9597855227882037,0.022988505747126436,0.014319954741783133
osm,COASTAL4,t_test,p90,1.9,351,22570,22,60867,83810,0.015313467998778413,0.9410187667560321,0.030136515840989097,0.02156685502420813
osm,COASTAL4,t_test,p90,2.0,338,16378,35,67059,83810,0.02022014836085188,0.9061662198391421,0.03955761015858155,0.031121778718502923
osm,COASTAL4,t_test,p90,2.1,327,11910,46,71527,83810,0.026722235842118167,0.8766756032171582,0.05186360031720857,0.043602434828626725
osm,COASTAL4,t_test,p90,2.2,310,8637,63,74800,83810,0.034648485525874594,0.8310991957104558,0.06652360515021459,0.0584784434088752
osm,COASTAL4,t_test,p90,2.3,293,6389,80,77048,83810,0.043849146961987426,0.7855227882037533,0.08306165839829907,0.07526570192306797
osm,COASTAL4,t_test,p90,2.4,276,4877,97,78560,83810,0.05356103240830584,0.739946380697051,0.09989142236699242,0.09235774609485156
osm,COASTAL4,t_test,p90,2.5,244,3776,129,79661,83810,0.06069651741293532,0.6541554959785523,0.11108581834737082,0.10378587277380329
osm,COASTAL4,t_test,p90,2.6,225,2950,148,80487,83810,0.07086614173228346,0.6032171581769437,0.12683201803833147,0.11982111352976892
osm,COASTAL4,t_test,p90,2.7,208,2284,165,81153,83810,0.08346709470304976,0.5576407506702413,0.14520069808027922,0.13853100189645132
osm,COASTAL4,t_test,p90,2.8,189,1788,184,81649,83810,0.09559939301972686,0.5067024128686327,0.16085106382978723,0.1545198760265658
osm,COASTAL4,t_test,p90,2.9,164,1450,209,81987,83810,0.10161090458488228,0.43967828418230565,0.1650729743331656,0.15899234403095183
osm,COASTAL4,t_test,p90,3.0,136,1145,237,82292,83810,0.10616705698672912,0.3646112600536193,0.16444981862152358,0.1586497458626557
osm,COASTAL4,t_test,p90,3.1,123,877,250,82560,83810,0.123,0.3297587131367292,0.17916970138383104,0.17381357886932264
osm,COASTAL4,t_test,p90,3.2,111,726,262,82711,83810,0.13261648745519714,0.2975871313672922,0.18347107438016527,0.1784123973621729
osm,COASTAL4,t_test,p90,3.3,101,591,272,82846,83810,0.14595375722543352,0.2707774798927614,0.18967136150234742,0.18495746822527184
osm,COASTAL4,t_test,p90,3.4,90,482,283,82955,83810,0.15734265734265734,0.24128686327077747,0.1904761904761905,0.18609105486398833
osm,COASTAL4,t_test,p90,3.5,81,393,292,83044,83810,0.17088607594936708,0.21715817694369974,0.19126328217237307,0.1872145988135456
osm,COASTAL4,t_test,p90,3.6,72,324,301,83113,83810,0.18181818181818182,0.19302949061662197,0.18725617685305593,0.18351368604471338
osm,COASTAL4,t_test,p90,3.7,61,277,312,83160,83810,0.1804733727810651,0.16353887399463807,0.17158931082981715,0.16806902944924437
osm,COASTAL4,t_test,p90,3.8,56,234,317,83203,83810,0.19310344827586207,0.15013404825737264,0.16892911010558068,0.1656807833973464
osm,COASTAL4,t_test,p90,3.9,47,203,326,83234,83810,0.188,0.1260053619302949,0.1508828250401284,0.1478390216796477
osm,COASTAL4,t_test,p90,4.0,43,166,330,83271,83810,0.20574162679425836,0.11528150134048257,0.14776632302405499,0.14503347551596002
osm,COASTAL4,t_test,p90,4.1,42,145,331,83292,83810,0.22459893048128343,0.1126005361930295,0.15,0.14746599026226448
osm,COASTAL4,t_test,p90,4.2,34,107,339,83330,83810,0.24113475177304963,0.09115281501340483,0.132295719844358,0.1301718277415697
osm,COASTAL4,t_test,p90,4.3,29,83,344,83354,83810,0.25892857142857145,0.0777479892761394,0.11958762886597939,0.11777420627368998
osm,COASTAL4,t_test,p90,4.4,22,61,351,83376,83810,0.26506024096385544,0.058981233243967826,0.09649122807017545,0.09502502945713122
osm,COASTAL4,t_test,p90,4.5,19,49,354,83388,83810,0.27941176470588236,0.05093833780160858,0.08616780045351474,0.08491183918537845
osm,COASTAL4,t_test,p90,4.6,18,34,355,83403,83810,0.34615384615384615,0.04825737265415549,0.08470588235294117,0.08370797250559839
osm,COASTAL4,t_test,p90,4.7,15,30,358,83407,83810,0.3333333333333333,0.040214477211796246,0.07177033492822966,0.07088000489154439
osm,COASTAL4,t_test,p90,4.8,14,27,359,83410,83810,0.34146341463414637,0.03753351206434316,0.06763285024154589,0.06681023553572865
osm,COASTAL4,t_test,p90,4.9,12,21,361,83416,83810,0.36363636363636365,0.032171581769437,0.059113300492610835,0.05843208809585509
osm,COASTAL4,t_test,p90,5.0,11,16,362,83421,83810,0.4074074074074074,0.029490616621983913,0.05499999999999999,0.054431880650892606
osm,COASTAL4,t_test,p90,5.1,11,15,362,83422,83810,0.4230769230769231,0.029490616621983913,0.05513784461152881,0.054589487012178514
osm,COASTAL4,t_test,p90,5.2,8,11,365,83426,83810,0.42105263157894735,0.021447721179624665,0.04081632653061224,0.04040232713525291
osm,COASTAL4,t_test,p90,5.3,7,10,366,83427,83810,0.4117647058823529,0.01876675603217158,0.035897435897435895,0.03552322272020477
osm,COASTAL4,t_test,p90,5.4,7,10,366,83427,83810,0.4117647058823529,0.01876675603217158,0.035897435897435895,0.03552322272020477
osm,COASTAL4,t_test,p90,5.5,6,9,367,83428,83810,0.4,0.0160857908847185,0.030927835051546393,0.030594248823867302
osm,COASTAL4,t_test,p90,5.6,6,8,367,83429,83810,0.42857142857142855,0.0160857908847185,0.031007751937984496,0.03069563292357874
osm,COASTAL4,t_test,p90,5.7,5,5,368,83432,83810,0.5,0.013404825737265416,0.02610966057441253,0.025883271630095
osm,COASTAL4,t_test,p90,5.8,2,4,371,83433,83810,0.3333333333333333,0.005361930294906166,0.010554089709762533,0.010414642994875985
osm,COASTAL4,t_test,p90,5.9,1,4,372,83433,83810,0.2,0.002680965147453083,0.005291005291005292,0.005173875229052006
osm,COASTAL4,t_test,p90,6.0,1,3,372,83434,83810,0.25,0.002680965147453083,0.005305039787798408,0.005211090701073936
osm,COASTAL4,t_test,frac50,0.0,373,83437,0,0,83810,0.004450542894642644,1.0,0.008861646650748962,0.0
osm,COASTAL4,t_test,frac50,0.1,373,83437,0,0,83810,0.004450542894642644,1.0,0.008861646650748962,0.0
osm,COASTAL4,t_test,frac50,0.2,373,83437,0,0,83810,0.004450542894642644,1.0,0.008861646650748962,0.0
osm,COASTAL4,t_test,frac50,0.3,373,83437,0,0,83810,0.004450542894642644,1.0,0.008861646650748962,0.0
osm,COASTAL4,t_test,frac50,0.4,373,83437,0,0,83810,0.004450542894642644,1.0,0.008861646650748962,0.0
osm,COASTAL4,t_test,frac50,0.5,373,83437,0,0,83810,0.004450542894642644,1.0,0.008861646650748962,0.0
osm,COASTAL4,t_test,frac50,0.6,373,83437,0,0,83810,0.004450542894642644,1.0,0.008861646650748962,0.0
osm,COASTAL4,t_test,frac50,0.7,373,83437,0,0,83810,0.004450542894642644,1.0,0.008861646650748962,0.0
osm,COASTAL4,t_test,frac50,0.8,373,83437,0,0,83810,0.004450542894642644,1.0,0.008861646650748962,0.0
osm,COASTAL4,t_test,frac50,0.9,373,83394,0,43,83810,0.004452827485764084,1.0,0.008866175421915855,4.589597960130706e-06
osm,COASTAL4,t_test,frac50,1.0,373,83121,0,316,83810,0.004467386878099025,1.0,0.008895036188250443,3.3837994391622126e-05
osm,COASTAL4,t_test,frac50,1.1,373,82141,0,1296,83810,0.004520445015391328,1.0,0.009000205098507607,0.00014041936830757248
osm,COASTAL4,t_test,frac50,1.2,373,79743,0,3694,83810,0.004655749163712617,1.0,0.00926834722757147,0.0004121623058727898
osm,COASTAL4,t_test,frac50,1.3,373,74984,0,8453,83810,0.004949772416630174,1.0,0.009850785685989702,0.0010024199192068776
osm,COASTAL4,t_test,frac50,1.4,368,67695,5,15742,83810,0.005406755505928331,0.9865951742627346,0.01075457361622538,0.00191898983527849
osm,COASTAL4,t_test,frac50,1.5,366,58496,7,24941,83810,0.006217933471509633,0.9812332439678284,0.012357558875664724,0.003543868447853205
osm,COASTAL4,t_test,frac50,1.6,363,48361,10,35076,83810,0.0074501272473524345,0.9731903485254692,0.014787054198830887,0.00600665131636349
osm,COASTAL4,t_test,frac50,1.7,359,38122,14,45315,83810,0.009329279384631376,0.9624664879356568,0.018479435836722086,0.009749751084452099
osm,COASTAL4,t_test,frac50,1.8,356,29170,17,54267,83810,0.012057169951906794,0.9544235924932976,0.023813505468410316,0.015156691646691858
osm,COASTAL4,t_test,frac50,1.9,342,21423,31,62014,83810,0.015713301171605788,0.9168900804289544,0.03089710000903424,0.022341500329372488
osm,COASTAL4,t_test,frac50,2.0,325,15378,48,68059,83810,0.02069668216264408,0.871313672922252,0.040432943518288134,0.0320167548986468
osm,COASTAL4,t_test,frac50,2.1,308,11046,65,72391,83810,0.027127003699136867,0.8257372654155496,0.052528353372559046,0.044292091791113285
osm,COASTAL4,t_test,frac50,2.2,290,7972,83,75465,83810,0.03510045993706124,0.7774798927613941,0.0671685002895194,0.05915571348877659
osm,COASTAL4,t_test,frac50,2.3,267,5847,106,77590,83810,0.0436702649656526,0.7158176943699732,0.08231848312008631,0.0745546660626742
osm,COASTAL4,t_test,frac50,2.4,248,4438,125,78999,83810,0.052923602219376864,0.6648793565683646,0.09804309152006326,0.09054480729199574
osm,COASTAL4,t_test,frac50,2.5,219,3394,154,80043,83810,0.06061444782729034,0.5871313672922251,0.10988459608630206,0.10264460330763425
osm,COASTAL4,t_test,frac50,2.6,204,2641,169,80796,83810,0.07170474516695957,0.546916890080429,0.12678682411435674,0.11986069418731848
osm,COASTAL4,t_test,frac50,2.7,183,2020,190,81417,83810,0.08306854289605084,0.4906166219839142,0.1420807453416149,0.135499976518208
osm,COASTAL4,t_test,frac50,2.8,151,1570,222,81867,83810,0.08773968622893666,0.40482573726541554,0.14422158548233047,0.13791495638295995
osm,COASTAL4,t_test,frac50,2.9,132,1235,241,82202,83810,0.09656181419166057,0.353887399463807,0.1517241379310345,0.14575038793348402
osm,COASTAL4,t_test,frac50,3.0,114,977,259,82460,83810,0.10449129239230064,0.30563002680965146,0.1557377049180328,0.1501001025943105
osm,COASTAL4,t_test,frac50,3.1,97,745,276,82692,83810,0.11520190023752969,0.26005361930294907,0.15967078189300413,0.1544550470826268
osm,COASTAL4,t_test,frac50,3.2,89,606,284,82831,83810,0.12805755395683452,0.2386058981233244,0.16666666666666663,0.16181156641132546
osm,COASTAL4,t_test,frac50,3.3,80,480,293,82957,83810,0.14285714285714285,0.21447721179624665,0.1714898177920686,0.16703967768351038
osm,COASTAL4,t_test,frac50,3.4,67,373,306,83064,83810,0.15227272727272728,0.17962466487935658,0.16482164821648218,0.16077885493270647
osm,COASTAL4,t_test,frac50,3.5,62,299,311,83138,83810,0.17174515235457063,0.16621983914209115,0.16893732970027245,0.16528312119368724
osm,COASTAL4,t_test,frac50,3.6,58,250,315,83187,83810,0.18831168831168832,0.1554959785522788,0.17033773861967694,0.16698422699460955
osm,COASTAL4,t_test,frac50,3.7,49,217,324,83220,83810,0.18421052631578946,0.13136729222520108,0.15336463223787167,0.1502159244836164
osm,COASTAL4,t_test,frac50,3.8,42,176,331,83261,83810,0.1926605504587156,0.1126005361930295,0.14213197969543148,0.13930605393877737
osm,COASTAL4,t_test,frac50,3.9,39,148,334,83289,83810,0.20855614973262032,0.10455764075067024,0.13928571428571426,0.13671976324875534
osm,COASTAL4,t_test,frac50,4.0,34,125,339,83312,83810,0.2138364779874214,0.09115281501340483,0.12781954887218047,0.12549310963183508
osm,COASTAL4,t_test,frac50,4.1,29,105,344,83332,83810,0.21641791044776118,0.0777479892761394,0.11439842209072977,0.11231008254302492
osm,COASTAL4,t_test,frac50,4.2,28,82,345,83355,83810,0.2545454545454545,0.07506702412868632,0.11594202898550723,0.11414625959540915
osm,COASTAL4,t_test,frac50,4.3,23,62,350,83375,83810,0.27058823529411763,0.06166219839142091,0.10043668122270744,0.09894819027508059
osm,COASTAL4,t_test,frac50,4.4,17,41,356,83396,83810,0.29310344827586204,0.045576407506702415,0.0788863109048724,0.07778165385683665
osm,COASTAL4,t_test,frac50,4.5,15,35,358,83402,83810,0.3,0.040214477211796246,0.07092198581560284,0.06994343815060541
osm,COASTAL4,t_test,frac50,4.6,12,26,361,83411,83810,0.3157894736842105,0.032171581769437,0.058394160583941604,0.05761860761665939
osm,COASTAL4,t_test,frac50,4.7,9,20,364,83417,83810,0.3103448275862069,0.024128686327077747,0.04477611940298507,0.044162358725091534
osm,COASTAL4,t_test,frac50,4.8,9,14,364,83423,83810,0.391304347826087,0.024128686327077747,0.04545454545454545,0.04496080713858205
osm,COASTAL4,t_test,frac50,4.9,9,12,364,83425,83810,0.42857142857142855,0.024128686327077747,0.04568527918781726,0.045232315100207775
osm,COASTAL4,t_test,frac50,5.0,9,10,364,83427,83810,0.47368421052631576,0.024128686327077747,0.04591836734693877,0.0455065700760188
osm,COASTAL4,t_test,frac50,5.1,7,10,366,83427,83810,0.4117647058823529,0.01876675603217158,0.035897435897435895,0.03552322272020477
osm,COASTAL4,t_test,frac50,5.2,7,9,366,83428,83810,0.4375,0.01876675603217158,0.03598971722365038,0.03563665271420706
osm,COASTAL4,t_test,frac50,5.3,5,7,368,83430,83810,0.4166666666666667,0.013404825737265416,0.025974025974025972,0.025703720682625397
osm,COASTAL4,t_test,frac50,5.4,5,7,368,83430,83810,0.4166666666666667,0.013404825737265416,0.025974025974025972,0.025703720682625397
osm,COASTAL4,t_test,frac50,5.5,5,5,368,83432,83810,0.5,0.013404825737265416,0.02610966057441253,0.025883271630095
osm,COASTAL4,t_test,frac50,5.6,5,5,368,83432,83810,0.5,0.013404825737265416,0.02610966057441253,0.025883271630095
osm,COASTAL4,t_test,frac50,5.7,3,3,370,83434,83810,0.5,0.00804289544235925,0.0158311345646438,0.015692431565565854
osm,COASTAL4,t_test,frac50,5.8,1,2,372,83435,83810,0.3333333333333333,0.002680965147453083,0.005319148936170213,0.005248502379608145
osm,COASTAL4,t_test,frac50,5.9,1,2,372,83435,83810,0.3333333333333333,0.002680965147453083,0.005319148936170213,0.005248502379608145
osm,COASTAL4,t_test,frac50,6.0,1,2,372,83435,83810,0.3333333333333333,0.002680965147453083,0.005319148936170213,0.005248502379608145
osm,caracas,t_test,mean,0.0,23,18966,0,0,18989,0.0012112275527937227,1.0,0.002419524510835262,0.0
osm,caracas,t_test,mean,0.1,23,18966,0,0,18989,0.0012112275527937227,1.0,0.002419524510835262,0.0
osm,caracas,t_test,mean,0.2,23,18966,0,0,18989,0.0012112275527937227,1.0,0.002419524510835262,0.0
osm,caracas,t_test,mean,0.3,23,18966,0,0,18989,0.0012112275527937227,1.0,0.002419524510835262,0.0
osm,caracas,t_test,mean,0.4,23,18966,0,0,18989,0.0012112275527937227,1.0,0.002419524510835262,0.0
osm,caracas,t_test,mean,0.5,23,18966,0,0,18989,0.0012112275527937227,1.0,0.002419524510835262,0.0
osm,caracas,t_test,mean,0.6,23,18966,0,0,18989,0.0012112275527937227,1.0,0.002419524510835262,0.0
osm,caracas,t_test,mean,0.7,23,18966,0,0,18989,0.0012112275527937227,1.0,0.002419524510835262,0.0
osm,caracas,t_test,mean,0.8,23,18966,0,0,18989,0.0012112275527937227,1.0,0.002419524510835262,0.0
osm,caracas,t_test,mean,0.9,23,18966,0,0,18989,0.0012112275527937227,1.0,0.002419524510835262,0.0
osm,caracas,t_test,mean,1.0,23,18966,0,0,18989,0.0012112275527937227,1.0,0.002419524510835262,0.0
osm,caracas,t_test,mean,1.1,23,18952,0,14,18989,0.0012121212121212121,1.0,0.002421307506053269,1.789484528761528e-06
osm,caracas,t_test,mean,1.2,23,18755,0,211,18989,0.001224837575886676,1.0,0.0024466783681719056,2.7252684478563627e-05
osm,caracas,t_test,mean,1.3,21,17943,2,1023,18989,0.001169004676018704,0.9130434782608695,0.002335019736476344,-8.454231073078726e-05
osm,caracas,t_test,mean,1.4,20,16343,3,2623,18989,0.001222269754934914,0.8695652173913043,0.0024411082631514707,2.2106883553928092e-05
osm,caracas,t_test,mean,1.5,18,13718,5,5248,18989,0.0013104251601630751,0.782608695652174,0.0026164692201468124,0.00019854373000655296
osm,caracas,t_test,mean,1.6,14,10591,9,8375,18989,0.0013201320132013201,0.6086956521739131,0.002634550244636808,0.00021786418572563532
osm,caracas,t_test,mean,1.7,10,7440,13,11526,18989,0.0013422818791946308,0.43478260869565216,0.0026763013515321826,0.00026193452050969813
osm,caracas,t_test,mean,1.8,4,4979,19,13987,18989,0.0008027292795504716,0.17391304347826086,0.001598082301238514,-0.0008152085998019316
osm,caracas,t_test,mean,1.9,2,3200,21,15766,18989,0.0006246096189881324,0.08695652173913043,0.0012403100775193797,-0.0011676770760696133
osm,caracas,t_test,mean,2.0,1,1977,22,16989,18989,0.0005055611729019212,0.043478260869565216,0.0009995002498750624,-0.0013984593099121885
osm,caracas,t_test,mean,2.1,1,1208,22,17758,18989,0.0008271298593879239,0.043478260869565216,0.0016233766233766233,-0.0007556504322373762
osm,caracas,t_test,mean,2.2,1,684,22,18282,18989,0.00145985401459854,0.043478260869565216,0.002824858757062147,0.00048222945681803233
osm,caracas,t_test,mean,2.3,1,388,22,18578,18989,0.002570694087403599,0.043478260869565216,0.0048543689320388345,0.002573033065855012
osm,caracas,t_test,mean,2.4,1,226,22,18740,18989,0.004405286343612335,0.043478260869565216,0.008000000000000002,0.005813197410577801
osm,caracas,t_test,mean,2.5,1,127,22,18839,18989,0.0078125,0.043478260869565216,0.013245033112582781,0.011214590080329667
osm,caracas,t_test,mean,2.6,1,79,22,18887,18989,0.0125,0.043478260869565216,0.01941747572815534,0.017569013624183713
osm,caracas,t_test,mean,2.7,0,58,23,18908,18989,0.0,0.0,nan,-0.0017376115396352818
osm,caracas,t_test,mean,2.8,0,33,23,18933,18989,0.0,0.0,nan,-0.0014295589085706628
osm,caracas,t_test,mean,2.9,0,22,23,18944,18989,0.0,0.0,nan,-0.0011857156415407998
osm,caracas,t_test,mean,3.0,0,19,23,18947,18989,0.0,0.0,nan,-0.0010970748019117234
osm,caracas,t_test,mean,3.1,0,9,23,18957,18989,0.0,0.0,nan,-0.0006817800057406054
osm,caracas,t_test,mean,3.2,0,6,23,18960,18989,0.0,0.0,nan,-0.0005014489331140505
osm,caracas,t_test,mean,3.3,0,4,23,18962,18989,0.0,0.0,nan,-0.000359011080552567
osm,caracas,t_test,mean,3.4,0,1,23,18965,18989,0.0,0.0,nan,-0.00010094581846967725
osm,caracas,t_test,mean,3.5,0,1,23,18965,18989,0.0,0.0,nan,-0.00010094581846967725
osm,caracas,t_test,mean,3.6,0,1,23,18965,18989,0.0,0.0,nan,-0.00010094581846967725
osm,caracas,t_test,mean,3.7,0,1,23,18965,18989,0.0,0.0,nan,-0.00010094581846967725
osm,caracas,t_test,mean,3.8,0,1,23,18965,18989,0.0,0.0,nan,-0.00010094581846967725
osm,caracas,t_test,mean,3.9,0,1,23,18965,18989,0.0,0.0,nan,-0.00010094581846967725
osm,caracas,t_test,mean,4.0,0,1,23,18965,18989,0.0,0.0,nan,-0.00010094581846967725
osm,caracas,t_test,mean,4.1,0,1,23,18965,18989,0.0,0.0,nan,-0.00010094581846967725
osm,caracas,t_test,mean,4.2,0,1,23,18965,18989,0.0,0.0,nan,-0.00010094581846967725
osm,caracas,t_test,mean,4.3,0,0,23,18966,18989,nan,0.0,nan,0.0
osm,caracas,t_test,mean,4.4,0,0,23,18966,18989,nan,0.0,nan,0.0
osm,caracas,t_test,mean,4.5,0,0,23,18966,18989,nan,0.0,nan,0.0
osm,caracas,t_test,mean,4.6,0,0,23,18966,18989,nan,0.0,nan,0.0
osm,caracas,t_test,mean,4.7,0,0,23,18966,18989,nan,0.0,nan,0.0
osm,caracas,t_test,mean,4.8,0,0,23,18966,18989,nan,0.0,nan,0.0
osm,caracas,t_test,mean,4.9,0,0,23,18966,18989,nan,0.0,nan,0.0
osm,caracas,t_test,mean,5.0,0,0,23,18966,18989,nan,0.0,nan,0.0
osm,caracas,t_test,mean,5.1,0,0,23,18966,18989,nan,0.0,nan,0.0
osm,caracas,t_test,mean,5.2,0,0,23,18966,18989,nan,0.0,nan,0.0
osm,caracas,t_test,mean,5.3,0,0,23,18966,18989,nan,0.0,nan,0.0
osm,caracas,t_test,mean,5.4,0,0,23,18966,18989,nan,0.0,nan,0.0
osm,caracas,t_test,mean,5.5,0,0,23,18966,18989,nan,0.0,nan,0.0
osm,caracas,t_test,mean,5.6,0,0,23,18966,18989,nan,0.0,nan,0.0
osm,caracas,t_test,mean,5.7,0,0,23,18966,18989,nan,0.0,nan,0.0
osm,caracas,t_test,mean,5.8,0,0,23,18966,18989,nan,0.0,nan,0.0
osm,caracas,t_test,mean,5.9,0,0,23,18966,18989,nan,0.0,nan,0.0
osm,caracas,t_test,mean,6.0,0,0,23,18966,18989,nan,0.0,nan,0.0
osm,caracas,t_test,max,0.0,23,18966,0,0,18989,0.0012112275527937227,1.0,0.002419524510835262,0.0
osm,caracas,t_test,max,0.1,23,18966,0,0,18989,0.0012112275527937227,1.0,0.002419524510835262,0.0
osm,caracas,t_test,max,0.2,23,18966,0,0,18989,0.0012112275527937227,1.0,0.002419524510835262,0.0
osm,caracas,t_test,max,0.3,23,18966,0,0,18989,0.0012112275527937227,1.0,0.002419524510835262,0.0
osm,caracas,t_test,max,0.4,23,18966,0,0,18989,0.0012112275527937227,1.0,0.002419524510835262,0.0
osm,caracas,t_test,max,0.5,23,18966,0,0,18989,0.0012112275527937227,1.0,0.002419524510835262,0.0
osm,caracas,t_test,max,0.6,23,18966,0,0,18989,0.0012112275527937227,1.0,0.002419524510835262,0.0
osm,caracas,t_test,max,0.7,23,18966,0,0,18989,0.0012112275527937227,1.0,0.002419524510835262,0.0
osm,caracas,t_test,max,0.8,23,18966,0,0,18989,0.0012112275527937227,1.0,0.002419524510835262,0.0
osm,caracas,t_test,max,0.9,23,18966,0,0,18989,0.0012112275527937227,1.0,0.002419524510835262,0.0
osm,caracas,t_test,max,1.0,23,18966,0,0,18989,0.0012112275527937227,1.0,0.002419524510835262,0.0
osm,caracas,t_test,max,1.1,23,18963,0,3,18989,0.0012114189402717792,1.0,0.002419906360145194,3.832390725386077e-07
osm,caracas,t_test,max,1.2,23,18888,0,78,18989,0.0012162233620644069,1.0,0.0024294919192986157,1.0003685304183178e-05
osm,caracas,t_test,max,1.3,23,18428,0,538,18989,0.0012465449027153,1.0,0.0024899859261665043,7.071785769353183e-05
osm,caracas,t_test,max,1.4,21,17402,2,1564,18989,0.0012053033346725592,0.9130434782608695,0.0024074286369368337,-1.1861511910221656e-05
osm,caracas,t_test,max,1.5,21,15495,2,3471,18989,0.0013534416086620263,0.9130434782608695,0.0027028766329879658,0.00028469575828894147
osm,caracas,t_test,max,1.6,21,12924,2,6042,18989,0.0016222479721900347,0.9130434782608695,0.0032387415175817395,0.0008225719795463604
osm,caracas,t_test,max,1.7,17,9974,6,8992,18989,0.0017015313782404165,0.7391304347826086,0.0033952466546834435,0.000980725713833282
osm,caracas,t_test,max,1.8,12,7295,11,11671,18989,0.0016422608457643355,0.5217391304347826,0.003274215552523874,0.0008614418583854422
osm,caracas,t_test,max,1.9,6,5005,17,13961,18989,0.001197365795250449,0.2608695652173913,0.0023837902264600714,-2.7663555792866763e-05
osm,caracas,t_test,max,2.0,3,3382,20,15584,18989,0.0008862629246676514,0.13043478260869565,0.0017605633802816904,-0.0006470999880082724
osm,caracas,t_test,max,2.1,2,2235,21,16731,18989,0.000894054537326777,0.08695652173913043,0.0017699115044247787,-0.0006293994721793438
osm,caracas,t_test,max,2.2,1,1442,22,17524,18989,0.000693000693000693,0.043478260869565216,0.0013642564802182813,-0.001022631261924438
osm,caracas,t_test,max,2.3,1,848,22,18118,18989,0.001177856301531213,0.043478260869565216,0.002293577981651376,-6.513571898881379e-05
osm,caracas,t_test,max,2.4,1,530,22,18436,18989,0.0018832391713747645,0.043478260869565216,0.003610108303249097,0.0012912225072126988
osm,caracas,t_test,max,2.5,1,294,22,18672,18989,0.003389830508474576,0.043478260869565216,0.006289308176100628,0.004051166054646088
osm,caracas,t_test,max,2.6,1,207,22,18759,18989,0.004807692307692308,0.043478260869565216,0.008658008658008658,0.0064909087295055515
osm,caracas,t_test,max,2.7,1,140,22,18826,18989,0.0070921985815602835,0.043478260869565216,0.012195121951219513,0.010133506665676438
osm,caracas,t_test,max,2.8,1,98,22,18868,18989,0.010101010101010102,0.043478260869565216,0.01639344262295082,0.01445609713056322
osm,caracas,t_test,max,2.9,0,71,23,18895,18989,0.0,0.0,nan,-0.0018330807655771177
osm,caracas,t_test,max,3.0,0,54,23,18912,18989,0.0,0.0,nan,-0.0017017556720293784
osm,caracas,t_test,max,3.1,0,39,23,18927,18989,0.0,0.0,nan,-0.001526127922559603
osm,caracas,t_test,max,3.2,0,28,23,18938,18989,0.0,0.0,nan,-0.001331746542200966
osm,caracas,t_test,max,3.3,0,26,23,18940,18989,0.0,0.0,nan,-0.001287038681107377
osm,caracas,t_test,max,3.4,0,14,23,18952,18989,0.0,0.0,nan,-0.0009174455694332474
osm,caracas,t_test,max,3.5,0,11,23,18955,18989,0.0,0.0,nan,-0.0007843501984169749
osm,caracas,t_test,max,3.6,0,7,23,18959,18989,0.0,0.0,nan,-0.0005655592010669174
osm,caracas,t_test,max,3.7,0,5,23,18961,18989,0.0,0.0,nan,-0.00043276847633909543
osm,caracas,t_test,max,3.8,0,5,23,18961,18989,0.0,0.0,nan,-0.00043276847633909543
osm,caracas,t_test,max,3.9,0,4,23,18962,18989,0.0,0.0,nan,-0.000359011080552567
osm,caracas,t_test,max,4.0,0,3,23,18963,18989,0.0,0.0,nan,-0.0002795922007053732
osm,caracas,t_test,max,4.1,0,3,23,18963,18989,0.0,0.0,nan,-0.0002795922007053732
osm,caracas,t_test,max,4.2,0,3,23,18963,18989,0.0,0.0,nan,-0.0002795922007053732
osm,caracas,t_test,max,4.3,0,1,23,18965,18989,0.0,0.0,nan,-0.00010094581846967725
osm,caracas,t_test,max,4.4,0,0,23,18966,18989,nan,0.0,nan,0.0
osm,caracas,t_test,max,4.5,0,0,23,18966,18989,nan,0.0,nan,0.0
osm,caracas,t_test,max,4.6,0,0,23,18966,18989,nan,0.0,nan,0.0
osm,caracas,t_test,max,4.7,0,0,23,18966,18989,nan,0.0,nan,0.0
osm,caracas,t_test,max,4.8,0,0,23,18966,18989,nan,0.0,nan,0.0
osm,caracas,t_test,max,4.9,0,0,23,18966,18989,nan,0.0,nan,0.0
osm,caracas,t_test,max,5.0,0,0,23,18966,18989,nan,0.0,nan,0.0
osm,caracas,t_test,max,5.1,0,0,23,18966,18989,nan,0.0,nan,0.0
osm,caracas,t_test,max,5.2,0,0,23,18966,18989,nan,0.0,nan,0.0
osm,caracas,t_test,max,5.3,0,0,23,18966,18989,nan,0.0,nan,0.0
osm,caracas,t_test,max,5.4,0,0,23,18966,18989,nan,0.0,nan,0.0
osm,caracas,t_test,max,5.5,0,0,23,18966,18989,nan,0.0,nan,0.0
osm,caracas,t_test,max,5.6,0,0,23,18966,18989,nan,0.0,nan,0.0
osm,caracas,t_test,max,5.7,0,0,23,18966,18989,nan,0.0,nan,0.0
osm,caracas,t_test,max,5.8,0,0,23,18966,18989,nan,0.0,nan,0.0
osm,caracas,t_test,max,5.9,0,0,23,18966,18989,nan,0.0,nan,0.0
osm,caracas,t_test,max,6.0,0,0,23,18966,18989,nan,0.0,nan,0.0
osm,caracas,t_test,p75,0.0,23,18966,0,0,18989,0.0012112275527937227,1.0,0.002419524510835262,0.0
osm,caracas,t_test,p75,0.1,23,18966,0,0,18989,0.0012112275527937227,1.0,0.002419524510835262,0.0
osm,caracas,t_test,p75,0.2,23,18966,0,0,18989,0.0012112275527937227,1.0,0.002419524510835262,0.0
osm,caracas,t_test,p75,0.3,23,18966,0,0,18989,0.0012112275527937227,1.0,0.002419524510835262,0.0
osm,caracas,t_test,p75,0.4,23,18966,0,0,18989,0.0012112275527937227,1.0,0.002419524510835262,0.0
osm,caracas,t_test,p75,0.5,23,18966,0,0,18989,0.0012112275527937227,1.0,0.002419524510835262,0.0
osm,caracas,t_test,p75,0.6,23,18966,0,0,18989,0.0012112275527937227,1.0,0.002419524510835262,0.0
osm,caracas,t_test,p75,0.7,23,18966,0,0,18989,0.0012112275527937227,1.0,0.002419524510835262,0.0
osm,caracas,t_test,p75,0.8,23,18966,0,0,18989,0.0012112275527937227,1.0,0.002419524510835262,0.0
osm,caracas,t_test,p75,0.9,23,18966,0,0,18989,0.0012112275527937227,1.0,0.002419524510835262,0.0
osm,caracas,t_test,p75,1.0,23,18966,0,0,18989,0.0012112275527937227,1.0,0.002419524510835262,0.0
osm,caracas,t_test,p75,1.1,23,18960,0,6,18989,0.0012116103882421113,1.0,0.0024202883300010526,7.665991292698246e-07
osm,caracas,t_test,p75,1.2,23,18842,0,124,18989,0.001219188974291015,1.0,0.002435408725116476,1.594202549394774e-05
osm,caracas,t_test,p75,1.3,23,18206,0,760,18989,0.001261725821493225,1.0,0.0025202717510409813,0.00010111390326749434
osm,caracas,t_test,p75,1.4,21,16862,2,2104,18989,0.001243854765148374,0.9130434782608695,0.0024843250916834264,6.532367682020428e-05
osm,caracas,t_test,p75,1.5,19,14632,4,4334,18989,0.0012968398061565763,0.8260869565217391,0.0025896142837672073,0.00017137061669543976
osm,caracas,t_test,p75,1.6,19,11725,4,7241,18989,0.0016178474114441417,0.8260869565217391,0.0032293702727968047,0.0008136172424047385
osm,caracas,t_test,p75,1.7,11,8599,12,10367,18989,0.0012775842044134727,0.4782608695652174,0.002548360940576856,0.00013268028477922753
osm,caracas,t_test,p75,1.8,5,5999,18,12967,18989,0.0008327781479013991,0.21739130434782608,0.0016592002654720426,-0.0007558343498468812
osm,caracas,t_test,p75,1.9,4,3940,19,15026,18989,0.0010141987829614604,0.17391304347826086,0.0020166372573733296,-0.00039271868786692517
osm,caracas,t_test,p75,2.0,2,2572,21,16394,18989,0.000777000777000777,0.08695652173913043,0.0015402387370042354,-0.0008628338681560678
osm,caracas,t_test,p75,2.1,1,1595,22,17371,18989,0.0006265664160401002,0.043478260869565216,0.0012353304508956147,-0.0011554698396055922
osm,caracas,t_test,p75,2.2,1,941,22,18025,18989,0.0010615711252653928,0.043478260869565216,0.002072538860103627,-0.0002928715320728483
osm,caracas,t_test,p75,2.3,1,546,22,18420,18989,0.0018281535648994515,0.043478260869565216,0.003508771929824561,0.0011868240307442456
osm,caracas,t_test,p75,2.4,1,319,22,18647,18989,0.003125,0.043478260869565216,0.0058309037900874635,0.0035789759093911755
osm,caracas,t_test,p75,2.5,1,186,22,18780,18989,0.0053475935828877,0.043478260869565216,0.009523809523809523,0.0073825962129969004
osm,caracas,t_test,p75,2.6,1,122,22,18844,18989,0.008130081300813009,0.043478260869565216,0.013698630136986302,0.01168163496625668
osm,caracas,t_test,p75,2.7,1,85,22,18881,18989,0.011627906976744186,0.043478260869565216,0.01834862385321101,0.016468805742929814
osm,caracas,t_test,p75,2.8,1,55,22,18911,18989,0.017857142857142856,0.043478260869565216,0.02531645569620253,0.023639866315425095
osm,caracas,t_test,p75,2.9,0,40,23,18926,18989,0.0,0.0,nan,-0.0015404360271295448
osm,caracas,t_test,p75,3.0,0,27,23,18939,18989,0.0,0.0,nan,-0.0013098391913774624
osm,caracas,t_test,p75,3.1,0,17,23,18949,18989,0.0,0.0,nan,-0.0010306044720240681
osm,caracas,t_test,p75,3.2,0,16,23,18950,18989,0.0,0.0,nan,-0.0009948164117876716
osm,caracas,t_test,p75,3.3,0,11,23,18955,18989,0.0,0.0,nan,-0.0007843501984169749
osm,caracas,t_test,p75,3.4,0,5,23,18961,18989,0.0,0.0,nan,-0.00043276847633909543
osm,caracas,t_test,p75,3.5,0,2,23,18964,18989,0.0,0.0,nan,-0.00019383397293685773
osm,caracas,t_test,p75,3.6,0,1,23,18965,18989,0.0,0.0,nan,-0.00010094581846967725
osm,caracas,t_test,p75,3.7,0,1,23,18965,18989,0.0,0.0,nan,-0.00010094581846967725
osm,caracas,t_test,p75,3.8,0,1,23,18965,18989,0.0,0.0,nan,-0.00010094581846967725
osm,caracas,t_test,p75,3.9,0,1,23,18965,18989,0.0,0.0,nan,-0.00010094581846967725
osm,caracas,t_test,p75,4.0,0,1,23,18965,18989,0.0,0.0,nan,-0.00010094581846967725
osm,caracas,t_test,p75,4.1,0,1,23,18965,18989,0.0,0.0,nan,-0.00010094581846967725
osm,caracas,t_test,p75,4.2,0,1,23,18965,18989,0.0,0.0,nan,-0.00010094581846967725
osm,caracas,t_test,p75,4.3,0,1,23,18965,18989,0.0,0.0,nan,-0.00010094581846967725
osm,caracas,t_test,p75,4.4,0,0,23,18966,18989,nan,0.0,nan,0.0
osm,caracas,t_test,p75,4.5,0,0,23,18966,18989,nan,0.0,nan,0.0
osm,caracas,t_test,p75,4.6,0,0,23,18966,18989,nan,0.0,nan,0.0
osm,caracas,t_test,p75,4.7,0,0,23,18966,18989,nan,0.0,nan,0.0
osm,caracas,t_test,p75,4.8,0,0,23,18966,18989,nan,0.0,nan,0.0
osm,caracas,t_test,p75,4.9,0,0,23,18966,18989,nan,0.0,nan,0.0
osm,caracas,t_test,p75,5.0,0,0,23,18966,18989,nan,0.0,nan,0.0
osm,caracas,t_test,p75,5.1,0,0,23,18966,18989,nan,0.0,nan,0.0
osm,caracas,t_test,p75,5.2,0,0,23,18966,18989,nan,0.0,nan,0.0
osm,caracas,t_test,p75,5.3,0,0,23,18966,18989,nan,0.0,nan,0.0
osm,caracas,t_test,p75,5.4,0,0,23,18966,18989,nan,0.0,nan,0.0
osm,caracas,t_test,p75,5.5,0,0,23,18966,18989,nan,0.0,nan,0.0
osm,caracas,t_test,p75,5.6,0,0,23,18966,18989,nan,0.0,nan,0.0
osm,caracas,t_test,p75,5.7,0,0,23,18966,18989,nan,0.0,nan,0.0
osm,caracas,t_test,p75,5.8,0,0,23,18966,18989,nan,0.0,nan,0.0
osm,caracas,t_test,p75,5.9,0,0,23,18966,18989,nan,0.0,nan,0.0
osm,caracas,t_test,p75,6.0,0,0,23,18966,18989,nan,0.0,nan,0.0
osm,caracas,t_test,p90,0.0,23,18966,0,0,18989,0.0012112275527937227,1.0,0.002419524510835262,0.0
osm,caracas,t_test,p90,0.1,23,18966,0,0,18989,0.0012112275527937227,1.0,0.002419524510835262,0.0
osm,caracas,t_test,p90,0.2,23,18966,0,0,18989,0.0012112275527937227,1.0,0.002419524510835262,0.0
osm,caracas,t_test,p90,0.3,23,18966,0,0,18989,0.0012112275527937227,1.0,0.002419524510835262,0.0
osm,caracas,t_test,p90,0.4,23,18966,0,0,18989,0.0012112275527937227,1.0,0.002419524510835262,0.0
osm,caracas,t_test,p90,0.5,23,18966,0,0,18989,0.0012112275527937227,1.0,0.002419524510835262,0.0
osm,caracas,t_test,p90,0.6,23,18966,0,0,18989,0.0012112275527937227,1.0,0.002419524510835262,0.0
osm,caracas,t_test,p90,0.7,23,18966,0,0,18989,0.0012112275527937227,1.0,0.002419524510835262,0.0
osm,caracas,t_test,p90,0.8,23,18966,0,0,18989,0.0012112275527937227,1.0,0.002419524510835262,0.0
osm,caracas,t_test,p90,0.9,23,18966,0,0,18989,0.0012112275527937227,1.0,0.002419524510835262,0.0
osm,caracas,t_test,p90,1.0,23,18966,0,0,18989,0.0012112275527937227,1.0,0.002419524510835262,0.0
osm,caracas,t_test,p90,1.1,23,18962,0,4,18989,0.0012114827495391099,1.0,0.0024200336700336703,5.110123125122986e-07
osm,caracas,t_test,p90,1.2,23,18868,0,98,18989,0.0012175109840664867,1.0,0.0024320609072644604,1.258202318043828e-05
osm,caracas,t_test,p90,1.3,23,18356,0,610,18989,0.0012514282605147178,1.0,0.0024997282904032168,8.04956780419434e-05
osm,caracas,t_test,p90,1.4,21,17206,2,1760,18989,0.001219016659894352,0.9130434782608695,0.0024347826086956524,1.5595171480221467e-05
osm,caracas,t_test,p90,1.5,21,15139,2,3827,18989,0.0013852242744063325,0.9130434782608695,0.0027662517289073307,0.0003483087687940438
osm,caracas,t_test,p90,1.6,20,12457,3,6509,18989,0.0016029494269455798,0.8695652173913043,0.0031999999999999997,0.0007838976746503354
osm,caracas,t_test,p90,1.7,14,9389,9,9577,18989,0.0014888865255769435,0.6086956521739131,0.002970507107999151,0.0005553048554995286
osm,caracas,t_test,p90,1.8,10,6726,13,12240,18989,0.0014845605700712589,0.43478260869565216,0.002959017606154757,0.0005461242606077648
osm,caracas,t_test,p90,1.9,4,4494,19,14472,18989,0.0008892841262783459,0.17391304347826086,0.0017695200176952002,-0.0006421588494043885
osm,caracas,t_test,p90,2.0,3,2981,20,15985,18989,0.0010053619302949062,0.13043478260869565,0.0019953441968739607,-0.0004095665548189561
osm,caracas,t_test,p90,2.1,1,1950,22,17016,18989,0.0005125576627370579,0.043478260869565216,0.0010131712259371835,-0.0013843732266799675
osm,caracas,t_test,p90,2.2,1,1200,22,17766,18989,0.0008326394671107411,0.043478260869565216,0.001633986928104575,-0.0007447183349166257
osm,caracas,t_test,p90,2.3,1,693,22,18273,18989,0.001440922190201729,0.043478260869565216,0.0027894002789400282,0.00044569798741637745
osm,caracas,t_test,p90,2.4,1,418,22,18548,18989,0.002386634844868735,0.043478260869565216,0.004524886877828055,0.0022336164045588976
osm,caracas,t_test,p90,2.5,1,240,22,18726,18989,0.004149377593360996,0.043478260869565216,0.007575757575757576,0.005376238752018938
osm,caracas,t_test,p90,2.6,1,159,22,18807,18989,0.00625,0.043478260869565216,0.01092896174863388,0.008829669396379506
osm,caracas,t_test,p90,2.7,1,105,22,18861,18989,0.009433962264150943,0.043478260869565216,0.015503875968992248,0.01354028400152772
osm,caracas,t_test,p90,2.8,1,74,22,18892,18989,0.013333333333333334,0.043478260869565216,0.02040816326530612,0.018588705509426685
osm,caracas,t_test,p90,2.9,0,59,23,18907,18989,0.0,0.0,nan,-0.0017460292952111733
osm,caracas,t_test,p90,3.0,0,42,23,18924,18989,0.0,0.0,nan,-0.0015677326220767582
osm,caracas,t_test,p90,3.1,0,28,23,18938,18989,0.0,0.0,nan,-0.001331746542200966
osm,caracas,t_test,p90,3.2,0,22,23,18944,18989,0.0,0.0,nan,-0.0011857156415407998
osm,caracas,t_test,p90,3.3,0,19,23,18947,18989,0.0,0.0,nan,-0.0010970748019117234
osm,caracas,t_test,p90,3.4,0,9,23,18957,18989,0.0,0.0,nan,-0.0006817800057406054
osm,caracas,t_test,p90,3.5,0,5,23,18961,18989,0.0,0.0,nan,-0.00043276847633909543
osm,caracas,t_test,p90,3.6,0,2,23,18964,18989,0.0,0.0,nan,-0.00019383397293685773
osm,caracas,t_test,p90,3.7,0,2,23,18964,18989,0.0,0.0,nan,-0.00019383397293685773
osm,caracas,t_test,p90,3.8,0,2,23,18964,18989,0.0,0.0,nan,-0.00019383397293685773
osm,caracas,t_test,p90,3.9,0,1,23,18965,18989,0.0,0.0,nan,-0.00010094581846967725
osm,caracas,t_test,p90,4.0,0,1,23,18965,18989,0.0,0.0,nan,-0.00010094581846967725
osm,caracas,t_test,p90,4.1,0,1,23,18965,18989,0.0,0.0,nan,-0.00010094581846967725
osm,caracas,t_test,p90,4.2,0,1,23,18965,18989,0.0,0.0,nan,-0.00010094581846967725
osm,caracas,t_test,p90,4.3,0,1,23,18965,18989,0.0,0.0,nan,-0.00010094581846967725
osm,caracas,t_test,p90,4.4,0,0,23,18966,18989,nan,0.0,nan,0.0
osm,caracas,t_test,p90,4.5,0,0,23,18966,18989,nan,0.0,nan,0.0
osm,caracas,t_test,p90,4.6,0,0,23,18966,18989,nan,0.0,nan,0.0
osm,caracas,t_test,p90,4.7,0,0,23,18966,18989,nan,0.0,nan,0.0
osm,caracas,t_test,p90,4.8,0,0,23,18966,18989,nan,0.0,nan,0.0
osm,caracas,t_test,p90,4.9,0,0,23,18966,18989,nan,0.0,nan,0.0
osm,caracas,t_test,p90,5.0,0,0,23,18966,18989,nan,0.0,nan,0.0
osm,caracas,t_test,p90,5.1,0,0,23,18966,18989,nan,0.0,nan,0.0
osm,caracas,t_test,p90,5.2,0,0,23,18966,18989,nan,0.0,nan,0.0
osm,caracas,t_test,p90,5.3,0,0,23,18966,18989,nan,0.0,nan,0.0
osm,caracas,t_test,p90,5.4,0,0,23,18966,18989,nan,0.0,nan,0.0
osm,caracas,t_test,p90,5.5,0,0,23,18966,18989,nan,0.0,nan,0.0
osm,caracas,t_test,p90,5.6,0,0,23,18966,18989,nan,0.0,nan,0.0
osm,caracas,t_test,p90,5.7,0,0,23,18966,18989,nan,0.0,nan,0.0
osm,caracas,t_test,p90,5.8,0,0,23,18966,18989,nan,0.0,nan,0.0
osm,caracas,t_test,p90,5.9,0,0,23,18966,18989,nan,0.0,nan,0.0
osm,caracas,t_test,p90,6.0,0,0,23,18966,18989,nan,0.0,nan,0.0
osm,caracas,t_test,frac50,0.0,23,18966,0,0,18989,0.0012112275527937227,1.0,0.002419524510835262,0.0
osm,caracas,t_test,frac50,0.1,23,18966,0,0,18989,0.0012112275527937227,1.0,0.002419524510835262,0.0
osm,caracas,t_test,frac50,0.2,23,18966,0,0,18989,0.0012112275527937227,1.0,0.002419524510835262,0.0
osm,caracas,t_test,frac50,0.3,23,18966,0,0,18989,0.0012112275527937227,1.0,0.002419524510835262,0.0
osm,caracas,t_test,frac50,0.4,23,18966,0,0,18989,0.0012112275527937227,1.0,0.002419524510835262,0.0
osm,caracas,t_test,frac50,0.5,23,18966,0,0,18989,0.0012112275527937227,1.0,0.002419524510835262,0.0
osm,caracas,t_test,frac50,0.6,23,18966,0,0,18989,0.0012112275527937227,1.0,0.002419524510835262,0.0
osm,caracas,t_test,frac50,0.7,23,18966,0,0,18989,0.0012112275527937227,1.0,0.002419524510835262,0.0
osm,caracas,t_test,frac50,0.8,23,18966,0,0,18989,0.0012112275527937227,1.0,0.002419524510835262,0.0
osm,caracas,t_test,frac50,0.9,23,18966,0,0,18989,0.0012112275527937227,1.0,0.002419524510835262,0.0
osm,caracas,t_test,frac50,1.0,23,18966,0,0,18989,0.0012112275527937227,1.0,0.002419524510835262,0.0
osm,caracas,t_test,frac50,1.1,23,18952,0,14,18989,0.0012121212121212121,1.0,0.002421307506053269,1.789484528761528e-06
osm,caracas,t_test,frac50,1.2,23,18784,0,182,18989,0.0012229489020045728,1.0,0.0024429102496016995,2.3470851854068293e-05
osm,caracas,t_test,frac50,1.3,22,18034,1,932,18989,0.0012184315463003987,0.9565217391304348,0.002433762929365562,1.4424555639355286e-05
osm,caracas,t_test,frac50,1.4,20,16558,3,2408,18989,0.0012064181445288937,0.8695652173913043,0.002409493404011806,-9.62878303498052e-06
osm,caracas,t_test,frac50,1.5,18,14144,5,4822,18989,0.001271006919926564,0.782608695652174,0.0025378921395840678,0.00011965426511908196
osm,caracas,t_test,frac50,1.6,14,11163,9,7803,18989,0.0012525722465777937,0.6086956521739131,0.0025,8.271955190153393e-05
osm,caracas,t_test,frac50,1.7,9,8117,14,10849,18989,0.0011075559931085406,0.391304347826087,0.0022088599828199783,-0.00020725856497150918
osm,caracas,t_test,frac50,1.8,5,5561,18,13405,18989,0.0008983111749910168,0.21739130434782608,0.001789228842368939,-0.0006247645479890708
osm,caracas,t_test,frac50,1.9,3,3631,20,15335,18989,0.000825536598789213,0.13043478260869565,0.0016406890894175555,-0.0007683801090807891
osm,caracas,t_test,frac50,2.0,1,2300,22,16666,18989,0.000434593654932638,0.043478260869565216,0.0008605851979345954,-0.00154159300518152
osm,caracas,t_test,frac50,2.1,1,1478,22,17488,18989,0.000676132521974307,0.043478260869565216,0.0013315579227696406,-0.0010563220396108501
osm,caracas,t_test,frac50,2.2,1,873,22,18093,18989,0.0011441647597254005,0.043478260869565216,0.002229654403567447,-0.0001309956629631988
osm,caracas,t_test,frac50,2.3,1,482,22,18484,18989,0.002070393374741201,0.043478260869565216,0.003952569169960475,0.0016440272157445103
osm,caracas,t_test,frac50,2.4,1,301,22,18665,18989,0.0033112582781456954,0.043478260869565216,0.006153846153846154,0.00391163149268087
osm,caracas,t_test,frac50,2.5,1,167,22,18799,18989,0.005952380952380952,0.043478260869565216,0.010471204188481674,0.00835826768064053
osm,caracas,t_test,frac50,2.6,1,112,22,18854,18989,0.008849557522123894,0.043478260869565216,0.014705882352941176,0.012718707053033261
osm,caracas,t_test,frac50,2.7,1,76,22,18890,18989,0.012987012987012988,0.043478260869565216,0.02,0.018168599283074644
osm,caracas,t_test,frac50,2.8,0,45,23,18921,18989,0.0,0.0,nan,-0.0016056693313972925
osm,caracas,t_test,frac50,2.9,0,30,23,18936,18989,0.0,0.0,nan,-0.0013730837770480366
osm,caracas,t_test,frac50,3.0,0,26,23,18940,18989,0.0,0.0,nan,-0.001287038681107377
osm,caracas,t_test,frac50,3.1,0,15,23,18951,18989,0.0,0.0,nan,-0.0009571475339392478
osm,caracas,t_test,frac50,3.2,0,11,23,18955,18989,0.0,0.0,nan,-0.0007843501984169749
osm,caracas,t_test,frac50,3.3,0,8,23,18958,18989,0.0,0.0,nan,-0.0006255407613366281
osm,caracas,t_test,frac50,3.4,0,4,23,18962,18989,0.0,0.0,nan,-0.000359011080552567
osm,caracas,t_test,frac50,3.5,0,1,23,18965,18989,0.0,0.0,nan,-0.00010094581846967725
osm,caracas,t_test,frac50,3.6,0,1,23,18965,18989,0.0,0.0,nan,-0.00010094581846967725
osm,caracas,t_test,frac50,3.7,0,1,23,18965,18989,0.0,0.0,nan,-0.00010094581846967725
osm,caracas,t_test,frac50,3.8,0,1,23,18965,18989,0.0,0.0,nan,-0.00010094581846967725
osm,caracas,t_test,frac50,3.9,0,1,23,18965,18989,0.0,0.0,nan,-0.00010094581846967725
osm,caracas,t_test,frac50,4.0,0,1,23,18965,18989,0.0,0.0,nan,-0.00010094581846967725
osm,caracas,t_test,frac50,4.1,0,1,23,18965,18989,0.0,0.0,nan,-0.00010094581846967725
osm,caracas,t_test,frac50,4.2,0,1,23,18965,18989,0.0,0.0,nan,-0.00010094581846967725
osm,caracas,t_test,frac50,4.3,0,1,23,18965,18989,0.0,0.0,nan,-0.00010094581846967725
osm,caracas,t_test,frac50,4.4,0,0,23,18966,18989,nan,0.0,nan,0.0
osm,caracas,t_test,frac50,4.5,0,0,23,18966,18989,nan,0.0,nan,0.0
osm,caracas,t_test,frac50,4.6,0,0,23,18966,18989,nan,0.0,nan,0.0
osm,caracas,t_test,frac50,4.7,0,0,23,18966,18989,nan,0.0,nan,0.0
osm,caracas,t_test,frac50,4.8,0,0,23,18966,18989,nan,0.0,nan,0.0
osm,caracas,t_test,frac50,4.9,0,0,23,18966,18989,nan,0.0,nan,0.0
osm,caracas,t_test,frac50,5.0,0,0,23,18966,18989,nan,0.0,nan,0.0
osm,caracas,t_test,frac50,5.1,0,0,23,18966,18989,nan,0.0,nan,0.0
osm,caracas,t_test,frac50,5.2,0,0,23,18966,18989,nan,0.0,nan,0.0
osm,caracas,t_test,frac50,5.3,0,0,23,18966,18989,nan,0.0,nan,0.0
osm,caracas,t_test,frac50,5.4,0,0,23,18966,18989,nan,0.0,nan,0.0
osm,caracas,t_test,frac50,5.5,0,0,23,18966,18989,nan,0.0,nan,0.0
osm,caracas,t_test,frac50,5.6,0,0,23,18966,18989,nan,0.0,nan,0.0
osm,caracas,t_test,frac50,5.7,0,0,23,18966,18989,nan,0.0,nan,0.0
osm,caracas,t_test,frac50,5.8,0,0,23,18966,18989,nan,0.0,nan,0.0
osm,caracas,t_test,frac50,5.9,0,0,23,18966,18989,nan,0.0,nan,0.0
osm,caracas,t_test,frac50,6.0,0,0,23,18966,18989,nan,0.0,nan,0.0
osm,la_guaira,t_test,mean,0.0,17,21226,0,0,21243,0.0008002636162500589,1.0,0.001599247412982126,0.0
osm,la_guaira,t_test,mean,0.1,17,21226,0,0,21243,0.0008002636162500589,1.0,0.001599247412982126,0.0
osm,la_guaira,t_test,mean,0.2,17,21226,0,0,21243,0.0008002636162500589,1.0,0.001599247412982126,0.0
osm,la_guaira,t_test,mean,0.3,17,21226,0,0,21243,0.0008002636162500589,1.0,0.001599247412982126,0.0
osm,la_guaira,t_test,mean,0.4,17,21226,0,0,21243,0.0008002636162500589,1.0,0.001599247412982126,0.0
osm,la_guaira,t_test,mean,0.5,17,21226,0,0,21243,0.0008002636162500589,1.0,0.001599247412982126,0.0
osm,la_guaira,t_test,mean,0.6,17,21226,0,0,21243,0.0008002636162500589,1.0,0.001599247412982126,0.0
osm,la_guaira,t_test,mean,0.7,17,21226,0,0,21243,0.0008002636162500589,1.0,0.001599247412982126,0.0
osm,la_guaira,t_test,mean,0.8,17,21226,0,0,21243,0.0008002636162500589,1.0,0.001599247412982126,0.0
osm,la_guaira,t_test,mean,0.9,17,21221,0,5,21243,0.0008004520199642151,1.0,0.0015996236179722416,3.7710914395381207e-07
osm,la_guaira,t_test,mean,1.0,17,21159,0,67,21243,0.0008027956176803929,1.0,0.0016043033076959374,5.068045800975305e-06
osm,la_guaira,t_test,mean,1.1,17,20801,0,425,21243,0.0008166010183495052,1.0,0.0016318694504439644,3.270043893013414e-05
osm,la_guaira,t_test,mean,1.2,17,19804,0,1422,21243,0.0008576762020079714,1.0,0.0017138824478274018,0.00011491053292360742
osm,la_guaira,t_test,mean,1.3,17,17893,0,3333,21243,0.0009491903964265774,1.0,0.0018965805767836227,0.0002980476897922659
osm,la_guaira,t_test,mean,1.4,15,15438,2,5788,21243,0.0009706853038245001,0.8823529411764706,0.0019392372333548802,0.0003410140244395592
osm,la_guaira,t_test,mean,1.5,14,12803,3,8423,21243,0.0010922992900054614,0.8235294117647058,0.0021817048465014805,0.0005842315226503214
osm,la_guaira,t_test,mean,1.6,13,10107,4,11119,21243,0.001284584980237154,0.7647058823529411,0.0025648613988359472,0.0009685659064939998
osm,la_guaira,t_test,mean,1.7,13,7552,4,13674,21243,0.0017184401850627892,0.7647058823529411,0.0034291743603270903,0.001835166401985441
osm,la_guaira,t_test,mean,1.8,13,5351,4,15875,21243,0.002423564504101417,0.7647058823529411,0.004831815647649135,0.0032415166483190875
osm,la_guaira,t_test,mean,1.9,13,3638,4,17588,21243,0.0035606683100520404,0.7647058823529411,0.007088331515812431,0.005503990670888189
osm,la_guaira,t_test,mean,2.0,12,2498,5,18728,21243,0.004780876494023904,0.7058823529411765,0.009497427779976256,0.007920259156509943
osm,la_guaira,t_test,mean,2.1,12,1605,5,19621,21243,0.0074211502782931356,0.7058823529411765,0.014687882496940023,0.013124795057629916
osm,la_guaira,t_test,mean,2.2,11,1098,6,20128,21243,0.009918845807033363,0.6470588235294118,0.019538188277087032,0.0179901843704998
osm,la_guaira,t_test,mean,2.3,9,724,8,20502,21243,0.01227830832196453,0.5294117647058824,0.024,0.022470901461261957
osm,la_guaira,t_test,mean,2.4,8,482,9,20744,21243,0.0163265306122449,0.47058823529411764,0.03155818540433925,0.030057820024119584
osm,la_guaira,t_test,mean,2.5,8,338,9,20888,21243,0.023121387283236993,0.47058823529411764,0.04407713498622589,0.042616578207909886
osm,la_guaira,t_test,mean,2.6,8,222,9,21004,21243,0.034782608695652174,0.47058823529411764,0.06477732793522266,0.06338142018219257
osm,la_guaira,t_test,mean,2.7,7,148,10,21078,21243,0.04516129032258064,0.4117647058823529,0.0813953488372093,0.08006849889517946
osm,la_guaira,t_test,mean,2.8,6,109,11,21117,21243,0.05217391304347826,0.35294117647058826,0.09090909090909091,0.08963968564721443
osm,la_guaira,t_test,mean,2.9,5,76,12,21150,21243,0.06172839506172839,0.29411764705882354,0.10204081632653061,0.10085134628151828
osm,la_guaira,t_test,mean,3.0,3,47,14,21179,21243,0.06,0.17647058823529413,0.08955223880597014,0.0884634783385973
osm,la_guaira,t_test,mean,3.1,1,34,16,21192,21243,0.02857142857142857,0.058823529411764705,0.038461538461538464,0.03742457718820738
osm,la_guaira,t_test,mean,3.2,1,24,16,21202,21243,0.04,0.058823529411764705,0.04761904761904763,0.04671085402468812
osm,la_guaira,t_test,mean,3.3,1,17,16,21209,21243,0.05555555555555555,0.058823529411764705,0.05714285714285714,0.05636612540428972
osm,la_guaira,t_test,mean,3.4,0,12,17,21214,21243,0.0,0.0,nan,-0.000662726045608786
osm,la_guaira,t_test,mean,3.5,0,9,17,21217,21243,0.0,0.0,nan,-0.0005543357753445234
osm,la_guaira,t_test,mean,3.6,0,7,17,21219,21243,0.0,0.0,nan,-0.00046703846589109683
osm,la_guaira,t_test,mean,3.7,0,6,17,21220,21243,0.0,0.0,nan,-0.0004177032464065917
osm,la_guaira,t_test,mean,3.8,0,3,17,21223,21243,0.0,0.0,nan,-0.00024013673661962064
osm,la_guaira,t_test,mean,3.9,0,1,17,21225,21243,0.0,0.0,nan,-8.892608670562172e-05
osm,la_guaira,t_test,mean,4.0,0,0,17,21226,21243,nan,0.0,nan,0.0
osm,la_guaira,t_test,mean,4.1,0,0,17,21226,21243,nan,0.0,nan,0.0
osm,la_guaira,t_test,mean,4.2,0,0,17,21226,21243,nan,0.0,nan,0.0
osm,la_guaira,t_test,mean,4.3,0,0,17,21226,21243,nan,0.0,nan,0.0
osm,la_guaira,t_test,mean,4.4,0,0,17,21226,21243,nan,0.0,nan,0.0
osm,la_guaira,t_test,mean,4.5,0,0,17,21226,21243,nan,0.0,nan,0.0
osm,la_guaira,t_test,mean,4.6,0,0,17,21226,21243,nan,0.0,nan,0.0
osm,la_guaira,t_test,mean,4.7,0,0,17,21226,21243,nan,0.0,nan,0.0
osm,la_guaira,t_test,mean,4.8,0,0,17,21226,21243,nan,0.0,nan,0.0
osm,la_guaira,t_test,mean,4.9,0,0,17,21226,21243,nan,0.0,nan,0.0
osm,la_guaira,t_test,mean,5.0,0,0,17,21226,21243,nan,0.0,nan,0.0
osm,la_guaira,t_test,mean,5.1,0,0,17,21226,21243,nan,0.0,nan,0.0
osm,la_guaira,t_test,mean,5.2,0,0,17,21226,21243,nan,0.0,nan,0.0
osm,la_guaira,t_test,mean,5.3,0,0,17,21226,21243,nan,0.0,nan,0.0
osm,la_guaira,t_test,mean,5.4,0,0,17,21226,21243,nan,0.0,nan,0.0
osm,la_guaira,t_test,mean,5.5,0,0,17,21226,21243,nan,0.0,nan,0.0
osm,la_guaira,t_test,mean,5.6,0,0,17,21226,21243,nan,0.0,nan,0.0
osm,la_guaira,t_test,mean,5.7,0,0,17,21226,21243,nan,0.0,nan,0.0
osm,la_guaira,t_test,mean,5.8,0,0,17,21226,21243,nan,0.0,nan,0.0
osm,la_guaira,t_test,mean,5.9,0,0,17,21226,21243,nan,0.0,nan,0.0
osm,la_guaira,t_test,mean,6.0,0,0,17,21226,21243,nan,0.0,nan,0.0
osm,la_guaira,t_test,max,0.0,17,21226,0,0,21243,0.0008002636162500589,1.0,0.001599247412982126,0.0
osm,la_guaira,t_test,max,0.1,17,21226,0,0,21243,0.0008002636162500589,1.0,0.001599247412982126,0.0
osm,la_guaira,t_test,max,0.2,17,21226,0,0,21243,0.0008002636162500589,1.0,0.001599247412982126,0.0
osm,la_guaira,t_test,max,0.3,17,21226,0,0,21243,0.0008002636162500589,1.0,0.001599247412982126,0.0
osm,la_guaira,t_test,max,0.4,17,21226,0,0,21243,0.0008002636162500589,1.0,0.001599247412982126,0.0
osm,la_guaira,t_test,max,0.5,17,21226,0,0,21243,0.0008002636162500589,1.0,0.001599247412982126,0.0
osm,la_guaira,t_test,max,0.6,17,21226,0,0,21243,0.0008002636162500589,1.0,0.001599247412982126,0.0
osm,la_guaira,t_test,max,0.7,17,21226,0,0,21243,0.0008002636162500589,1.0,0.001599247412982126,0.0
osm,la_guaira,t_test,max,0.8,17,21226,0,0,21243,0.0008002636162500589,1.0,0.001599247412982126,0.0
osm,la_guaira,t_test,max,0.9,17,21221,0,5,21243,0.0008004520199642151,1.0,0.0015996236179722416,3.7710914395381207e-07
osm,la_guaira,t_test,max,1.0,17,21175,0,51,21243,0.0008021895054737637,1.0,0.0016030930265453346,3.8548559242803035e-06
osm,la_guaira,t_test,max,1.1,17,20894,0,332,21243,0.0008129692506336378,1.0,0.0016246177370030583,2.543129738837959e-05
osm,la_guaira,t_test,max,1.2,17,20105,0,1121,21243,0.0008448464367359109,1.0,0.0016882665474949104,8.923307269107231e-05
osm,la_guaira,t_test,max,1.3,17,18517,0,2709,21243,0.0009172331930506097,1.0,0.0018327852945932833,0.0002340991121290195
osm,la_guaira,t_test,max,1.4,17,16341,0,4885,21243,0.001039246851693361,1.0,0.0020763358778625954,0.00047823489475045267
osm,la_guaira,t_test,max,1.5,14,13839,3,7387,21243,0.001010611419909045,0.8235294117647058,0.002018745493871666,0.00042085273530547774
osm,la_guaira,t_test,max,1.6,13,11321,4,9905,21243,0.001146991353449797,0.7647058823529411,0.0022905470883622585,0.0006935252537637492
osm,la_guaira,t_test,max,1.7,13,8715,4,12511,21243,0.0014894592117323557,0.7647058823529411,0.0029731275014293884,0.0013779127422901007
osm,la_guaira,t_test,max,1.8,13,6478,4,14748,21243,0.0020027730704051763,0.7647058823529411,0.003995082974800245,0.0024025719279497947
osm,la_guaira,t_test,max,1.9,13,4589,4,16637,21243,0.002824858757062147,0.7647058823529411,0.005628924009525872,0.00404073093530665
osm,la_guaira,t_test,max,2.0,13,3305,4,17921,21243,0.0039180229053646775,0.7647058823529411,0.007796101949025487,0.0062136277119098785
osm,la_guaira,t_test,max,2.1,13,2239,4,18987,21243,0.005772646536412078,0.7647058823529411,0.011458792419568093,0.009885960998215234
osm,la_guaira,t_test,max,2.2,13,1609,4,19617,21243,0.008014796547472256,0.7647058823529411,0.01586333129957291,0.014302058426858968
osm,la_guaira,t_test,max,2.3,11,1095,6,20131,21243,0.009945750452079566,0.6470588235294118,0.019590382902938557,0.018042524892116513
osm,la_guaira,t_test,max,2.4,10,770,7,20456,21243,0.01282051282051282,0.5882352941176471,0.025094102885821833,0.02356462622701372
osm,la_guaira,t_test,max,2.5,10,532,7,20694,21243,0.01845018450184502,0.5882352941176471,0.03577817531305903,0.03427951920349325
osm,la_guaira,t_test,max,2.6,9,401,8,20825,21243,0.02195121951219512,0.5294117647058824,0.04215456674473068,0.04068027843323622
osm,la_guaira,t_test,max,2.7,9,280,8,20946,21243,0.031141868512110725,0.5294117647058824,0.058823529411764705,0.05739868473031132
osm,la_guaira,t_test,max,2.8,8,219,9,21007,21243,0.03524229074889868,0.47058823529411764,0.06557377049180327,0.06418032086876407
osm,la_guaira,t_test,max,2.9,8,140,9,21086,21243,0.05405405405405406,0.47058823529411764,0.09696969696969697,0.09567142077157641
osm,la_guaira,t_test,max,3.0,5,115,12,21111,21243,0.041666666666666664,0.29411764705882354,0.072992700729927,0.07169128463143559
osm,la_guaira,t_test,max,3.1,5,74,12,21152,21243,0.06329113924050633,0.29411764705882354,0.10416666666666667,0.10298520800417446
osm,la_guaira,t_test,max,3.2,4,54,13,21172,21243,0.06896551724137931,0.23529411764705882,0.10666666666666667,0.10555958103456452
osm,la_guaira,t_test,max,3.3,4,44,13,21182,21243,0.08333333333333333,0.23529411764705882,0.12307692307692308,0.12203923684151245
osm,la_guaira,t_test,max,3.4,2,39,15,21187,21243,0.04878048780487805,0.11764705882352941,0.06896551724137931,0.06791094499064196
osm,la_guaira,t_test,max,3.5,2,30,15,21196,21243,0.0625,0.11764705882352941,0.08163265306122448,0.08067173229186987
osm,la_guaira,t_test,max,3.6,2,27,15,21199,21243,0.06896551724137931,0.11764705882352941,0.08695652173913043,0.08603430472691449
osm,la_guaira,t_test,max,3.7,2,21,15,21205,21243,0.08695652173913043,0.11764705882352941,0.09999999999999999,0.09917096419287422
osm,la_guaira,t_test,max,3.8,1,15,16,21211,21243,0.0625,0.058823529411764705,0.06060606060606061,0.05987651236667521
osm,la_guaira,t_test,max,3.9,1,14,16,21212,21243,0.06666666666666667,0.058823529411764705,0.0625,0.06179611521854252
osm,la_guaira,t_test,max,4.0,1,12,16,21214,21243,0.07692307692307693,0.058823529411764705,0.06666666666666667,0.06601889304829726
osm,la_guaira,t_test,max,4.1,1,10,16,21216,21243,0.09090909090909091,0.058823529411764705,0.07142857142857142,0.07084433827364996
osm,la_guaira,t_test,max,4.2,0,8,17,21218,21243,0.0,0.0,nan,-0.0005124311656649584
osm,la_guaira,t_test,max,4.3,0,4,17,21222,21243,0.0,0.0,nan,-0.0003049552993026375
osm,la_guaira,t_test,max,4.4,0,2,17,21224,21243,0.0,0.0,nan,-0.00016850493987608176
osm,la_guaira,t_test,max,4.5,0,2,17,21224,21243,0.0,0.0,nan,-0.00016850493987608176
osm,la_guaira,t_test,max,4.6,0,2,17,21224,21243,0.0,0.0,nan,-0.00016850493987608176
osm,la_guaira,t_test,max,4.7,0,2,17,21224,21243,0.0,0.0,nan,-0.00016850493987608176
osm,la_guaira,t_test,max,4.8,0,2,17,21224,21243,0.0,0.0,nan,-0.00016850493987608176
osm,la_guaira,t_test,max,4.9,0,2,17,21224,21243,0.0,0.0,nan,-0.00016850493987608176
osm,la_guaira,t_test,max,5.0,0,2,17,21224,21243,0.0,0.0,nan,-0.00016850493987608176
osm,la_guaira,t_test,max,5.1,0,2,17,21224,21243,0.0,0.0,nan,-0.00016850493987608176
osm,la_guaira,t_test,max,5.2,0,1,17,21225,21243,0.0,0.0,nan,-8.892608670562172e-05
osm,la_guaira,t_test,max,5.3,0,1,17,21225,21243,0.0,0.0,nan,-8.892608670562172e-05
osm,la_guaira,t_test,max,5.4,0,1,17,21225,21243,0.0,0.0,nan,-8.892608670562172e-05
osm,la_guaira,t_test,max,5.5,0,1,17,21225,21243,0.0,0.0,nan,-8.892608670562172e-05
osm,la_guaira,t_test,max,5.6,0,1,17,21225,21243,0.0,0.0,nan,-8.892608670562172e-05
osm,la_guaira,t_test,max,5.7,0,1,17,21225,21243,0.0,0.0,nan,-8.892608670562172e-05
osm,la_guaira,t_test,max,5.8,0,1,17,21225,21243,0.0,0.0,nan,-8.892608670562172e-05
osm,la_guaira,t_test,max,5.9,0,1,17,21225,21243,0.0,0.0,nan,-8.892608670562172e-05
osm,la_guaira,t_test,max,6.0,0,0,17,21226,21243,nan,0.0,nan,0.0
osm,la_guaira,t_test,p75,0.0,17,21226,0,0,21243,0.0008002636162500589,1.0,0.001599247412982126,0.0
osm,la_guaira,t_test,p75,0.1,17,21226,0,0,21243,0.0008002636162500589,1.0,0.001599247412982126,0.0
osm,la_guaira,t_test,p75,0.2,17,21226,0,0,21243,0.0008002636162500589,1.0,0.001599247412982126,0.0
osm,la_guaira,t_test,p75,0.3,17,21226,0,0,21243,0.0008002636162500589,1.0,0.001599247412982126,0.0
osm,la_guaira,t_test,p75,0.4,17,21226,0,0,21243,0.0008002636162500589,1.0,0.001599247412982126,0.0
osm,la_guaira,t_test,p75,0.5,17,21226,0,0,21243,0.0008002636162500589,1.0,0.001599247412982126,0.0
osm,la_guaira,t_test,p75,0.6,17,21226,0,0,21243,0.0008002636162500589,1.0,0.001599247412982126,0.0
osm,la_guaira,t_test,p75,0.7,17,21226,0,0,21243,0.0008002636162500589,1.0,0.001599247412982126,0.0
osm,la_guaira,t_test,p75,0.8,17,21226,0,0,21243,0.0008002636162500589,1.0,0.001599247412982126,0.0
osm,la_guaira,t_test,p75,0.9,17,21221,0,5,21243,0.0008004520199642151,1.0,0.0015996236179722416,3.7710914395381207e-07
osm,la_guaira,t_test,p75,1.0,17,21170,0,56,21243,0.0008023788171992259,1.0,0.0016034710431993965,4.233781084024982e-06
osm,la_guaira,t_test,p75,1.1,17,20848,0,378,21243,0.0008147615624251139,1.0,0.0016281965328991475,2.9018694243798712e-05
osm,la_guaira,t_test,p75,1.2,17,19976,0,1250,21243,0.0008502976041614565,1.0,0.001699150424787606,0.00010014310614813726
osm,la_guaira,t_test,p75,1.3,17,18248,0,2978,21243,0.0009307418560087599,1.0,0.001859752762279838,0.00026113138149801005
osm,la_guaira,t_test,p75,1.4,16,15893,1,5333,21243,0.001005720032685901,0.9411764705882353,0.0020092929800326507,0.00041113153416692095
osm,la_guaira,t_test,p75,1.5,14,13341,3,7885,21243,0.0010482965181579933,0.8235294117647058,0.0020939276099311995,0.0004962283661177694
osm,la_guaira,t_test,p75,1.6,13,10708,4,10518,21243,0.0012125734539688462,0.7647058823529411,0.002421307506053269,0.0008246319247298157
osm,la_guaira,t_test,p75,1.7,13,8144,4,13082,21243,0.0015937231825426015,0.7647058823529411,0.0031808172253486662,0.0015861521133375294
osm,la_guaira,t_test,p75,1.8,13,5861,4,15365,21243,0.0022131426625808647,0.7647058823529411,0.004413512137158377,0.002822107464105965
osm,la_guaira,t_test,p75,1.9,13,4110,4,17116,21243,0.0031530439000727628,0.7647058823529411,0.0062801932367149765,0.0046937197957162
osm,la_guaira,t_test,p75,2.0,13,2861,4,18365,21243,0.004523312456506611,0.7647058823529411,0.008993427879626427,0.007414108961187723
osm,la_guaira,t_test,p75,2.1,12,1880,5,19346,21243,0.006342494714587738,0.7058823529411765,0.012572027239392351,0.011003207103518278
osm,la_guaira,t_test,p75,2.2,12,1312,5,19914,21243,0.00906344410876133,0.7058823529411765,0.01789709172259508,0.01634267985479054
osm,la_guaira,t_test,p75,2.3,10,893,7,20333,21243,0.01107419712070875,0.5882352941176471,0.021739130434782608,0.020199911258512313
osm,la_guaira,t_test,p75,2.4,9,609,8,20617,21243,0.014563106796116505,0.5294117647058824,0.028346456692913385,0.026830571624781377
osm,la_guaira,t_test,p75,2.5,9,413,8,20813,21243,0.02132701421800948,0.5294117647058824,0.04100227790432801,0.039524540481813975
osm,la_guaira,t_test,p75,2.6,8,296,9,20930,21243,0.02631578947368421,0.47058823529411764,0.04984423676012461,0.04840183842153289
osm,la_guaira,t_test,p75,2.7,8,203,9,21023,21243,0.037914691943127965,0.47058823529411764,0.07017543859649122,0.0687961490665234
osm,la_guaira,t_test,p75,2.8,8,138,9,21088,21243,0.0547945205479452,0.47058823529411764,0.09815950920245399,0.09686477356698285
osm,la_guaira,t_test,p75,2.9,5,109,12,21117,21243,0.043859649122807015,0.29411764705882354,0.07633587786259542,0.07504758080099959
osm,la_guaira,t_test,p75,3.0,5,73,12,21153,21243,0.0641025641025641,0.29411764705882354,0.10526315789473684,0.10408582175643158
osm,la_guaira,t_test,p75,3.1,3,49,14,21177,21243,0.057692307692307696,0.17647058823529413,0.08695652173913045,0.08585388377996563
osm,la_guaira,t_test,p75,3.2,3,37,14,21189,21243,0.075,0.17647058823529413,0.10526315789473684,0.10425708004436031
osm,la_guaira,t_test,p75,3.3,2,27,15,21199,21243,0.06896551724137931,0.11764705882352941,0.08695652173913043,0.08603430472691449
osm,la_guaira,t_test,p75,3.4,2,20,15,21206,21243,0.09090909090909091,0.11764705882352941,0.10256410256410256,0.10175311001548522
osm,la_guaira,t_test,p75,3.5,1,14,16,21212,21243,0.06666666666666667,0.058823529411764705,0.0625,0.06179611521854252
osm,la_guaira,t_test,p75,3.6,1,12,16,21214,21243,0.07692307692307693,0.058823529411764705,0.06666666666666667,0.06601889304829726
osm,la_guaira,t_test,p75,3.7,0,10,17,21216,21243,0.0,0.0,nan,-0.0005931394697865292
osm,la_guaira,t_test,p75,3.8,0,7,17,21219,21243,0.0,0.0,nan,-0.00046703846589109683
osm,la_guaira,t_test,p75,3.9,0,6,17,21220,21243,0.0,0.0,nan,-0.0004177032464065917
osm,la_guaira,t_test,p75,4.0,0,6,17,21220,21243,0.0,0.0,nan,-0.0004177032464065917
osm,la_guaira,t_test,p75,4.1,0,3,17,21223,21243,0.0,0.0,nan,-0.00024013673661962064
osm,la_guaira,t_test,p75,4.2,0,1,17,21225,21243,0.0,0.0,nan,-8.892608670562172e-05
osm,la_guaira,t_test,p75,4.3,0,0,17,21226,21243,nan,0.0,nan,0.0
osm,la_guaira,t_test,p75,4.4,0,0,17,21226,21243,nan,0.0,nan,0.0
osm,la_guaira,t_test,p75,4.5,0,0,17,21226,21243,nan,0.0,nan,0.0
osm,la_guaira,t_test,p75,4.6,0,0,17,21226,21243,nan,0.0,nan,0.0
osm,la_guaira,t_test,p75,4.7,0,0,17,21226,21243,nan,0.0,nan,0.0
osm,la_guaira,t_test,p75,4.8,0,0,17,21226,21243,nan,0.0,nan,0.0
osm,la_guaira,t_test,p75,4.9,0,0,17,21226,21243,nan,0.0,nan,0.0
osm,la_guaira,t_test,p75,5.0,0,0,17,21226,21243,nan,0.0,nan,0.0
osm,la_guaira,t_test,p75,5.1,0,0,17,21226,21243,nan,0.0,nan,0.0
osm,la_guaira,t_test,p75,5.2,0,0,17,21226,21243,nan,0.0,nan,0.0
osm,la_guaira,t_test,p75,5.3,0,0,17,21226,21243,nan,0.0,nan,0.0
osm,la_guaira,t_test,p75,5.4,0,0,17,21226,21243,nan,0.0,nan,0.0
osm,la_guaira,t_test,p75,5.5,0,0,17,21226,21243,nan,0.0,nan,0.0
osm,la_guaira,t_test,p75,5.6,0,0,17,21226,21243,nan,0.0,nan,0.0
osm,la_guaira,t_test,p75,5.7,0,0,17,21226,21243,nan,0.0,nan,0.0
osm,la_guaira,t_test,p75,5.8,0,0,17,21226,21243,nan,0.0,nan,0.0
osm,la_guaira,t_test,p75,5.9,0,0,17,21226,21243,nan,0.0,nan,0.0
osm,la_guaira,t_test,p75,6.0,0,0,17,21226,21243,nan,0.0,nan,0.0
osm,la_guaira,t_test,p90,0.0,17,21226,0,0,21243,0.0008002636162500589,1.0,0.001599247412982126,0.0
osm,la_guaira,t_test,p90,0.1,17,21226,0,0,21243,0.0008002636162500589,1.0,0.001599247412982126,0.0
osm,la_guaira,t_test,p90,0.2,17,21226,0,0,21243,0.0008002636162500589,1.0,0.001599247412982126,0.0
osm,la_guaira,t_test,p90,0.3,17,21226,0,0,21243,0.0008002636162500589,1.0,0.001599247412982126,0.0
osm,la_guaira,t_test,p90,0.4,17,21226,0,0,21243,0.0008002636162500589,1.0,0.001599247412982126,0.0
osm,la_guaira,t_test,p90,0.5,17,21226,0,0,21243,0.0008002636162500589,1.0,0.001599247412982126,0.0
osm,la_guaira,t_test,p90,0.6,17,21226,0,0,21243,0.0008002636162500589,1.0,0.001599247412982126,0.0
osm,la_guaira,t_test,p90,0.7,17,21226,0,0,21243,0.0008002636162500589,1.0,0.001599247412982126,0.0
osm,la_guaira,t_test,p90,0.8,17,21226,0,0,21243,0.0008002636162500589,1.0,0.001599247412982126,0.0
osm,la_guaira,t_test,p90,0.9,17,21221,0,5,21243,0.0008004520199642151,1.0,0.0015996236179722416,3.7710914395381207e-07
osm,la_guaira,t_test,p90,1.0,17,21173,0,53,21243,0.0008022652194431335,1.0,0.0016032442118168529,4.006404546758272e-06
osm,la_guaira,t_test,p90,1.1,17,20882,0,344,21243,0.0008134360495717499,1.0,0.0016255498183209028,2.6365618789459874e-05
osm,la_guaira,t_test,p90,1.2,17,20067,0,1159,21243,0.0008464449312885879,1.0,0.0016914581364111238,9.243233166246531e-05
osm,la_guaira,t_test,p90,1.3,17,18429,0,2797,21243,0.000921609020925946,1.0,0.001841520879597032,0.00024285568850144088
osm,la_guaira,t_test,p90,1.4,17,16151,0,5075,21243,0.0010514596734289955,1.0,0.002100710534445474,0.0005026681131118037
osm,la_guaira,t_test,p90,1.5,14,13652,3,7574,21243,0.0010244402165959315,0.8235294117647058,0.002046334868084484,0.00044851312437588
osm,la_guaira,t_test,p90,1.6,13,11053,4,10173,21243,0.0011747695644315922,0.7647058823529411,0.0023459352160967247,0.0007490600535161818
osm,la_guaira,t_test,p90,1.7,13,8475,4,12751,21243,0.001531573986804901,0.7647058823529411,0.0030570252792475015,0.001462032564986854
osm,la_guaira,t_test,p90,1.8,13,6236,4,14990,21243,0.002080332853256521,0.7647058823529411,0.004149377593360996,0.0025572745616779967
osm,la_guaira,t_test,p90,1.9,13,4383,4,16843,21243,0.002957233848953594,0.7647058823529411,0.005891683661907999,0.004304184494416064
osm,la_guaira,t_test,p90,2.0,13,3120,4,18106,21243,0.004149377593360996,0.7647058823529411,0.008253968253968255,0.0066727009899034215
osm,la_guaira,t_test,p90,2.1,13,2098,4,19128,21243,0.006158218853623875,0.7647058823529411,0.012218045112781954,0.010647209058140324
osm,la_guaira,t_test,p90,2.2,12,1474,5,19752,21243,0.008075370121130552,0.7058823529411765,0.01596806387225549,0.014408440005326121
osm,la_guaira,t_test,p90,2.3,10,1010,7,20216,21243,0.00980392156862745,0.5882352941176471,0.019286403085824494,0.01774004195903423
osm,la_guaira,t_test,p90,2.4,10,701,7,20525,21243,0.014064697609001406,0.5882352941176471,0.02747252747252747,0.025949938895371758
osm,la_guaira,t_test,p90,2.5,9,477,8,20749,21243,0.018518518518518517,0.5294117647058824,0.03578528827037773,0.03429188453518149
osm,la_guaira,t_test,p90,2.6,9,348,8,20878,21243,0.025210084033613446,0.5294117647058824,0.0481283422459893,0.046671870414576155
osm,la_guaira,t_test,p90,2.7,8,252,9,20974,21243,0.03076923076923077,0.47058823529411764,0.05776173285198556,0.05634407862791396
osm,la_guaira,t_test,p90,2.8,8,178,9,21048,21243,0.043010752688172046,0.47058823529411764,0.0788177339901478,0.07746484270223078
osm,la_guaira,t_test,p90,2.9,8,123,9,21103,21243,0.061068702290076333,0.47058823529411764,0.1081081081081081,0.10684278756875427
osm,la_guaira,t_test,p90,3.0,5,88,12,21138,21243,0.053763440860215055,0.29411764705882354,0.0909090909090909,0.08967726674348536
osm,la_guaira,t_test,p90,3.1,5,65,12,21161,21243,0.07142857142857142,0.29411764705882354,0.11494252873563217,0.11380129930148494
osm,la_guaira,t_test,p90,3.2,3,48,14,21178,21243,0.058823529411764705,0.17647058823529413,0.08823529411764706,0.0871395005510005
osm,la_guaira,t_test,p90,3.3,2,39,15,21187,21243,0.04878048780487805,0.11764705882352941,0.06896551724137931,0.06791094499064196
osm,la_guaira,t_test,p90,3.4,2,30,15,21196,21243,0.0625,0.11764705882352941,0.08163265306122448,0.08067173229186987
osm,la_guaira,t_test,p90,3.5,2,24,15,21202,21243,0.07692307692307693,0.11764705882352941,0.0930232558139535,0.09214466914690328
osm,la_guaira,t_test,p90,3.6,2,19,15,21207,21243,0.09523809523809523,0.11764705882352941,0.10526315789473684,0.10447106085403934
osm,la_guaira,t_test,p90,3.7,1,14,16,21212,21243,0.06666666666666667,0.058823529411764705,0.0625,0.06179611521854252
osm,la_guaira,t_test,p90,3.8,1,10,16,21216,21243,0.09090909090909091,0.058823529411764705,0.07142857142857142,0.07084433827364996
osm,la_guaira,t_test,p90,3.9,0,10,17,21216,21243,0.0,0.0,nan,-0.0005931394697865292
osm,la_guaira,t_test,p90,4.0,0,9,17,21217,21243,0.0,0.0,nan,-0.0005543357753445234
osm,la_guaira,t_test,p90,4.1,0,7,17,21219,21243,0.0,0.0,nan,-0.00046703846589109683
osm,la_guaira,t_test,p90,4.2,0,2,17,21224,21243,0.0,0.0,nan,-0.00016850493987608176
osm,la_guaira,t_test,p90,4.3,0,1,17,21225,21243,0.0,0.0,nan,-8.892608670562172e-05
osm,la_guaira,t_test,p90,4.4,0,1,17,21225,21243,0.0,0.0,nan,-8.892608670562172e-05
osm,la_guaira,t_test,p90,4.5,0,1,17,21225,21243,0.0,0.0,nan,-8.892608670562172e-05
osm,la_guaira,t_test,p90,4.6,0,1,17,21225,21243,0.0,0.0,nan,-8.892608670562172e-05
osm,la_guaira,t_test,p90,4.7,0,1,17,21225,21243,0.0,0.0,nan,-8.892608670562172e-05
osm,la_guaira,t_test,p90,4.8,0,1,17,21225,21243,0.0,0.0,nan,-8.892608670562172e-05
osm,la_guaira,t_test,p90,4.9,0,1,17,21225,21243,0.0,0.0,nan,-8.892608670562172e-05
osm,la_guaira,t_test,p90,5.0,0,1,17,21225,21243,0.0,0.0,nan,-8.892608670562172e-05
osm,la_guaira,t_test,p90,5.1,0,1,17,21225,21243,0.0,0.0,nan,-8.892608670562172e-05
osm,la_guaira,t_test,p90,5.2,0,1,17,21225,21243,0.0,0.0,nan,-8.892608670562172e-05
osm,la_guaira,t_test,p90,5.3,0,1,17,21225,21243,0.0,0.0,nan,-8.892608670562172e-05
osm,la_guaira,t_test,p90,5.4,0,1,17,21225,21243,0.0,0.0,nan,-8.892608670562172e-05
osm,la_guaira,t_test,p90,5.5,0,1,17,21225,21243,0.0,0.0,nan,-8.892608670562172e-05
osm,la_guaira,t_test,p90,5.6,0,1,17,21225,21243,0.0,0.0,nan,-8.892608670562172e-05
osm,la_guaira,t_test,p90,5.7,0,1,17,21225,21243,0.0,0.0,nan,-8.892608670562172e-05
osm,la_guaira,t_test,p90,5.8,0,0,17,21226,21243,nan,0.0,nan,0.0
osm,la_guaira,t_test,p90,5.9,0,0,17,21226,21243,nan,0.0,nan,0.0
osm,la_guaira,t_test,p90,6.0,0,0,17,21226,21243,nan,0.0,nan,0.0
osm,la_guaira,t_test,frac50,0.0,17,21226,0,0,21243,0.0008002636162500589,1.0,0.001599247412982126,0.0
osm,la_guaira,t_test,frac50,0.1,17,21226,0,0,21243,0.0008002636162500589,1.0,0.001599247412982126,0.0
osm,la_guaira,t_test,frac50,0.2,17,21226,0,0,21243,0.0008002636162500589,1.0,0.001599247412982126,0.0
osm,la_guaira,t_test,frac50,0.3,17,21226,0,0,21243,0.0008002636162500589,1.0,0.001599247412982126,0.0
osm,la_guaira,t_test,frac50,0.4,17,21226,0,0,21243,0.0008002636162500589,1.0,0.001599247412982126,0.0
osm,la_guaira,t_test,frac50,0.5,17,21226,0,0,21243,0.0008002636162500589,1.0,0.001599247412982126,0.0
osm,la_guaira,t_test,frac50,0.6,17,21226,0,0,21243,0.0008002636162500589,1.0,0.001599247412982126,0.0
osm,la_guaira,t_test,frac50,0.7,17,21226,0,0,21243,0.0008002636162500589,1.0,0.001599247412982126,0.0
osm,la_guaira,t_test,frac50,0.8,17,21226,0,0,21243,0.0008002636162500589,1.0,0.001599247412982126,0.0
osm,la_guaira,t_test,frac50,0.9,17,21221,0,5,21243,0.0008004520199642151,1.0,0.0015996236179722416,3.7710914395381207e-07
osm,la_guaira,t_test,frac50,1.0,17,21173,0,53,21243,0.0008022652194431335,1.0,0.0016032442118168529,4.006404546758272e-06
osm,la_guaira,t_test,frac50,1.1,17,20858,0,368,21243,0.00081437125748503,1.0,0.001627417193183994,2.823748153481047e-05
osm,la_guaira,t_test,frac50,1.2,17,19995,0,1231,21243,0.0008494903058165101,1.0,0.0016975385690748415,9.852737683113509e-05
osm,la_guaira,t_test,frac50,1.3,17,18290,0,2936,21243,0.0009286065439449391,1.0,0.0018554900676708143,0.00025685844389231093
osm,la_guaira,t_test,frac50,1.4,15,16007,2,5219,21243,0.0009362127075271502,0.8823529411764706,0.0018704408005486626,0.0002720449470391428
osm,la_guaira,t_test,frac50,1.5,14,13408,3,7818,21243,0.0010430636268812397,0.8235294117647058,0.002083488354788303,0.00048576224154910037
osm,la_guaira,t_test,frac50,1.6,13,10844,4,10382,21243,0.0011973841761075805,0.7647058823529411,0.0023910244620194963,0.0007942686944653146
osm,la_guaira,t_test,frac50,1.7,13,8210,4,13016,21243,0.0015809315335035875,0.7647058823529411,0.003155339805825243,0.0015606072731591482
osm,la_guaira,t_test,frac50,1.8,13,5987,4,15239,21243,0.0021666666666666666,0.7647058823529411,0.004321090244307795,0.002729441229034231
osm,la_guaira,t_test,frac50,1.9,13,4151,4,17075,21243,0.003121998078770413,0.7647058823529411,0.006218607988519492,0.0046319719739201974
osm,la_guaira,t_test,frac50,2.0,12,2896,5,18330,21243,0.0041265474552957355,0.7058823529411765,0.008205128205128203,0.006624444163500799
osm,la_guaira,t_test,frac50,2.1,12,1894,5,19332,21243,0.0062959076600209865,0.7058823529411765,0.0124804992199688,0.010911430868112637
osm,la_guaira,t_test,frac50,2.2,11,1328,6,19898,21243,0.008215085884988798,0.6470588235294118,0.016224188790560472,0.014666907649662709
osm,la_guaira,t_test,frac50,2.3,9,904,8,20322,21243,0.009857612267250822,0.5294117647058824,0.01935483870967742,0.01781155519395967
osm,la_guaira,t_test,frac50,2.4,8,616,9,20610,21243,0.01282051282051282,0.47058823529411764,0.024960998439937595,0.023439439398796575
osm,la_guaira,t_test,frac50,2.5,8,410,9,20816,21243,0.019138755980861243,0.47058823529411764,0.0367816091954023,0.0352979187216686
osm,la_guaira,t_test,frac50,2.6,8,296,9,20930,21243,0.02631578947368421,0.47058823529411764,0.04984423676012461,0.04840183842153289
osm,la_guaira,t_test,frac50,2.7,8,203,9,21023,21243,0.037914691943127965,0.47058823529411764,0.07017543859649122,0.0687961490665234
osm,la_guaira,t_test,frac50,2.8,7,149,10,21077,21243,0.04487179487179487,0.4117647058823529,0.08092485549132948,0.07959648312481461
osm,la_guaira,t_test,frac50,2.9,5,98,12,21128,21243,0.04854368932038835,0.29411764705882354,0.08333333333333334,0.08207229722138781
osm,la_guaira,t_test,frac50,3.0,4,75,13,21151,21243,0.05063291139240506,0.23529411764705882,0.08333333333333334,0.08212439888798904
osm,la_guaira,t_test,frac50,3.1,1,48,16,21178,21243,0.02040816326530612,0.058823529411764705,0.030303030303030304,0.029149397445852772
osm,la_guaira,t_test,frac50,3.2,1,31,16,21195,21243,0.03125,0.058823529411764705,0.04081632653061224,0.03981269817150211
osm,la_guaira,t_test,frac50,3.3,1,24,16,21202,21243,0.04,0.058823529411764705,0.04761904761904763,0.04671085402468812
osm,la_guaira,t_test,frac50,3.4,0,17,17,21209,21243,0.0,0.0,nan,-0.0008009045510887372
osm,la_guaira,t_test,frac50,3.5,0,10,17,21216,21243,0.0,0.0,nan,-0.0005931394697865292
osm,la_guaira,t_test,frac50,3.6,0,8,17,21218,21243,0.0,0.0,nan,-0.0005124311656649584
osm,la_guaira,t_test,frac50,3.7,0,7,17,21219,21243,0.0,0.0,nan,-0.00046703846589109683
osm,la_guaira,t_test,frac50,3.8,0,5,17,21221,21243,0.0,0.0,nan,-0.00036388855582290326
osm,la_guaira,t_test,frac50,3.9,0,4,17,21222,21243,0.0,0.0,nan,-0.0003049552993026375
osm,la_guaira,t_test,frac50,4.0,0,4,17,21222,21243,0.0,0.0,nan,-0.0003049552993026375
osm,la_guaira,t_test,frac50,4.1,0,1,17,21225,21243,0.0,0.0,nan,-8.892608670562172e-05
osm,la_guaira,t_test,frac50,4.2,0,0,17,21226,21243,nan,0.0,nan,0.0
osm,la_guaira,t_test,frac50,4.3,0,0,17,21226,21243,nan,0.0,nan,0.0
osm,la_guaira,t_test,frac50,4.4,0,0,17,21226,21243,nan,0.0,nan,0.0
osm,la_guaira,t_test,frac50,4.5,0,0,17,21226,21243,nan,0.0,nan,0.0
osm,la_guaira,t_test,frac50,4.6,0,0,17,21226,21243,nan,0.0,nan,0.0
osm,la_guaira,t_test,frac50,4.7,0,0,17,21226,21243,nan,0.0,nan,0.0
osm,la_guaira,t_test,frac50,4.8,0,0,17,21226,21243,nan,0.0,nan,0.0
osm,la_guaira,t_test,frac50,4.9,0,0,17,21226,21243,nan,0.0,nan,0.0
osm,la_guaira,t_test,frac50,5.0,0,0,17,21226,21243,nan,0.0,nan,0.0
osm,la_guaira,t_test,frac50,5.1,0,0,17,21226,21243,nan,0.0,nan,0.0
osm,la_guaira,t_test,frac50,5.2,0,0,17,21226,21243,nan,0.0,nan,0.0
osm,la_guaira,t_test,frac50,5.3,0,0,17,21226,21243,nan,0.0,nan,0.0
osm,la_guaira,t_test,frac50,5.4,0,0,17,21226,21243,nan,0.0,nan,0.0
osm,la_guaira,t_test,frac50,5.5,0,0,17,21226,21243,nan,0.0,nan,0.0
osm,la_guaira,t_test,frac50,5.6,0,0,17,21226,21243,nan,0.0,nan,0.0
osm,la_guaira,t_test,frac50,5.7,0,0,17,21226,21243,nan,0.0,nan,0.0
osm,la_guaira,t_test,frac50,5.8,0,0,17,21226,21243,nan,0.0,nan,0.0
osm,la_guaira,t_test,frac50,5.9,0,0,17,21226,21243,nan,0.0,nan,0.0
osm,la_guaira,t_test,frac50,6.0,0,0,17,21226,21243,nan,0.0,nan,0.0
osm,catia_la_mar,t_test,mean,0.0,189,28581,0,0,28770,0.006569343065693431,1.0,0.01305293691080493,0.0
osm,catia_la_mar,t_test,mean,0.1,189,28581,0,0,28770,0.006569343065693431,1.0,0.01305293691080493,0.0
osm,catia_la_mar,t_test,mean,0.2,189,28581,0,0,28770,0.006569343065693431,1.0,0.01305293691080493,0.0
osm,catia_la_mar,t_test,mean,0.3,189,28581,0,0,28770,0.006569343065693431,1.0,0.01305293691080493,0.0
osm,catia_la_mar,t_test,mean,0.4,189,28581,0,0,28770,0.006569343065693431,1.0,0.01305293691080493,0.0
osm,catia_la_mar,t_test,mean,0.5,189,28581,0,0,28770,0.006569343065693431,1.0,0.01305293691080493,0.0
osm,catia_la_mar,t_test,mean,0.6,189,28581,0,0,28770,0.006569343065693431,1.0,0.01305293691080493,0.0
osm,catia_la_mar,t_test,mean,0.7,189,28581,0,0,28770,0.006569343065693431,1.0,0.01305293691080493,0.0
osm,catia_la_mar,t_test,mean,0.8,189,28581,0,0,28770,0.006569343065693431,1.0,0.01305293691080493,0.0
osm,catia_la_mar,t_test,mean,0.9,189,28540,0,41,28770,0.006578718368199381,1.0,0.013071443391659176,1.8874420602636608e-05
osm,catia_la_mar,t_test,mean,1.0,189,28269,0,312,28770,0.006641366223908918,1.0,0.013195098963242224,0.00014498835213764183
osm,catia_la_mar,t_test,mean,1.1,189,27649,0,932,28770,0.006789280839140743,1.0,0.013486994683697863,0.0004426863418966659
osm,catia_la_mar,t_test,mean,1.2,189,26453,0,2128,28770,0.007094062007356805,1.0,0.014088181581007045,0.0010558199178729818
osm,catia_la_mar,t_test,mean,1.3,189,24436,0,4145,28770,0.0076751269035533,1.0,0.015233336019988717,0.0022237170857235355
osm,catia_la_mar,t_test,mean,1.4,186,21703,3,6878,28770,0.008497418794828453,0.9841269841269841,0.01684935229640366,0.003873598969988094
osm,catia_la_mar,t_test,mean,1.5,185,18601,4,9980,28770,0.009847758969445331,0.9788359788359788,0.019499341238471673,0.006577076065019698
osm,catia_la_mar,t_test,mean,1.6,185,15375,4,13206,28770,0.011889460154241645,0.9788359788359788,0.023493555146358498,0.010650801439703613
osm,catia_la_mar,t_test,mean,1.7,183,12613,6,15968,28770,0.014301344170053142,0.9682539682539683,0.028186368887177512,0.015438812942925245
osm,catia_la_mar,t_test,mean,1.8,179,10065,10,18516,28770,0.017473643108160873,0.9470899470899471,0.034314195341704205,0.02169338352794706
osm,catia_la_mar,t_test,mean,1.9,173,7948,16,20633,28770,0.02130279522226327,0.9153439153439153,0.04163658243080626,0.029171273589178176
osm,catia_la_mar,t_test,mean,2.0,169,6250,20,22331,28770,0.02632808848730332,0.8941798941798942,0.05115012106537531,0.038883489616352504
osm,catia_la_mar,t_test,mean,2.1,159,4922,30,23659,28770,0.031293052548710884,0.8412698412698413,0.0603415559772296,0.048285726390142225
osm,catia_la_mar,t_test,mean,2.2,151,3814,38,24767,28770,0.038083228247162676,0.798941798941799,0.07270101107366395,0.06092415665855786
osm,catia_la_mar,t_test,mean,2.3,139,2983,50,25598,28770,0.044522741832158874,0.7354497354497355,0.08396254907882815,0.07247168112317531
osm,catia_la_mar,t_test,mean,2.4,126,2308,63,26273,28770,0.051766639276910435,0.6666666666666666,0.09607319862752574,0.08491651965885612
osm,catia_la_mar,t_test,mean,2.5,116,1782,73,26799,28770,0.06111696522655427,0.6137566137566137,0.11116435074269286,0.10041535900908588
osm,catia_la_mar,t_test,mean,2.6,108,1345,81,27236,28770,0.0743289745354439,0.5714285714285714,0.1315468940316687,0.12133115887209839
osm,catia_la_mar,t_test,mean,2.7,93,1019,96,27562,28770,0.08363309352517985,0.49206349206349204,0.14296694850115296,0.13323316427913856
osm,catia_la_mar,t_test,mean,2.8,76,807,113,27774,28770,0.08607021517553794,0.4021164021164021,0.1417910447761194,0.13240167241899167
osm,catia_la_mar,t_test,mean,2.9,66,607,123,27974,28770,0.09806835066864784,0.3492063492063492,0.1531322505800464,0.14435510503702018
osm,catia_la_mar,t_test,mean,3.0,57,469,132,28112,28770,0.10836501901140684,0.30158730158730157,0.15944055944055946,0.15123669957797403
osm,catia_la_mar,t_test,mean,3.1,47,360,142,28221,28770,0.11547911547911548,0.24867724867724866,0.15771812080536912,0.15009256123994832
osm,catia_la_mar,t_test,mean,3.2,40,287,149,28294,28770,0.12232415902140673,0.21164021164021163,0.15503875968992248,0.1479443222440004
osm,catia_la_mar,t_test,mean,3.3,33,223,156,28358,28770,0.12890625,0.1746031746031746,0.14831460674157304,0.14182817060633893
osm,catia_la_mar,t_test,mean,3.4,28,162,161,28419,28770,0.14736842105263157,0.14814814814814814,0.14775725593667544,0.14210658963572462
osm,catia_la_mar,t_test,mean,3.5,21,131,168,28450,28770,0.13815789473684212,0.1111111111111111,0.12316715542521994,0.11800169668887688
osm,catia_la_mar,t_test,mean,3.6,20,105,169,28476,28770,0.16,0.10582010582010581,0.12738853503184713,0.12280045801883939
osm,catia_la_mar,t_test,mean,3.7,14,88,175,28493,28770,0.13725490196078433,0.07407407407407407,0.09621993127147765,0.0920384846056549
osm,catia_la_mar,t_test,mean,3.8,12,66,177,28515,28770,0.15384615384615385,0.06349206349206349,0.0898876404494382,0.08638092572161601
osm,catia_la_mar,t_test,mean,3.9,10,51,179,28530,28770,0.16393442622950818,0.05291005291005291,0.08,0.07704114211399449
osm,catia_la_mar,t_test,mean,4.0,8,39,181,28542,28770,0.1702127659574468,0.042328042328042326,0.06779661016949153,0.06535100504227047
osm,catia_la_mar,t_test,mean,4.1,5,28,184,28553,28770,0.15151515151515152,0.026455026455026454,0.04504504504504504,0.04317632253430631
osm,catia_la_mar,t_test,mean,4.2,5,25,184,28556,28770,0.16666666666666666,0.026455026455026454,0.045662100456621,0.043941366990538605
osm,catia_la_mar,t_test,mean,4.3,3,19,186,28562,28770,0.13636363636363635,0.015873015873015872,0.028436018957345967,0.027103237562093766
osm,catia_la_mar,t_test,mean,4.4,2,14,187,28567,28770,0.125,0.010582010582010581,0.01951219512195122,0.01850571353214861
osm,catia_la_mar,t_test,mean,4.5,2,12,187,28569,28770,0.14285714285714285,0.010582010582010581,0.019704433497536946,0.018815366122266978
osm,catia_la_mar,t_test,mean,4.6,2,7,187,28574,28770,0.2222222222222222,0.010582010582010581,0.0202020202020202,0.019616522438385763
osm,catia_la_mar,t_test,mean,4.7,2,7,187,28574,28770,0.2222222222222222,0.010582010582010581,0.0202020202020202,0.019616522438385763
osm,catia_la_mar,t_test,mean,4.8,2,5,187,28576,28770,0.2857142857142857,0.010582010582010581,0.02040816326530612,0.019948284983999972
osm,catia_la_mar,t_test,mean,4.9,2,5,187,28576,28770,0.2857142857142857,0.010582010582010581,0.02040816326530612,0.019948284983999972
osm,catia_la_mar,t_test,mean,5.0,2,5,187,28576,28770,0.2857142857142857,0.010582010582010581,0.02040816326530612,0.019948284983999972
osm,catia_la_mar,t_test,mean,5.1,2,5,187,28576,28770,0.2857142857142857,0.010582010582010581,0.02040816326530612,0.019948284983999972
osm,catia_la_mar,t_test,mean,5.2,2,5,187,28576,28770,0.2857142857142857,0.010582010582010581,0.02040816326530612,0.019948284983999972
osm,catia_la_mar,t_test,mean,5.3,2,4,187,28577,28770,0.3333333333333333,0.010582010582010581,0.020512820512820513,0.020116685764783447
osm,catia_la_mar,t_test,mean,5.4,2,4,187,28577,28770,0.3333333333333333,0.010582010582010581,0.020512820512820513,0.020116685764783447
osm,catia_la_mar,t_test,mean,5.5,2,3,187,28578,28770,0.4,0.010582010582010581,0.020618556701030927,0.020286800406515537
osm,catia_la_mar,t_test,mean,5.6,2,2,187,28579,28770,0.5,0.010582010582010581,0.020725388601036267,0.020458655206599362
osm,catia_la_mar,t_test,mean,5.7,1,1,188,28580,28770,0.5,0.005291005291005291,0.010471204188481674,0.010335048197112022
osm,catia_la_mar,t_test,mean,5.8,1,1,188,28580,28770,0.5,0.005291005291005291,0.010471204188481674,0.010335048197112022
osm,catia_la_mar,t_test,mean,5.9,1,0,188,28581,28770,1.0,0.005291005291005291,0.010526315789473682,0.01045788798304337
osm,catia_la_mar,t_test,mean,6.0,1,0,188,28581,28770,1.0,0.005291005291005291,0.010526315789473682,0.01045788798304337
osm,catia_la_mar,t_test,max,0.0,189,28581,0,0,28770,0.006569343065693431,1.0,0.01305293691080493,0.0
osm,catia_la_mar,t_test,max,0.1,189,28581,0,0,28770,0.006569343065693431,1.0,0.01305293691080493,0.0
osm,catia_la_mar,t_test,max,0.2,189,28581,0,0,28770,0.006569343065693431,1.0,0.01305293691080493,0.0
osm,catia_la_mar,t_test,max,0.3,189,28581,0,0,28770,0.006569343065693431,1.0,0.01305293691080493,0.0
osm,catia_la_mar,t_test,max,0.4,189,28581,0,0,28770,0.006569343065693431,1.0,0.01305293691080493,0.0
osm,catia_la_mar,t_test,max,0.5,189,28581,0,0,28770,0.006569343065693431,1.0,0.01305293691080493,0.0
osm,catia_la_mar,t_test,max,0.6,189,28581,0,0,28770,0.006569343065693431,1.0,0.01305293691080493,0.0
osm,catia_la_mar,t_test,max,0.7,189,28581,0,0,28770,0.006569343065693431,1.0,0.01305293691080493,0.0
osm,catia_la_mar,t_test,max,0.8,189,28581,0,0,28770,0.006569343065693431,1.0,0.01305293691080493,0.0
osm,catia_la_mar,t_test,max,0.9,189,28550,0,31,28770,0.00657642924249278,1.0,0.013066924778761063,1.4265970562332693e-05
osm,catia_la_mar,t_test,max,1.0,189,28360,0,221,28770,0.006620196854530806,1.0,0.01315331616674786,0.00010237490741097091
osm,catia_la_mar,t_test,max,1.1,189,27822,0,759,28770,0.006747349255649566,1.0,0.013404255319148937,0.00035830241132644243
osm,catia_la_mar,t_test,max,1.2,189,26838,0,1743,28770,0.006993006993006993,1.0,0.013888888888888888,0.0008525674606842693
osm,catia_la_mar,t_test,max,1.3,189,25123,0,3458,28770,0.007466814159292036,1.0,0.014822948119681583,0.0018051809423888809
osm,catia_la_mar,t_test,max,1.4,188,22737,1,5844,28770,0.008200654307524537,0.9947089947089947,0.016267197369559575,0.0032786696414772993
osm,catia_la_mar,t_test,max,1.5,187,19848,2,8733,28770,0.009333666084352384,0.9894179894179894,0.018492879746835444,0.005549206929652109
osm,catia_la_mar,t_test,max,1.6,186,16792,3,11789,28770,0.010955353987513253,0.9841269841269841,0.02166948214597775,0.008789659463375702
osm,catia_la_mar,t_test,max,1.7,186,13997,3,14584,28770,0.013114291757738138,0.9841269841269841,0.025883662677428334,0.013087448376189319
osm,catia_la_mar,t_test,max,1.8,183,11509,6,17072,28770,0.015651727677044133,0.9682539682539683,0.0308054877535561,0.01810996461335646
osm,catia_la_mar,t_test,max,1.9,181,9255,8,19326,28770,0.019181856718948707,0.9576719576719577,0.03761038961038961,0.025052391590241186
osm,catia_la_mar,t_test,max,2.0,173,7407,16,21174,28770,0.022823218997361477,0.9153439153439153,0.0445359763161282,0.0321287816131776
osm,catia_la_mar,t_test,max,2.1,169,5978,20,22603,28770,0.02749308605823979,0.8941798941798942,0.05334595959595959,0.04112338462349944
osm,catia_la_mar,t_test,max,2.2,161,4662,28,23919,28770,0.033381712626995644,0.8518518518518519,0.06424581005586592,0.05226335494022888
osm,catia_la_mar,t_test,max,2.3,155,3678,34,24903,28770,0.04043829898252022,0.8201058201058201,0.07707608155146693,0.06537336068541481
osm,catia_la_mar,t_test,max,2.4,148,2946,41,25635,28770,0.04783451842275371,0.783068783068783,0.09016143770941212,0.07875429590785066
osm,catia_la_mar,t_test,max,2.5,135,2406,54,26175,28770,0.053128689492325853,0.7142857142857143,0.0989010989010989,0.08774505584455504
osm,catia_la_mar,t_test,max,2.6,126,1906,63,26675,28770,0.06200787401574803,0.6666666666666666,0.11346240432237731,0.1026760082682615
osm,catia_la_mar,t_test,max,2.7,120,1468,69,27113,28770,0.07556675062972293,0.6349206349206349,0.13505908835115363,0.12478293000641039
osm,catia_la_mar,t_test,max,2.8,104,1145,85,27436,28770,0.08326661329063251,0.5502645502645502,0.1446453407510431,0.13477149567308963
osm,catia_la_mar,t_test,max,2.9,93,913,96,27668,28770,0.09244532803180915,0.49206349206349204,0.15564853556485356,0.1462049780055142
osm,catia_la_mar,t_test,max,3.0,77,728,112,27853,28770,0.09565217391304348,0.4074074074074074,0.15492957746478875,0.14584091027173376
osm,catia_la_mar,t_test,max,3.1,68,565,121,28016,28770,0.10742496050552923,0.35978835978835977,0.1654501216545012,0.1569200517427319
osm,catia_la_mar,t_test,max,3.2,62,468,127,28113,28770,0.1169811320754717,0.328042328042328,0.17246175243393605,0.16436867625500567
osm,catia_la_mar,t_test,max,3.3,54,394,135,28187,28770,0.12053571428571429,0.2857142857142857,0.16954474097331237,0.1617994369820079
osm,catia_la_mar,t_test,max,3.4,50,307,139,28274,28770,0.1400560224089636,0.26455026455026454,0.18315018315018314,0.1760720825680864
osm,catia_la_mar,t_test,max,3.5,43,261,146,28320,28770,0.14144736842105263,0.2275132275132275,0.1744421906693712,0.16769910051378137
osm,catia_la_mar,t_test,max,3.6,36,211,153,28370,28770,0.145748987854251,0.19047619047619047,0.16513761467889906,0.15887692831867012
osm,catia_la_mar,t_test,max,3.7,29,182,160,28399,28770,0.13744075829383887,0.15343915343915343,0.145,0.13903293262428146
osm,catia_la_mar,t_test,max,3.8,25,134,164,28447,28770,0.15723270440251572,0.13227513227513227,0.1436781609195402,0.13850659846633046
osm,catia_la_mar,t_test,max,3.9,21,119,168,28462,28770,0.15,0.1111111111111111,0.12765957446808512,0.12275495861315411
osm,catia_la_mar,t_test,max,4.0,16,108,173,28473,28770,0.12903225806451613,0.08465608465608465,0.10223642172523961,0.0975390198275555
osm,catia_la_mar,t_test,max,4.1,15,93,174,28488,28770,0.1388888888888889,0.07936507936507936,0.10101010101010101,0.09669437406469565
osm,catia_la_mar,t_test,max,4.2,12,75,177,28506,28770,0.13793103448275862,0.06349206349206349,0.08695652173913042,0.08315938749821503
osm,catia_la_mar,t_test,max,4.3,10,50,179,28531,28770,0.16666666666666666,0.05291005291005291,0.08032128514056225,0.07740038229672444
osm,catia_la_mar,t_test,max,4.4,5,36,184,28545,28770,0.12195121951219512,0.026455026455026454,0.043478260869565216,0.04123271896729246
osm,catia_la_mar,t_test,max,4.5,4,29,185,28552,28770,0.12121212121212122,0.021164021164021163,0.036036036036036036,0.034149684067657525
osm,catia_la_mar,t_test,max,4.6,3,19,186,28562,28770,0.13636363636363635,0.015873015873015872,0.028436018957345967,0.027103237562093766
osm,catia_la_mar,t_test,max,4.7,3,17,186,28564,28770,0.15,0.015873015873015872,0.028708133971291863,0.027485400566487538
osm,catia_la_mar,t_test,max,4.8,3,15,186,28566,28770,0.16666666666666666,0.015873015873015872,0.028985507246376812,0.027874859672523452
osm,catia_la_mar,t_test,max,4.9,3,15,186,28566,28770,0.16666666666666666,0.015873015873015872,0.028985507246376812,0.027874859672523452
osm,catia_la_mar,t_test,max,5.0,3,14,186,28567,28770,0.17647058823529413,0.015873015873015872,0.029126213592233007,0.02807239087099175
osm,catia_la_mar,t_test,max,5.1,3,11,186,28570,28770,0.21428571428571427,0.015873015873015872,0.029556650246305414,0.028676518221546928
osm,catia_la_mar,t_test,max,5.2,3,11,186,28570,28770,0.21428571428571427,0.015873015873015872,0.029556650246305414,0.028676518221546928
osm,catia_la_mar,t_test,max,5.3,3,10,186,28571,28770,0.23076923076923078,0.015873015873015872,0.0297029702970297,0.028881832582301353
osm,catia_la_mar,t_test,max,5.4,3,9,186,28572,28770,0.25,0.015873015873015872,0.029850746268656716,0.029089164613274925
osm,catia_la_mar,t_test,max,5.5,3,8,186,28573,28770,0.2727272727272727,0.015873015873015872,0.029999999999999995,0.029298544203476995
osm,catia_la_mar,t_test,max,5.6,3,7,186,28574,28770,0.3,0.015873015873015872,0.03015075376884422,0.029510001835197797
osm,catia_la_mar,t_test,max,5.7,1,2,188,28579,28770,0.3333333333333333,0.005291005291005291,0.010416666666666666,0.010213471439559387
osm,catia_la_mar,t_test,max,5.8,1,2,188,28579,28770,0.3333333333333333,0.005291005291005291,0.010416666666666666,0.010213471439559387
osm,catia_la_mar,t_test,max,5.9,1,2,188,28579,28770,0.3333333333333333,0.005291005291005291,0.010416666666666666,0.010213471439559387
osm,catia_la_mar,t_test,max,6.0,1,2,188,28579,28770,0.3333333333333333,0.005291005291005291,0.010416666666666666,0.010213471439559387
osm,catia_la_mar,t_test,p75,0.0,189,28581,0,0,28770,0.006569343065693431,1.0,0.01305293691080493,0.0
osm,catia_la_mar,t_test,p75,0.1,189,28581,0,0,28770,0.006569343065693431,1.0,0.01305293691080493,0.0
osm,catia_la_mar,t_test,p75,0.2,189,28581,0,0,28770,0.006569343065693431,1.0,0.01305293691080493,0.0
osm,catia_la_mar,t_test,p75,0.3,189,28581,0,0,28770,0.006569343065693431,1.0,0.01305293691080493,0.0
osm,catia_la_mar,t_test,p75,0.4,189,28581,0,0,28770,0.006569343065693431,1.0,0.01305293691080493,0.0
osm,catia_la_mar,t_test,p75,0.5,189,28581,0,0,28770,0.006569343065693431,1.0,0.01305293691080493,0.0
osm,catia_la_mar,t_test,p75,0.6,189,28581,0,0,28770,0.006569343065693431,1.0,0.01305293691080493,0.0
osm,catia_la_mar,t_test,p75,0.7,189,28581,0,0,28770,0.006569343065693431,1.0,0.01305293691080493,0.0
osm,catia_la_mar,t_test,p75,0.8,189,28581,0,0,28770,0.006569343065693431,1.0,0.01305293691080493,0.0
osm,catia_la_mar,t_test,p75,0.9,189,28547,0,34,28770,0.006577115812917595,1.0,0.013068280034572171,1.564817102287363e-05
osm,catia_la_mar,t_test,p75,1.0,189,28310,0,271,28770,0.006631811642513773,1.0,0.013176240936977135,0.00012575542842981592
osm,catia_la_mar,t_test,p75,1.1,189,27750,0,831,28770,0.006764737463760335,1.0,0.013438566552901024,0.0003932956423694251
osm,catia_la_mar,t_test,p75,1.2,189,26656,0,1925,28770,0.0070404172099087356,1.0,0.013982392542723977,0.0009479290144794035
osm,catia_la_mar,t_test,p75,1.3,189,24791,0,3790,28770,0.0075660528422738195,1.0,0.015018475108268108,0.002004590400356908
osm,catia_la_mar,t_test,p75,1.4,187,22238,2,6343,28770,0.008338907469342252,0.9894179894179894,0.0165384275227735,0.0035558791046889572
osm,catia_la_mar,t_test,p75,1.5,187,19239,2,9342,28770,0.009626274065685165,0.9894179894179894,0.019067040530206476,0.006134778264292717
osm,catia_la_mar,t_test,p75,1.6,185,16100,4,12481,28770,0.011360147374884864,0.9788359788359788,0.0224596333616608,0.00959631894955392
osm,catia_la_mar,t_test,p75,1.7,184,13302,5,15279,28770,0.01364377873350141,0.9735449735449735,0.026910420475319927,0.014136489926834259
osm,catia_la_mar,t_test,p75,1.8,183,10788,6,17793,28770,0.016680339075745145,0.9682539682539683,0.03279569892473118,0.020139650067765403
osm,catia_la_mar,t_test,p75,1.9,176,8596,13,19985,28770,0.020063839489284085,0.9312169312169312,0.039281330208682075,0.026763984244480718
osm,catia_la_mar,t_test,p75,2.0,169,6822,20,21759,28770,0.024173937920183092,0.8941798941798942,0.047075208913649025,0.03472662598465485
osm,catia_la_mar,t_test,p75,2.1,166,5438,23,23143,28770,0.029621698786581014,0.8783068783068783,0.05731054721215259,0.0451746899829981
osm,catia_la_mar,t_test,p75,2.2,158,4202,31,24379,28770,0.036238532110091745,0.8359788359788359,0.06946581666300286,0.05759833594695779
osm,catia_la_mar,t_test,p75,2.3,149,3300,40,25281,28770,0.04320092780516092,0.7883597883597884,0.08191313908741067,0.07033310591798758
osm,catia_la_mar,t_test,p75,2.4,136,2628,53,25953,28770,0.049204052098408106,0.7195767195767195,0.0921097189299018,0.08080567427571377
osm,catia_la_mar,t_test,p75,2.5,122,2084,67,26497,28770,0.05530371713508613,0.6455026455026455,0.10187891440501046,0.0908768381479598
osm,catia_la_mar,t_test,p75,2.6,118,1615,71,26966,28770,0.06809001731102135,0.6243386243386243,0.12278876170655567,0.11227212248063706
osm,catia_la_mar,t_test,p75,2.7,104,1224,85,27357,28770,0.0783132530120482,0.5502645502645502,0.13711272247857614,0.12707251704402328
osm,catia_la_mar,t_test,p75,2.8,87,959,102,27622,28770,0.08317399617590822,0.4603174603174603,0.14089068825910933,0.1312229472805915
osm,catia_la_mar,t_test,p75,2.9,77,756,112,27825,28770,0.09243697478991597,0.4074074074074074,0.15068493150684933,0.14149122186397362
osm,catia_la_mar,t_test,p75,3.0,67,571,122,28010,28770,0.10501567398119123,0.3544973544973545,0.16203143893591296,0.15345080632649447
osm,catia_la_mar,t_test,p75,3.1,59,441,130,28140,28770,0.118,0.31216931216931215,0.17126269956458634,0.16328495181457192
osm,catia_la_mar,t_test,p75,3.2,49,362,140,28219,28770,0.1192214111922141,0.25925925925925924,0.1633333333333333,0.155734947864111
osm,catia_la_mar,t_test,p75,3.3,44,301,145,28280,28770,0.12753623188405797,0.2328042328042328,0.16479400749063672,0.15764368529164346
osm,catia_la_mar,t_test,p75,3.4,38,221,151,28360,28770,0.14671814671814673,0.20105820105820105,0.16964285714285712,0.16328735277410578
osm,catia_la_mar,t_test,p75,3.5,31,181,158,28400,28770,0.14622641509433962,0.164021164021164,0.1546134663341646,0.1487002203264991
osm,catia_la_mar,t_test,p75,3.6,26,153,163,28428,28770,0.1452513966480447,0.13756613756613756,0.14130434782608695,0.13578127432936662
osm,catia_la_mar,t_test,p75,3.7,22,121,167,28460,28770,0.15384615384615385,0.1164021164021164,0.13253012048192772,0.12759305364542345
osm,catia_la_mar,t_test,p75,3.8,18,102,171,28479,28770,0.15,0.09523809523809523,0.11650485436893203,0.11197378730679568
osm,catia_la_mar,t_test,p75,3.9,14,85,175,28496,28770,0.1414141414141414,0.07407407407407407,0.09722222222222222,0.09312639709962996
osm,catia_la_mar,t_test,p75,4.0,12,65,177,28516,28770,0.15584415584415584,0.06349206349206349,0.09022556390977443,0.08675220502761717
osm,catia_la_mar,t_test,p75,4.1,11,47,178,28534,28770,0.1896551724137931,0.0582010582010582,0.08906882591093118,0.08624972580080177
osm,catia_la_mar,t_test,p75,4.2,8,41,181,28540,28770,0.16326530612244897,0.042328042328042326,0.06722689075630252,0.0646968737122512
osm,catia_la_mar,t_test,p75,4.3,7,31,182,28550,28770,0.18421052631578946,0.037037037037037035,0.06167400881057269,0.05960567955502417
osm,catia_la_mar,t_test,p75,4.4,3,21,186,28560,28770,0.125,0.015873015873015872,0.02816901408450704,0.02672816753495937
osm,catia_la_mar,t_test,p75,4.5,3,19,186,28562,28770,0.13636363636363635,0.015873015873015872,0.028436018957345967,0.027103237562093766
osm,catia_la_mar,t_test,p75,4.6,3,12,186,28569,28770,0.2,0.015873015873015872,0.029411764705882353,0.028473192220936236
osm,catia_la_mar,t_test,p75,4.7,3,10,186,28571,28770,0.23076923076923078,0.015873015873015872,0.0297029702970297,0.028881832582301353
osm,catia_la_mar,t_test,p75,4.8,3,8,186,28573,28770,0.2727272727272727,0.015873015873015872,0.029999999999999995,0.029298544203476995
osm,catia_la_mar,t_test,p75,4.9,3,8,186,28573,28770,0.2727272727272727,0.015873015873015872,0.029999999999999995,0.029298544203476995
osm,catia_la_mar,t_test,p75,5.0,2,7,187,28574,28770,0.2222222222222222,0.010582010582010581,0.0202020202020202,0.019616522438385763
osm,catia_la_mar,t_test,p75,5.1,2,6,187,28575,28770,0.25,0.010582010582010581,0.02030456852791878,0.01978157229392262
osm,catia_la_mar,t_test,p75,5.2,2,6,187,28575,28770,0.25,0.010582010582010581,0.02030456852791878,0.01978157229392262
osm,catia_la_mar,t_test,p75,5.3,2,5,187,28576,28770,0.2857142857142857,0.010582010582010581,0.02040816326530612,0.019948284983999972
osm,catia_la_mar,t_test,p75,5.4,2,4,187,28577,28770,0.3333333333333333,0.010582010582010581,0.020512820512820513,0.020116685764783447
osm,catia_la_mar,t_test,p75,5.5,2,3,187,28578,28770,0.4,0.010582010582010581,0.020618556701030927,0.020286800406515537
osm,catia_la_mar,t_test,p75,5.6,2,2,187,28579,28770,0.5,0.010582010582010581,0.020725388601036267,0.020458655206599362
osm,catia_la_mar,t_test,p75,5.7,1,1,188,28580,28770,0.5,0.005291005291005291,0.010471204188481674,0.010335048197112022
osm,catia_la_mar,t_test,p75,5.8,1,1,188,28580,28770,0.5,0.005291005291005291,0.010471204188481674,0.010335048197112022
osm,catia_la_mar,t_test,p75,5.9,1,1,188,28580,28770,0.5,0.005291005291005291,0.010471204188481674,0.010335048197112022
osm,catia_la_mar,t_test,p75,6.0,1,1,188,28580,28770,0.5,0.005291005291005291,0.010471204188481674,0.010335048197112022
osm,catia_la_mar,t_test,p90,0.0,189,28581,0,0,28770,0.006569343065693431,1.0,0.01305293691080493,0.0
osm,catia_la_mar,t_test,p90,0.1,189,28581,0,0,28770,0.006569343065693431,1.0,0.01305293691080493,0.0
osm,catia_la_mar,t_test,p90,0.2,189,28581,0,0,28770,0.006569343065693431,1.0,0.01305293691080493,0.0
osm,catia_la_mar,t_test,p90,0.3,189,28581,0,0,28770,0.006569343065693431,1.0,0.01305293691080493,0.0
osm,catia_la_mar,t_test,p90,0.4,189,28581,0,0,28770,0.006569343065693431,1.0,0.01305293691080493,0.0
osm,catia_la_mar,t_test,p90,0.5,189,28581,0,0,28770,0.006569343065693431,1.0,0.01305293691080493,0.0
osm,catia_la_mar,t_test,p90,0.6,189,28581,0,0,28770,0.006569343065693431,1.0,0.01305293691080493,0.0
osm,catia_la_mar,t_test,p90,0.7,189,28581,0,0,28770,0.006569343065693431,1.0,0.01305293691080493,0.0
osm,catia_la_mar,t_test,p90,0.8,189,28581,0,0,28770,0.006569343065693431,1.0,0.01305293691080493,0.0
osm,catia_la_mar,t_test,p90,0.9,189,28550,0,31,28770,0.00657642924249278,1.0,0.013066924778761063,1.4265970562332693e-05
osm,catia_la_mar,t_test,p90,1.0,189,28338,0,243,28770,0.006625302345146703,1.0,0.01316339323025491,0.00011265230661392435
osm,catia_la_mar,t_test,p90,1.1,189,27784,0,797,28770,0.006756515211096414,1.0,0.013422342163198635,0.00037674876582351034
osm,catia_la_mar,t_test,p90,1.2,189,26782,0,1799,28770,0.007007526602647288,1.0,0.013917525773195877,0.0008817733670895792
osm,catia_la_mar,t_test,p90,1.3,189,24993,0,3588,28770,0.007505360972122945,1.0,0.01489890031926215,0.0018826413437063652
osm,catia_la_mar,t_test,p90,1.4,187,22558,2,6023,28770,0.008221587162013629,0.9894179894179894,0.01630766547484085,0.00332052355727165
osm,catia_la_mar,t_test,p90,1.5,187,19614,2,8967,28770,0.009443967476390081,0.9894179894179894,0.01870935467733867,0.005769984493458028
osm,catia_la_mar,t_test,p90,1.6,186,16517,3,12064,28770,0.011135724121415315,0.9841269841269841,0.022022259057542033,0.009149444784129967
osm,catia_la_mar,t_test,p90,1.7,184,13719,5,14862,28770,0.013234553693447457,0.9735449735449735,0.0261141072949191,0.01332435198422158
osm,catia_la_mar,t_test,p90,1.8,183,11218,6,17363,28770,0.01605122357687922,0.9682539682539683,0.03157894736842105,0.018898771792299717
osm,catia_la_mar,t_test,p90,1.9,180,9000,9,19581,28770,0.0196078431372549,0.9523809523809523,0.03842459173871277,0.025884174711076156
osm,catia_la_mar,t_test,p90,2.0,173,7158,16,21423,28770,0.023598417678352204,0.9153439153439153,0.04601063829787234,0.033632953218748894
osm,catia_la_mar,t_test,p90,2.1,169,5758,20,22823,28770,0.028513581913278217,0.8941798941798942,0.0552648790058862,0.04308074457274776
osm,catia_la_mar,t_test,p90,2.2,161,4482,28,24099,28770,0.03467585612750377,0.8518518518518519,0.06663907284768211,0.054704933979125125
osm,catia_la_mar,t_test,p90,2.3,152,3523,37,25058,28770,0.041360544217687076,0.8042328042328042,0.07867494824016563,0.06701635380380423
osm,catia_la_mar,t_test,p90,2.4,145,2816,44,25765,28770,0.04896994258696386,0.7671957671957672,0.09206349206349207,0.08070992411903583
osm,catia_la_mar,t_test,p90,2.5,132,2263,57,26318,28770,0.05511482254697286,0.6984126984126984,0.1021671826625387,0.09109886558935218
osm,catia_la_mar,t_test,p90,2.6,119,1771,70,26810,28770,0.06296296296296296,0.6296296296296297,0.11447811447811447,0.10377335024749573
osm,catia_la_mar,t_test,p90,2.7,114,1354,75,27227,28770,0.0776566757493188,0.6031746031746031,0.13759806879903438,0.1274414284479076
osm,catia_la_mar,t_test,p90,2.8,101,1049,88,27532,28770,0.08782608695652173,0.5343915343915344,0.1508588498879761,0.14116764898854609
osm,catia_la_mar,t_test,p90,2.9,88,852,101,27729,28770,0.09361702127659574,0.4656084656084656,0.15589016829052257,0.14655414724704302
osm,catia_la_mar,t_test,p90,3.0,70,665,119,27916,28770,0.09523809523809523,0.37037037037037035,0.15151515151515152,0.14255378597373966
osm,catia_la_mar,t_test,p90,3.1,64,507,125,28074,28770,0.11208406304728546,0.3386243386243386,0.16842105263157894,0.16013044633832854
osm,catia_la_mar,t_test,p90,3.2,56,423,133,28158,28770,0.11691022964509394,0.2962962962962963,0.16766467065868262,0.15974840547224986
osm,catia_la_mar,t_test,p90,3.3,52,345,137,28236,28770,0.1309823677581864,0.2751322751322751,0.17747440273037543,0.1700872467870004
osm,catia_la_mar,t_test,p90,3.4,44,279,145,28302,28770,0.13622291021671826,0.2328042328042328,0.17187499999999997,0.1649535813785001
osm,catia_la_mar,t_test,p90,3.5,39,221,150,28360,28770,0.15,0.20634920634920634,0.17371937639198218,0.16738471619298037
osm,catia_la_mar,t_test,p90,3.6,32,180,157,28401,28770,0.1509433962264151,0.1693121693121693,0.1596009975062344,0.15372263790569698
osm,catia_la_mar,t_test,p90,3.7,24,150,165,28431,28770,0.13793103448275862,0.12698412698412698,0.13223140495867766,0.12673166348966933
osm,catia_la_mar,t_test,p90,3.8,21,123,168,28458,28770,0.14583333333333334,0.1111111111111111,0.12612612612612614,0.12113275928204911
osm,catia_la_mar,t_test,p90,3.9,15,105,174,28476,28770,0.125,0.07936507936507936,0.0970873786407767,0.09245672768716276
osm,catia_la_mar,t_test,p90,4.0,13,89,176,28492,28770,0.12745098039215685,0.06878306878306878,0.08934707903780069,0.08513383429846917
osm,catia_la_mar,t_test,p90,4.1,13,76,176,28505,28770,0.14606741573033707,0.06878306878306878,0.09352517985611511,0.08969619625689589
osm,catia_la_mar,t_test,p90,4.2,10,53,179,28528,28770,0.15873015873015872,0.05291005291005291,0.07936507936507936,0.07633113052374327
osm,catia_la_mar,t_test,p90,4.3,8,39,181,28542,28770,0.1702127659574468,0.042328042328042326,0.06779661016949153,0.06535100504227047
osm,catia_la_mar,t_test,p90,4.4,4,29,185,28552,28770,0.12121212121212122,0.021164021164021163,0.036036036036036036,0.034149684067657525
osm,catia_la_mar,t_test,p90,4.5,3,24,186,28557,28770,0.1111111111111111,0.015873015873015872,0.027777777777777776,0.026178435792778003
osm,catia_la_mar,t_test,p90,4.6,3,16,186,28565,28770,0.15789473684210525,0.015873015873015872,0.028846153846153848,0.027679205109998925
osm,catia_la_mar,t_test,p90,4.7,3,15,186,28566,28770,0.16666666666666666,0.015873015873015872,0.028985507246376812,0.027874859672523452
osm,catia_la_mar,t_test,p90,4.8,3,14,186,28567,28770,0.17647058823529413,0.015873015873015872,0.029126213592233007,0.02807239087099175
osm,catia_la_mar,t_test,p90,4.9,3,13,186,28568,28770,0.1875,0.015873015873015872,0.029268292682926828,0.028271825835301998
osm,catia_la_mar,t_test,p90,5.0,3,9,186,28572,28770,0.25,0.015873015873015872,0.029850746268656716,0.029089164613274925
osm,catia_la_mar,t_test,p90,5.1,3,9,186,28572,28770,0.25,0.015873015873015872,0.029850746268656716,0.029089164613274925
osm,catia_la_mar,t_test,p90,5.2,2,7,187,28574,28770,0.2222222222222222,0.010582010582010581,0.0202020202020202,0.019616522438385763
osm,catia_la_mar,t_test,p90,5.3,2,6,187,28575,28770,0.25,0.010582010582010581,0.02030456852791878,0.01978157229392262
osm,catia_la_mar,t_test,p90,5.4,2,6,187,28575,28770,0.25,0.010582010582010581,0.02030456852791878,0.01978157229392262
osm,catia_la_mar,t_test,p90,5.5,2,5,187,28576,28770,0.2857142857142857,0.010582010582010581,0.02040816326530612,0.019948284983999972
osm,catia_la_mar,t_test,p90,5.6,2,4,187,28577,28770,0.3333333333333333,0.010582010582010581,0.020512820512820513,0.020116685764783447
osm,catia_la_mar,t_test,p90,5.7,1,2,188,28579,28770,0.3333333333333333,0.005291005291005291,0.010416666666666666,0.010213471439559387
osm,catia_la_mar,t_test,p90,5.8,1,2,188,28579,28770,0.3333333333333333,0.005291005291005291,0.010416666666666666,0.010213471439559387
osm,catia_la_mar,t_test,p90,5.9,1,2,188,28579,28770,0.3333333333333333,0.005291005291005291,0.010416666666666666,0.010213471439559387
osm,catia_la_mar,t_test,p90,6.0,1,1,188,28580,28770,0.5,0.005291005291005291,0.010471204188481674,0.010335048197112022
osm,catia_la_mar,t_test,frac50,0.0,189,28581,0,0,28770,0.006569343065693431,1.0,0.01305293691080493,0.0
osm,catia_la_mar,t_test,frac50,0.1,189,28581,0,0,28770,0.006569343065693431,1.0,0.01305293691080493,0.0
osm,catia_la_mar,t_test,frac50,0.2,189,28581,0,0,28770,0.006569343065693431,1.0,0.01305293691080493,0.0
osm,catia_la_mar,t_test,frac50,0.3,189,28581,0,0,28770,0.006569343065693431,1.0,0.01305293691080493,0.0
osm,catia_la_mar,t_test,frac50,0.4,189,28581,0,0,28770,0.006569343065693431,1.0,0.01305293691080493,0.0
osm,catia_la_mar,t_test,frac50,0.5,189,28581,0,0,28770,0.006569343065693431,1.0,0.01305293691080493,0.0
osm,catia_la_mar,t_test,frac50,0.6,189,28581,0,0,28770,0.006569343065693431,1.0,0.01305293691080493,0.0
osm,catia_la_mar,t_test,frac50,0.7,189,28581,0,0,28770,0.006569343065693431,1.0,0.01305293691080493,0.0
osm,catia_la_mar,t_test,frac50,0.8,189,28581,0,0,28770,0.006569343065693431,1.0,0.01305293691080493,0.0
osm,catia_la_mar,t_test,frac50,0.9,189,28544,0,37,28770,0.006577802526711447,1.0,0.013069635571537239,1.7030658202220346e-05
osm,catia_la_mar,t_test,frac50,1.0,189,28320,0,261,28770,0.006629485425655056,1.0,0.013171649592306085,0.00012107280712487855
osm,catia_la_mar,t_test,frac50,1.1,189,27749,0,832,28770,0.006764979597680579,1.0,0.013439044334625094,0.0003937829207491262
osm,catia_la_mar,t_test,frac50,1.2,189,26666,0,1915,28770,0.007037795568795383,1.0,0.01397722230439284,0.0009426560475884292
osm,catia_la_mar,t_test,frac50,1.3,189,24827,0,3754,28770,0.007555164694595459,1.0,0.01499702439992065,0.0019827137827128174
osm,catia_la_mar,t_test,frac50,1.4,187,22275,2,6306,28770,0.00832517140058766,0.9894179894179894,0.01651141229967772,0.003528326160162846
osm,catia_la_mar,t_test,frac50,1.5,186,19260,3,9321,28770,0.009564949089787103,0.9841269841269841,0.01894576012223071,0.006011769074123778
osm,catia_la_mar,t_test,frac50,1.6,185,16129,4,12452,28770,0.011339953414245433,0.9788359788359788,0.02242016603041871,0.009556066471949641
osm,catia_la_mar,t_test,frac50,1.7,183,13324,6,15257,28770,0.013548530391648776,0.9682539682539683,0.026723130841121497,0.013946463557956697
osm,catia_la_mar,t_test,frac50,1.8,182,10796,7,17785,28770,0.01657861176899253,0.9629629629629629,0.03259604190919674,0.019937242015296303
osm,catia_la_mar,t_test,frac50,1.9,175,8602,14,19979,28770,0.01993847556112567,0.9259259259259259,0.03903635958063797,0.026515669459749182
osm,catia_la_mar,t_test,frac50,2.0,167,6800,22,21781,28770,0.023970144969140232,0.8835978835978836,0.04667411961989939,0.03432147376082231
osm,catia_la_mar,t_test,frac50,2.1,163,5448,26,23133,28770,0.029050080199607912,0.8624338624338624,0.056206896551724145,0.04405633038716892
osm,catia_la_mar,t_test,frac50,2.2,153,4192,36,24389,28770,0.03521288837744534,0.8095238095238095,0.0674900749889722,0.05559912413567139
osm,catia_la_mar,t_test,frac50,2.3,144,3283,45,25298,28770,0.04201925882696236,0.7619047619047619,0.07964601769911504,0.0680413079178145
osm,catia_la_mar,t_test,frac50,2.4,133,2583,56,25998,28770,0.04896907216494845,0.7037037037037037,0.09156626506024096,0.08026839231719947
osm,catia_la_mar,t_test,frac50,2.5,119,2061,70,26520,28770,0.054587155963302755,0.6296296296296297,0.10046433094132545,0.08945541420146164
osm,catia_la_mar,t_test,frac50,2.6,112,1614,77,26967,28770,0.06488991888760139,0.5925925925925926,0.11697127937336814,0.1063891668293169
osm,catia_la_mar,t_test,frac50,2.7,97,1218,92,27363,28770,0.07376425855513308,0.5132275132275133,0.1289893617021277,0.11886724829512743
osm,catia_la_mar,t_test,frac50,2.8,82,945,107,27636,28770,0.0798442064264849,0.43386243386243384,0.13486842105263155,0.12516070446524996
osm,catia_la_mar,t_test,frac50,2.9,73,739,116,27842,28770,0.08990147783251232,0.3862433862433862,0.14585414585414586,0.13665262825832733
osm,catia_la_mar,t_test,frac50,3.0,62,574,127,28007,28770,0.09748427672955975,0.328042328042328,0.15030303030303033,0.14160861349907858
osm,catia_la_mar,t_test,frac50,3.1,53,431,136,28150,28770,0.10950413223140495,0.2804232804232804,0.1575037147102526,0.14946709617233114
osm,catia_la_mar,t_test,frac50,3.2,47,353,142,28228,28770,0.1175,0.24867724867724866,0.1595925297113752,0.15202630887924878
osm,catia_la_mar,t_test,frac50,3.3,41,282,148,28299,28770,0.12693498452012383,0.21693121693121692,0.16015625,0.15313688677536438
osm,catia_la_mar,t_test,frac50,3.4,32,215,157,28366,28770,0.12955465587044535,0.1693121693121693,0.14678899082568808,0.14039070696303205
osm,catia_la_mar,t_test,frac50,3.5,28,173,161,28408,28770,0.13930348258706468,0.14814814814814814,0.14358974358974358,0.13775104488187445
osm,catia_la_mar,t_test,frac50,3.6,25,141,164,28440,28770,0.15060240963855423,0.13227513227513227,0.1408450704225352,0.1355340303954421
osm,catia_la_mar,t_test,frac50,3.7,20,119,169,28462,28770,0.14388489208633093,0.10582010582010581,0.12195121951219512,0.11703494174883126
osm,catia_la_mar,t_test,frac50,3.8,15,93,174,28488,28770,0.1388888888888889,0.07936507936507936,0.10101010101010101,0.09669437406469565
osm,catia_la_mar,t_test,frac50,3.9,13,75,176,28506,28770,0.14772727272727273,0.06878306878306878,0.09386281588447652,0.09006472509035954
osm,catia_la_mar,t_test,frac50,4.0,10,65,179,28516,28770,0.13333333333333333,0.05291005291005291,0.07575757575757576,0.07229484084036224
osm,catia_la_mar,t_test,frac50,4.1,8,57,181,28524,28770,0.12307692307692308,0.042328042328042326,0.06299212598425197,0.05983103140048332
osm,catia_la_mar,t_test,frac50,4.2,7,42,182,28539,28770,0.14285714285714285,0.037037037037037035,0.058823529411764705,0.056270719421378707
osm,catia_la_mar,t_test,frac50,4.3,7,29,182,28552,28770,0.19444444444444445,0.037037037037037035,0.062222222222222213,0.06024668240129821
osm,catia_la_mar,t_test,frac50,4.4,3,19,186,28562,28770,0.13636363636363635,0.015873015873015872,0.028436018957345967,0.027103237562093766
osm,catia_la_mar,t_test,frac50,4.5,2,18,187,28563,28770,0.1,0.010582010582010581,0.019138755980861243,0.017903975941520718
osm,catia_la_mar,t_test,frac50,4.6,2,11,187,28570,28770,0.15384615384615385,0.010582010582010581,0.0198019801980198,0.018972463527028242
osm,catia_la_mar,t_test,frac50,4.7,2,8,187,28573,28770,0.2,0.010582010582010581,0.020100502512562814,0.019453110662499138
osm,catia_la_mar,t_test,frac50,4.8,2,6,187,28575,28770,0.25,0.010582010582010581,0.02030456852791878,0.01978157229392262
osm,catia_la_mar,t_test,frac50,4.9,2,6,187,28575,28770,0.25,0.010582010582010581,0.02030456852791878,0.01978157229392262
osm,catia_la_mar,t_test,frac50,5.0,2,6,187,28575,28770,0.25,0.010582010582010581,0.02030456852791878,0.01978157229392262
osm,catia_la_mar,t_test,frac50,5.1,2,6,187,28575,28770,0.25,0.010582010582010581,0.02030456852791878,0.01978157229392262
osm,catia_la_mar,t_test,frac50,5.2,2,6,187,28575,28770,0.25,0.010582010582010581,0.02030456852791878,0.01978157229392262
osm,catia_la_mar,t_test,frac50,5.3,2,4,187,28577,28770,0.3333333333333333,0.010582010582010581,0.020512820512820513,0.020116685764783447
osm,catia_la_mar,t_test,frac50,5.4,2,4,187,28577,28770,0.3333333333333333,0.010582010582010581,0.020512820512820513,0.020116685764783447
osm,catia_la_mar,t_test,frac50,5.5,2,3,187,28578,28770,0.4,0.010582010582010581,0.020618556701030927,0.020286800406515537
osm,catia_la_mar,t_test,frac50,5.6,2,3,187,28578,28770,0.4,0.010582010582010581,0.020618556701030927,0.020286800406515537
osm,catia_la_mar,t_test,frac50,5.7,1,1,188,28580,28770,0.5,0.005291005291005291,0.010471204188481674,0.010335048197112022
osm,catia_la_mar,t_test,frac50,5.8,1,1,188,28580,28770,0.5,0.005291005291005291,0.010471204188481674,0.010335048197112022
osm,catia_la_mar,t_test,frac50,5.9,1,1,188,28580,28770,0.5,0.005291005291005291,0.010471204188481674,0.010335048197112022
osm,catia_la_mar,t_test,frac50,6.0,1,1,188,28580,28770,0.5,0.005291005291005291,0.010471204188481674,0.010335048197112022
osm,caraballeda,t_test,mean,0.0,161,8406,0,0,8567,0.018793043072253997,1.0,0.03689275893675527,0.0
osm,caraballeda,t_test,mean,0.1,161,8406,0,0,8567,0.018793043072253997,1.0,0.03689275893675527,0.0
osm,caraballeda,t_test,mean,0.2,161,8406,0,0,8567,0.018793043072253997,1.0,0.03689275893675527,0.0
osm,caraballeda,t_test,mean,0.3,161,8406,0,0,8567,0.018793043072253997,1.0,0.03689275893675527,0.0
osm,caraballeda,t_test,mean,0.4,161,8406,0,0,8567,0.018793043072253997,1.0,0.03689275893675527,0.0
osm,caraballeda,t_test,mean,0.5,161,8406,0,0,8567,0.018793043072253997,1.0,0.03689275893675527,0.0
osm,caraballeda,t_test,mean,0.6,161,8406,0,0,8567,0.018793043072253997,1.0,0.03689275893675527,0.0
osm,caraballeda,t_test,mean,0.7,161,8406,0,0,8567,0.018793043072253997,1.0,0.03689275893675527,0.0
osm,caraballeda,t_test,mean,0.8,161,8406,0,0,8567,0.018793043072253997,1.0,0.03689275893675527,0.0
osm,caraballeda,t_test,mean,0.9,161,8406,0,0,8567,0.018793043072253997,1.0,0.03689275893675527,0.0
osm,caraballeda,t_test,mean,1.0,161,8406,0,0,8567,0.018793043072253997,1.0,0.03689275893675527,0.0
osm,caraballeda,t_test,mean,1.1,161,8386,0,20,8567,0.018837018837018837,1.0,0.03697749196141479,8.96320468081455e-05
osm,caraballeda,t_test,mean,1.2,161,8308,0,98,8567,0.01901050891486598,1.0,0.0373117033603708,0.0004431637068865747
osm,caraballeda,t_test,mean,1.3,161,8068,0,338,8567,0.019564953214242314,1.0,0.03837902264600715,0.0015721522486359554
osm,caraballeda,t_test,mean,1.4,161,7582,0,824,8567,0.02079297429936717,1.0,0.040738866396761136,0.004068179853512576
osm,caraballeda,t_test,mean,1.5,160,6948,1,1458,8567,0.022509848058525603,0.9937888198757764,0.044022561562800926,0.007546318399909213
osm,caraballeda,t_test,mean,1.6,159,6076,2,2330,8567,0.02550120288692863,0.9875776397515528,0.04971857410881802,0.013576029580996915
osm,caraballeda,t_test,mean,1.7,157,4994,4,3412,8567,0.030479518540089304,0.9751552795031055,0.05911144578313254,0.023521844667832848
osm,caraballeda,t_test,mean,1.8,154,3969,7,4437,8567,0.03735144312393888,0.9565217391304348,0.0718954248366013,0.03706257200674573
osm,caraballeda,t_test,mean,1.9,148,3034,13,5372,8567,0.046511627906976744,0.9192546583850931,0.08854322464851928,0.05472513964121581
osm,caraballeda,t_test,mean,2.0,139,2206,22,6200,8567,0.059275053304904055,0.8633540372670807,0.11093375897845173,0.07852422335396295
osm,caraballeda,t_test,mean,2.1,131,1610,30,6796,8567,0.0752441125789776,0.8136645962732919,0.1377497371188223,0.10702745523150407
osm,caraballeda,t_test,mean,2.2,119,1185,42,7221,8567,0.09125766871165644,0.7391304347826086,0.16245733788395905,0.1334670759070717
osm,caraballeda,t_test,mean,2.3,109,955,52,7451,8567,0.10244360902255639,0.6770186335403726,0.17795918367346938,0.15021699735627525
osm,caraballeda,t_test,mean,2.4,98,805,63,7601,8567,0.10852713178294573,0.6086956521739131,0.1842105263157895,0.1573304480401318
osm,caraballeda,t_test,mean,2.5,84,678,77,7728,8567,0.11023622047244094,0.5217391304347826,0.1820151679306609,0.1558203581138406
osm,caraballeda,t_test,mean,2.6,76,577,85,7829,8567,0.11638591117917305,0.4720496894409938,0.18673218673218672,0.16144818661736546
osm,caraballeda,t_test,mean,2.7,69,480,92,7926,8567,0.12568306010928962,0.42857142857142855,0.1943661971830986,0.17025117037647045
osm,caraballeda,t_test,mean,2.8,59,398,102,8008,8567,0.12910284463894967,0.36645962732919257,0.19093851132686082,0.16780837619762995
osm,caraballeda,t_test,mean,2.9,52,324,109,8082,8567,0.13829787234042554,0.32298136645962733,0.1936685288640596,0.1718745360714039
osm,caraballeda,t_test,mean,3.0,45,268,116,8138,8567,0.14376996805111822,0.2795031055900621,0.18987341772151897,0.16925473210416728
osm,caraballeda,t_test,mean,3.1,42,225,119,8181,8567,0.15730337078651685,0.2608695652173913,0.19626168224299065,0.17696362333419566
osm,caraballeda,t_test,mean,3.2,38,176,123,8230,8567,0.17757009345794392,0.2360248447204969,0.20266666666666663,0.18518969741869665
osm,caraballeda,t_test,mean,3.3,35,137,126,8269,8567,0.20348837209302326,0.21739130434782608,0.21021021021021022,0.19457379942353983
osm,caraballeda,t_test,mean,3.4,34,116,127,8290,8567,0.22666666666666666,0.2111801242236025,0.21864951768488747,0.20422341121322188
osm,caraballeda,t_test,mean,3.5,33,100,128,8306,8567,0.24812030075187969,0.20496894409937888,0.22448979591836735,0.2110755321761356
osm,caraballeda,t_test,mean,3.6,31,89,130,8317,8567,0.25833333333333336,0.19254658385093168,0.2206405693950178,0.20792700766289632
osm,caraballeda,t_test,mean,3.7,28,77,133,8329,8567,0.26666666666666666,0.17391304347826086,0.2105263157894737,0.19863680015964633
osm,caraballeda,t_test,mean,3.8,27,65,134,8341,8567,0.29347826086956524,0.16770186335403728,0.2134387351778656,0.20253930743694193
osm,caraballeda,t_test,mean,3.9,27,55,134,8351,8567,0.32926829268292684,0.16770186335403728,0.2222222222222222,0.21223065160308416
osm,caraballeda,t_test,mean,4.0,24,45,137,8361,8567,0.34782608695652173,0.14906832298136646,0.20869565217391306,0.19967128496575456
osm,caraballeda,t_test,mean,4.1,18,30,143,8376,8567,0.375,0.11180124223602485,0.1722488038277512,0.16504126369611544
osm,caraballeda,t_test,mean,4.2,15,25,146,8381,8567,0.375,0.09316770186335403,0.14925373134328357,0.14284234799048007
osm,caraballeda,t_test,mean,4.3,14,18,147,8388,8567,0.4375,0.08695652173913043,0.1450777202072539,0.1397165283024391
osm,caraballeda,t_test,mean,4.4,13,16,148,8390,8567,0.4482758620689655,0.08074534161490683,0.13684210526315788,0.1318617491930264
osm,caraballeda,t_test,mean,4.5,12,12,149,8394,8567,0.5,0.07453416149068323,0.12972972972972974,0.12546547068256345
osm,caraballeda,t_test,mean,4.6,9,11,152,8395,8567,0.45,0.055900621118012424,0.09944751381215469,0.09569177826260493
osm,caraballeda,t_test,mean,4.7,7,8,154,8398,8567,0.4666666666666667,0.043478260869565216,0.07954545454545454,0.07658743201757426
osm,caraballeda,t_test,mean,4.8,5,6,156,8400,8567,0.45454545454545453,0.031055900621118012,0.05813953488372093,0.05587007187843207
osm,caraballeda,t_test,mean,4.9,5,5,156,8401,8567,0.5,0.031055900621118012,0.058479532163742694,0.05640549565346263
osm,caraballeda,t_test,mean,5.0,4,4,157,8402,8567,0.5,0.024844720496894408,0.04733727810650887,0.0456392575109997
osm,caraballeda,t_test,mean,5.1,4,3,157,8403,8567,0.5714285714285714,0.024844720496894408,0.047619047619047616,0.04612519676382647
osm,caraballeda,t_test,mean,5.2,4,3,157,8403,8567,0.5714285714285714,0.024844720496894408,0.047619047619047616,0.04612519676382647
osm,caraballeda,t_test,mean,5.3,2,3,159,8403,8567,0.4,0.012422360248447204,0.024096385542168672,0.022990302088255195
osm,caraballeda,t_test,mean,5.4,1,3,160,8403,8567,0.25,0.006211180124223602,0.01212121212121212,0.011220257925730176
osm,caraballeda,t_test,mean,5.5,1,3,160,8403,8567,0.25,0.006211180124223602,0.01212121212121212,0.011220257925730176
osm,caraballeda,t_test,mean,5.6,1,2,160,8404,8567,0.3333333333333333,0.006211180124223602,0.012195121951219511,0.011515489073534162
osm,caraballeda,t_test,mean,5.7,0,1,161,8405,8567,0.0,0.0,nan,-0.00023206671990589326
osm,caraballeda,t_test,mean,5.8,0,0,161,8406,8567,nan,0.0,nan,0.0
osm,caraballeda,t_test,mean,5.9,0,0,161,8406,8567,nan,0.0,nan,0.0
osm,caraballeda,t_test,mean,6.0,0,0,161,8406,8567,nan,0.0,nan,0.0
osm,caraballeda,t_test,max,0.0,161,8406,0,0,8567,0.018793043072253997,1.0,0.03689275893675527,0.0
osm,caraballeda,t_test,max,0.1,161,8406,0,0,8567,0.018793043072253997,1.0,0.03689275893675527,0.0
osm,caraballeda,t_test,max,0.2,161,8406,0,0,8567,0.018793043072253997,1.0,0.03689275893675527,0.0
osm,caraballeda,t_test,max,0.3,161,8406,0,0,8567,0.018793043072253997,1.0,0.03689275893675527,0.0
osm,caraballeda,t_test,max,0.4,161,8406,0,0,8567,0.018793043072253997,1.0,0.03689275893675527,0.0
osm,caraballeda,t_test,max,0.5,161,8406,0,0,8567,0.018793043072253997,1.0,0.03689275893675527,0.0
osm,caraballeda,t_test,max,0.6,161,8406,0,0,8567,0.018793043072253997,1.0,0.03689275893675527,0.0
osm,caraballeda,t_test,max,0.7,161,8406,0,0,8567,0.018793043072253997,1.0,0.03689275893675527,0.0
osm,caraballeda,t_test,max,0.8,161,8406,0,0,8567,0.018793043072253997,1.0,0.03689275893675527,0.0
osm,caraballeda,t_test,max,0.9,161,8406,0,0,8567,0.018793043072253997,1.0,0.03689275893675527,0.0
osm,caraballeda,t_test,max,1.0,161,8406,0,0,8567,0.018793043072253997,1.0,0.03689275893675527,0.0
osm,caraballeda,t_test,max,1.1,161,8396,0,10,8567,0.0188150052588524,1.0,0.0369350768524891,4.476465414046966e-05
osm,caraballeda,t_test,max,1.2,161,8331,0,75,8567,0.018959020254357042,1.0,0.03721252744712816,0.00033825506356273676
osm,caraballeda,t_test,max,1.3,161,8149,0,257,8567,0.01937424789410349,1.0,0.03801204108133632,0.0011839719493332607
osm,caraballeda,t_test,max,1.4,161,7770,0,636,8567,0.02030008826125331,1.0,0.039792387543252594,0.003067108407437269
osm,caraballeda,t_test,max,1.5,161,7223,0,1183,8567,0.021803900325027086,1.0,0.04267726971504308,0.006118274246600638
osm,caraballeda,t_test,max,1.6,159,6462,2,1944,8567,0.02401449932034436,0.9875776397515528,0.0468888233559422,0.010583348424904515
osm,caraballeda,t_test,max,1.7,158,5474,3,2932,8567,0.028053977272727272,0.9813664596273292,0.05454859312963922,0.018690068521620903
osm,caraballeda,t_test,max,1.8,158,4539,3,3867,8567,0.033638492654886096,0.9813664596273292,0.06504734458624947,0.029789469180362186
osm,caraballeda,t_test,max,1.9,153,3620,8,4786,8567,0.040551285449244634,0.9503105590062112,0.07778342653787494,0.04329630020889162
osm,caraballeda,t_test,max,2.0,149,2789,12,5617,8567,0.050714771953710006,0.9254658385093167,0.09616005162955793,0.06276311025966937
osm,caraballeda,t_test,max,2.1,146,2087,15,6319,8567,0.06538289296909987,0.906832298136646,0.1219715956558062,0.09007096986352796
osm,caraballeda,t_test,max,2.2,138,1560,23,6846,8567,0.0812720848056537,0.8571428571428571,0.14846691769768694,0.11819369897076536
osm,caraballeda,t_test,max,2.3,129,1235,32,7171,8567,0.09457478005865103,0.8012422360248447,0.16918032786885245,0.14027821703545734
osm,caraballeda,t_test,max,2.4,125,1022,36,7384,8567,0.10897994768962511,0.7763975155279503,0.19113149847094799,0.16356280952671806
osm,caraballeda,t_test,max,2.5,109,857,52,7549,8567,0.11283643892339544,0.6770186335403726,0.19343389529724933,0.16658402858660476
osm,caraballeda,t_test,max,2.6,99,729,62,7677,8567,0.11956521739130435,0.6149068322981367,0.2002022244691608,0.1742169619920294
osm,caraballeda,t_test,max,2.7,91,646,70,7760,8567,0.12347354138398914,0.5652173913043478,0.20267260579064586,0.17729429178583486
osm,caraballeda,t_test,max,2.8,83,555,78,7851,8567,0.13009404388714735,0.515527950310559,0.20775969962453064,0.18324696513960276
osm,caraballeda,t_test,max,2.9,74,480,87,7926,8567,0.13357400722021662,0.45962732919254656,0.206993006993007,0.1832057988063607
osm,caraballeda,t_test,max,3.0,67,412,94,7994,8567,0.13987473903966596,0.4161490683229814,0.209375,0.18649029152267943
osm,caraballeda,t_test,max,3.1,61,324,100,8082,8567,0.15844155844155844,0.37888198757763975,0.22344322344322345,0.2023018210598526
osm,caraballeda,t_test,max,3.2,58,272,103,8134,8567,0.17575757575757575,0.36024844720496896,0.23625254582484723,0.2164591085614948
osm,caraballeda,t_test,max,3.3,51,221,110,8185,8567,0.1875,0.3167701863354037,0.23556581986143182,0.21708057616843013
osm,caraballeda,t_test,max,3.4,45,188,116,8218,8567,0.19313304721030042,0.2795031055900621,0.22842639593908626,0.21088653036688038
osm,caraballeda,t_test,max,3.5,43,158,118,8248,8567,0.21393034825870647,0.2670807453416149,0.23756906077348067,0.22131826702303822
osm,caraballeda,t_test,max,3.6,43,144,118,8262,8567,0.22994652406417113,0.2670807453416149,0.24712643678160923,0.23160711265817016
osm,caraballeda,t_test,max,3.7,39,127,122,8279,8567,0.23493975903614459,0.2422360248447205,0.23853211009174313,0.22372038572656
osm,caraballeda,t_test,max,3.8,36,114,125,8292,8567,0.24,0.2236024844720497,0.23151125401929262,0.2173226143208222
osm,caraballeda,t_test,max,3.9,35,104,126,8302,8567,0.2517985611510791,0.21739130434782608,0.23333333333333336,0.21974528598502793
osm,caraballeda,t_test,max,4.0,31,82,130,8324,8567,0.2743362831858407,0.19254658385093168,0.22627737226277372,0.21409519457613543
osm,caraballeda,t_test,max,4.1,31,69,130,8337,8567,0.31,0.19254658385093168,0.23754789272030652,0.22640754301572485
osm,caraballeda,t_test,max,4.2,29,63,132,8343,8567,0.31521739130434784,0.18012422360248448,0.22924901185770752,0.21856866809147835
osm,caraballeda,t_test,max,4.3,24,54,137,8352,8567,0.3076923076923077,0.14906832298136646,0.200836820083682,0.19091207117099004
osm,caraballeda,t_test,max,4.4,21,38,140,8368,8567,0.3559322033898305,0.13043478260869565,0.19090909090909092,0.18267048713059067
osm,caraballeda,t_test,max,4.5,17,29,144,8377,8567,0.3695652173913043,0.10559006211180125,0.16425120772946863,0.15721185039780186
osm,caraballeda,t_test,max,4.6,15,21,146,8385,8567,0.4166666666666667,0.09316770186335403,0.15228426395939085,0.1464214396813608
osm,caraballeda,t_test,max,4.7,13,17,148,8389,8567,0.43333333333333335,0.08074534161490683,0.13612565445026178,0.13099542184273233
osm,caraballeda,t_test,max,4.8,12,13,149,8393,8567,0.48,0.07453416149068323,0.12903225806451613,0.12460988058624681
osm,caraballeda,t_test,max,4.9,10,10,151,8396,8567,0.5,0.062111801242236024,0.11049723756906077,0.10678758466428992
osm,caraballeda,t_test,max,5.0,9,6,152,8400,8567,0.6,0.055900621118012424,0.10227272727272727,0.09938774233813166
osm,caraballeda,t_test,max,5.1,8,6,153,8400,8567,0.5714285714285714,0.049689440993788817,0.09142857142857143,0.0886883604053532
osm,caraballeda,t_test,max,5.2,8,4,153,8402,8567,0.6666666666666666,0.049689440993788817,0.09248554913294797,0.09011335877372116
osm,caraballeda,t_test,max,5.3,6,3,155,8403,8567,0.6666666666666666,0.037267080745341616,0.07058823529411765,0.06873515643705036
osm,caraballeda,t_test,max,5.4,6,3,155,8403,8567,0.6666666666666666,0.037267080745341616,0.07058823529411765,0.06873515643705036
osm,caraballeda,t_test,max,5.5,6,3,155,8403,8567,0.6666666666666666,0.037267080745341616,0.07058823529411765,0.06873515643705036
osm,caraballeda,t_test,max,5.6,5,3,156,8403,8567,0.625,0.031055900621118012,0.05917159763313609,0.05749467046117834
osm,caraballeda,t_test,max,5.7,4,3,157,8403,8567,0.5714285714285714,0.024844720496894408,0.047619047619047616,0.04612519676382647
osm,caraballeda,t_test,max,5.8,2,2,159,8404,8567,0.5,0.012422360248447204,0.02424242424242424,0.023352524699646677
osm,caraballeda,t_test,max,5.9,1,2,160,8404,8567,0.3333333333333333,0.006211180124223602,0.012195121951219511,0.011515489073534162
osm,caraballeda,t_test,max,6.0,0,2,161,8404,8567,0.0,0.0,nan,-0.00046139175526794466
osm,caraballeda,t_test,p75,0.0,161,8406,0,0,8567,0.018793043072253997,1.0,0.03689275893675527,0.0
osm,caraballeda,t_test,p75,0.1,161,8406,0,0,8567,0.018793043072253997,1.0,0.03689275893675527,0.0
osm,caraballeda,t_test,p75,0.2,161,8406,0,0,8567,0.018793043072253997,1.0,0.03689275893675527,0.0
osm,caraballeda,t_test,p75,0.3,161,8406,0,0,8567,0.018793043072253997,1.0,0.03689275893675527,0.0
osm,caraballeda,t_test,p75,0.4,161,8406,0,0,8567,0.018793043072253997,1.0,0.03689275893675527,0.0
osm,caraballeda,t_test,p75,0.5,161,8406,0,0,8567,0.018793043072253997,1.0,0.03689275893675527,0.0
osm,caraballeda,t_test,p75,0.6,161,8406,0,0,8567,0.018793043072253997,1.0,0.03689275893675527,0.0
osm,caraballeda,t_test,p75,0.7,161,8406,0,0,8567,0.018793043072253997,1.0,0.03689275893675527,0.0
osm,caraballeda,t_test,p75,0.8,161,8406,0,0,8567,0.018793043072253997,1.0,0.03689275893675527,0.0
osm,caraballeda,t_test,p75,0.9,161,8406,0,0,8567,0.018793043072253997,1.0,0.03689275893675527,0.0
osm,caraballeda,t_test,p75,1.0,161,8406,0,0,8567,0.018793043072253997,1.0,0.03689275893675527,0.0
osm,caraballeda,t_test,p75,1.1,161,8392,0,14,8567,0.018823804513036363,1.0,0.03695203121413817,6.269926279131183e-05
osm,caraballeda,t_test,p75,1.2,161,8323,0,83,8567,0.018976897689768978,1.0,0.03724696356275303,0.0003746817584841956
osm,caraballeda,t_test,p75,1.3,161,8108,0,298,8567,0.019470310799371147,1.0,0.03819691577698695,0.0013795266490919005
osm,caraballeda,t_test,p75,1.4,161,7691,0,715,8567,0.020504330106979114,1.0,0.04018469986272307,0.003482053660590004
osm,caraballeda,t_test,p75,1.5,160,7091,1,1315,8567,0.022065921941801132,0.9937888198757764,0.04317323259579061,0.006648019247730631
osm,caraballeda,t_test,p75,1.6,159,6268,2,2138,8567,0.024739380737513614,0.9875776397515528,0.0482695810564663,0.012043648708434393
osm,caraballeda,t_test,p75,1.7,158,5241,3,3165,8567,0.029264678644193368,0.9813664596273292,0.056834532374100716,0.021107184239732093
osm,caraballeda,t_test,p75,1.8,155,4240,6,4166,8567,0.03526734926052332,0.9627329192546584,0.06804214223002635,0.032980060485863674
osm,caraballeda,t_test,p75,1.9,152,3333,9,5073,8567,0.0436154949784792,0.9440993788819876,0.08337904552934723,0.04922101707721214
osm,caraballeda,t_test,p75,2.0,147,2483,14,5923,8567,0.055893536121673006,0.9130434782608695,0.1053385883195987,0.0724880468765617
osm,caraballeda,t_test,p75,2.1,139,1829,22,6577,8567,0.07063008130081301,0.8633540372670807,0.13057773602630343,0.09928347743740909
osm,caraballeda,t_test,p75,2.2,130,1358,31,7048,8567,0.08736559139784947,0.8074534161490683,0.15767131594906006,0.12809961893623256
osm,caraballeda,t_test,p75,2.3,118,1087,43,7319,8567,0.0979253112033195,0.7329192546583851,0.17276720351390923,0.14439880394311339
osm,caraballeda,t_test,p75,2.4,110,904,51,7502,8567,0.10848126232741617,0.6832298136645962,0.18723404255319148,0.15998740004458056
osm,caraballeda,t_test,p75,2.5,93,757,68,7649,8567,0.10941176470588235,0.577639751552795,0.1839762611275964,0.15734797950816867
osm,caraballeda,t_test,p75,2.6,85,647,76,7759,8567,0.11612021857923498,0.5279503105590062,0.19036954087346025,0.16463215209612012
osm,caraballeda,t_test,p75,2.7,80,561,81,7845,8567,0.12480499219968799,0.4968944099378882,0.19950124688279305,0.17470888305084584
osm,caraballeda,t_test,p75,2.8,69,478,92,7928,8567,0.12614259597806216,0.42857142857142855,0.19491525423728814,0.17083722315479888
osm,caraballeda,t_test,p75,2.9,62,392,99,8014,8567,0.13656387665198239,0.38509316770186336,0.20162601626016263,0.1788417686071121
osm,caraballeda,t_test,p75,3.0,55,325,106,8081,8567,0.14473684210526316,0.3416149068322981,0.2033271719038817,0.1817242182463519
osm,caraballeda,t_test,p75,3.1,52,264,109,8142,8567,0.16455696202531644,0.32298136645962733,0.2180293501048218,0.19806123762675948
osm,caraballeda,t_test,p75,3.2,46,217,115,8189,8567,0.17490494296577946,0.2857142857142857,0.21698113207547168,0.19829005767644836
osm,caraballeda,t_test,p75,3.3,41,176,120,8230,8567,0.1889400921658986,0.2546583850931677,0.2169312169312169,0.19966216941269693
osm,caraballeda,t_test,p75,3.4,37,149,124,8257,8567,0.1989247311827957,0.22981366459627328,0.2132564841498559,0.19708004890044697
osm,caraballeda,t_test,p75,3.5,36,125,125,8281,8567,0.2236024844720497,0.2236024844720497,0.2236024844720497,0.2087321537558947
osm,caraballeda,t_test,p75,3.6,33,106,128,8300,8567,0.23741007194244604,0.20496894409937888,0.22,0.20617563878476855
osm,caraballeda,t_test,p75,3.7,33,96,128,8310,8567,0.2558139534883721,0.20496894409937888,0.22758620689655173,0.21445237857424806
osm,caraballeda,t_test,p75,3.8,32,83,129,8323,8567,0.2782608695652174,0.19875776397515527,0.2318840579710145,0.21966330707010162
osm,caraballeda,t_test,p75,3.9,28,67,133,8339,8567,0.29473684210526313,0.17391304347826086,0.21874999999999997,0.2076990162594167
osm,caraballeda,t_test,p75,4.0,27,60,134,8346,8567,0.3103448275862069,0.16770186335403728,0.21774193548387097,0.20728970019107468
osm,caraballeda,t_test,p75,4.1,26,49,135,8357,8567,0.3466666666666667,0.16149068322981366,0.22033898305084745,0.21091355794924896
osm,caraballeda,t_test,p75,4.2,20,42,141,8364,8567,0.3225806451612903,0.12422360248447205,0.17937219730941703,0.17070612337521512
osm,caraballeda,t_test,p75,4.3,19,33,142,8373,8567,0.36538461538461536,0.11801242236024845,0.1784037558685446,0.17079501578239512
osm,caraballeda,t_test,p75,4.4,15,22,146,8384,8567,0.40540540540540543,0.09316770186335403,0.15151515151515152,0.14551352686374514
osm,caraballeda,t_test,p75,4.5,14,17,147,8389,8567,0.45161290322580644,0.08695652173913043,0.14583333333333334,0.1406180996548935
osm,caraballeda,t_test,p75,4.6,12,14,149,8392,8567,0.46153846153846156,0.07453416149068323,0.1283422459893048,0.12376314351205993
osm,caraballeda,t_test,p75,4.7,9,12,152,8394,8567,0.42857142857142855,0.055900621118012424,0.0989010989010989,0.0949761406618827
osm,caraballeda,t_test,p75,4.8,7,10,154,8396,8567,0.4117647058823529,0.043478260869565216,0.07865168539325844,0.07533242247863332
osm,caraballeda,t_test,p75,4.9,7,6,154,8400,8567,0.5384615384615384,0.043478260869565216,0.08045977011494253,0.07787028615407067
osm,caraballeda,t_test,p75,5.0,7,5,154,8401,8567,0.5833333333333334,0.043478260869565216,0.08092485549132948,0.07852244614663564
osm,caraballeda,t_test,p75,5.1,7,3,154,8403,8567,0.7,0.043478260869565216,0.08187134502923976,0.07984883737636174
osm,caraballeda,t_test,p75,5.2,5,3,156,8403,8567,0.625,0.031055900621118012,0.05917159763313609,0.05749467046117834
osm,caraballeda,t_test,p75,5.3,5,3,156,8403,8567,0.625,0.031055900621118012,0.05917159763313609,0.05749467046117834
osm,caraballeda,t_test,p75,5.4,4,3,157,8403,8567,0.5714285714285714,0.024844720496894408,0.047619047619047616,0.04612519676382647
osm,caraballeda,t_test,p75,5.5,3,3,158,8403,8567,0.5,0.018633540372670808,0.03592814371257485,0.03462450227715546
osm,caraballeda,t_test,p75,5.6,3,3,158,8403,8567,0.5,0.018633540372670808,0.03592814371257485,0.03462450227715546
osm,caraballeda,t_test,p75,5.7,2,2,159,8404,8567,0.5,0.012422360248447204,0.02424242424242424,0.023352524699646677
osm,caraballeda,t_test,p75,5.8,1,2,160,8404,8567,0.3333333333333333,0.006211180124223602,0.012195121951219511,0.011515489073534162
osm,caraballeda,t_test,p75,5.9,0,2,161,8404,8567,0.0,0.0,nan,-0.00046139175526794466
osm,caraballeda,t_test,p75,6.0,0,2,161,8404,8567,0.0,0.0,nan,-0.00046139175526794466
osm,caraballeda,t_test,p90,0.0,161,8406,0,0,8567,0.018793043072253997,1.0,0.03689275893675527,0.0
osm,caraballeda,t_test,p90,0.1,161,8406,0,0,8567,0.018793043072253997,1.0,0.03689275893675527,0.0
osm,caraballeda,t_test,p90,0.2,161,8406,0,0,8567,0.018793043072253997,1.0,0.03689275893675527,0.0
osm,caraballeda,t_test,p90,0.3,161,8406,0,0,8567,0.018793043072253997,1.0,0.03689275893675527,0.0
osm,caraballeda,t_test,p90,0.4,161,8406,0,0,8567,0.018793043072253997,1.0,0.03689275893675527,0.0
osm,caraballeda,t_test,p90,0.5,161,8406,0,0,8567,0.018793043072253997,1.0,0.03689275893675527,0.0
osm,caraballeda,t_test,p90,0.6,161,8406,0,0,8567,0.018793043072253997,1.0,0.03689275893675527,0.0
osm,caraballeda,t_test,p90,0.7,161,8406,0,0,8567,0.018793043072253997,1.0,0.03689275893675527,0.0
osm,caraballeda,t_test,p90,0.8,161,8406,0,0,8567,0.018793043072253997,1.0,0.03689275893675527,0.0
osm,caraballeda,t_test,p90,0.9,161,8406,0,0,8567,0.018793043072253997,1.0,0.03689275893675527,0.0
osm,caraballeda,t_test,p90,1.0,161,8406,0,0,8567,0.018793043072253997,1.0,0.03689275893675527,0.0
osm,caraballeda,t_test,p90,1.1,161,8396,0,10,8567,0.0188150052588524,1.0,0.0369350768524891,4.476465414046966e-05
osm,caraballeda,t_test,p90,1.2,161,8329,0,77,8567,0.018963486454652533,1.0,0.03722113050514391,0.0003473554258426383
osm,caraballeda,t_test,p90,1.3,161,8126,0,280,8567,0.019428019790032582,1.0,0.03811553030303031,0.001293439801294579
osm,caraballeda,t_test,p90,1.4,161,7746,0,660,8567,0.02036170481851524,1.0,0.03991075855230541,0.0031923090407507478
osm,caraballeda,t_test,p90,1.5,161,7170,0,1236,8567,0.0219615332151139,1.0,0.04297917778964228,0.006437564350652904
osm,caraballeda,t_test,p90,1.6,159,6383,2,2023,8567,0.02430449403852033,0.9875776397515528,0.04744144412949425,0.0111678140944777
osm,caraballeda,t_test,p90,1.7,158,5381,3,3025,8567,0.02852500451345008,0.9813664596273292,0.05543859649122807,0.01963116999957204
osm,caraballeda,t_test,p90,1.8,156,4428,5,3978,8567,0.034031413612565446,0.968944099378882,0.06575342465753424,0.0305520188749956
osm,caraballeda,t_test,p90,1.9,153,3517,8,4889,8567,0.04168937329700272,0.9503105590062112,0.07987470634299138,0.045506735999632286
osm,caraballeda,t_test,p90,2.0,149,2671,12,5735,8567,0.05283687943262411,0.9254658385093167,0.09996645420999664,0.06678495782431501
osm,caraballeda,t_test,p90,2.1,142,1981,19,6425,8567,0.06688648139425342,0.8819875776397516,0.1243432574430823,0.09264327196627811
osm,caraballeda,t_test,p90,2.2,134,1472,27,6934,8567,0.08343711083437111,0.8322981366459627,0.15166949632144877,0.12166428865482201
osm,caraballeda,t_test,p90,2.3,128,1167,33,7239,8567,0.09884169884169884,0.7950310559006211,0.1758241758241758,0.1473191113685646
osm,caraballeda,t_test,p90,2.4,119,961,42,7445,8567,0.11018518518518519,0.7391304347826086,0.19178082191780824,0.16445007612394089
osm,caraballeda,t_test,p90,2.5,101,821,60,7585,8567,0.10954446854663774,0.6273291925465838,0.18651892890120036,0.15962829816181118
osm,caraballeda,t_test,p90,2.6,95,703,66,7703,8567,0.11904761904761904,0.5900621118012422,0.19812304483837329,0.17223381875426738
osm,caraballeda,t_test,p90,2.7,84,606,77,7800,8567,0.12173913043478261,0.5217391304347826,0.1974148061104583,0.17218703635664323
osm,caraballeda,t_test,p90,2.8,78,527,83,7879,8567,0.12892561983471074,0.484472049689441,0.20365535248041775,0.17929169195126796
osm,caraballeda,t_test,p90,2.9,68,447,93,7959,8567,0.13203883495145632,0.422360248447205,0.20118343195266275,0.17763554353402478
osm,caraballeda,t_test,p90,3.0,61,373,100,8033,8567,0.14055299539170507,0.37888198757763975,0.2050420168067227,0.18263330951140533
osm,caraballeda,t_test,p90,3.1,54,290,107,8116,8567,0.1569767441860465,0.33540372670807456,0.21386138613861388,0.1932048523958938
osm,caraballeda,t_test,p90,3.2,52,247,109,8159,8567,0.17391304347826086,0.32298136645962733,0.22608695652173913,0.20670602636152766
osm,caraballeda,t_test,p90,3.3,47,204,114,8202,8567,0.18725099601593626,0.2919254658385093,0.22815533980582522,0.21006720633545617
osm,caraballeda,t_test,p90,3.4,44,172,117,8234,8567,0.2037037037037037,0.2732919254658385,0.23342175066312998,0.2165503715421167
osm,caraballeda,t_test,p90,3.5,40,147,121,8259,8567,0.21390374331550802,0.2484472049689441,0.22988505747126436,0.21401032897858477
osm,caraballeda,t_test,p90,3.6,38,124,123,8282,8567,0.2345679012345679,0.2360248447204969,0.23529411764705882,0.22060150049153365
osm,caraballeda,t_test,p90,3.7,36,112,125,8294,8567,0.24324324324324326,0.2236024844720497,0.23300970873786409,0.2189489168689804
osm,caraballeda,t_test,p90,3.8,34,100,127,8306,8567,0.2537313432835821,0.2111801242236025,0.23050847457627122,0.21714275132773592
osm,caraballeda,t_test,p90,3.9,32,87,129,8319,8567,0.2689075630252101,0.19875776397515527,0.22857142857142854,0.21604851972639233
osm,caraballeda,t_test,p90,4.0,30,67,131,8339,8567,0.30927835051546393,0.18633540372670807,0.23255813953488372,0.22155781504985408
osm,caraballeda,t_test,p90,4.1,29,61,132,8345,8567,0.32222222222222224,0.18012422360248448,0.2310756972111554,0.2205712717969882
osm,caraballeda,t_test,p90,4.2,24,52,137,8354,8567,0.3157894736842105,0.14906832298136646,0.20253164556962025,0.1928025576459944
osm,caraballeda,t_test,p90,4.3,21,43,140,8363,8567,0.328125,0.13043478260869565,0.18666666666666665,0.17787722598241687
osm,caraballeda,t_test,p90,4.4,18,31,143,8375,8567,0.3673469387755102,0.11180124223602485,0.17142857142857143,0.16409763516013923
osm,caraballeda,t_test,p90,4.5,16,24,145,8382,8567,0.4,0.09937888198757763,0.15920398009950248,0.15286758368649714
osm,caraballeda,t_test,p90,4.6,15,17,146,8389,8567,0.46875,0.09316770186335403,0.15544041450777202,0.15014420674725726
osm,caraballeda,t_test,p90,4.7,12,14,149,8392,8567,0.46153846153846156,0.07453416149068323,0.1283422459893048,0.12376314351205993
osm,caraballeda,t_test,p90,4.8,11,12,150,8394,8567,0.4782608695652174,0.06832298136645963,0.11956521739130434,0.11540917904140384
osm,caraballeda,t_test,p90,4.9,9,7,152,8399,8567,0.5625,0.055900621118012424,0.1016949152542373,0.09863241766349619
osm,caraballeda,t_test,p90,5.0,8,6,153,8400,8567,0.5714285714285714,0.049689440993788817,0.09142857142857143,0.0886883604053532
osm,caraballeda,t_test,p90,5.1,8,5,153,8401,8567,0.6153846153846154,0.049689440993788817,0.09195402298850575,0.08939690757714396
osm,caraballeda,t_test,p90,5.2,6,3,155,8403,8567,0.6666666666666666,0.037267080745341616,0.07058823529411765,0.06873515643705036
osm,caraballeda,t_test,p90,5.3,5,3,156,8403,8567,0.625,0.031055900621118012,0.05917159763313609,0.05749467046117834
osm,caraballeda,t_test,p90,5.4,5,3,156,8403,8567,0.625,0.031055900621118012,0.05917159763313609,0.05749467046117834
osm,caraballeda,t_test,p90,5.5,4,3,157,8403,8567,0.5714285714285714,0.024844720496894408,0.047619047619047616,0.04612519676382647
osm,caraballeda,t_test,p90,5.6,4,3,157,8403,8567,0.5714285714285714,0.024844720496894408,0.047619047619047616,0.04612519676382647
osm,caraballeda,t_test,p90,5.7,4,2,157,8404,8567,0.6666666666666666,0.024844720496894408,0.04790419161676646,0.04661674448489744
osm,caraballeda,t_test,p90,5.8,1,2,160,8404,8567,0.3333333333333333,0.006211180124223602,0.012195121951219511,0.011515489073534162
osm,caraballeda,t_test,p90,5.9,0,2,161,8404,8567,0.0,0.0,nan,-0.00046139175526794466
osm,caraballeda,t_test,p90,6.0,0,2,161,8404,8567,0.0,0.0,nan,-0.00046139175526794466
osm,caraballeda,t_test,frac50,0.0,161,8406,0,0,8567,0.018793043072253997,1.0,0.03689275893675527,0.0
osm,caraballeda,t_test,frac50,0.1,161,8406,0,0,8567,0.018793043072253997,1.0,0.03689275893675527,0.0
osm,caraballeda,t_test,frac50,0.2,161,8406,0,0,8567,0.018793043072253997,1.0,0.03689275893675527,0.0
osm,caraballeda,t_test,frac50,0.3,161,8406,0,0,8567,0.018793043072253997,1.0,0.03689275893675527,0.0
osm,caraballeda,t_test,frac50,0.4,161,8406,0,0,8567,0.018793043072253997,1.0,0.03689275893675527,0.0
osm,caraballeda,t_test,frac50,0.5,161,8406,0,0,8567,0.018793043072253997,1.0,0.03689275893675527,0.0
osm,caraballeda,t_test,frac50,0.6,161,8406,0,0,8567,0.018793043072253997,1.0,0.03689275893675527,0.0
osm,caraballeda,t_test,frac50,0.7,161,8406,0,0,8567,0.018793043072253997,1.0,0.03689275893675527,0.0
osm,caraballeda,t_test,frac50,0.8,161,8406,0,0,8567,0.018793043072253997,1.0,0.03689275893675527,0.0
osm,caraballeda,t_test,frac50,0.9,161,8406,0,0,8567,0.018793043072253997,1.0,0.03689275893675527,0.0
osm,caraballeda,t_test,frac50,1.0,161,8406,0,0,8567,0.018793043072253997,1.0,0.03689275893675527,0.0
osm,caraballeda,t_test,frac50,1.1,161,8392,0,14,8567,0.018823804513036363,1.0,0.03695203121413817,6.269926279131183e-05
osm,caraballeda,t_test,frac50,1.2,161,8322,0,84,8567,0.018979134740068373,1.0,0.037251272559000466,0.000379239832767636
osm,caraballeda,t_test,frac50,1.3,161,8120,0,286,8567,0.01944209636517329,1.0,0.03814262023217247,0.001322094657797003
osm,caraballeda,t_test,frac50,1.4,160,7686,1,720,8567,0.02039255671679837,0.9937888198757764,0.03996503059822656,0.00325457002837181
osm,caraballeda,t_test,frac50,1.5,160,7096,1,1310,8567,0.022050716648291068,0.9937888198757764,0.04314412835378185,0.006617236397015729
osm,caraballeda,t_test,frac50,1.6,159,6266,2,2140,8567,0.024747081712062257,0.9875776397515528,0.04828423929547525,0.012059150950817978
osm,caraballeda,t_test,frac50,1.7,157,5213,4,3193,8567,0.029236499068901304,0.9751552795031055,0.056770927499548,0.021046968042032325
osm,caraballeda,t_test,frac50,1.8,155,4254,6,4152,8567,0.03515536402812429,0.9627329192546584,0.06783369803063456,0.032759690499384354
osm,caraballeda,t_test,frac50,1.9,150,3317,11,5089,8567,0.04326507066628209,0.9316770186335404,0.08269018743109151,0.048514615630083795
osm,caraballeda,t_test,frac50,2.0,143,2483,18,5923,8567,0.054455445544554455,0.8881987577639752,0.10261930391101542,0.06967191600309108
osm,caraballeda,t_test,frac50,2.1,130,1805,31,6601,8567,0.06718346253229975,0.8074534161490683,0.12404580152671756,0.09255850076863367
osm,caraballeda,t_test,frac50,2.2,123,1347,38,7059,8567,0.0836734693877551,0.7639751552795031,0.15082771305947273,0.12105260389748189
osm,caraballeda,t_test,frac50,2.3,111,1063,50,7343,8567,0.09454855195911414,0.6894409937888198,0.1662921348314607,0.13779342045880297
osm,caraballeda,t_test,frac50,2.4,105,884,56,7522,8567,0.10616784630940344,0.6521739130434783,0.1826086956521739,0.15530473718615254
osm,caraballeda,t_test,frac50,2.5,90,737,71,7669,8567,0.10882708585247884,0.5590062111801242,0.18218623481781376,0.15562103572353103
osm,caraballeda,t_test,frac50,2.6,82,617,79,7789,8567,0.11731044349070101,0.5093167701863354,0.19069767441860466,0.1651946883896521
osm,caraballeda,t_test,frac50,2.7,76,537,85,7869,8567,0.12398042414355628,0.4720496894409938,0.19638242894056848,0.17172655760373273
osm,caraballeda,t_test,frac50,2.8,61,446,100,7960,8567,0.1203155818540434,0.37888198757763975,0.18263473053892218,0.15863291352355025
osm,caraballeda,t_test,frac50,2.9,54,377,107,8029,8567,0.12529002320185614,0.33540372670807456,0.1824324324324324,0.15943093712762701
osm,caraballeda,t_test,frac50,3.0,48,314,113,8092,8567,0.13259668508287292,0.2981366459627329,0.18355640535372847,0.16174879015173588
osm,caraballeda,t_test,frac50,3.1,43,252,118,8154,8567,0.14576271186440679,0.2670807453416149,0.1885964912280702,0.1683750651307796
osm,caraballeda,t_test,frac50,3.2,41,210,120,8196,8567,0.16334661354581673,0.2546583850931677,0.1990291262135922,0.1802584216688695
osm,caraballeda,t_test,frac50,3.3,38,169,123,8237,8567,0.18357487922705315,0.2360248447204969,0.20652173913043478,0.18938354544164396
osm,caraballeda,t_test,frac50,3.4,35,140,126,8266,8567,0.2,0.21739130434782608,0.20833333333333331,0.19252615547938215
osm,caraballeda,t_test,frac50,3.5,34,115,127,8291,8567,0.22818791946308725,0.2111801242236025,0.21935483870967742,0.20499257609502858
osm,caraballeda,t_test,frac50,3.6,33,101,128,8305,8567,0.2462686567164179,0.20496894409937888,0.22372881355932203,0.21024533063458872
osm,caraballeda,t_test,frac50,3.7,29,91,132,8315,8567,0.24166666666666667,0.18012422360248448,0.2064056939501779,0.19345992104486812
osm,caraballeda,t_test,frac50,3.8,27,78,134,8328,8567,0.2571428571428571,0.16770186335403728,0.20300751879699247,0.1910047696849732
osm,caraballeda,t_test,frac50,3.9,26,69,135,8337,8567,0.2736842105263158,0.16149068322981366,0.203125,0.19185299658460625
osm,caraballeda,t_test,frac50,4.0,24,56,137,8350,8567,0.3,0.14906832298136646,0.19917012448132781,0.18905216424451327
osm,caraballeda,t_test,frac50,4.1,21,47,140,8359,8567,0.3088235294117647,0.13043478260869565,0.1834061135371179,0.17418929486218057
osm,caraballeda,t_test,frac50,4.2,21,40,140,8366,8567,0.3442622950819672,0.13043478260869565,0.1891891891891892,0.18072798677315485
osm,caraballeda,t_test,frac50,4.3,16,33,145,8373,8567,0.32653061224489793,0.09937888198757763,0.15238095238095237,0.14488148884198299
osm,caraballeda,t_test,frac50,4.4,14,22,147,8384,8567,0.3888888888888889,0.08695652173913043,0.14213197969543145,0.1361989419529946
osm,caraballeda,t_test,frac50,4.5,13,17,148,8389,8567,0.43333333333333335,0.08074534161490683,0.13612565445026178,0.13099542184273233
osm,caraballeda,t_test,frac50,4.6,10,15,151,8391,8567,0.4,0.062111801242236024,0.10752688172043011,0.10299530973652615
osm,caraballeda,t_test,frac50,4.7,7,12,154,8394,8567,0.3684210526315789,0.043478260869565216,0.07777777777777777,0.07410436071153481
osm,caraballeda,t_test,frac50,4.8,7,8,154,8398,8567,0.4666666666666667,0.043478260869565216,0.07954545454545454,0.07658743201757426
osm,caraballeda,t_test,frac50,4.9,7,6,154,8400,8567,0.5384615384615384,0.043478260869565216,0.08045977011494253,0.07787028615407067
osm,caraballeda,t_test,frac50,5.0,7,4,154,8402,8567,0.6363636363636364,0.043478260869565216,0.08139534883720931,0.07918192195551159
osm,caraballeda,t_test,frac50,5.1,5,4,156,8402,8567,0.5555555555555556,0.031055900621118012,0.058823529411764705,0.05694699386030501
osm,caraballeda,t_test,frac50,5.2,5,3,156,8403,8567,0.625,0.031055900621118012,0.05917159763313609,0.05749467046117834
osm,caraballeda,t_test,frac50,5.3,3,3,158,8403,8567,0.5,0.018633540372670808,0.03592814371257485,0.03462450227715546
osm,caraballeda,t_test,frac50,5.4,3,3,158,8403,8567,0.5,0.018633540372670808,0.03592814371257485,0.03462450227715546
osm,caraballeda,t_test,frac50,5.5,3,2,158,8404,8567,0.6,0.018633540372670808,0.03614457831325301,0.035052150210627235
osm,caraballeda,t_test,frac50,5.6,3,2,158,8404,8567,0.6,0.018633540372670808,0.03614457831325301,0.035052150210627235
osm,caraballeda,t_test,frac50,5.7,2,2,159,8404,8567,0.5,0.012422360248447204,0.02424242424242424,0.023352524699646677
osm,caraballeda,t_test,frac50,5.8,0,1,161,8405,8567,0.0,0.0,nan,-0.00023206671990589326
osm,caraballeda,t_test,frac50,5.9,0,1,161,8405,8567,0.0,0.0,nan,-0.00023206671990589326
osm,caraballeda,t_test,frac50,6.0,0,1,161,8405,8567,0.0,0.0,nan,-0.00023206671990589326
osm,moron,t_test,mean,0.0,0,17626,0,0,17626,0.0,nan,nan,0.0
osm,moron,t_test,mean,0.1,0,17626,0,0,17626,0.0,nan,nan,0.0
osm,moron,t_test,mean,0.2,0,17626,0,0,17626,0.0,nan,nan,0.0
osm,moron,t_test,mean,0.3,0,17626,0,0,17626,0.0,nan,nan,0.0
osm,moron,t_test,mean,0.4,0,17626,0,0,17626,0.0,nan,nan,0.0
osm,moron,t_test,mean,0.5,0,17626,0,0,17626,0.0,nan,nan,0.0
osm,moron,t_test,mean,0.6,0,17626,0,0,17626,0.0,nan,nan,0.0
osm,moron,t_test,mean,0.7,0,17626,0,0,17626,0.0,nan,nan,0.0
osm,moron,t_test,mean,0.8,0,17626,0,0,17626,0.0,nan,nan,0.0
osm,moron,t_test,mean,0.9,0,17625,0,1,17626,0.0,nan,nan,3.106415464694327e-17
osm,moron,t_test,mean,1.0,0,17623,0,3,17626,0.0,nan,nan,-1.78381618479927e-17
osm,moron,t_test,mean,1.1,0,17620,0,6,17626,0.0,nan,nan,-3.568239798492342e-17
osm,moron,t_test,mean,1.2,0,17601,0,25,17626,0.0,nan,nan,-4.342968579564684e-19
osm,moron,t_test,mean,1.3,0,17495,0,131,17626,0.0,nan,nan,-3.844968229359694e-17
osm,moron,t_test,mean,1.4,0,17196,0,430,17626,0.0,nan,nan,3.556203301647732e-17
osm,moron,t_test,mean,1.5,0,16301,0,1325,17626,0.0,nan,nan,-3.001164197295106e-17
osm,moron,t_test,mean,1.6,0,14720,0,2906,17626,0.0,nan,nan,3.323503911692087e-17
osm,moron,t_test,mean,1.7,0,12665,0,4961,17626,0.0,nan,nan,0.0
osm,moron,t_test,mean,1.8,0,10180,0,7446,17626,0.0,nan,nan,9.611390487250986e-17
osm,moron,t_test,mean,1.9,0,7732,0,9894,17626,0.0,nan,nan,0.0
osm,moron,t_test,mean,2.0,0,5668,0,11958,17626,0.0,nan,nan,0.0
osm,moron,t_test,mean,2.1,0,4014,0,13612,17626,0.0,nan,nan,0.0
osm,moron,t_test,mean,2.2,0,2701,0,14925,17626,0.0,nan,nan,0.0
osm,moron,t_test,mean,2.3,0,1650,0,15976,17626,0.0,nan,nan,0.0
osm,moron,t_test,mean,2.4,0,970,0,16656,17626,0.0,nan,nan,0.0
osm,moron,t_test,mean,2.5,0,569,0,17057,17626,0.0,nan,nan,0.0
osm,moron,t_test,mean,2.6,0,297,0,17329,17626,0.0,nan,nan,0.0
osm,moron,t_test,mean,2.7,0,195,0,17431,17626,0.0,nan,nan,0.0
osm,moron,t_test,mean,2.8,0,123,0,17503,17626,0.0,nan,nan,0.0
osm,moron,t_test,mean,2.9,0,77,0,17549,17626,0.0,nan,nan,0.0
osm,moron,t_test,mean,3.0,0,40,0,17586,17626,0.0,nan,nan,0.0
osm,moron,t_test,mean,3.1,0,14,0,17612,17626,0.0,nan,nan,0.0
osm,moron,t_test,mean,3.2,0,7,0,17619,17626,0.0,nan,nan,0.0
osm,moron,t_test,mean,3.3,0,1,0,17625,17626,0.0,nan,nan,0.0
osm,moron,t_test,mean,3.4,0,1,0,17625,17626,0.0,nan,nan,0.0
osm,moron,t_test,mean,3.5,0,0,0,17626,17626,nan,nan,nan,nan
osm,moron,t_test,mean,3.6,0,0,0,17626,17626,nan,nan,nan,nan
osm,moron,t_test,mean,3.7,0,0,0,17626,17626,nan,nan,nan,nan
osm,moron,t_test,mean,3.8,0,0,0,17626,17626,nan,nan,nan,nan
osm,moron,t_test,mean,3.9,0,0,0,17626,17626,nan,nan,nan,nan
osm,moron,t_test,mean,4.0,0,0,0,17626,17626,nan,nan,nan,nan
osm,moron,t_test,mean,4.1,0,0,0,17626,17626,nan,nan,nan,nan
osm,moron,t_test,mean,4.2,0,0,0,17626,17626,nan,nan,nan,nan
osm,moron,t_test,mean,4.3,0,0,0,17626,17626,nan,nan,nan,nan
osm,moron,t_test,mean,4.4,0,0,0,17626,17626,nan,nan,nan,nan
osm,moron,t_test,mean,4.5,0,0,0,17626,17626,nan,nan,nan,nan
osm,moron,t_test,mean,4.6,0,0,0,17626,17626,nan,nan,nan,nan
osm,moron,t_test,mean,4.7,0,0,0,17626,17626,nan,nan,nan,nan
osm,moron,t_test,mean,4.8,0,0,0,17626,17626,nan,nan,nan,nan
osm,moron,t_test,mean,4.9,0,0,0,17626,17626,nan,nan,nan,nan
osm,moron,t_test,mean,5.0,0,0,0,17626,17626,nan,nan,nan,nan
osm,moron,t_test,mean,5.1,0,0,0,17626,17626,nan,nan,nan,nan
osm,moron,t_test,mean,5.2,0,0,0,17626,17626,nan,nan,nan,nan
osm,moron,t_test,mean,5.3,0,0,0,17626,17626,nan,nan,nan,nan
osm,moron,t_test,mean,5.4,0,0,0,17626,17626,nan,nan,nan,nan
osm,moron,t_test,mean,5.5,0,0,0,17626,17626,nan,nan,nan,nan
osm,moron,t_test,mean,5.6,0,0,0,17626,17626,nan,nan,nan,nan
osm,moron,t_test,mean,5.7,0,0,0,17626,17626,nan,nan,nan,nan
osm,moron,t_test,mean,5.8,0,0,0,17626,17626,nan,nan,nan,nan
osm,moron,t_test,mean,5.9,0,0,0,17626,17626,nan,nan,nan,nan
osm,moron,t_test,mean,6.0,0,0,0,17626,17626,nan,nan,nan,nan
osm,moron,t_test,max,0.0,0,17626,0,0,17626,0.0,nan,nan,0.0
osm,moron,t_test,max,0.1,0,17626,0,0,17626,0.0,nan,nan,0.0
osm,moron,t_test,max,0.2,0,17626,0,0,17626,0.0,nan,nan,0.0
osm,moron,t_test,max,0.3,0,17626,0,0,17626,0.0,nan,nan,0.0
osm,moron,t_test,max,0.4,0,17626,0,0,17626,0.0,nan,nan,0.0
osm,moron,t_test,max,0.5,0,17626,0,0,17626,0.0,nan,nan,0.0
osm,moron,t_test,max,0.6,0,17626,0,0,17626,0.0,nan,nan,0.0
osm,moron,t_test,max,0.7,0,17626,0,0,17626,0.0,nan,nan,0.0
osm,moron,t_test,max,0.8,0,17626,0,0,17626,0.0,nan,nan,0.0
osm,moron,t_test,max,0.9,0,17626,0,0,17626,0.0,nan,nan,0.0
osm,moron,t_test,max,1.0,0,17623,0,3,17626,0.0,nan,nan,-1.78381618479927e-17
osm,moron,t_test,max,1.1,0,17620,0,6,17626,0.0,nan,nan,-3.568239798492342e-17
osm,moron,t_test,max,1.2,0,17605,0,21,17626,0.0,nan,nan,-1.3677242737977376e-17
osm,moron,t_test,max,1.3,0,17527,0,99,17626,0.0,nan,nan,-3.314591680058064e-17
osm,moron,t_test,max,1.4,0,17313,0,313,17626,0.0,nan,nan,-4.5918219585094856e-17
osm,moron,t_test,max,1.5,0,16635,0,991,17626,0.0,nan,nan,3.6761329711532555e-17
osm,moron,t_test,max,1.6,0,15322,0,2304,17626,0.0,nan,nan,-3.192923742338306e-17
osm,moron,t_test,max,1.7,0,13565,0,4061,17626,0.0,nan,nan,3.6064856306750846e-17
osm,moron,t_test,max,1.8,0,11287,0,6339,17626,0.0,nan,nan,-8.668729969009927e-17
osm,moron,t_test,max,1.9,0,8954,0,8672,17626,0.0,nan,nan,-1.0927401737794847e-16
osm,moron,t_test,max,2.0,0,6831,0,10795,17626,0.0,nan,nan,2.8647037083945256e-16
osm,moron,t_test,max,2.1,0,4953,0,12673,17626,0.0,nan,nan,0.0
osm,moron,t_test,max,2.2,0,3555,0,14071,17626,0.0,nan,nan,0.0
osm,moron,t_test,max,2.3,0,2281,0,15345,17626,0.0,nan,nan,0.0
osm,moron,t_test,max,2.4,0,1432,0,16194,17626,0.0,nan,nan,0.0
osm,moron,t_test,max,2.5,0,910,0,16716,17626,0.0,nan,nan,0.0
osm,moron,t_test,max,2.6,0,532,0,17094,17626,0.0,nan,nan,0.0
osm,moron,t_test,max,2.7,0,328,0,17298,17626,0.0,nan,nan,0.0
osm,moron,t_test,max,2.8,0,205,0,17421,17626,0.0,nan,nan,0.0
osm,moron,t_test,max,2.9,0,131,0,17495,17626,0.0,nan,nan,0.0
osm,moron,t_test,max,3.0,0,84,0,17542,17626,0.0,nan,nan,0.0
osm,moron,t_test,max,3.1,0,49,0,17577,17626,0.0,nan,nan,0.0
osm,moron,t_test,max,3.2,0,37,0,17589,17626,0.0,nan,nan,0.0
osm,moron,t_test,max,3.3,0,14,0,17612,17626,0.0,nan,nan,0.0
osm,moron,t_test,max,3.4,0,12,0,17614,17626,0.0,nan,nan,0.0
osm,moron,t_test,max,3.5,0,2,0,17624,17626,0.0,nan,nan,0.0
osm,moron,t_test,max,3.6,0,2,0,17624,17626,0.0,nan,nan,0.0
osm,moron,t_test,max,3.7,0,2,0,17624,17626,0.0,nan,nan,0.0
osm,moron,t_test,max,3.8,0,1,0,17625,17626,0.0,nan,nan,0.0
osm,moron,t_test,max,3.9,0,1,0,17625,17626,0.0,nan,nan,0.0
osm,moron,t_test,max,4.0,0,1,0,17625,17626,0.0,nan,nan,0.0
osm,moron,t_test,max,4.1,0,1,0,17625,17626,0.0,nan,nan,0.0
osm,moron,t_test,max,4.2,0,1,0,17625,17626,0.0,nan,nan,0.0
osm,moron,t_test,max,4.3,0,1,0,17625,17626,0.0,nan,nan,0.0
osm,moron,t_test,max,4.4,0,1,0,17625,17626,0.0,nan,nan,0.0
osm,moron,t_test,max,4.5,0,1,0,17625,17626,0.0,nan,nan,0.0
osm,moron,t_test,max,4.6,0,1,0,17625,17626,0.0,nan,nan,0.0
osm,moron,t_test,max,4.7,0,0,0,17626,17626,nan,nan,nan,nan
osm,moron,t_test,max,4.8,0,0,0,17626,17626,nan,nan,nan,nan
osm,moron,t_test,max,4.9,0,0,0,17626,17626,nan,nan,nan,nan
osm,moron,t_test,max,5.0,0,0,0,17626,17626,nan,nan,nan,nan
osm,moron,t_test,max,5.1,0,0,0,17626,17626,nan,nan,nan,nan
osm,moron,t_test,max,5.2,0,0,0,17626,17626,nan,nan,nan,nan
osm,moron,t_test,max,5.3,0,0,0,17626,17626,nan,nan,nan,nan
osm,moron,t_test,max,5.4,0,0,0,17626,17626,nan,nan,nan,nan
osm,moron,t_test,max,5.5,0,0,0,17626,17626,nan,nan,nan,nan
osm,moron,t_test,max,5.6,0,0,0,17626,17626,nan,nan,nan,nan
osm,moron,t_test,max,5.7,0,0,0,17626,17626,nan,nan,nan,nan
osm,moron,t_test,max,5.8,0,0,0,17626,17626,nan,nan,nan,nan
osm,moron,t_test,max,5.9,0,0,0,17626,17626,nan,nan,nan,nan
osm,moron,t_test,max,6.0,0,0,0,17626,17626,nan,nan,nan,nan
osm,moron,t_test,p75,0.0,0,17626,0,0,17626,0.0,nan,nan,0.0
osm,moron,t_test,p75,0.1,0,17626,0,0,17626,0.0,nan,nan,0.0
osm,moron,t_test,p75,0.2,0,17626,0,0,17626,0.0,nan,nan,0.0
osm,moron,t_test,p75,0.3,0,17626,0,0,17626,0.0,nan,nan,0.0
osm,moron,t_test,p75,0.4,0,17626,0,0,17626,0.0,nan,nan,0.0
osm,moron,t_test,p75,0.5,0,17626,0,0,17626,0.0,nan,nan,0.0
osm,moron,t_test,p75,0.6,0,17626,0,0,17626,0.0,nan,nan,0.0
osm,moron,t_test,p75,0.7,0,17626,0,0,17626,0.0,nan,nan,0.0
osm,moron,t_test,p75,0.8,0,17626,0,0,17626,0.0,nan,nan,0.0
osm,moron,t_test,p75,0.9,0,17626,0,0,17626,0.0,nan,nan,0.0
osm,moron,t_test,p75,1.0,0,17623,0,3,17626,0.0,nan,nan,-1.78381618479927e-17
osm,moron,t_test,p75,1.1,0,17620,0,6,17626,0.0,nan,nan,-3.568239798492342e-17
osm,moron,t_test,p75,1.2,0,17602,0,24,17626,0.0,nan,nan,-3.170186949057502e-17
osm,moron,t_test,p75,1.3,0,17509,0,117,17626,0.0,nan,nan,-2.968736145917199e-17
osm,moron,t_test,p75,1.4,0,17266,0,360,17626,0.0,nan,nan,-3.1876071341145006e-17
osm,moron,t_test,p75,1.5,0,16489,0,1137,17626,0.0,nan,nan,1.483473151194964e-17
osm,moron,t_test,p75,1.6,0,15068,0,2558,17626,0.0,nan,nan,-3.2467465874772715e-17
osm,moron,t_test,p75,1.7,0,13144,0,4482,17626,0.0,nan,nan,0.0
osm,moron,t_test,p75,1.8,0,10724,0,6902,17626,0.0,nan,nan,9.123830208897337e-17
osm,moron,t_test,p75,1.9,0,8331,0,9295,17626,0.0,nan,nan,0.0
osm,moron,t_test,p75,2.0,0,6214,0,11412,17626,0.0,nan,nan,0.0
osm,moron,t_test,p75,2.1,0,4499,0,13127,17626,0.0,nan,nan,0.0
osm,moron,t_test,p75,2.2,0,3098,0,14528,17626,0.0,nan,nan,0.0
osm,moron,t_test,p75,2.3,0,1950,0,15676,17626,0.0,nan,nan,0.0
osm,moron,t_test,p75,2.4,0,1170,0,16456,17626,0.0,nan,nan,0.0
osm,moron,t_test,p75,2.5,0,732,0,16894,17626,0.0,nan,nan,0.0
osm,moron,t_test,p75,2.6,0,401,0,17225,17626,0.0,nan,nan,0.0
osm,moron,t_test,p75,2.7,0,253,0,17373,17626,0.0,nan,nan,0.0
osm,moron,t_test,p75,2.8,0,159,0,17467,17626,0.0,nan,nan,0.0
osm,moron,t_test,p75,2.9,0,103,0,17523,17626,0.0,nan,nan,0.0
osm,moron,t_test,p75,3.0,0,58,0,17568,17626,0.0,nan,nan,0.0
osm,moron,t_test,p75,3.1,0,32,0,17594,17626,0.0,nan,nan,0.0
osm,moron,t_test,p75,3.2,0,17,0,17609,17626,0.0,nan,nan,0.0
osm,moron,t_test,p75,3.3,0,7,0,17619,17626,0.0,nan,nan,0.0
osm,moron,t_test,p75,3.4,0,2,0,17624,17626,0.0,nan,nan,0.0
osm,moron,t_test,p75,3.5,0,0,0,17626,17626,nan,nan,nan,nan
osm,moron,t_test,p75,3.6,0,0,0,17626,17626,nan,nan,nan,nan
osm,moron,t_test,p75,3.7,0,0,0,17626,17626,nan,nan,nan,nan
osm,moron,t_test,p75,3.8,0,0,0,17626,17626,nan,nan,nan,nan
osm,moron,t_test,p75,3.9,0,0,0,17626,17626,nan,nan,nan,nan
osm,moron,t_test,p75,4.0,0,0,0,17626,17626,nan,nan,nan,nan
osm,moron,t_test,p75,4.1,0,0,0,17626,17626,nan,nan,nan,nan
osm,moron,t_test,p75,4.2,0,0,0,17626,17626,nan,nan,nan,nan
osm,moron,t_test,p75,4.3,0,0,0,17626,17626,nan,nan,nan,nan
osm,moron,t_test,p75,4.4,0,0,0,17626,17626,nan,nan,nan,nan
osm,moron,t_test,p75,4.5,0,0,0,17626,17626,nan,nan,nan,nan
osm,moron,t_test,p75,4.6,0,0,0,17626,17626,nan,nan,nan,nan
osm,moron,t_test,p75,4.7,0,0,0,17626,17626,nan,nan,nan,nan
osm,moron,t_test,p75,4.8,0,0,0,17626,17626,nan,nan,nan,nan
osm,moron,t_test,p75,4.9,0,0,0,17626,17626,nan,nan,nan,nan
osm,moron,t_test,p75,5.0,0,0,0,17626,17626,nan,nan,nan,nan
osm,moron,t_test,p75,5.1,0,0,0,17626,17626,nan,nan,nan,nan
osm,moron,t_test,p75,5.2,0,0,0,17626,17626,nan,nan,nan,nan
osm,moron,t_test,p75,5.3,0,0,0,17626,17626,nan,nan,nan,nan
osm,moron,t_test,p75,5.4,0,0,0,17626,17626,nan,nan,nan,nan
osm,moron,t_test,p75,5.5,0,0,0,17626,17626,nan,nan,nan,nan
osm,moron,t_test,p75,5.6,0,0,0,17626,17626,nan,nan,nan,nan
osm,moron,t_test,p75,5.7,0,0,0,17626,17626,nan,nan,nan,nan
osm,moron,t_test,p75,5.8,0,0,0,17626,17626,nan,nan,nan,nan
osm,moron,t_test,p75,5.9,0,0,0,17626,17626,nan,nan,nan,nan
osm,moron,t_test,p75,6.0,0,0,0,17626,17626,nan,nan,nan,nan
osm,moron,t_test,p90,0.0,0,17626,0,0,17626,0.0,nan,nan,0.0
osm,moron,t_test,p90,0.1,0,17626,0,0,17626,0.0,nan,nan,0.0
osm,moron,t_test,p90,0.2,0,17626,0,0,17626,0.0,nan,nan,0.0
osm,moron,t_test,p90,0.3,0,17626,0,0,17626,0.0,nan,nan,0.0
osm,moron,t_test,p90,0.4,0,17626,0,0,17626,0.0,nan,nan,0.0
osm,moron,t_test,p90,0.5,0,17626,0,0,17626,0.0,nan,nan,0.0
osm,moron,t_test,p90,0.6,0,17626,0,0,17626,0.0,nan,nan,0.0
osm,moron,t_test,p90,0.7,0,17626,0,0,17626,0.0,nan,nan,0.0
osm,moron,t_test,p90,0.8,0,17626,0,0,17626,0.0,nan,nan,0.0
osm,moron,t_test,p90,0.9,0,17626,0,0,17626,0.0,nan,nan,0.0
osm,moron,t_test,p90,1.0,0,17623,0,3,17626,0.0,nan,nan,-1.78381618479927e-17
osm,moron,t_test,p90,1.1,0,17620,0,6,17626,0.0,nan,nan,-3.568239798492342e-17
osm,moron,t_test,p90,1.2,0,17604,0,22,17626,0.0,nan,nan,1.7368913876145876e-17
osm,moron,t_test,p90,1.3,0,17520,0,106,17626,0.0,nan,nan,-3.752220740483418e-17
osm,moron,t_test,p90,1.4,0,17292,0,334,17626,0.0,nan,nan,5.3046904905564194e-17
osm,moron,t_test,p90,1.5,0,16575,0,1051,17626,0.0,nan,nan,7.378880479654226e-18
osm,moron,t_test,p90,1.6,0,15243,0,2383,17626,0.0,nan,nan,-3.2094717299814684e-17
osm,moron,t_test,p90,1.7,0,13417,0,4209,17626,0.0,nan,nan,-3.6462679868903277e-17
osm,moron,t_test,p90,1.8,0,11075,0,6551,17626,0.0,nan,nan,0.0
osm,moron,t_test,p90,1.9,0,8722,0,8904,17626,0.0,nan,nan,-2.243612821834787e-16
osm,moron,t_test,p90,2.0,0,6556,0,11070,17626,0.0,nan,nan,0.0
osm,moron,t_test,p90,2.1,0,4785,0,12841,17626,0.0,nan,nan,0.0
osm,moron,t_test,p90,2.2,0,3348,0,14278,17626,0.0,nan,nan,0.0
osm,moron,t_test,p90,2.3,0,2140,0,15486,17626,0.0,nan,nan,0.0
osm,moron,t_test,p90,2.4,0,1312,0,16314,17626,0.0,nan,nan,0.0
osm,moron,t_test,p90,2.5,0,832,0,16794,17626,0.0,nan,nan,0.0
osm,moron,t_test,p90,2.6,0,454,0,17172,17626,0.0,nan,nan,0.0
osm,moron,t_test,p90,2.7,0,296,0,17330,17626,0.0,nan,nan,0.0
osm,moron,t_test,p90,2.8,0,184,0,17442,17626,0.0,nan,nan,0.0
osm,moron,t_test,p90,2.9,0,117,0,17509,17626,0.0,nan,nan,0.0
osm,moron,t_test,p90,3.0,0,76,0,17550,17626,0.0,nan,nan,0.0
osm,moron,t_test,p90,3.1,0,46,0,17580,17626,0.0,nan,nan,0.0
osm,moron,t_test,p90,3.2,0,30,0,17596,17626,0.0,nan,nan,0.0
osm,moron,t_test,p90,3.3,0,11,0,17615,17626,0.0,nan,nan,0.0
osm,moron,t_test,p90,3.4,0,9,0,17617,17626,0.0,nan,nan,0.0
osm,moron,t_test,p90,3.5,0,2,0,17624,17626,0.0,nan,nan,0.0
osm,moron,t_test,p90,3.6,0,1,0,17625,17626,0.0,nan,nan,0.0
osm,moron,t_test,p90,3.7,0,1,0,17625,17626,0.0,nan,nan,0.0
osm,moron,t_test,p90,3.8,0,1,0,17625,17626,0.0,nan,nan,0.0
osm,moron,t_test,p90,3.9,0,0,0,17626,17626,nan,nan,nan,nan
osm,moron,t_test,p90,4.0,0,0,0,17626,17626,nan,nan,nan,nan
osm,moron,t_test,p90,4.1,0,0,0,17626,17626,nan,nan,nan,nan
osm,moron,t_test,p90,4.2,0,0,0,17626,17626,nan,nan,nan,nan
osm,moron,t_test,p90,4.3,0,0,0,17626,17626,nan,nan,nan,nan
osm,moron,t_test,p90,4.4,0,0,0,17626,17626,nan,nan,nan,nan
osm,moron,t_test,p90,4.5,0,0,0,17626,17626,nan,nan,nan,nan
osm,moron,t_test,p90,4.6,0,0,0,17626,17626,nan,nan,nan,nan
osm,moron,t_test,p90,4.7,0,0,0,17626,17626,nan,nan,nan,nan
osm,moron,t_test,p90,4.8,0,0,0,17626,17626,nan,nan,nan,nan
osm,moron,t_test,p90,4.9,0,0,0,17626,17626,nan,nan,nan,nan
osm,moron,t_test,p90,5.0,0,0,0,17626,17626,nan,nan,nan,nan
osm,moron,t_test,p90,5.1,0,0,0,17626,17626,nan,nan,nan,nan
osm,moron,t_test,p90,5.2,0,0,0,17626,17626,nan,nan,nan,nan
osm,moron,t_test,p90,5.3,0,0,0,17626,17626,nan,nan,nan,nan
osm,moron,t_test,p90,5.4,0,0,0,17626,17626,nan,nan,nan,nan
osm,moron,t_test,p90,5.5,0,0,0,17626,17626,nan,nan,nan,nan
osm,moron,t_test,p90,5.6,0,0,0,17626,17626,nan,nan,nan,nan
osm,moron,t_test,p90,5.7,0,0,0,17626,17626,nan,nan,nan,nan
osm,moron,t_test,p90,5.8,0,0,0,17626,17626,nan,nan,nan,nan
osm,moron,t_test,p90,5.9,0,0,0,17626,17626,nan,nan,nan,nan
osm,moron,t_test,p90,6.0,0,0,0,17626,17626,nan,nan,nan,nan
osm,moron,t_test,frac50,0.0,0,17626,0,0,17626,0.0,nan,nan,0.0
osm,moron,t_test,frac50,0.1,0,17626,0,0,17626,0.0,nan,nan,0.0
osm,moron,t_test,frac50,0.2,0,17626,0,0,17626,0.0,nan,nan,0.0
osm,moron,t_test,frac50,0.3,0,17626,0,0,17626,0.0,nan,nan,0.0
osm,moron,t_test,frac50,0.4,0,17626,0,0,17626,0.0,nan,nan,0.0
osm,moron,t_test,frac50,0.5,0,17626,0,0,17626,0.0,nan,nan,0.0
osm,moron,t_test,frac50,0.6,0,17626,0,0,17626,0.0,nan,nan,0.0
osm,moron,t_test,frac50,0.7,0,17626,0,0,17626,0.0,nan,nan,0.0
osm,moron,t_test,frac50,0.8,0,17626,0,0,17626,0.0,nan,nan,0.0
osm,moron,t_test,frac50,0.9,0,17626,0,0,17626,0.0,nan,nan,0.0
osm,moron,t_test,frac50,1.0,0,17623,0,3,17626,0.0,nan,nan,-1.78381618479927e-17
osm,moron,t_test,frac50,1.1,0,17620,0,6,17626,0.0,nan,nan,-3.568239798492342e-17
osm,moron,t_test,frac50,1.2,0,17605,0,21,17626,0.0,nan,nan,-1.3677242737977376e-17
osm,moron,t_test,frac50,1.3,0,17510,0,116,17626,0.0,nan,nan,5.1513361600984144e-17
osm,moron,t_test,frac50,1.4,0,17279,0,347,17626,0.0,nan,nan,1.0617363037525506e-17
osm,moron,t_test,frac50,1.5,0,16490,0,1136,17626,0.0,nan,nan,-1.4833831892088394e-17
osm,moron,t_test,frac50,1.6,0,15087,0,2539,17626,0.0,nan,nan,6.485315514032945e-17
osm,moron,t_test,frac50,1.7,0,13159,0,4467,17626,0.0,nan,nan,0.0
osm,moron,t_test,frac50,1.8,0,10746,0,6880,17626,0.0,nan,nan,0.0
osm,moron,t_test,frac50,1.9,0,8404,0,9222,17626,0.0,nan,nan,0.0
osm,moron,t_test,frac50,2.0,0,6296,0,11330,17626,0.0,nan,nan,0.0
osm,moron,t_test,frac50,2.1,0,4508,0,13118,17626,0.0,nan,nan,4.3409030683325206e-16
osm,moron,t_test,frac50,2.2,0,3167,0,14459,17626,0.0,nan,nan,0.0
osm,moron,t_test,frac50,2.3,0,1969,0,15657,17626,0.0,nan,nan,0.0
osm,moron,t_test,frac50,2.4,0,1213,0,16413,17626,0.0,nan,nan,0.0
osm,moron,t_test,frac50,2.5,0,752,0,16874,17626,0.0,nan,nan,0.0
osm,moron,t_test,frac50,2.6,0,424,0,17202,17626,0.0,nan,nan,0.0
osm,moron,t_test,frac50,2.7,0,263,0,17363,17626,0.0,nan,nan,0.0
osm,moron,t_test,frac50,2.8,0,162,0,17464,17626,0.0,nan,nan,0.0
osm,moron,t_test,frac50,2.9,0,98,0,17528,17626,0.0,nan,nan,0.0
osm,moron,t_test,frac50,3.0,0,57,0,17569,17626,0.0,nan,nan,0.0
osm,moron,t_test,frac50,3.1,0,29,0,17597,17626,0.0,nan,nan,0.0
osm,moron,t_test,frac50,3.2,0,13,0,17613,17626,0.0,nan,nan,0.0
osm,moron,t_test,frac50,3.3,0,5,0,17621,17626,0.0,nan,nan,0.0
osm,moron,t_test,frac50,3.4,0,5,0,17621,17626,0.0,nan,nan,0.0
osm,moron,t_test,frac50,3.5,0,0,0,17626,17626,nan,nan,nan,nan
osm,moron,t_test,frac50,3.6,0,0,0,17626,17626,nan,nan,nan,nan
osm,moron,t_test,frac50,3.7,0,0,0,17626,17626,nan,nan,nan,nan
osm,moron,t_test,frac50,3.8,0,0,0,17626,17626,nan,nan,nan,nan
osm,moron,t_test,frac50,3.9,0,0,0,17626,17626,nan,nan,nan,nan
osm,moron,t_test,frac50,4.0,0,0,0,17626,17626,nan,nan,nan,nan
osm,moron,t_test,frac50,4.1,0,0,0,17626,17626,nan,nan,nan,nan
osm,moron,t_test,frac50,4.2,0,0,0,17626,17626,nan,nan,nan,nan
osm,moron,t_test,frac50,4.3,0,0,0,17626,17626,nan,nan,nan,nan
osm,moron,t_test,frac50,4.4,0,0,0,17626,17626,nan,nan,nan,nan
osm,moron,t_test,frac50,4.5,0,0,0,17626,17626,nan,nan,nan,nan
osm,moron,t_test,frac50,4.6,0,0,0,17626,17626,nan,nan,nan,nan
osm,moron,t_test,frac50,4.7,0,0,0,17626,17626,nan,nan,nan,nan
osm,moron,t_test,frac50,4.8,0,0,0,17626,17626,nan,nan,nan,nan
osm,moron,t_test,frac50,4.9,0,0,0,17626,17626,nan,nan,nan,nan
osm,moron,t_test,frac50,5.0,0,0,0,17626,17626,nan,nan,nan,nan
osm,moron,t_test,frac50,5.1,0,0,0,17626,17626,nan,nan,nan,nan
osm,moron,t_test,frac50,5.2,0,0,0,17626,17626,nan,nan,nan,nan
osm,moron,t_test,frac50,5.3,0,0,0,17626,17626,nan,nan,nan,nan
osm,moron,t_test,frac50,5.4,0,0,0,17626,17626,nan,nan,nan,nan
osm,moron,t_test,frac50,5.5,0,0,0,17626,17626,nan,nan,nan,nan
osm,moron,t_test,frac50,5.6,0,0,0,17626,17626,nan,nan,nan,nan
osm,moron,t_test,frac50,5.7,0,0,0,17626,17626,nan,nan,nan,nan
osm,moron,t_test,frac50,5.8,0,0,0,17626,17626,nan,nan,nan,nan
osm,moron,t_test,frac50,5.9,0,0,0,17626,17626,nan,nan,nan,nan
osm,moron,t_test,frac50,6.0,0,0,0,17626,17626,nan,nan,nan,nan
osm,el_junquito,t_test,mean,0.0,6,25224,0,0,25230,0.00023781212841854935,1.0,0.00047551117451260106,0.0
osm,el_junquito,t_test,mean,0.1,6,25224,0,0,25230,0.00023781212841854935,1.0,0.00047551117451260106,0.0
osm,el_junquito,t_test,mean,0.2,6,25224,0,0,25230,0.00023781212841854935,1.0,0.00047551117451260106,0.0
osm,el_junquito,t_test,mean,0.3,6,25224,0,0,25230,0.00023781212841854935,1.0,0.00047551117451260106,0.0
osm,el_junquito,t_test,mean,0.4,6,25224,0,0,25230,0.00023781212841854935,1.0,0.00047551117451260106,0.0
osm,el_junquito,t_test,mean,0.5,6,25224,0,0,25230,0.00023781212841854935,1.0,0.00047551117451260106,0.0
osm,el_junquito,t_test,mean,0.6,6,25224,0,0,25230,0.00023781212841854935,1.0,0.00047551117451260106,0.0
osm,el_junquito,t_test,mean,0.7,6,25224,0,0,25230,0.00023781212841854935,1.0,0.00047551117451260106,0.0
osm,el_junquito,t_test,mean,0.8,6,25224,0,0,25230,0.00023781212841854935,1.0,0.00047551117451260106,0.0
osm,el_junquito,t_test,mean,0.9,6,25223,0,1,25230,0.00023782155456022832,1.0,0.0004755300178323757,1.8856767583880824e-08
osm,el_junquito,t_test,mean,1.0,6,25221,0,3,25230,0.00023784040908550363,1.0,0.00047556770895256217,5.657478647489804e-08
osm,el_junquito,t_test,mean,1.1,6,25121,0,103,25230,0.00023878696223186214,1.0,0.0004774599132614491,1.95012949002672e-06
osm,el_junquito,t_test,mean,1.2,6,24652,0,572,25230,0.00024332873712385432,1.0,0.0004865390853065196,1.1035780973051674e-05
osm,el_junquito,t_test,mean,1.3,6,23471,0,1753,25230,0.00025556928057247517,1.0,0.0005110079632074265,3.552212112737036e-05
osm,el_junquito,t_test,mean,1.4,6,21228,0,3996,25230,0.00028256569652444194,1.0,0.0005649717514124294,8.952441966740385e-05
osm,el_junquito,t_test,mean,1.5,6,18041,0,7183,25230,0.00033246522967806286,1.0,0.0006647094665706531,0.00018933330729103842
osm,el_junquito,t_test,mean,1.6,6,14281,0,10943,25230,0.00041996220340169383,1.0,0.0008395718183726299,0.00036432042878945057
osm,el_junquito,t_test,mean,1.7,6,10533,0,14691,25230,0.000569313976658127,1.0,0.0011379800853485065,0.0006629415856677808
osm,el_junquito,t_test,mean,1.8,6,7288,0,17936,25230,0.0008225939128050452,1.0,0.0016438356164383563,0.0011691579064560915
osm,el_junquito,t_test,mean,1.9,4,4586,2,20638,25230,0.0008714596949891067,0.6666666666666666,0.0017406440382941686,0.00126624217010972
osm,el_junquito,t_test,mean,2.0,3,2661,3,22563,25230,0.0011261261261261261,0.5,0.002247191011235955,0.0017734771861974646
osm,el_junquito,t_test,mean,2.1,3,1534,3,23690,25230,0.001951854261548471,0.5,0.00388852883992223,0.003416372652920966
osm,el_junquito,t_test,mean,2.2,3,863,3,24361,25230,0.003464203233256351,0.5,0.006880733944954129,0.00641141077230642
osm,el_junquito,t_test,mean,2.3,2,461,4,24763,25230,0.004319654427645789,0.3333333333333333,0.008528784648187633,0.008063031048302197
osm,el_junquito,t_test,mean,2.4,2,261,4,24963,25230,0.0076045627376425855,0.3333333333333333,0.01486988847583643,0.014411574544556553
osm,el_junquito,t_test,mean,2.5,2,147,4,25077,25230,0.013422818791946308,0.3333333333333333,0.02580645161290323,0.025360833920468163
osm,el_junquito,t_test,mean,2.6,2,85,4,25139,25230,0.022988505747126436,0.3333333333333333,0.04301075268817204,0.042584761480823206
osm,el_junquito,t_test,mean,2.7,1,40,5,25184,25230,0.024390243902439025,0.16666666666666666,0.0425531914893617,0.042155775918352595
osm,el_junquito,t_test,mean,2.8,0,24,6,25200,25230,0.0,0.0,nan,-0.0003806442403099515
osm,el_junquito,t_test,mean,2.9,0,11,6,25213,25230,0.0,0.0,nan,-0.0003078516155084791
osm,el_junquito,t_test,mean,3.0,0,8,6,25216,25230,0.0,0.0,nan,-0.00027185917669842564
osm,el_junquito,t_test,mean,3.1,0,7,6,25217,25230,0.0,0.0,nan,-0.0002561709758373434
osm,el_junquito,t_test,mean,3.2,0,5,6,25219,25230,0.0,0.0,nan,-0.00021623959362262102
osm,el_junquito,t_test,mean,3.3,0,1,6,25223,25230,0.0,0.0,nan,-6.795093930975743e-05
osm,el_junquito,t_test,mean,3.4,0,1,6,25223,25230,0.0,0.0,nan,-6.795093930975743e-05
osm,el_junquito,t_test,mean,3.5,0,0,6,25224,25230,nan,0.0,nan,0.0
osm,el_junquito,t_test,mean,3.6,0,0,6,25224,25230,nan,0.0,nan,0.0
osm,el_junquito,t_test,mean,3.7,0,0,6,25224,25230,nan,0.0,nan,0.0
osm,el_junquito,t_test,mean,3.8,0,0,6,25224,25230,nan,0.0,nan,0.0
osm,el_junquito,t_test,mean,3.9,0,0,6,25224,25230,nan,0.0,nan,0.0
osm,el_junquito,t_test,mean,4.0,0,0,6,25224,25230,nan,0.0,nan,0.0
osm,el_junquito,t_test,mean,4.1,0,0,6,25224,25230,nan,0.0,nan,0.0
osm,el_junquito,t_test,mean,4.2,0,0,6,25224,25230,nan,0.0,nan,0.0
osm,el_junquito,t_test,mean,4.3,0,0,6,25224,25230,nan,0.0,nan,0.0
osm,el_junquito,t_test,mean,4.4,0,0,6,25224,25230,nan,0.0,nan,0.0
osm,el_junquito,t_test,mean,4.5,0,0,6,25224,25230,nan,0.0,nan,0.0
osm,el_junquito,t_test,mean,4.6,0,0,6,25224,25230,nan,0.0,nan,0.0
osm,el_junquito,t_test,mean,4.7,0,0,6,25224,25230,nan,0.0,nan,0.0
osm,el_junquito,t_test,mean,4.8,0,0,6,25224,25230,nan,0.0,nan,0.0
osm,el_junquito,t_test,mean,4.9,0,0,6,25224,25230,nan,0.0,nan,0.0
osm,el_junquito,t_test,mean,5.0,0,0,6,25224,25230,nan,0.0,nan,0.0
osm,el_junquito,t_test,mean,5.1,0,0,6,25224,25230,nan,0.0,nan,0.0
osm,el_junquito,t_test,mean,5.2,0,0,6,25224,25230,nan,0.0,nan,0.0
osm,el_junquito,t_test,mean,5.3,0,0,6,25224,25230,nan,0.0,nan,0.0
osm,el_junquito,t_test,mean,5.4,0,0,6,25224,25230,nan,0.0,nan,0.0
osm,el_junquito,t_test,mean,5.5,0,0,6,25224,25230,nan,0.0,nan,0.0
osm,el_junquito,t_test,mean,5.6,0,0,6,25224,25230,nan,0.0,nan,0.0
osm,el_junquito,t_test,mean,5.7,0,0,6,25224,25230,nan,0.0,nan,0.0
osm,el_junquito,t_test,mean,5.8,0,0,6,25224,25230,nan,0.0,nan,0.0
osm,el_junquito,t_test,mean,5.9,0,0,6,25224,25230,nan,0.0,nan,0.0
osm,el_junquito,t_test,mean,6.0,0,0,6,25224,25230,nan,0.0,nan,0.0
osm,el_junquito,t_test,max,0.0,6,25224,0,0,25230,0.00023781212841854935,1.0,0.00047551117451260106,0.0
osm,el_junquito,t_test,max,0.1,6,25224,0,0,25230,0.00023781212841854935,1.0,0.00047551117451260106,0.0
osm,el_junquito,t_test,max,0.2,6,25224,0,0,25230,0.00023781212841854935,1.0,0.00047551117451260106,0.0
osm,el_junquito,t_test,max,0.3,6,25224,0,0,25230,0.00023781212841854935,1.0,0.00047551117451260106,0.0
osm,el_junquito,t_test,max,0.4,6,25224,0,0,25230,0.00023781212841854935,1.0,0.00047551117451260106,0.0
osm,el_junquito,t_test,max,0.5,6,25224,0,0,25230,0.00023781212841854935,1.0,0.00047551117451260106,0.0
osm,el_junquito,t_test,max,0.6,6,25224,0,0,25230,0.00023781212841854935,1.0,0.00047551117451260106,0.0
osm,el_junquito,t_test,max,0.7,6,25224,0,0,25230,0.00023781212841854935,1.0,0.00047551117451260106,0.0
osm,el_junquito,t_test,max,0.8,6,25224,0,0,25230,0.00023781212841854935,1.0,0.00047551117451260106,0.0
osm,el_junquito,t_test,max,0.9,6,25224,0,0,25230,0.00023781212841854935,1.0,0.00047551117451260106,0.0
osm,el_junquito,t_test,max,1.0,6,25222,0,2,25230,0.00023783098144918344,1.0,0.0004755488626456368,3.771502960887709e-08
osm,el_junquito,t_test,max,1.1,6,25158,0,66,25230,0.0002384358607534573,1.0,0.0004767580452920143,1.2477606241789057e-06
osm,el_junquito,t_test,max,1.2,6,24819,0,405,25230,0.00024169184290030211,1.0,0.00048326688413676455,7.76124457018841e-06
osm,el_junquito,t_test,max,1.3,6,23930,0,1294,25230,0.000250668449197861,1.0,0.0005012112605463203,2.5718427068101508e-05
osm,el_junquito,t_test,max,1.4,6,22109,0,3115,25230,0.00027130906624463035,1.0,0.0005424709552009402,6.700756631589072e-05
osm,el_junquito,t_test,max,1.5,6,19282,0,5942,25230,0.00031107424305267526,1.0,0.0006219550119208044,0.00014654834380025303
osm,el_junquito,t_test,max,1.6,6,15830,0,9394,25230,0.0003788835564536499,1.0,0.0007574801161469513,0.0002821701534084467
osm,el_junquito,t_test,max,1.7,6,12153,0,13071,25230,0.0004934616333580064,1.0,0.0009864364981504315,0.0005112898898087477
osm,el_junquito,t_test,max,1.8,6,8854,0,16370,25230,0.0006772009029345372,1.0,0.0013534852244529664,0.0008786004437010696
osm,el_junquito,t_test,max,1.9,6,5981,0,19243,25230,0.001002171371304493,1.0,0.002002336058735191,0.001527913967081099
osm,el_junquito,t_test,max,2.0,3,3652,3,21572,25230,0.0008207934336525308,0.5,0.0016388964763725759,0.0011646047249033746
osm,el_junquito,t_test,max,2.1,3,2223,3,23001,25230,0.0013477088948787063,0.5,0.002688172043010753,0.0022148769633620236
osm,el_junquito,t_test,max,2.2,3,1333,3,23891,25230,0.002245508982035928,0.5,0.004470938897168405,0.00399933480343175
osm,el_junquito,t_test,max,2.3,3,746,3,24478,25230,0.004005340453938585,0.5,0.007947019867549669,0.007478704191281115
osm,el_junquito,t_test,max,2.4,2,453,4,24771,25230,0.004395604395604396,0.3333333333333333,0.008676789587852495,0.008211210289038052
osm,el_junquito,t_test,max,2.5,2,242,4,24982,25230,0.00819672131147541,0.3333333333333333,0.016,0.015543005932837218
osm,el_junquito,t_test,max,2.6,2,151,4,25073,25230,0.013071895424836602,0.3333333333333333,0.025157232704402514,0.024710866107336794
osm,el_junquito,t_test,max,2.7,2,86,4,25138,25230,0.022727272727272728,0.3333333333333333,0.04255319148936171,0.04212668377652858
osm,el_junquito,t_test,max,2.8,2,44,4,25180,25230,0.043478260869565216,0.3333333333333333,0.07692307692307691,0.07653453387512188
osm,el_junquito,t_test,max,2.9,2,32,4,25192,25230,0.058823529411764705,0.3333333333333333,0.1,0.0996360002854383
osm,el_junquito,t_test,max,3.0,0,21,6,25203,25230,0.0,0.0,nan,-0.00037006687638406867
osm,el_junquito,t_test,max,3.1,0,18,6,25206,25230,0.0,0.0,nan,-0.00035684548601709365
osm,el_junquito,t_test,max,3.2,0,16,6,25208,25230,0.0,0.0,nan,-0.000346028244494675
osm,el_junquito,t_test,max,3.3,0,7,6,25217,25230,0.0,0.0,nan,-0.0002561709758373434
osm,el_junquito,t_test,max,3.4,0,1,6,25223,25230,0.0,0.0,nan,-6.795093930975743e-05
osm,el_junquito,t_test,max,3.5,0,1,6,25223,25230,0.0,0.0,nan,-6.795093930975743e-05
osm,el_junquito,t_test,max,3.6,0,1,6,25223,25230,0.0,0.0,nan,-6.795093930975743e-05
osm,el_junquito,t_test,max,3.7,0,1,6,25223,25230,0.0,0.0,nan,-6.795093930975743e-05
osm,el_junquito,t_test,max,3.8,0,1,6,25223,25230,0.0,0.0,nan,-6.795093930975743e-05
osm,el_junquito,t_test,max,3.9,0,1,6,25223,25230,0.0,0.0,nan,-6.795093930975743e-05
osm,el_junquito,t_test,max,4.0,0,1,6,25223,25230,0.0,0.0,nan,-6.795093930975743e-05
osm,el_junquito,t_test,max,4.1,0,1,6,25223,25230,0.0,0.0,nan,-6.795093930975743e-05
osm,el_junquito,t_test,max,4.2,0,1,6,25223,25230,0.0,0.0,nan,-6.795093930975743e-05
osm,el_junquito,t_test,max,4.3,0,1,6,25223,25230,0.0,0.0,nan,-6.795093930975743e-05
osm,el_junquito,t_test,max,4.4,0,0,6,25224,25230,nan,0.0,nan,0.0
osm,el_junquito,t_test,max,4.5,0,0,6,25224,25230,nan,0.0,nan,0.0
osm,el_junquito,t_test,max,4.6,0,0,6,25224,25230,nan,0.0,nan,0.0
osm,el_junquito,t_test,max,4.7,0,0,6,25224,25230,nan,0.0,nan,0.0
osm,el_junquito,t_test,max,4.8,0,0,6,25224,25230,nan,0.0,nan,0.0
osm,el_junquito,t_test,max,4.9,0,0,6,25224,25230,nan,0.0,nan,0.0
osm,el_junquito,t_test,max,5.0,0,0,6,25224,25230,nan,0.0,nan,0.0
osm,el_junquito,t_test,max,5.1,0,0,6,25224,25230,nan,0.0,nan,0.0
osm,el_junquito,t_test,max,5.2,0,0,6,25224,25230,nan,0.0,nan,0.0
osm,el_junquito,t_test,max,5.3,0,0,6,25224,25230,nan,0.0,nan,0.0
osm,el_junquito,t_test,max,5.4,0,0,6,25224,25230,nan,0.0,nan,0.0
osm,el_junquito,t_test,max,5.5,0,0,6,25224,25230,nan,0.0,nan,0.0
osm,el_junquito,t_test,max,5.6,0,0,6,25224,25230,nan,0.0,nan,0.0
osm,el_junquito,t_test,max,5.7,0,0,6,25224,25230,nan,0.0,nan,0.0
osm,el_junquito,t_test,max,5.8,0,0,6,25224,25230,nan,0.0,nan,0.0
osm,el_junquito,t_test,max,5.9,0,0,6,25224,25230,nan,0.0,nan,0.0
osm,el_junquito,t_test,max,6.0,0,0,6,25224,25230,nan,0.0,nan,0.0
osm,el_junquito,t_test,p75,0.0,6,25224,0,0,25230,0.00023781212841854935,1.0,0.00047551117451260106,0.0
osm,el_junquito,t_test,p75,0.1,6,25224,0,0,25230,0.00023781212841854935,1.0,0.00047551117451260106,0.0
osm,el_junquito,t_test,p75,0.2,6,25224,0,0,25230,0.00023781212841854935,1.0,0.00047551117451260106,0.0
osm,el_junquito,t_test,p75,0.3,6,25224,0,0,25230,0.00023781212841854935,1.0,0.00047551117451260106,0.0
osm,el_junquito,t_test,p75,0.4,6,25224,0,0,25230,0.00023781212841854935,1.0,0.00047551117451260106,0.0
osm,el_junquito,t_test,p75,0.5,6,25224,0,0,25230,0.00023781212841854935,1.0,0.00047551117451260106,0.0
osm,el_junquito,t_test,p75,0.6,6,25224,0,0,25230,0.00023781212841854935,1.0,0.00047551117451260106,0.0
osm,el_junquito,t_test,p75,0.7,6,25224,0,0,25230,0.00023781212841854935,1.0,0.00047551117451260106,0.0
osm,el_junquito,t_test,p75,0.8,6,25224,0,0,25230,0.00023781212841854935,1.0,0.00047551117451260106,0.0
osm,el_junquito,t_test,p75,0.9,6,25223,0,1,25230,0.00023782155456022832,1.0,0.0004755300178323757,1.8856767583880824e-08
osm,el_junquito,t_test,p75,1.0,6,25222,0,2,25230,0.00023783098144918344,1.0,0.0004755488626456368,3.771502960887709e-08
osm,el_junquito,t_test,p75,1.1,6,25149,0,75,25230,0.0002385211687537269,1.0,0.00047692857994515326,1.4184169814109115e-06
osm,el_junquito,t_test,p75,1.2,6,24749,0,475,25230,0.0002423752777216724,1.0,0.00048463309236299024,9.12842780266156e-06
osm,el_junquito,t_test,p75,1.3,6,23729,0,1495,25230,0.00025279123657046557,1.0,0.000505454698622636,2.9964893471559274e-05
osm,el_junquito,t_test,p75,1.4,6,21729,0,3495,25230,0.00027605244996549346,1.0,0.000551952532082241,7.649590952080561e-05
osm,el_junquito,t_test,p75,1.5,6,18734,0,6490,25230,0.00032017075773745996,1.0,0.0006401365624666595,0.00016474286849317568
osm,el_junquito,t_test,p75,1.6,6,15105,0,10119,25230,0.0003970617431010522,1.0,0.0007938082952966858,0.00031852425343122716
osm,el_junquito,t_test,p75,1.7,6,11316,0,13908,25230,0.0005299417064122947,1.0,0.0010593220338983053,0.0005842274222440082
osm,el_junquito,t_test,p75,1.8,6,8047,0,17177,25230,0.0007450639513224885,1.0,0.0014890184886462339,0.0010142303718861782
osm,el_junquito,t_test,p75,1.9,4,5256,2,19968,25230,0.0007604562737642585,0.6666666666666666,0.0015191796429927839,0.0010445935731291558
osm,el_junquito,t_test,p75,2.0,3,3119,3,22105,25230,0.0009609224855861628,0.5,0.001918158567774936,0.0014441321804604152
osm,el_junquito,t_test,p75,2.1,3,1871,3,23353,25230,0.0016008537886872999,0.5,0.0031914893617021275,0.002718671994160885
osm,el_junquito,t_test,p75,2.2,3,1063,3,24161,25230,0.0028142589118198874,0.5,0.005597014925373135,0.005126477374520101
osm,el_junquito,t_test,p75,2.3,3,593,3,24631,25230,0.0050335570469798654,0.5,0.009966777408637873,0.00950036716204292
osm,el_junquito,t_test,p75,2.4,2,332,4,24892,25230,0.005988023952095809,0.3333333333333333,0.011764705882352941,0.01130275599146162
osm,el_junquito,t_test,p75,2.5,2,190,4,25034,25230,0.010416666666666666,0.3333333333333333,0.0202020202020202,0.019749917688655406
osm,el_junquito,t_test,p75,2.6,2,109,4,25115,25230,0.018018018018018018,0.3333333333333333,0.03418803418803419,0.03375203095799716
osm,el_junquito,t_test,p75,2.7,2,52,4,25172,25230,0.037037037037037035,0.3333333333333333,0.06666666666666667,0.0662669711964974
osm,el_junquito,t_test,p75,2.8,2,30,4,25194,25230,0.0625,0.3333333333333333,0.10526315789473684,0.10490464921181875
osm,el_junquito,t_test,p75,2.9,0,21,6,25203,25230,0.0,0.0,nan,-0.00037006687638406867
osm,el_junquito,t_test,p75,3.0,0,14,6,25210,25230,0.0,0.0,nan,-0.00033304786374743057
osm,el_junquito,t_test,p75,3.1,0,8,6,25216,25230,0.0,0.0,nan,-0.00027185917669842564
osm,el_junquito,t_test,p75,3.2,0,6,6,25218,25230,0.0,0.0,nan,-0.000237868696554519
osm,el_junquito,t_test,p75,3.3,0,3,6,25221,25230,0.0,0.0,nan,-0.00015856655805149646
osm,el_junquito,t_test,p75,3.4,0,1,6,25223,25230,0.0,0.0,nan,-6.795093930975743e-05
osm,el_junquito,t_test,p75,3.5,0,1,6,25223,25230,0.0,0.0,nan,-6.795093930975743e-05
osm,el_junquito,t_test,p75,3.6,0,1,6,25223,25230,0.0,0.0,nan,-6.795093930975743e-05
osm,el_junquito,t_test,p75,3.7,0,0,6,25224,25230,nan,0.0,nan,0.0
osm,el_junquito,t_test,p75,3.8,0,0,6,25224,25230,nan,0.0,nan,0.0
osm,el_junquito,t_test,p75,3.9,0,0,6,25224,25230,nan,0.0,nan,0.0
osm,el_junquito,t_test,p75,4.0,0,0,6,25224,25230,nan,0.0,nan,0.0
osm,el_junquito,t_test,p75,4.1,0,0,6,25224,25230,nan,0.0,nan,0.0
osm,el_junquito,t_test,p75,4.2,0,0,6,25224,25230,nan,0.0,nan,0.0
osm,el_junquito,t_test,p75,4.3,0,0,6,25224,25230,nan,0.0,nan,0.0
osm,el_junquito,t_test,p75,4.4,0,0,6,25224,25230,nan,0.0,nan,0.0
osm,el_junquito,t_test,p75,4.5,0,0,6,25224,25230,nan,0.0,nan,0.0
osm,el_junquito,t_test,p75,4.6,0,0,6,25224,25230,nan,0.0,nan,0.0
osm,el_junquito,t_test,p75,4.7,0,0,6,25224,25230,nan,0.0,nan,0.0
osm,el_junquito,t_test,p75,4.8,0,0,6,25224,25230,nan,0.0,nan,0.0
osm,el_junquito,t_test,p75,4.9,0,0,6,25224,25230,nan,0.0,nan,0.0
osm,el_junquito,t_test,p75,5.0,0,0,6,25224,25230,nan,0.0,nan,0.0
osm,el_junquito,t_test,p75,5.1,0,0,6,25224,25230,nan,0.0,nan,0.0
osm,el_junquito,t_test,p75,5.2,0,0,6,25224,25230,nan,0.0,nan,0.0
osm,el_junquito,t_test,p75,5.3,0,0,6,25224,25230,nan,0.0,nan,0.0
osm,el_junquito,t_test,p75,5.4,0,0,6,25224,25230,nan,0.0,nan,0.0
osm,el_junquito,t_test,p75,5.5,0,0,6,25224,25230,nan,0.0,nan,0.0
osm,el_junquito,t_test,p75,5.6,0,0,6,25224,25230,nan,0.0,nan,0.0
osm,el_junquito,t_test,p75,5.7,0,0,6,25224,25230,nan,0.0,nan,0.0
osm,el_junquito,t_test,p75,5.8,0,0,6,25224,25230,nan,0.0,nan,0.0
osm,el_junquito,t_test,p75,5.9,0,0,6,25224,25230,nan,0.0,nan,0.0
osm,el_junquito,t_test,p75,6.0,0,0,6,25224,25230,nan,0.0,nan,0.0
osm,el_junquito,t_test,p90,0.0,6,25224,0,0,25230,0.00023781212841854935,1.0,0.00047551117451260106,0.0
osm,el_junquito,t_test,p90,0.1,6,25224,0,0,25230,0.00023781212841854935,1.0,0.00047551117451260106,0.0
osm,el_junquito,t_test,p90,0.2,6,25224,0,0,25230,0.00023781212841854935,1.0,0.00047551117451260106,0.0
osm,el_junquito,t_test,p90,0.3,6,25224,0,0,25230,0.00023781212841854935,1.0,0.00047551117451260106,0.0
osm,el_junquito,t_test,p90,0.4,6,25224,0,0,25230,0.00023781212841854935,1.0,0.00047551117451260106,0.0
osm,el_junquito,t_test,p90,0.5,6,25224,0,0,25230,0.00023781212841854935,1.0,0.00047551117451260106,0.0
osm,el_junquito,t_test,p90,0.6,6,25224,0,0,25230,0.00023781212841854935,1.0,0.00047551117451260106,0.0
osm,el_junquito,t_test,p90,0.7,6,25224,0,0,25230,0.00023781212841854935,1.0,0.00047551117451260106,0.0
osm,el_junquito,t_test,p90,0.8,6,25224,0,0,25230,0.00023781212841854935,1.0,0.00047551117451260106,0.0
osm,el_junquito,t_test,p90,0.9,6,25224,0,0,25230,0.00023781212841854935,1.0,0.00047551117451260106,0.0
osm,el_junquito,t_test,p90,1.0,6,25222,0,2,25230,0.00023783098144918344,1.0,0.0004755488626456368,3.771502960887709e-08
osm,el_junquito,t_test,p90,1.1,6,25155,0,69,25230,0.0002384642899725766,1.0,0.00047681487662415065,1.3046325146759814e-06
osm,el_junquito,t_test,p90,1.2,6,24796,0,428,25230,0.00024191597451818402,1.0,0.0004837149306675266,8.209610853371877e-06
osm,el_junquito,t_test,p90,1.3,6,23862,0,1362,25230,0.00025138260432378077,1.0,0.0005026388539834129,2.714703930746328e-05
osm,el_junquito,t_test,p90,1.4,6,21985,0,3239,25230,0.0002728388886362603,1.0,0.0005455289357639679,7.006772914569653e-05
osm,el_junquito,t_test,p90,1.5,6,19081,0,6143,25230,0.0003143500812071043,1.0,0.0006285025925731944,0.00015310059674957565
osm,el_junquito,t_test,p90,1.6,6,15536,0,9688,25230,0.00038605070132544073,1.0,0.0007718034473887317,0.00029650370470485463
osm,el_junquito,t_test,p90,1.7,6,11816,0,13408,25230,0.0005075283369988157,1.0,0.0010145417653026716,0.0005394152076145505
osm,el_junquito,t_test,p90,1.8,6,8533,0,16691,25230,0.0007026583909122848,1.0,0.0014043300175541253,0.0009294815009596069
osm,el_junquito,t_test,p90,1.9,5,5670,1,19554,25230,0.000881057268722467,0.8333333333333334,0.0017602534765006161,0.0012857424356362997
osm,el_junquito,t_test,p90,2.0,3,3429,3,21795,25230,0.0008741258741258741,0.5,0.0017452006980802795,0.001271009969186339
osm,el_junquito,t_test,p90,2.1,3,2073,3,23151,25230,0.001445086705202312,0.5,0.0028818443804034585,0.002408733148982796
osm,el_junquito,t_test,p90,2.2,3,1209,3,24015,25230,0.0024752475247524753,0.5,0.0049261083743842365,0.004454935531771704
osm,el_junquito,t_test,p90,2.3,3,689,3,24535,25230,0.004335260115606936,0.5,0.008595988538681949,0.008128285520088454
osm,el_junquito,t_test,p90,2.4,2,399,4,24825,25230,0.004987531172069825,0.3333333333333333,0.009828009828009826,0.009363785218694376
osm,el_junquito,t_test,p90,2.5,2,215,4,25009,25230,0.009216589861751152,0.3333333333333333,0.017937219730941704,0.017482483908258774
osm,el_junquito,t_test,p90,2.6,2,128,4,25096,25230,0.015384615384615385,0.3333333333333333,0.029411764705882356,0.028970294951213435
osm,el_junquito,t_test,p90,2.7,2,72,4,25152,25230,0.02702702702702703,0.3333333333333333,0.05,0.04958186122317832
osm,el_junquito,t_test,p90,2.8,2,34,4,25190,25230,0.05555555555555555,0.3333333333333333,0.09523809523809525,0.09486909333972651
osm,el_junquito,t_test,p90,2.9,0,28,6,25196,25230,0.0,0.0,nan,-0.0003918440460832696
osm,el_junquito,t_test,p90,3.0,0,19,6,25205,25230,0.0,0.0,nan,-0.00036160514628881595
osm,el_junquito,t_test,p90,3.1,0,15,6,25209,25230,0.0,0.0,nan,-0.0003398470687926854
osm,el_junquito,t_test,p90,3.2,0,8,6,25216,25230,0.0,0.0,nan,-0.00027185917669842564
osm,el_junquito,t_test,p90,3.3,0,3,6,25221,25230,0.0,0.0,nan,-0.00015856655805149646
osm,el_junquito,t_test,p90,3.4,0,1,6,25223,25230,0.0,0.0,nan,-6.795093930975743e-05
osm,el_junquito,t_test,p90,3.5,0,1,6,25223,25230,0.0,0.0,nan,-6.795093930975743e-05
osm,el_junquito,t_test,p90,3.6,0,1,6,25223,25230,0.0,0.0,nan,-6.795093930975743e-05
osm,el_junquito,t_test,p90,3.7,0,1,6,25223,25230,0.0,0.0,nan,-6.795093930975743e-05
osm,el_junquito,t_test,p90,3.8,0,1,6,25223,25230,0.0,0.0,nan,-6.795093930975743e-05
osm,el_junquito,t_test,p90,3.9,0,1,6,25223,25230,0.0,0.0,nan,-6.795093930975743e-05
osm,el_junquito,t_test,p90,4.0,0,1,6,25223,25230,0.0,0.0,nan,-6.795093930975743e-05
osm,el_junquito,t_test,p90,4.1,0,1,6,25223,25230,0.0,0.0,nan,-6.795093930975743e-05
osm,el_junquito,t_test,p90,4.2,0,0,6,25224,25230,nan,0.0,nan,0.0
osm,el_junquito,t_test,p90,4.3,0,0,6,25224,25230,nan,0.0,nan,0.0
osm,el_junquito,t_test,p90,4.4,0,0,6,25224,25230,nan,0.0,nan,0.0
osm,el_junquito,t_test,p90,4.5,0,0,6,25224,25230,nan,0.0,nan,0.0
osm,el_junquito,t_test,p90,4.6,0,0,6,25224,25230,nan,0.0,nan,0.0
osm,el_junquito,t_test,p90,4.7,0,0,6,25224,25230,nan,0.0,nan,0.0
osm,el_junquito,t_test,p90,4.8,0,0,6,25224,25230,nan,0.0,nan,0.0
osm,el_junquito,t_test,p90,4.9,0,0,6,25224,25230,nan,0.0,nan,0.0
osm,el_junquito,t_test,p90,5.0,0,0,6,25224,25230,nan,0.0,nan,0.0
osm,el_junquito,t_test,p90,5.1,0,0,6,25224,25230,nan,0.0,nan,0.0
osm,el_junquito,t_test,p90,5.2,0,0,6,25224,25230,nan,0.0,nan,0.0
osm,el_junquito,t_test,p90,5.3,0,0,6,25224,25230,nan,0.0,nan,0.0
osm,el_junquito,t_test,p90,5.4,0,0,6,25224,25230,nan,0.0,nan,0.0
osm,el_junquito,t_test,p90,5.5,0,0,6,25224,25230,nan,0.0,nan,0.0
osm,el_junquito,t_test,p90,5.6,0,0,6,25224,25230,nan,0.0,nan,0.0
osm,el_junquito,t_test,p90,5.7,0,0,6,25224,25230,nan,0.0,nan,0.0
osm,el_junquito,t_test,p90,5.8,0,0,6,25224,25230,nan,0.0,nan,0.0
osm,el_junquito,t_test,p90,5.9,0,0,6,25224,25230,nan,0.0,nan,0.0
osm,el_junquito,t_test,p90,6.0,0,0,6,25224,25230,nan,0.0,nan,0.0
osm,el_junquito,t_test,frac50,0.0,6,25224,0,0,25230,0.00023781212841854935,1.0,0.00047551117451260106,0.0
osm,el_junquito,t_test,frac50,0.1,6,25224,0,0,25230,0.00023781212841854935,1.0,0.00047551117451260106,0.0
osm,el_junquito,t_test,frac50,0.2,6,25224,0,0,25230,0.00023781212841854935,1.0,0.00047551117451260106,0.0
osm,el_junquito,t_test,frac50,0.3,6,25224,0,0,25230,0.00023781212841854935,1.0,0.00047551117451260106,0.0
osm,el_junquito,t_test,frac50,0.4,6,25224,0,0,25230,0.00023781212841854935,1.0,0.00047551117451260106,0.0
osm,el_junquito,t_test,frac50,0.5,6,25224,0,0,25230,0.00023781212841854935,1.0,0.00047551117451260106,0.0
osm,el_junquito,t_test,frac50,0.6,6,25224,0,0,25230,0.00023781212841854935,1.0,0.00047551117451260106,0.0
osm,el_junquito,t_test,frac50,0.7,6,25224,0,0,25230,0.00023781212841854935,1.0,0.00047551117451260106,0.0
osm,el_junquito,t_test,frac50,0.8,6,25224,0,0,25230,0.00023781212841854935,1.0,0.00047551117451260106,0.0
osm,el_junquito,t_test,frac50,0.9,6,25223,0,1,25230,0.00023782155456022832,1.0,0.0004755300178323757,1.8856767583880824e-08
osm,el_junquito,t_test,frac50,1.0,6,25222,0,2,25230,0.00023783098144918344,1.0,0.0004755488626456368,3.771502960887709e-08
osm,el_junquito,t_test,frac50,1.1,6,25142,0,82,25230,0.0002385875616351201,1.0,0.0004770613023773555,1.551234132590753e-06
osm,el_junquito,t_test,frac50,1.2,6,24760,0,464,25230,0.00024226762496971655,1.0,0.0004844178911674471,8.913073027036411e-06
osm,el_junquito,t_test,frac50,1.3,6,23747,0,1477,25230,0.0002525996716204269,1.0,0.0005050717622795572,2.958168384656404e-05
osm,el_junquito,t_test,frac50,1.4,6,21727,0,3497,25230,0.00027607785395481523,1.0,0.0005520033120198721,7.654672569629309e-05
osm,el_junquito,t_test,frac50,1.5,6,18732,0,6492,25230,0.0003202049311559398,1.0,0.0006402048655569782,0.0001648112203234948
osm,el_junquito,t_test,frac50,1.6,6,15122,0,10102,25230,0.0003966155473294553,1.0,0.0007929166116030131,0.0003176319335110253
osm,el_junquito,t_test,frac50,1.7,6,11375,0,13849,25230,0.0005271944468851594,1.0,0.0010538333186967594,0.0005787347914702275
osm,el_junquito,t_test,frac50,1.8,6,8133,0,17091,25230,0.0007371913011426465,1.0,0.0014732965009208103,0.0009984971714938177
osm,el_junquito,t_test,frac50,1.9,4,5353,2,19871,25230,0.0007466865783087549,0.6666666666666666,0.0014917024053701287,0.001017093479035689
osm,el_junquito,t_test,frac50,2.0,3,3199,3,22025,25230,0.0009369144284821987,0.5,0.0018703241895261847,0.001396252353663517
osm,el_junquito,t_test,frac50,2.1,3,1899,3,23325,25230,0.0015772870662460567,0.5,0.0031446540880503146,0.002671792278064344
osm,el_junquito,t_test,frac50,2.2,3,1105,3,24119,25230,0.002707581227436823,0.5,0.0053859964093357264,0.004915259088018318
osm,el_junquito,t_test,frac50,2.3,3,597,3,24627,25230,0.005,0.5,0.009900990099009901,0.009434517850201826
osm,el_junquito,t_test,frac50,2.4,2,355,4,24869,25230,0.0056022408963585435,0.3333333333333333,0.011019283746556474,0.010556458965424521
osm,el_junquito,t_test,frac50,2.5,2,186,4,25038,25230,0.010638297872340425,0.3333333333333333,0.020618556701030927,0.020166937701287618
osm,el_junquito,t_test,frac50,2.6,2,114,4,25110,25230,0.017241379310344827,0.3333333333333333,0.03278688524590164,0.032349281755461326
osm,el_junquito,t_test,frac50,2.7,2,62,4,25162,25230,0.03125,0.3333333333333333,0.05714285714285714,0.05673267124826513
osm,el_junquito,t_test,frac50,2.8,1,30,5,25194,25230,0.03225806451612903,0.16666666666666666,0.05405405405405405,0.05367694810421388
osm,el_junquito,t_test,frac50,2.9,0,21,6,25203,25230,0.0,0.0,nan,-0.00037006687638406867
osm,el_junquito,t_test,frac50,3.0,0,14,6,25210,25230,0.0,0.0,nan,-0.00033304786374743057
osm,el_junquito,t_test,frac50,3.1,0,14,6,25210,25230,0.0,0.0,nan,-0.00033304786374743057
osm,el_junquito,t_test,frac50,3.2,0,12,6,25212,25230,0.0,0.0,nan,-0.0003171834114075721
osm,el_junquito,t_test,frac50,3.3,0,5,6,25219,25230,0.0,0.0,nan,-0.00021623959362262102
osm,el_junquito,t_test,frac50,3.4,0,1,6,25223,25230,0.0,0.0,nan,-6.795093930975743e-05
osm,el_junquito,t_test,frac50,3.5,0,1,6,25223,25230,0.0,0.0,nan,-6.795093930975743e-05
osm,el_junquito,t_test,frac50,3.6,0,0,6,25224,25230,nan,0.0,nan,0.0
osm,el_junquito,t_test,frac50,3.7,0,0,6,25224,25230,nan,0.0,nan,0.0
osm,el_junquito,t_test,frac50,3.8,0,0,6,25224,25230,nan,0.0,nan,0.0
osm,el_junquito,t_test,frac50,3.9,0,0,6,25224,25230,nan,0.0,nan,0.0
osm,el_junquito,t_test,frac50,4.0,0,0,6,25224,25230,nan,0.0,nan,0.0
osm,el_junquito,t_test,frac50,4.1,0,0,6,25224,25230,nan,0.0,nan,0.0
osm,el_junquito,t_test,frac50,4.2,0,0,6,25224,25230,nan,0.0,nan,0.0
osm,el_junquito,t_test,frac50,4.3,0,0,6,25224,25230,nan,0.0,nan,0.0
osm,el_junquito,t_test,frac50,4.4,0,0,6,25224,25230,nan,0.0,nan,0.0
osm,el_junquito,t_test,frac50,4.5,0,0,6,25224,25230,nan,0.0,nan,0.0
osm,el_junquito,t_test,frac50,4.6,0,0,6,25224,25230,nan,0.0,nan,0.0
osm,el_junquito,t_test,frac50,4.7,0,0,6,25224,25230,nan,0.0,nan,0.0
osm,el_junquito,t_test,frac50,4.8,0,0,6,25224,25230,nan,0.0,nan,0.0
osm,el_junquito,t_test,frac50,4.9,0,0,6,25224,25230,nan,0.0,nan,0.0
osm,el_junquito,t_test,frac50,5.0,0,0,6,25224,25230,nan,0.0,nan,0.0
osm,el_junquito,t_test,frac50,5.1,0,0,6,25224,25230,nan,0.0,nan,0.0
osm,el_junquito,t_test,frac50,5.2,0,0,6,25224,25230,nan,0.0,nan,0.0
osm,el_junquito,t_test,frac50,5.3,0,0,6,25224,25230,nan,0.0,nan,0.0
osm,el_junquito,t_test,frac50,5.4,0,0,6,25224,25230,nan,0.0,nan,0.0
osm,el_junquito,t_test,frac50,5.5,0,0,6,25224,25230,nan,0.0,nan,0.0
osm,el_junquito,t_test,frac50,5.6,0,0,6,25224,25230,nan,0.0,nan,0.0
osm,el_junquito,t_test,frac50,5.7,0,0,6,25224,25230,nan,0.0,nan,0.0
osm,el_junquito,t_test,frac50,5.8,0,0,6,25224,25230,nan,0.0,nan,0.0
osm,el_junquito,t_test,frac50,5.9,0,0,6,25224,25230,nan,0.0,nan,0.0
osm,el_junquito,t_test,frac50,6.0,0,0,6,25224,25230,nan,0.0,nan,0.0
osm,GLOBAL,bdpm,mean,0.0,399,137374,4,22139,159916,0.002896068170105899,0.9900744416873449,0.005775243168133395,0.0007535841275926778
osm,GLOBAL,bdpm,mean,0.1,383,80068,20,79445,159916,0.0047606617692757085,0.9503722084367245,0.009473866475375368,0.004481315870804356
osm,GLOBAL,bdpm,mean,0.2,370,49866,33,109647,159916,0.007365236085675611,0.9181141439205955,0.014613242757558405,0.009661515557259588
osm,GLOBAL,bdpm,mean,0.3,358,34304,45,125209,159916,0.010328313426807454,0.8883374689826302,0.02041922144588621,0.015514297115046906
osm,GLOBAL,bdpm,mean,0.4,339,24231,64,135282,159916,0.013797313797313797,0.8411910669975186,0.02714932126696833,0.022301097114299815
osm,GLOBAL,bdpm,mean,0.5,310,16951,93,142562,159916,0.017959562018423036,0.7692307692307693,0.035099637681159424,0.030323830958239397
osm,GLOBAL,bdpm,mean,0.6,219,10677,184,148836,159916,0.020099118942731278,0.543424317617866,0.03876449243295867,0.03406970431066994
osm,GLOBAL,bdpm,mean,0.7,108,4679,295,154834,159916,0.022561102987257154,0.2679900744416873,0.04161849710982658,0.0371423818180109
osm,GLOBAL,bdpm,mean,0.8,11,629,392,158884,159916,0.0171875,0.02729528535980149,0.021093000958772774,0.018056136214710524
osm,GLOBAL,bdpm,mean,0.9,0,1,403,159512,159916,0.0,0.0,nan,-1.2475764786048747e-05
osm,GLOBAL,bdpm,mean,1.0,0,0,403,159513,159916,nan,0.0,nan,0.0
osm,GLOBAL,bdpm,mean,1.1,0,0,403,159513,159916,nan,0.0,nan,0.0
osm,GLOBAL,bdpm,mean,1.2,0,0,403,159513,159916,nan,0.0,nan,0.0
osm,GLOBAL,bdpm,mean,1.3,0,0,403,159513,159916,nan,0.0,nan,0.0
osm,GLOBAL,bdpm,mean,1.4,0,0,403,159513,159916,nan,0.0,nan,0.0
osm,GLOBAL,bdpm,mean,1.5,0,0,403,159513,159916,nan,0.0,nan,0.0
osm,GLOBAL,bdpm,mean,1.6,0,0,403,159513,159916,nan,0.0,nan,0.0
osm,GLOBAL,bdpm,mean,1.7,0,0,403,159513,159916,nan,0.0,nan,0.0
osm,GLOBAL,bdpm,mean,1.8,0,0,403,159513,159916,nan,0.0,nan,0.0
osm,GLOBAL,bdpm,mean,1.9,0,0,403,159513,159916,nan,0.0,nan,0.0
osm,GLOBAL,bdpm,mean,2.0,0,0,403,159513,159916,nan,0.0,nan,0.0
osm,GLOBAL,bdpm,mean,2.1,0,0,403,159513,159916,nan,0.0,nan,0.0
osm,GLOBAL,bdpm,mean,2.2,0,0,403,159513,159916,nan,0.0,nan,0.0
osm,GLOBAL,bdpm,mean,2.3,0,0,403,159513,159916,nan,0.0,nan,0.0
osm,GLOBAL,bdpm,mean,2.4,0,0,403,159513,159916,nan,0.0,nan,0.0
osm,GLOBAL,bdpm,mean,2.5,0,0,403,159513,159916,nan,0.0,nan,0.0
osm,GLOBAL,bdpm,mean,2.6,0,0,403,159513,159916,nan,0.0,nan,0.0
osm,GLOBAL,bdpm,mean,2.7,0,0,403,159513,159916,nan,0.0,nan,0.0
osm,GLOBAL,bdpm,mean,2.8,0,0,403,159513,159916,nan,0.0,nan,0.0
osm,GLOBAL,bdpm,mean,2.9,0,0,403,159513,159916,nan,0.0,nan,0.0
osm,GLOBAL,bdpm,mean,3.0,0,0,403,159513,159916,nan,0.0,nan,0.0
osm,GLOBAL,bdpm,mean,3.1,0,0,403,159513,159916,nan,0.0,nan,0.0
osm,GLOBAL,bdpm,mean,3.2,0,0,403,159513,159916,nan,0.0,nan,0.0
osm,GLOBAL,bdpm,mean,3.3,0,0,403,159513,159916,nan,0.0,nan,0.0
osm,GLOBAL,bdpm,mean,3.4,0,0,403,159513,159916,nan,0.0,nan,0.0
osm,GLOBAL,bdpm,mean,3.5,0,0,403,159513,159916,nan,0.0,nan,0.0
osm,GLOBAL,bdpm,mean,3.6,0,0,403,159513,159916,nan,0.0,nan,0.0
osm,GLOBAL,bdpm,mean,3.7,0,0,403,159513,159916,nan,0.0,nan,0.0
osm,GLOBAL,bdpm,mean,3.8,0,0,403,159513,159916,nan,0.0,nan,0.0
osm,GLOBAL,bdpm,mean,3.9,0,0,403,159513,159916,nan,0.0,nan,0.0
osm,GLOBAL,bdpm,mean,4.0,0,0,403,159513,159916,nan,0.0,nan,0.0
osm,GLOBAL,bdpm,mean,4.1,0,0,403,159513,159916,nan,0.0,nan,0.0
osm,GLOBAL,bdpm,mean,4.2,0,0,403,159513,159916,nan,0.0,nan,0.0
osm,GLOBAL,bdpm,mean,4.3,0,0,403,159513,159916,nan,0.0,nan,0.0
osm,GLOBAL,bdpm,mean,4.4,0,0,403,159513,159916,nan,0.0,nan,0.0
osm,GLOBAL,bdpm,mean,4.5,0,0,403,159513,159916,nan,0.0,nan,0.0
osm,GLOBAL,bdpm,mean,4.6,0,0,403,159513,159916,nan,0.0,nan,0.0
osm,GLOBAL,bdpm,mean,4.7,0,0,403,159513,159916,nan,0.0,nan,0.0
osm,GLOBAL,bdpm,mean,4.8,0,0,403,159513,159916,nan,0.0,nan,0.0
osm,GLOBAL,bdpm,mean,4.9,0,0,403,159513,159916,nan,0.0,nan,0.0
osm,GLOBAL,bdpm,mean,5.0,0,0,403,159513,159916,nan,0.0,nan,0.0
osm,GLOBAL,bdpm,mean,5.1,0,0,403,159513,159916,nan,0.0,nan,0.0
osm,GLOBAL,bdpm,mean,5.2,0,0,403,159513,159916,nan,0.0,nan,0.0
osm,GLOBAL,bdpm,mean,5.3,0,0,403,159513,159916,nan,0.0,nan,0.0
osm,GLOBAL,bdpm,mean,5.4,0,0,403,159513,159916,nan,0.0,nan,0.0
osm,GLOBAL,bdpm,mean,5.5,0,0,403,159513,159916,nan,0.0,nan,0.0
osm,GLOBAL,bdpm,mean,5.6,0,0,403,159513,159916,nan,0.0,nan,0.0
osm,GLOBAL,bdpm,mean,5.7,0,0,403,159513,159916,nan,0.0,nan,0.0
osm,GLOBAL,bdpm,mean,5.8,0,0,403,159513,159916,nan,0.0,nan,0.0
osm,GLOBAL,bdpm,mean,5.9,0,0,403,159513,159916,nan,0.0,nan,0.0
osm,GLOBAL,bdpm,mean,6.0,0,0,403,159513,159916,nan,0.0,nan,0.0
osm,GLOBAL,bdpm,max,0.0,402,141218,1,18295,159916,0.0028385821211693264,0.9975186104218362,0.005661054899558522,0.0006384191783266241
osm,GLOBAL,bdpm,max,0.1,392,86897,11,72616,159916,0.004490829314117472,0.9727047146401985,0.008940382246955252,0.003943181694808303
osm,GLOBAL,bdpm,max,0.2,374,54640,29,104873,159916,0.006798269531392009,0.9280397022332506,0.013497663171950846,0.008536883969548789
osm,GLOBAL,bdpm,max,0.3,365,37535,38,121978,159916,0.00963060686015831,0.9057071960297767,0.019058559381771666,0.014141970199916712
osm,GLOBAL,bdpm,max,0.4,352,26554,51,132959,159916,0.013082583810302535,0.8734491315136477,0.02577904720055659,0.020917148475901298
osm,GLOBAL,bdpm,max,0.5,330,18822,73,140691,159916,0.017230576441102756,0.8188585607940446,0.033750958834057786,0.028957625642660727
osm,GLOBAL,bdpm,max,0.6,268,12375,135,147138,159916,0.021197500593213636,0.6650124069478908,0.0410853901579028,0.0363786273698301
osm,GLOBAL,bdpm,max,0.7,156,6262,247,153251,159916,0.024306637581801183,0.3870967741935484,0.0457410936812784,0.04119408807104177
osm,GLOBAL,bdpm,max,0.8,40,1217,363,158296,159916,0.031821797931583136,0.09925558312655088,0.048192771084337345,0.04454623943426025
osm,GLOBAL,bdpm,max,0.9,0,2,403,159511,159916,0.0,0.0,nan,-2.489022976062316e-05
osm,GLOBAL,bdpm,max,1.0,0,0,403,159513,159916,nan,0.0,nan,0.0
osm,GLOBAL,bdpm,max,1.1,0,0,403,159513,159916,nan,0.0,nan,0.0
osm,GLOBAL,bdpm,max,1.2,0,0,403,159513,159916,nan,0.0,nan,0.0
osm,GLOBAL,bdpm,max,1.3,0,0,403,159513,159916,nan,0.0,nan,0.0
osm,GLOBAL,bdpm,max,1.4,0,0,403,159513,159916,nan,0.0,nan,0.0
osm,GLOBAL,bdpm,max,1.5,0,0,403,159513,159916,nan,0.0,nan,0.0
osm,GLOBAL,bdpm,max,1.6,0,0,403,159513,159916,nan,0.0,nan,0.0
osm,GLOBAL,bdpm,max,1.7,0,0,403,159513,159916,nan,0.0,nan,0.0
osm,GLOBAL,bdpm,max,1.8,0,0,403,159513,159916,nan,0.0,nan,0.0
osm,GLOBAL,bdpm,max,1.9,0,0,403,159513,159916,nan,0.0,nan,0.0
osm,GLOBAL,bdpm,max,2.0,0,0,403,159513,159916,nan,0.0,nan,0.0
osm,GLOBAL,bdpm,max,2.1,0,0,403,159513,159916,nan,0.0,nan,0.0
osm,GLOBAL,bdpm,max,2.2,0,0,403,159513,159916,nan,0.0,nan,0.0
osm,GLOBAL,bdpm,max,2.3,0,0,403,159513,159916,nan,0.0,nan,0.0
osm,GLOBAL,bdpm,max,2.4,0,0,403,159513,159916,nan,0.0,nan,0.0
osm,GLOBAL,bdpm,max,2.5,0,0,403,159513,159916,nan,0.0,nan,0.0
osm,GLOBAL,bdpm,max,2.6,0,0,403,159513,159916,nan,0.0,nan,0.0
osm,GLOBAL,bdpm,max,2.7,0,0,403,159513,159916,nan,0.0,nan,0.0
osm,GLOBAL,bdpm,max,2.8,0,0,403,159513,159916,nan,0.0,nan,0.0
osm,GLOBAL,bdpm,max,2.9,0,0,403,159513,159916,nan,0.0,nan,0.0
osm,GLOBAL,bdpm,max,3.0,0,0,403,159513,159916,nan,0.0,nan,0.0
osm,GLOBAL,bdpm,max,3.1,0,0,403,159513,159916,nan,0.0,nan,0.0
osm,GLOBAL,bdpm,max,3.2,0,0,403,159513,159916,nan,0.0,nan,0.0
osm,GLOBAL,bdpm,max,3.3,0,0,403,159513,159916,nan,0.0,nan,0.0
osm,GLOBAL,bdpm,max,3.4,0,0,403,159513,159916,nan,0.0,nan,0.0
osm,GLOBAL,bdpm,max,3.5,0,0,403,159513,159916,nan,0.0,nan,0.0
osm,GLOBAL,bdpm,max,3.6,0,0,403,159513,159916,nan,0.0,nan,0.0
osm,GLOBAL,bdpm,max,3.7,0,0,403,159513,159916,nan,0.0,nan,0.0
osm,GLOBAL,bdpm,max,3.8,0,0,403,159513,159916,nan,0.0,nan,0.0
osm,GLOBAL,bdpm,max,3.9,0,0,403,159513,159916,nan,0.0,nan,0.0
osm,GLOBAL,bdpm,max,4.0,0,0,403,159513,159916,nan,0.0,nan,0.0
osm,GLOBAL,bdpm,max,4.1,0,0,403,159513,159916,nan,0.0,nan,0.0
osm,GLOBAL,bdpm,max,4.2,0,0,403,159513,159916,nan,0.0,nan,0.0
osm,GLOBAL,bdpm,max,4.3,0,0,403,159513,159916,nan,0.0,nan,0.0
osm,GLOBAL,bdpm,max,4.4,0,0,403,159513,159916,nan,0.0,nan,0.0
osm,GLOBAL,bdpm,max,4.5,0,0,403,159513,159916,nan,0.0,nan,0.0
osm,GLOBAL,bdpm,max,4.6,0,0,403,159513,159916,nan,0.0,nan,0.0
osm,GLOBAL,bdpm,max,4.7,0,0,403,159513,159916,nan,0.0,nan,0.0
osm,GLOBAL,bdpm,max,4.8,0,0,403,159513,159916,nan,0.0,nan,0.0
osm,GLOBAL,bdpm,max,4.9,0,0,403,159513,159916,nan,0.0,nan,0.0
osm,GLOBAL,bdpm,max,5.0,0,0,403,159513,159916,nan,0.0,nan,0.0
osm,GLOBAL,bdpm,max,5.1,0,0,403,159513,159916,nan,0.0,nan,0.0
osm,GLOBAL,bdpm,max,5.2,0,0,403,159513,159916,nan,0.0,nan,0.0
osm,GLOBAL,bdpm,max,5.3,0,0,403,159513,159916,nan,0.0,nan,0.0
osm,GLOBAL,bdpm,max,5.4,0,0,403,159513,159916,nan,0.0,nan,0.0
osm,GLOBAL,bdpm,max,5.5,0,0,403,159513,159916,nan,0.0,nan,0.0
osm,GLOBAL,bdpm,max,5.6,0,0,403,159513,159916,nan,0.0,nan,0.0
osm,GLOBAL,bdpm,max,5.7,0,0,403,159513,159916,nan,0.0,nan,0.0
osm,GLOBAL,bdpm,max,5.8,0,0,403,159513,159916,nan,0.0,nan,0.0
osm,GLOBAL,bdpm,max,5.9,0,0,403,159513,159916,nan,0.0,nan,0.0
osm,GLOBAL,bdpm,max,6.0,0,0,403,159513,159916,nan,0.0,nan,0.0
osm,GLOBAL,bdpm,p75,0.0,399,139575,4,19938,159916,0.0028505293840284623,0.9900744416873449,0.005684691936713279,0.0006623440433095063
osm,GLOBAL,bdpm,p75,0.1,389,83378,14,76135,159916,0.004643833490515358,0.9652605459057072,0.009243198289176666,0.004248494584236648
osm,GLOBAL,bdpm,p75,0.2,371,52159,32,107354,159916,0.007062630877593756,0.9205955334987593,0.014017720514612813,0.009061269493400803
osm,GLOBAL,bdpm,p75,0.3,360,35861,43,123652,159916,0.009938985671295657,0.8933002481389578,0.019659239842726082,0.014748068576345206
osm,GLOBAL,bdpm,p75,0.4,349,25417,54,134096,159916,0.013544981758907088,0.8660049627791563,0.02667278077114143,0.021818527504084036
osm,GLOBAL,bdpm,p75,0.5,318,17902,85,141611,159916,0.017453347969264545,0.7890818858560794,0.03415131826236374,0.029365041786364184
osm,GLOBAL,bdpm,p75,0.6,245,11542,158,147971,159916,0.020785611266649698,0.607940446650124,0.04019688269073011,0.035496355442290586
osm,GLOBAL,bdpm,p75,0.7,132,5387,271,154126,159916,0.023917376336292807,0.32754342431761785,0.044579533941236066,0.04007059441826275
osm,GLOBAL,bdpm,p75,0.8,21,855,382,158658,159916,0.023972602739726026,0.052109181141439205,0.03283815480844409,0.029487901544182807
osm,GLOBAL,bdpm,p75,0.9,0,1,403,159512,159916,0.0,0.0,nan,-1.2475764786048747e-05
osm,GLOBAL,bdpm,p75,1.0,0,0,403,159513,159916,nan,0.0,nan,0.0
osm,GLOBAL,bdpm,p75,1.1,0,0,403,159513,159916,nan,0.0,nan,0.0
osm,GLOBAL,bdpm,p75,1.2,0,0,403,159513,159916,nan,0.0,nan,0.0
osm,GLOBAL,bdpm,p75,1.3,0,0,403,159513,159916,nan,0.0,nan,0.0
osm,GLOBAL,bdpm,p75,1.4,0,0,403,159513,159916,nan,0.0,nan,0.0
osm,GLOBAL,bdpm,p75,1.5,0,0,403,159513,159916,nan,0.0,nan,0.0
osm,GLOBAL,bdpm,p75,1.6,0,0,403,159513,159916,nan,0.0,nan,0.0
osm,GLOBAL,bdpm,p75,1.7,0,0,403,159513,159916,nan,0.0,nan,0.0
osm,GLOBAL,bdpm,p75,1.8,0,0,403,159513,159916,nan,0.0,nan,0.0
osm,GLOBAL,bdpm,p75,1.9,0,0,403,159513,159916,nan,0.0,nan,0.0
osm,GLOBAL,bdpm,p75,2.0,0,0,403,159513,159916,nan,0.0,nan,0.0
osm,GLOBAL,bdpm,p75,2.1,0,0,403,159513,159916,nan,0.0,nan,0.0
osm,GLOBAL,bdpm,p75,2.2,0,0,403,159513,159916,nan,0.0,nan,0.0
osm,GLOBAL,bdpm,p75,2.3,0,0,403,159513,159916,nan,0.0,nan,0.0
osm,GLOBAL,bdpm,p75,2.4,0,0,403,159513,159916,nan,0.0,nan,0.0
osm,GLOBAL,bdpm,p75,2.5,0,0,403,159513,159916,nan,0.0,nan,0.0
osm,GLOBAL,bdpm,p75,2.6,0,0,403,159513,159916,nan,0.0,nan,0.0
osm,GLOBAL,bdpm,p75,2.7,0,0,403,159513,159916,nan,0.0,nan,0.0
osm,GLOBAL,bdpm,p75,2.8,0,0,403,159513,159916,nan,0.0,nan,0.0
osm,GLOBAL,bdpm,p75,2.9,0,0,403,159513,159916,nan,0.0,nan,0.0
osm,GLOBAL,bdpm,p75,3.0,0,0,403,159513,159916,nan,0.0,nan,0.0
osm,GLOBAL,bdpm,p75,3.1,0,0,403,159513,159916,nan,0.0,nan,0.0
osm,GLOBAL,bdpm,p75,3.2,0,0,403,159513,159916,nan,0.0,nan,0.0
osm,GLOBAL,bdpm,p75,3.3,0,0,403,159513,159916,nan,0.0,nan,0.0
osm,GLOBAL,bdpm,p75,3.4,0,0,403,159513,159916,nan,0.0,nan,0.0
osm,GLOBAL,bdpm,p75,3.5,0,0,403,159513,159916,nan,0.0,nan,0.0
osm,GLOBAL,bdpm,p75,3.6,0,0,403,159513,159916,nan,0.0,nan,0.0
osm,GLOBAL,bdpm,p75,3.7,0,0,403,159513,159916,nan,0.0,nan,0.0
osm,GLOBAL,bdpm,p75,3.8,0,0,403,159513,159916,nan,0.0,nan,0.0
osm,GLOBAL,bdpm,p75,3.9,0,0,403,159513,159916,nan,0.0,nan,0.0
osm,GLOBAL,bdpm,p75,4.0,0,0,403,159513,159916,nan,0.0,nan,0.0
osm,GLOBAL,bdpm,p75,4.1,0,0,403,159513,159916,nan,0.0,nan,0.0
osm,GLOBAL,bdpm,p75,4.2,0,0,403,159513,159916,nan,0.0,nan,0.0
osm,GLOBAL,bdpm,p75,4.3,0,0,403,159513,159916,nan,0.0,nan,0.0
osm,GLOBAL,bdpm,p75,4.4,0,0,403,159513,159916,nan,0.0,nan,0.0
osm,GLOBAL,bdpm,p75,4.5,0,0,403,159513,159916,nan,0.0,nan,0.0
osm,GLOBAL,bdpm,p75,4.6,0,0,403,159513,159916,nan,0.0,nan,0.0
osm,GLOBAL,bdpm,p75,4.7,0,0,403,159513,159916,nan,0.0,nan,0.0
osm,GLOBAL,bdpm,p75,4.8,0,0,403,159513,159916,nan,0.0,nan,0.0
osm,GLOBAL,bdpm,p75,4.9,0,0,403,159513,159916,nan,0.0,nan,0.0
osm,GLOBAL,bdpm,p75,5.0,0,0,403,159513,159916,nan,0.0,nan,0.0
osm,GLOBAL,bdpm,p75,5.1,0,0,403,159513,159916,nan,0.0,nan,0.0
osm,GLOBAL,bdpm,p75,5.2,0,0,403,159513,159916,nan,0.0,nan,0.0
osm,GLOBAL,bdpm,p75,5.3,0,0,403,159513,159916,nan,0.0,nan,0.0
osm,GLOBAL,bdpm,p75,5.4,0,0,403,159513,159916,nan,0.0,nan,0.0
osm,GLOBAL,bdpm,p75,5.5,0,0,403,159513,159916,nan,0.0,nan,0.0
osm,GLOBAL,bdpm,p75,5.6,0,0,403,159513,159916,nan,0.0,nan,0.0
osm,GLOBAL,bdpm,p75,5.7,0,0,403,159513,159916,nan,0.0,nan,0.0
osm,GLOBAL,bdpm,p75,5.8,0,0,403,159513,159916,nan,0.0,nan,0.0
osm,GLOBAL,bdpm,p75,5.9,0,0,403,159513,159916,nan,0.0,nan,0.0
osm,GLOBAL,bdpm,p75,6.0,0,0,403,159513,159916,nan,0.0,nan,0.0
osm,GLOBAL,bdpm,p90,0.0,401,140584,2,18929,159916,0.0028442742135688192,0.9950372208436724,0.005672334285795116,0.0006498200537330418
osm,GLOBAL,bdpm,p90,0.1,391,85460,12,74053,159916,0.004554402394846886,0.9702233250620348,0.00906624620307464,0.004070066820289936
osm,GLOBAL,bdpm,p90,0.2,372,53617,31,105896,159916,0.006890292466984015,0.9230769230769231,0.013678482129724959,0.008719300331128364
osm,GLOBAL,bdpm,p90,0.3,363,36825,40,122688,159916,0.009761213294611165,0.9007444168734491,0.019313133462796943,0.01439881514544376
osm,GLOBAL,bdpm,p90,0.4,352,26094,51,133419,159916,0.01331014142025259,0.8734491315136477,0.026220715855339118,0.021362274603178303
osm,GLOBAL,bdpm,p90,0.5,322,18466,81,141047,159916,0.01713859910581222,0.7990074441687345,0.03355739669636809,0.02876502623696872
osm,GLOBAL,bdpm,p90,0.6,259,12040,144,147473,159916,0.02105862265224815,0.6426799007444168,0.04078097937332704,0.036076806786131045
osm,GLOBAL,bdpm,p90,0.7,148,5905,255,153608,159916,0.024450685610441104,0.36724565756823824,0.04584882280049566,0.04131854743129366
osm,GLOBAL,bdpm,p90,0.8,30,1011,373,158502,159916,0.02881844380403458,0.07444168734491315,0.04155124653739612,0.03805601101857256
osm,GLOBAL,bdpm,p90,0.9,0,1,403,159512,159916,0.0,0.0,nan,-1.2475764786048747e-05
osm,GLOBAL,bdpm,p90,1.0,0,0,403,159513,159916,nan,0.0,nan,0.0
osm,GLOBAL,bdpm,p90,1.1,0,0,403,159513,159916,nan,0.0,nan,0.0
osm,GLOBAL,bdpm,p90,1.2,0,0,403,159513,159916,nan,0.0,nan,0.0
osm,GLOBAL,bdpm,p90,1.3,0,0,403,159513,159916,nan,0.0,nan,0.0
osm,GLOBAL,bdpm,p90,1.4,0,0,403,159513,159916,nan,0.0,nan,0.0
osm,GLOBAL,bdpm,p90,1.5,0,0,403,159513,159916,nan,0.0,nan,0.0
osm,GLOBAL,bdpm,p90,1.6,0,0,403,159513,159916,nan,0.0,nan,0.0
osm,GLOBAL,bdpm,p90,1.7,0,0,403,159513,159916,nan,0.0,nan,0.0
osm,GLOBAL,bdpm,p90,1.8,0,0,403,159513,159916,nan,0.0,nan,0.0
osm,GLOBAL,bdpm,p90,1.9,0,0,403,159513,159916,nan,0.0,nan,0.0
osm,GLOBAL,bdpm,p90,2.0,0,0,403,159513,159916,nan,0.0,nan,0.0
osm,GLOBAL,bdpm,p90,2.1,0,0,403,159513,159916,nan,0.0,nan,0.0
osm,GLOBAL,bdpm,p90,2.2,0,0,403,159513,159916,nan,0.0,nan,0.0
osm,GLOBAL,bdpm,p90,2.3,0,0,403,159513,159916,nan,0.0,nan,0.0
osm,GLOBAL,bdpm,p90,2.4,0,0,403,159513,159916,nan,0.0,nan,0.0
osm,GLOBAL,bdpm,p90,2.5,0,0,403,159513,159916,nan,0.0,nan,0.0
osm,GLOBAL,bdpm,p90,2.6,0,0,403,159513,159916,nan,0.0,nan,0.0
osm,GLOBAL,bdpm,p90,2.7,0,0,403,159513,159916,nan,0.0,nan,0.0
osm,GLOBAL,bdpm,p90,2.8,0,0,403,159513,159916,nan,0.0,nan,0.0
osm,GLOBAL,bdpm,p90,2.9,0,0,403,159513,159916,nan,0.0,nan,0.0
osm,GLOBAL,bdpm,p90,3.0,0,0,403,159513,159916,nan,0.0,nan,0.0
osm,GLOBAL,bdpm,p90,3.1,0,0,403,159513,159916,nan,0.0,nan,0.0
osm,GLOBAL,bdpm,p90,3.2,0,0,403,159513,159916,nan,0.0,nan,0.0
osm,GLOBAL,bdpm,p90,3.3,0,0,403,159513,159916,nan,0.0,nan,0.0
osm,GLOBAL,bdpm,p90,3.4,0,0,403,159513,159916,nan,0.0,nan,0.0
osm,GLOBAL,bdpm,p90,3.5,0,0,403,159513,159916,nan,0.0,nan,0.0
osm,GLOBAL,bdpm,p90,3.6,0,0,403,159513,159916,nan,0.0,nan,0.0
osm,GLOBAL,bdpm,p90,3.7,0,0,403,159513,159916,nan,0.0,nan,0.0
osm,GLOBAL,bdpm,p90,3.8,0,0,403,159513,159916,nan,0.0,nan,0.0
osm,GLOBAL,bdpm,p90,3.9,0,0,403,159513,159916,nan,0.0,nan,0.0
osm,GLOBAL,bdpm,p90,4.0,0,0,403,159513,159916,nan,0.0,nan,0.0
osm,GLOBAL,bdpm,p90,4.1,0,0,403,159513,159916,nan,0.0,nan,0.0
osm,GLOBAL,bdpm,p90,4.2,0,0,403,159513,159916,nan,0.0,nan,0.0
osm,GLOBAL,bdpm,p90,4.3,0,0,403,159513,159916,nan,0.0,nan,0.0
osm,GLOBAL,bdpm,p90,4.4,0,0,403,159513,159916,nan,0.0,nan,0.0
osm,GLOBAL,bdpm,p90,4.5,0,0,403,159513,159916,nan,0.0,nan,0.0
osm,GLOBAL,bdpm,p90,4.6,0,0,403,159513,159916,nan,0.0,nan,0.0
osm,GLOBAL,bdpm,p90,4.7,0,0,403,159513,159916,nan,0.0,nan,0.0
osm,GLOBAL,bdpm,p90,4.8,0,0,403,159513,159916,nan,0.0,nan,0.0
osm,GLOBAL,bdpm,p90,4.9,0,0,403,159513,159916,nan,0.0,nan,0.0
osm,GLOBAL,bdpm,p90,5.0,0,0,403,159513,159916,nan,0.0,nan,0.0
osm,GLOBAL,bdpm,p90,5.1,0,0,403,159513,159916,nan,0.0,nan,0.0
osm,GLOBAL,bdpm,p90,5.2,0,0,403,159513,159916,nan,0.0,nan,0.0
osm,GLOBAL,bdpm,p90,5.3,0,0,403,159513,159916,nan,0.0,nan,0.0
osm,GLOBAL,bdpm,p90,5.4,0,0,403,159513,159916,nan,0.0,nan,0.0
osm,GLOBAL,bdpm,p90,5.5,0,0,403,159513,159916,nan,0.0,nan,0.0
osm,GLOBAL,bdpm,p90,5.6,0,0,403,159513,159916,nan,0.0,nan,0.0
osm,GLOBAL,bdpm,p90,5.7,0,0,403,159513,159916,nan,0.0,nan,0.0
osm,GLOBAL,bdpm,p90,5.8,0,0,403,159513,159916,nan,0.0,nan,0.0
osm,GLOBAL,bdpm,p90,5.9,0,0,403,159513,159916,nan,0.0,nan,0.0
osm,GLOBAL,bdpm,p90,6.0,0,0,403,159513,159916,nan,0.0,nan,0.0
osm,GLOBAL,bdpm,frac50,0.0,400,140041,3,19472,159916,0.0028481711181207767,0.9925558312655087,0.00568004316832808,0.0006576236063443618
osm,GLOBAL,bdpm,frac50,0.1,385,84475,18,75038,159916,0.004536884279990573,0.9553349875930521,0.009030880921384422,0.004034797205323994
osm,GLOBAL,bdpm,frac50,0.2,370,53009,33,106504,159916,0.006931564847599243,0.9181141439205955,0.013759250306794094,0.008800896541620947
osm,GLOBAL,bdpm,frac50,0.3,361,36615,42,122898,159916,0.009763089571614019,0.8957816377171216,0.01931565852484015,0.014401656419948531
osm,GLOBAL,bdpm,frac50,0.4,347,25943,56,133570,159916,0.013198934956257131,0.8610421836228288,0.025999325665904918,0.021140214779620674
osm,GLOBAL,bdpm,frac50,0.5,317,18300,86,141213,159916,0.01702744803136918,0.7866004962779156,0.03333333333333333,0.028540780779953562
osm,GLOBAL,bdpm,frac50,0.6,241,11918,162,147595,159916,0.019820708939879923,0.598014888337469,0.03836968635567584,0.033655419000011455
osm,GLOBAL,bdpm,frac50,0.7,130,5789,273,153724,159916,0.021963169454299714,0.3225806451612903,0.041126225877886745,0.03657998295991805
osm,GLOBAL,bdpm,frac50,0.8,24,1034,379,158479,159916,0.022684310018903593,0.05955334987593052,0.03285420944558522,0.029311312305077844
osm,GLOBAL,bdpm,frac50,0.9,0,2,403,159511,159916,0.0,0.0,nan,-2.489022976062316e-05
osm,GLOBAL,bdpm,frac50,1.0,0,0,403,159513,159916,nan,0.0,nan,0.0
osm,GLOBAL,bdpm,frac50,1.1,0,0,403,159513,159916,nan,0.0,nan,0.0
osm,GLOBAL,bdpm,frac50,1.2,0,0,403,159513,159916,nan,0.0,nan,0.0
osm,GLOBAL,bdpm,frac50,1.3,0,0,403,159513,159916,nan,0.0,nan,0.0
osm,GLOBAL,bdpm,frac50,1.4,0,0,403,159513,159916,nan,0.0,nan,0.0
osm,GLOBAL,bdpm,frac50,1.5,0,0,403,159513,159916,nan,0.0,nan,0.0
osm,GLOBAL,bdpm,frac50,1.6,0,0,403,159513,159916,nan,0.0,nan,0.0
osm,GLOBAL,bdpm,frac50,1.7,0,0,403,159513,159916,nan,0.0,nan,0.0
osm,GLOBAL,bdpm,frac50,1.8,0,0,403,159513,159916,nan,0.0,nan,0.0
osm,GLOBAL,bdpm,frac50,1.9,0,0,403,159513,159916,nan,0.0,nan,0.0
osm,GLOBAL,bdpm,frac50,2.0,0,0,403,159513,159916,nan,0.0,nan,0.0
osm,GLOBAL,bdpm,frac50,2.1,0,0,403,159513,159916,nan,0.0,nan,0.0
osm,GLOBAL,bdpm,frac50,2.2,0,0,403,159513,159916,nan,0.0,nan,0.0
osm,GLOBAL,bdpm,frac50,2.3,0,0,403,159513,159916,nan,0.0,nan,0.0
osm,GLOBAL,bdpm,frac50,2.4,0,0,403,159513,159916,nan,0.0,nan,0.0
osm,GLOBAL,bdpm,frac50,2.5,0,0,403,159513,159916,nan,0.0,nan,0.0
osm,GLOBAL,bdpm,frac50,2.6,0,0,403,159513,159916,nan,0.0,nan,0.0
osm,GLOBAL,bdpm,frac50,2.7,0,0,403,159513,159916,nan,0.0,nan,0.0
osm,GLOBAL,bdpm,frac50,2.8,0,0,403,159513,159916,nan,0.0,nan,0.0
osm,GLOBAL,bdpm,frac50,2.9,0,0,403,159513,159916,nan,0.0,nan,0.0
osm,GLOBAL,bdpm,frac50,3.0,0,0,403,159513,159916,nan,0.0,nan,0.0
osm,GLOBAL,bdpm,frac50,3.1,0,0,403,159513,159916,nan,0.0,nan,0.0
osm,GLOBAL,bdpm,frac50,3.2,0,0,403,159513,159916,nan,0.0,nan,0.0
osm,GLOBAL,bdpm,frac50,3.3,0,0,403,159513,159916,nan,0.0,nan,0.0
osm,GLOBAL,bdpm,frac50,3.4,0,0,403,159513,159916,nan,0.0,nan,0.0
osm,GLOBAL,bdpm,frac50,3.5,0,0,403,159513,159916,nan,0.0,nan,0.0
osm,GLOBAL,bdpm,frac50,3.6,0,0,403,159513,159916,nan,0.0,nan,0.0
osm,GLOBAL,bdpm,frac50,3.7,0,0,403,159513,159916,nan,0.0,nan,0.0
osm,GLOBAL,bdpm,frac50,3.8,0,0,403,159513,159916,nan,0.0,nan,0.0
osm,GLOBAL,bdpm,frac50,3.9,0,0,403,159513,159916,nan,0.0,nan,0.0
osm,GLOBAL,bdpm,frac50,4.0,0,0,403,159513,159916,nan,0.0,nan,0.0
osm,GLOBAL,bdpm,frac50,4.1,0,0,403,159513,159916,nan,0.0,nan,0.0
osm,GLOBAL,bdpm,frac50,4.2,0,0,403,159513,159916,nan,0.0,nan,0.0
osm,GLOBAL,bdpm,frac50,4.3,0,0,403,159513,159916,nan,0.0,nan,0.0
osm,GLOBAL,bdpm,frac50,4.4,0,0,403,159513,159916,nan,0.0,nan,0.0
osm,GLOBAL,bdpm,frac50,4.5,0,0,403,159513,159916,nan,0.0,nan,0.0
osm,GLOBAL,bdpm,frac50,4.6,0,0,403,159513,159916,nan,0.0,nan,0.0
osm,GLOBAL,bdpm,frac50,4.7,0,0,403,159513,159916,nan,0.0,nan,0.0
osm,GLOBAL,bdpm,frac50,4.8,0,0,403,159513,159916,nan,0.0,nan,0.0
osm,GLOBAL,bdpm,frac50,4.9,0,0,403,159513,159916,nan,0.0,nan,0.0
osm,GLOBAL,bdpm,frac50,5.0,0,0,403,159513,159916,nan,0.0,nan,0.0
osm,GLOBAL,bdpm,frac50,5.1,0,0,403,159513,159916,nan,0.0,nan,0.0
osm,GLOBAL,bdpm,frac50,5.2,0,0,403,159513,159916,nan,0.0,nan,0.0
osm,GLOBAL,bdpm,frac50,5.3,0,0,403,159513,159916,nan,0.0,nan,0.0
osm,GLOBAL,bdpm,frac50,5.4,0,0,403,159513,159916,nan,0.0,nan,0.0
osm,GLOBAL,bdpm,frac50,5.5,0,0,403,159513,159916,nan,0.0,nan,0.0
osm,GLOBAL,bdpm,frac50,5.6,0,0,403,159513,159916,nan,0.0,nan,0.0
osm,GLOBAL,bdpm,frac50,5.7,0,0,403,159513,159916,nan,0.0,nan,0.0
osm,GLOBAL,bdpm,frac50,5.8,0,0,403,159513,159916,nan,0.0,nan,0.0
osm,GLOBAL,bdpm,frac50,5.9,0,0,403,159513,159916,nan,0.0,nan,0.0
osm,GLOBAL,bdpm,frac50,6.0,0,0,403,159513,159916,nan,0.0,nan,0.0
osm,COASTAL4,bdpm,mean,0.0,373,76284,0,7153,83810,0.004865830909114627,1.0,0.00968453849149682,0.0008339411942177504
osm,COASTAL4,bdpm,mean,0.1,372,54356,1,29081,83810,0.006797251863762608,0.9973190348525469,0.01350247726901508,0.0047032268081400415
osm,COASTAL4,bdpm,mean,0.2,368,36447,5,46990,83810,0.00999592557381502,0.9865951742627346,0.01979133053673228,0.011077133240117156
osm,COASTAL4,bdpm,mean,0.3,358,25940,15,57497,83810,0.013613202524906836,0.9597855227882037,0.026845637583892617,0.018229024396928018
osm,COASTAL4,bdpm,mean,0.4,339,19183,34,64254,83810,0.01736502407540211,0.9088471849865952,0.0340789143000754,0.02556802625572203
osm,COASTAL4,bdpm,mean,0.5,310,14160,63,69277,83810,0.021423635107118175,0.8310991957104558,0.04177053156370006,0.03338280338795085
osm,COASTAL4,bdpm,mean,0.6,219,9387,154,74050,83810,0.022798251093066834,0.5871313672922251,0.043892173564485416,0.03562908034272736
osm,COASTAL4,bdpm,mean,0.7,108,4220,265,79217,83810,0.024953789279112754,0.289544235924933,0.04594767070835993,0.03806477435394932
osm,COASTAL4,bdpm,mean,0.8,11,599,362,82838,83810,0.018032786885245903,0.029490616621983913,0.022380467955239063,0.01695053238629467
osm,COASTAL4,bdpm,mean,0.9,0,1,373,83436,83810,0.0,0.0,nan,-2.3800261086221316e-05
osm,COASTAL4,bdpm,mean,1.0,0,0,373,83437,83810,nan,0.0,nan,0.0
osm,COASTAL4,bdpm,mean,1.1,0,0,373,83437,83810,nan,0.0,nan,0.0
osm,COASTAL4,bdpm,mean,1.2,0,0,373,83437,83810,nan,0.0,nan,0.0
osm,COASTAL4,bdpm,mean,1.3,0,0,373,83437,83810,nan,0.0,nan,0.0
osm,COASTAL4,bdpm,mean,1.4,0,0,373,83437,83810,nan,0.0,nan,0.0
osm,COASTAL4,bdpm,mean,1.5,0,0,373,83437,83810,nan,0.0,nan,0.0
osm,COASTAL4,bdpm,mean,1.6,0,0,373,83437,83810,nan,0.0,nan,0.0
osm,COASTAL4,bdpm,mean,1.7,0,0,373,83437,83810,nan,0.0,nan,0.0
osm,COASTAL4,bdpm,mean,1.8,0,0,373,83437,83810,nan,0.0,nan,0.0
osm,COASTAL4,bdpm,mean,1.9,0,0,373,83437,83810,nan,0.0,nan,0.0
osm,COASTAL4,bdpm,mean,2.0,0,0,373,83437,83810,nan,0.0,nan,0.0
osm,COASTAL4,bdpm,mean,2.1,0,0,373,83437,83810,nan,0.0,nan,0.0
osm,COASTAL4,bdpm,mean,2.2,0,0,373,83437,83810,nan,0.0,nan,0.0
osm,COASTAL4,bdpm,mean,2.3,0,0,373,83437,83810,nan,0.0,nan,0.0
osm,COASTAL4,bdpm,mean,2.4,0,0,373,83437,83810,nan,0.0,nan,0.0
osm,COASTAL4,bdpm,mean,2.5,0,0,373,83437,83810,nan,0.0,nan,0.0
osm,COASTAL4,bdpm,mean,2.6,0,0,373,83437,83810,nan,0.0,nan,0.0
osm,COASTAL4,bdpm,mean,2.7,0,0,373,83437,83810,nan,0.0,nan,0.0
osm,COASTAL4,bdpm,mean,2.8,0,0,373,83437,83810,nan,0.0,nan,0.0
osm,COASTAL4,bdpm,mean,2.9,0,0,373,83437,83810,nan,0.0,nan,0.0
osm,COASTAL4,bdpm,mean,3.0,0,0,373,83437,83810,nan,0.0,nan,0.0
osm,COASTAL4,bdpm,mean,3.1,0,0,373,83437,83810,nan,0.0,nan,0.0
osm,COASTAL4,bdpm,mean,3.2,0,0,373,83437,83810,nan,0.0,nan,0.0
osm,COASTAL4,bdpm,mean,3.3,0,0,373,83437,83810,nan,0.0,nan,0.0
osm,COASTAL4,bdpm,mean,3.4,0,0,373,83437,83810,nan,0.0,nan,0.0
osm,COASTAL4,bdpm,mean,3.5,0,0,373,83437,83810,nan,0.0,nan,0.0
osm,COASTAL4,bdpm,mean,3.6,0,0,373,83437,83810,nan,0.0,nan,0.0
osm,COASTAL4,bdpm,mean,3.7,0,0,373,83437,83810,nan,0.0,nan,0.0
osm,COASTAL4,bdpm,mean,3.8,0,0,373,83437,83810,nan,0.0,nan,0.0
osm,COASTAL4,bdpm,mean,3.9,0,0,373,83437,83810,nan,0.0,nan,0.0
osm,COASTAL4,bdpm,mean,4.0,0,0,373,83437,83810,nan,0.0,nan,0.0
osm,COASTAL4,bdpm,mean,4.1,0,0,373,83437,83810,nan,0.0,nan,0.0
osm,COASTAL4,bdpm,mean,4.2,0,0,373,83437,83810,nan,0.0,nan,0.0
osm,COASTAL4,bdpm,mean,4.3,0,0,373,83437,83810,nan,0.0,nan,0.0
osm,COASTAL4,bdpm,mean,4.4,0,0,373,83437,83810,nan,0.0,nan,0.0
osm,COASTAL4,bdpm,mean,4.5,0,0,373,83437,83810,nan,0.0,nan,0.0
osm,COASTAL4,bdpm,mean,4.6,0,0,373,83437,83810,nan,0.0,nan,0.0
osm,COASTAL4,bdpm,mean,4.7,0,0,373,83437,83810,nan,0.0,nan,0.0
osm,COASTAL4,bdpm,mean,4.8,0,0,373,83437,83810,nan,0.0,nan,0.0
osm,COASTAL4,bdpm,mean,4.9,0,0,373,83437,83810,nan,0.0,nan,0.0
osm,COASTAL4,bdpm,mean,5.0,0,0,373,83437,83810,nan,0.0,nan,0.0
osm,COASTAL4,bdpm,mean,5.1,0,0,373,83437,83810,nan,0.0,nan,0.0
osm,COASTAL4,bdpm,mean,5.2,0,0,373,83437,83810,nan,0.0,nan,0.0
osm,COASTAL4,bdpm,mean,5.3,0,0,373,83437,83810,nan,0.0,nan,0.0
osm,COASTAL4,bdpm,mean,5.4,0,0,373,83437,83810,nan,0.0,nan,0.0
osm,COASTAL4,bdpm,mean,5.5,0,0,373,83437,83810,nan,0.0,nan,0.0
osm,COASTAL4,bdpm,mean,5.6,0,0,373,83437,83810,nan,0.0,nan,0.0
osm,COASTAL4,bdpm,mean,5.7,0,0,373,83437,83810,nan,0.0,nan,0.0
osm,COASTAL4,bdpm,mean,5.8,0,0,373,83437,83810,nan,0.0,nan,0.0
osm,COASTAL4,bdpm,mean,5.9,0,0,373,83437,83810,nan,0.0,nan,0.0
osm,COASTAL4,bdpm,mean,6.0,0,0,373,83437,83810,nan,0.0,nan,0.0
osm,COASTAL4,bdpm,max,0.0,373,77373,0,6064,83810,0.0047976744784297585,1.0,0.00954953340416544,0.0006971237530676088
osm,COASTAL4,bdpm,max,0.1,373,57271,0,26166,83810,0.0064707515092637564,1.0,0.012858300153403312,0.0040502607167050095
osm,COASTAL4,bdpm,max,0.2,369,38971,4,44466,83810,0.009379766141331977,0.9892761394101877,0.01858333543172261,0.009852728383306676
osm,COASTAL4,bdpm,max,0.3,364,27881,9,55556,83810,0.01288723667905824,0.9758713136729222,0.025438535187644138,0.016801062500190398
osm,COASTAL4,bdpm,max,0.4,352,20678,21,62759,83810,0.016737993342843555,0.9436997319034852,0.03289258515161426,0.02435967148137439
osm,COASTAL4,bdpm,max,0.5,330,15456,43,67981,83810,0.02090459901178259,0.8847184986595175,0.04084411164057182,0.032430493892529326
osm,COASTAL4,bdpm,max,0.6,268,10677,105,72760,83810,0.024486066697121972,0.7184986595174263,0.04735819049301997,0.03908690185516479
osm,COASTAL4,bdpm,max,0.7,156,5530,217,77907,83810,0.02743580724586704,0.41823056300268097,0.05149364581614128,0.043503916135352844
osm,COASTAL4,bdpm,max,0.8,40,1164,333,82273,83810,0.03322259136212625,0.10723860589812333,0.0507292327203551,0.04423408069216944
osm,COASTAL4,bdpm,max,0.9,0,2,373,83435,83810,0.0,0.0,nan,-4.7474711281355144e-05
osm,COASTAL4,bdpm,max,1.0,0,0,373,83437,83810,nan,0.0,nan,0.0
osm,COASTAL4,bdpm,max,1.1,0,0,373,83437,83810,nan,0.0,nan,0.0
osm,COASTAL4,bdpm,max,1.2,0,0,373,83437,83810,nan,0.0,nan,0.0
osm,COASTAL4,bdpm,max,1.3,0,0,373,83437,83810,nan,0.0,nan,0.0
osm,COASTAL4,bdpm,max,1.4,0,0,373,83437,83810,nan,0.0,nan,0.0
osm,COASTAL4,bdpm,max,1.5,0,0,373,83437,83810,nan,0.0,nan,0.0
osm,COASTAL4,bdpm,max,1.6,0,0,373,83437,83810,nan,0.0,nan,0.0
osm,COASTAL4,bdpm,max,1.7,0,0,373,83437,83810,nan,0.0,nan,0.0
osm,COASTAL4,bdpm,max,1.8,0,0,373,83437,83810,nan,0.0,nan,0.0
osm,COASTAL4,bdpm,max,1.9,0,0,373,83437,83810,nan,0.0,nan,0.0
osm,COASTAL4,bdpm,max,2.0,0,0,373,83437,83810,nan,0.0,nan,0.0
osm,COASTAL4,bdpm,max,2.1,0,0,373,83437,83810,nan,0.0,nan,0.0
osm,COASTAL4,bdpm,max,2.2,0,0,373,83437,83810,nan,0.0,nan,0.0
osm,COASTAL4,bdpm,max,2.3,0,0,373,83437,83810,nan,0.0,nan,0.0
osm,COASTAL4,bdpm,max,2.4,0,0,373,83437,83810,nan,0.0,nan,0.0
osm,COASTAL4,bdpm,max,2.5,0,0,373,83437,83810,nan,0.0,nan,0.0
osm,COASTAL4,bdpm,max,2.6,0,0,373,83437,83810,nan,0.0,nan,0.0
osm,COASTAL4,bdpm,max,2.7,0,0,373,83437,83810,nan,0.0,nan,0.0
osm,COASTAL4,bdpm,max,2.8,0,0,373,83437,83810,nan,0.0,nan,0.0
osm,COASTAL4,bdpm,max,2.9,0,0,373,83437,83810,nan,0.0,nan,0.0
osm,COASTAL4,bdpm,max,3.0,0,0,373,83437,83810,nan,0.0,nan,0.0
osm,COASTAL4,bdpm,max,3.1,0,0,373,83437,83810,nan,0.0,nan,0.0
osm,COASTAL4,bdpm,max,3.2,0,0,373,83437,83810,nan,0.0,nan,0.0
osm,COASTAL4,bdpm,max,3.3,0,0,373,83437,83810,nan,0.0,nan,0.0
osm,COASTAL4,bdpm,max,3.4,0,0,373,83437,83810,nan,0.0,nan,0.0
osm,COASTAL4,bdpm,max,3.5,0,0,373,83437,83810,nan,0.0,nan,0.0
osm,COASTAL4,bdpm,max,3.6,0,0,373,83437,83810,nan,0.0,nan,0.0
osm,COASTAL4,bdpm,max,3.7,0,0,373,83437,83810,nan,0.0,nan,0.0
osm,COASTAL4,bdpm,max,3.8,0,0,373,83437,83810,nan,0.0,nan,0.0
osm,COASTAL4,bdpm,max,3.9,0,0,373,83437,83810,nan,0.0,nan,0.0
osm,COASTAL4,bdpm,max,4.0,0,0,373,83437,83810,nan,0.0,nan,0.0
osm,COASTAL4,bdpm,max,4.1,0,0,373,83437,83810,nan,0.0,nan,0.0
osm,COASTAL4,bdpm,max,4.2,0,0,373,83437,83810,nan,0.0,nan,0.0
osm,COASTAL4,bdpm,max,4.3,0,0,373,83437,83810,nan,0.0,nan,0.0
osm,COASTAL4,bdpm,max,4.4,0,0,373,83437,83810,nan,0.0,nan,0.0
osm,COASTAL4,bdpm,max,4.5,0,0,373,83437,83810,nan,0.0,nan,0.0
osm,COASTAL4,bdpm,max,4.6,0,0,373,83437,83810,nan,0.0,nan,0.0
osm,COASTAL4,bdpm,max,4.7,0,0,373,83437,83810,nan,0.0,nan,0.0
osm,COASTAL4,bdpm,max,4.8,0,0,373,83437,83810,nan,0.0,nan,0.0
osm,COASTAL4,bdpm,max,4.9,0,0,373,83437,83810,nan,0.0,nan,0.0
osm,COASTAL4,bdpm,max,5.0,0,0,373,83437,83810,nan,0.0,nan,0.0
osm,COASTAL4,bdpm,max,5.1,0,0,373,83437,83810,nan,0.0,nan,0.0
osm,COASTAL4,bdpm,max,5.2,0,0,373,83437,83810,nan,0.0,nan,0.0
osm,COASTAL4,bdpm,max,5.3,0,0,373,83437,83810,nan,0.0,nan,0.0
osm,COASTAL4,bdpm,max,5.4,0,0,373,83437,83810,nan,0.0,nan,0.0
osm,COASTAL4,bdpm,max,5.5,0,0,373,83437,83810,nan,0.0,nan,0.0
osm,COASTAL4,bdpm,max,5.6,0,0,373,83437,83810,nan,0.0,nan,0.0
osm,COASTAL4,bdpm,max,5.7,0,0,373,83437,83810,nan,0.0,nan,0.0
osm,COASTAL4,bdpm,max,5.8,0,0,373,83437,83810,nan,0.0,nan,0.0
osm,COASTAL4,bdpm,max,5.9,0,0,373,83437,83810,nan,0.0,nan,0.0
osm,COASTAL4,bdpm,max,6.0,0,0,373,83437,83810,nan,0.0,nan,0.0
osm,COASTAL4,bdpm,p75,0.0,373,76932,0,6505,83810,0.004825043658236854,1.0,0.009603748809186642,0.0007520669839001278
osm,COASTAL4,bdpm,p75,0.1,373,55836,0,27601,83810,0.006635947979860876,1.0,0.013184404934431446,0.004380733134692885
osm,COASTAL4,bdpm,p75,0.2,369,37741,4,45696,83810,0.009682498032012595,0.9892761394101877,0.019177299067120547,0.010454643575889419
osm,COASTAL4,bdpm,p75,0.3,360,26905,13,56532,83810,0.013203741059966991,0.9651474530831099,0.02605108908025183,0.01742312326167093
osm,COASTAL4,bdpm,p75,0.4,349,19936,24,63501,83810,0.01720483115602662,0.935656836461126,0.033788362861845285,0.02526885379709339
osm,COASTAL4,bdpm,p75,0.5,318,14830,55,68607,83810,0.020992870345920255,0.8525469168900804,0.040976741189356354,0.032572529178697
osm,COASTAL4,bdpm,p75,0.6,245,10059,128,73378,83810,0.02377717391304348,0.6568364611260054,0.045893041116418475,0.03762612714742123
osm,COASTAL4,bdpm,p75,0.7,132,4834,241,78603,83810,0.026580749093838098,0.353887399463807,0.04944746207154897,0.04151192186162237
osm,COASTAL4,bdpm,p75,0.8,21,818,352,82619,83810,0.025029797377830752,0.05630026809651475,0.03465346534653465,0.028668386840276373
osm,COASTAL4,bdpm,p75,0.9,0,1,373,83436,83810,0.0,0.0,nan,-2.3800261086221316e-05
osm,COASTAL4,bdpm,p75,1.0,0,0,373,83437,83810,nan,0.0,nan,0.0
osm,COASTAL4,bdpm,p75,1.1,0,0,373,83437,83810,nan,0.0,nan,0.0
osm,COASTAL4,bdpm,p75,1.2,0,0,373,83437,83810,nan,0.0,nan,0.0
osm,COASTAL4,bdpm,p75,1.3,0,0,373,83437,83810,nan,0.0,nan,0.0
osm,COASTAL4,bdpm,p75,1.4,0,0,373,83437,83810,nan,0.0,nan,0.0
osm,COASTAL4,bdpm,p75,1.5,0,0,373,83437,83810,nan,0.0,nan,0.0
osm,COASTAL4,bdpm,p75,1.6,0,0,373,83437,83810,nan,0.0,nan,0.0
osm,COASTAL4,bdpm,p75,1.7,0,0,373,83437,83810,nan,0.0,nan,0.0
osm,COASTAL4,bdpm,p75,1.8,0,0,373,83437,83810,nan,0.0,nan,0.0
osm,COASTAL4,bdpm,p75,1.9,0,0,373,83437,83810,nan,0.0,nan,0.0
osm,COASTAL4,bdpm,p75,2.0,0,0,373,83437,83810,nan,0.0,nan,0.0
osm,COASTAL4,bdpm,p75,2.1,0,0,373,83437,83810,nan,0.0,nan,0.0
osm,COASTAL4,bdpm,p75,2.2,0,0,373,83437,83810,nan,0.0,nan,0.0
osm,COASTAL4,bdpm,p75,2.3,0,0,373,83437,83810,nan,0.0,nan,0.0
osm,COASTAL4,bdpm,p75,2.4,0,0,373,83437,83810,nan,0.0,nan,0.0
osm,COASTAL4,bdpm,p75,2.5,0,0,373,83437,83810,nan,0.0,nan,0.0
osm,COASTAL4,bdpm,p75,2.6,0,0,373,83437,83810,nan,0.0,nan,0.0
osm,COASTAL4,bdpm,p75,2.7,0,0,373,83437,83810,nan,0.0,nan,0.0
osm,COASTAL4,bdpm,p75,2.8,0,0,373,83437,83810,nan,0.0,nan,0.0
osm,COASTAL4,bdpm,p75,2.9,0,0,373,83437,83810,nan,0.0,nan,0.0
osm,COASTAL4,bdpm,p75,3.0,0,0,373,83437,83810,nan,0.0,nan,0.0
osm,COASTAL4,bdpm,p75,3.1,0,0,373,83437,83810,nan,0.0,nan,0.0
osm,COASTAL4,bdpm,p75,3.2,0,0,373,83437,83810,nan,0.0,nan,0.0
osm,COASTAL4,bdpm,p75,3.3,0,0,373,83437,83810,nan,0.0,nan,0.0
osm,COASTAL4,bdpm,p75,3.4,0,0,373,83437,83810,nan,0.0,nan,0.0
osm,COASTAL4,bdpm,p75,3.5,0,0,373,83437,83810,nan,0.0,nan,0.0
osm,COASTAL4,bdpm,p75,3.6,0,0,373,83437,83810,nan,0.0,nan,0.0
osm,COASTAL4,bdpm,p75,3.7,0,0,373,83437,83810,nan,0.0,nan,0.0
osm,COASTAL4,bdpm,p75,3.8,0,0,373,83437,83810,nan,0.0,nan,0.0
osm,COASTAL4,bdpm,p75,3.9,0,0,373,83437,83810,nan,0.0,nan,0.0
osm,COASTAL4,bdpm,p75,4.0,0,0,373,83437,83810,nan,0.0,nan,0.0
osm,COASTAL4,bdpm,p75,4.1,0,0,373,83437,83810,nan,0.0,nan,0.0
osm,COASTAL4,bdpm,p75,4.2,0,0,373,83437,83810,nan,0.0,nan,0.0
osm,COASTAL4,bdpm,p75,4.3,0,0,373,83437,83810,nan,0.0,nan,0.0
osm,COASTAL4,bdpm,p75,4.4,0,0,373,83437,83810,nan,0.0,nan,0.0
osm,COASTAL4,bdpm,p75,4.5,0,0,373,83437,83810,nan,0.0,nan,0.0
osm,COASTAL4,bdpm,p75,4.6,0,0,373,83437,83810,nan,0.0,nan,0.0
osm,COASTAL4,bdpm,p75,4.7,0,0,373,83437,83810,nan,0.0,nan,0.0
osm,COASTAL4,bdpm,p75,4.8,0,0,373,83437,83810,nan,0.0,nan,0.0
osm,COASTAL4,bdpm,p75,4.9,0,0,373,83437,83810,nan,0.0,nan,0.0
osm,COASTAL4,bdpm,p75,5.0,0,0,373,83437,83810,nan,0.0,nan,0.0
osm,COASTAL4,bdpm,p75,5.1,0,0,373,83437,83810,nan,0.0,nan,0.0
osm,COASTAL4,bdpm,p75,5.2,0,0,373,83437,83810,nan,0.0,nan,0.0
osm,COASTAL4,bdpm,p75,5.3,0,0,373,83437,83810,nan,0.0,nan,0.0
osm,COASTAL4,bdpm,p75,5.4,0,0,373,83437,83810,nan,0.0,nan,0.0
osm,COASTAL4,bdpm,p75,5.5,0,0,373,83437,83810,nan,0.0,nan,0.0
osm,COASTAL4,bdpm,p75,5.6,0,0,373,83437,83810,nan,0.0,nan,0.0
osm,COASTAL4,bdpm,p75,5.7,0,0,373,83437,83810,nan,0.0,nan,0.0
osm,COASTAL4,bdpm,p75,5.8,0,0,373,83437,83810,nan,0.0,nan,0.0
osm,COASTAL4,bdpm,p75,5.9,0,0,373,83437,83810,nan,0.0,nan,0.0
osm,COASTAL4,bdpm,p75,6.0,0,0,373,83437,83810,nan,0.0,nan,0.0
osm,COASTAL4,bdpm,p90,0.0,373,77217,0,6220,83810,0.004807320530996262,1.0,0.009568641535087156,0.000716488408060107
osm,COASTAL4,bdpm,p90,0.1,373,56690,0,26747,83810,0.0065366349473389065,1.0,0.012988369663625602,0.0041820724100236325
osm,COASTAL4,bdpm,p90,0.2,369,38511,4,44926,83810,0.00949074074074074,0.9892761394101877,0.018801110743127913,0.010073419490485682
osm,COASTAL4,bdpm,p90,0.3,363,27478,10,55959,83810,0.013038324772817068,0.9731903485254692,0.02573190614588502,0.017098680880287945
osm,COASTAL4,bdpm,p90,0.4,352,20390,21,63047,83810,0.016970398225822005,0.9436997319034852,0.033341226616149654,0.02481435288901231
osm,COASTAL4,bdpm,p90,0.5,322,15207,51,68230,83810,0.020735398287075792,0.8632707774798928,0.04049805055967803,0.032084639468275604
osm,COASTAL4,bdpm,p90,0.6,259,10441,114,72996,83810,0.024205607476635513,0.6943699731903485,0.046780456967398173,0.0385104469730112
osm,COASTAL4,bdpm,p90,0.7,148,5271,225,78166,83810,0.027311312050193763,0.3967828418230563,0.0511049723756906,0.04313634269734645
osm,COASTAL4,bdpm,p90,0.8,30,971,343,82466,83810,0.029970029970029972,0.08042895442359249,0.043668122270742356,0.03742611302823099
osm,COASTAL4,bdpm,p90,0.9,0,1,373,83436,83810,0.0,0.0,nan,-2.3800261086221316e-05
osm,COASTAL4,bdpm,p90,1.0,0,0,373,83437,83810,nan,0.0,nan,0.0
osm,COASTAL4,bdpm,p90,1.1,0,0,373,83437,83810,nan,0.0,nan,0.0
osm,COASTAL4,bdpm,p90,1.2,0,0,373,83437,83810,nan,0.0,nan,0.0
osm,COASTAL4,bdpm,p90,1.3,0,0,373,83437,83810,nan,0.0,nan,0.0
osm,COASTAL4,bdpm,p90,1.4,0,0,373,83437,83810,nan,0.0,nan,0.0
osm,COASTAL4,bdpm,p90,1.5,0,0,373,83437,83810,nan,0.0,nan,0.0
osm,COASTAL4,bdpm,p90,1.6,0,0,373,83437,83810,nan,0.0,nan,0.0
osm,COASTAL4,bdpm,p90,1.7,0,0,373,83437,83810,nan,0.0,nan,0.0
osm,COASTAL4,bdpm,p90,1.8,0,0,373,83437,83810,nan,0.0,nan,0.0
osm,COASTAL4,bdpm,p90,1.9,0,0,373,83437,83810,nan,0.0,nan,0.0
osm,COASTAL4,bdpm,p90,2.0,0,0,373,83437,83810,nan,0.0,nan,0.0
osm,COASTAL4,bdpm,p90,2.1,0,0,373,83437,83810,nan,0.0,nan,0.0
osm,COASTAL4,bdpm,p90,2.2,0,0,373,83437,83810,nan,0.0,nan,0.0
osm,COASTAL4,bdpm,p90,2.3,0,0,373,83437,83810,nan,0.0,nan,0.0
osm,COASTAL4,bdpm,p90,2.4,0,0,373,83437,83810,nan,0.0,nan,0.0
osm,COASTAL4,bdpm,p90,2.5,0,0,373,83437,83810,nan,0.0,nan,0.0
osm,COASTAL4,bdpm,p90,2.6,0,0,373,83437,83810,nan,0.0,nan,0.0
osm,COASTAL4,bdpm,p90,2.7,0,0,373,83437,83810,nan,0.0,nan,0.0
osm,COASTAL4,bdpm,p90,2.8,0,0,373,83437,83810,nan,0.0,nan,0.0
osm,COASTAL4,bdpm,p90,2.9,0,0,373,83437,83810,nan,0.0,nan,0.0
osm,COASTAL4,bdpm,p90,3.0,0,0,373,83437,83810,nan,0.0,nan,0.0
osm,COASTAL4,bdpm,p90,3.1,0,0,373,83437,83810,nan,0.0,nan,0.0
osm,COASTAL4,bdpm,p90,3.2,0,0,373,83437,83810,nan,0.0,nan,0.0
osm,COASTAL4,bdpm,p90,3.3,0,0,373,83437,83810,nan,0.0,nan,0.0
osm,COASTAL4,bdpm,p90,3.4,0,0,373,83437,83810,nan,0.0,nan,0.0
osm,COASTAL4,bdpm,p90,3.5,0,0,373,83437,83810,nan,0.0,nan,0.0
osm,COASTAL4,bdpm,p90,3.6,0,0,373,83437,83810,nan,0.0,nan,0.0
osm,COASTAL4,bdpm,p90,3.7,0,0,373,83437,83810,nan,0.0,nan,0.0
osm,COASTAL4,bdpm,p90,3.8,0,0,373,83437,83810,nan,0.0,nan,0.0
osm,COASTAL4,bdpm,p90,3.9,0,0,373,83437,83810,nan,0.0,nan,0.0
osm,COASTAL4,bdpm,p90,4.0,0,0,373,83437,83810,nan,0.0,nan,0.0
osm,COASTAL4,bdpm,p90,4.1,0,0,373,83437,83810,nan,0.0,nan,0.0
osm,COASTAL4,bdpm,p90,4.2,0,0,373,83437,83810,nan,0.0,nan,0.0
osm,COASTAL4,bdpm,p90,4.3,0,0,373,83437,83810,nan,0.0,nan,0.0
osm,COASTAL4,bdpm,p90,4.4,0,0,373,83437,83810,nan,0.0,nan,0.0
osm,COASTAL4,bdpm,p90,4.5,0,0,373,83437,83810,nan,0.0,nan,0.0
osm,COASTAL4,bdpm,p90,4.6,0,0,373,83437,83810,nan,0.0,nan,0.0
osm,COASTAL4,bdpm,p90,4.7,0,0,373,83437,83810,nan,0.0,nan,0.0
osm,COASTAL4,bdpm,p90,4.8,0,0,373,83437,83810,nan,0.0,nan,0.0
osm,COASTAL4,bdpm,p90,4.9,0,0,373,83437,83810,nan,0.0,nan,0.0
osm,COASTAL4,bdpm,p90,5.0,0,0,373,83437,83810,nan,0.0,nan,0.0
osm,COASTAL4,bdpm,p90,5.1,0,0,373,83437,83810,nan,0.0,nan,0.0
osm,COASTAL4,bdpm,p90,5.2,0,0,373,83437,83810,nan,0.0,nan,0.0
osm,COASTAL4,bdpm,p90,5.3,0,0,373,83437,83810,nan,0.0,nan,0.0
osm,COASTAL4,bdpm,p90,5.4,0,0,373,83437,83810,nan,0.0,nan,0.0
osm,COASTAL4,bdpm,p90,5.5,0,0,373,83437,83810,nan,0.0,nan,0.0
osm,COASTAL4,bdpm,p90,5.6,0,0,373,83437,83810,nan,0.0,nan,0.0
osm,COASTAL4,bdpm,p90,5.7,0,0,373,83437,83810,nan,0.0,nan,0.0
osm,COASTAL4,bdpm,p90,5.8,0,0,373,83437,83810,nan,0.0,nan,0.0
osm,COASTAL4,bdpm,p90,5.9,0,0,373,83437,83810,nan,0.0,nan,0.0
osm,COASTAL4,bdpm,p90,6.0,0,0,373,83437,83810,nan,0.0,nan,0.0
osm,COASTAL4,bdpm,frac50,0.0,373,77182,0,6255,83810,0.004809490039326929,1.0,0.009572939123293297,0.0007208436903484415
osm,COASTAL4,bdpm,frac50,0.1,373,56590,0,26847,83810,0.00654811017678142,1.0,0.013011022743128226,0.004205028894716601
osm,COASTAL4,bdpm,frac50,0.2,368,38326,5,45111,83810,0.009510518426629451,0.9865951742627346,0.018839429697698824,0.010112481462979498
osm,COASTAL4,bdpm,frac50,0.3,361,27430,12,56007,83810,0.012989816847180742,0.967828418230563,0.025635563130237182,0.017001691325492622
osm,COASTAL4,bdpm,frac50,0.4,347,20303,26,63134,83810,0.016803874092009684,0.9302949061662198,0.03301146363506636,0.024482358255032213
osm,COASTAL4,bdpm,frac50,0.5,317,15081,56,68356,83810,0.02058708923236784,0.8498659517426274,0.04020036776361677,0.03178604028513332
osm,COASTAL4,bdpm,frac50,0.6,241,10336,132,73101,83810,0.022785288834263024,0.646112600536193,0.044018264840182654,0.035727566309494606
osm,COASTAL4,bdpm,frac50,0.7,130,5134,243,78303,83810,0.024696048632218845,0.3485254691689008,0.04612382472946603,0.03812865255523913
osm,COASTAL4,bdpm,frac50,0.8,24,986,349,82451,83810,0.023762376237623763,0.064343163538874,0.03470715835140997,0.02839128252105308
osm,COASTAL4,bdpm,frac50,0.9,0,2,373,83435,83810,0.0,0.0,nan,-4.7474711281355144e-05
osm,COASTAL4,bdpm,frac50,1.0,0,0,373,83437,83810,nan,0.0,nan,0.0
osm,COASTAL4,bdpm,frac50,1.1,0,0,373,83437,83810,nan,0.0,nan,0.0
osm,COASTAL4,bdpm,frac50,1.2,0,0,373,83437,83810,nan,0.0,nan,0.0
osm,COASTAL4,bdpm,frac50,1.3,0,0,373,83437,83810,nan,0.0,nan,0.0
osm,COASTAL4,bdpm,frac50,1.4,0,0,373,83437,83810,nan,0.0,nan,0.0
osm,COASTAL4,bdpm,frac50,1.5,0,0,373,83437,83810,nan,0.0,nan,0.0
osm,COASTAL4,bdpm,frac50,1.6,0,0,373,83437,83810,nan,0.0,nan,0.0
osm,COASTAL4,bdpm,frac50,1.7,0,0,373,83437,83810,nan,0.0,nan,0.0
osm,COASTAL4,bdpm,frac50,1.8,0,0,373,83437,83810,nan,0.0,nan,0.0
osm,COASTAL4,bdpm,frac50,1.9,0,0,373,83437,83810,nan,0.0,nan,0.0
osm,COASTAL4,bdpm,frac50,2.0,0,0,373,83437,83810,nan,0.0,nan,0.0
osm,COASTAL4,bdpm,frac50,2.1,0,0,373,83437,83810,nan,0.0,nan,0.0
osm,COASTAL4,bdpm,frac50,2.2,0,0,373,83437,83810,nan,0.0,nan,0.0
osm,COASTAL4,bdpm,frac50,2.3,0,0,373,83437,83810,nan,0.0,nan,0.0
osm,COASTAL4,bdpm,frac50,2.4,0,0,373,83437,83810,nan,0.0,nan,0.0
osm,COASTAL4,bdpm,frac50,2.5,0,0,373,83437,83810,nan,0.0,nan,0.0
osm,COASTAL4,bdpm,frac50,2.6,0,0,373,83437,83810,nan,0.0,nan,0.0
osm,COASTAL4,bdpm,frac50,2.7,0,0,373,83437,83810,nan,0.0,nan,0.0
osm,COASTAL4,bdpm,frac50,2.8,0,0,373,83437,83810,nan,0.0,nan,0.0
osm,COASTAL4,bdpm,frac50,2.9,0,0,373,83437,83810,nan,0.0,nan,0.0
osm,COASTAL4,bdpm,frac50,3.0,0,0,373,83437,83810,nan,0.0,nan,0.0
osm,COASTAL4,bdpm,frac50,3.1,0,0,373,83437,83810,nan,0.0,nan,0.0
osm,COASTAL4,bdpm,frac50,3.2,0,0,373,83437,83810,nan,0.0,nan,0.0
osm,COASTAL4,bdpm,frac50,3.3,0,0,373,83437,83810,nan,0.0,nan,0.0
osm,COASTAL4,bdpm,frac50,3.4,0,0,373,83437,83810,nan,0.0,nan,0.0
osm,COASTAL4,bdpm,frac50,3.5,0,0,373,83437,83810,nan,0.0,nan,0.0
osm,COASTAL4,bdpm,frac50,3.6,0,0,373,83437,83810,nan,0.0,nan,0.0
osm,COASTAL4,bdpm,frac50,3.7,0,0,373,83437,83810,nan,0.0,nan,0.0
osm,COASTAL4,bdpm,frac50,3.8,0,0,373,83437,83810,nan,0.0,nan,0.0
osm,COASTAL4,bdpm,frac50,3.9,0,0,373,83437,83810,nan,0.0,nan,0.0
osm,COASTAL4,bdpm,frac50,4.0,0,0,373,83437,83810,nan,0.0,nan,0.0
osm,COASTAL4,bdpm,frac50,4.1,0,0,373,83437,83810,nan,0.0,nan,0.0
osm,COASTAL4,bdpm,frac50,4.2,0,0,373,83437,83810,nan,0.0,nan,0.0
osm,COASTAL4,bdpm,frac50,4.3,0,0,373,83437,83810,nan,0.0,nan,0.0
osm,COASTAL4,bdpm,frac50,4.4,0,0,373,83437,83810,nan,0.0,nan,0.0
osm,COASTAL4,bdpm,frac50,4.5,0,0,373,83437,83810,nan,0.0,nan,0.0
osm,COASTAL4,bdpm,frac50,4.6,0,0,373,83437,83810,nan,0.0,nan,0.0
osm,COASTAL4,bdpm,frac50,4.7,0,0,373,83437,83810,nan,0.0,nan,0.0
osm,COASTAL4,bdpm,frac50,4.8,0,0,373,83437,83810,nan,0.0,nan,0.0
osm,COASTAL4,bdpm,frac50,4.9,0,0,373,83437,83810,nan,0.0,nan,0.0
osm,COASTAL4,bdpm,frac50,5.0,0,0,373,83437,83810,nan,0.0,nan,0.0
osm,COASTAL4,bdpm,frac50,5.1,0,0,373,83437,83810,nan,0.0,nan,0.0
osm,COASTAL4,bdpm,frac50,5.2,0,0,373,83437,83810,nan,0.0,nan,0.0
osm,COASTAL4,bdpm,frac50,5.3,0,0,373,83437,83810,nan,0.0,nan,0.0
osm,COASTAL4,bdpm,frac50,5.4,0,0,373,83437,83810,nan,0.0,nan,0.0
osm,COASTAL4,bdpm,frac50,5.5,0,0,373,83437,83810,nan,0.0,nan,0.0
osm,COASTAL4,bdpm,frac50,5.6,0,0,373,83437,83810,nan,0.0,nan,0.0
osm,COASTAL4,bdpm,frac50,5.7,0,0,373,83437,83810,nan,0.0,nan,0.0
osm,COASTAL4,bdpm,frac50,5.8,0,0,373,83437,83810,nan,0.0,nan,0.0
osm,COASTAL4,bdpm,frac50,5.9,0,0,373,83437,83810,nan,0.0,nan,0.0
osm,COASTAL4,bdpm,frac50,6.0,0,0,373,83437,83810,nan,0.0,nan,0.0
osm,caracas,bdpm,mean,0.0,21,17050,2,1916,18989,0.0012301564056001405,0.9130434782608695,0.002457002457002457,3.7898451790237215e-05
osm,caracas,bdpm,mean,0.1,8,5470,15,13496,18989,0.0014603870025556773,0.34782608695652173,0.002908562079621887,0.0004974353759366146
osm,caracas,bdpm,mean,0.2,2,1240,21,17726,18989,0.001610305958132045,0.08695652173913043,0.00316205533596838,0.0007855131413403985
osm,caracas,bdpm,mean,0.3,0,385,23,18581,18989,0.0,0.0,nan,-0.0022911324248740886
osm,caracas,bdpm,mean,0.4,0,101,23,18865,18989,0.0,0.0,nan,-0.00197702968948022
osm,caracas,bdpm,mean,0.5,0,37,23,18929,18989,0.0,0.0,nan,-0.0014960822335770066
osm,caracas,bdpm,mean,0.6,0,16,23,18950,18989,0.0,0.0,nan,-0.0009948164117876716
osm,caracas,bdpm,mean,0.7,0,12,23,18954,18989,0.0,0.0,nan,-0.0008312464329154922
osm,caracas,bdpm,mean,0.8,0,4,23,18962,18989,0.0,0.0,nan,-0.000359011080552567
osm,caracas,bdpm,mean,0.9,0,0,23,18966,18989,nan,0.0,nan,0.0
osm,caracas,bdpm,mean,1.0,0,0,23,18966,18989,nan,0.0,nan,0.0
osm,caracas,bdpm,mean,1.1,0,0,23,18966,18989,nan,0.0,nan,0.0
osm,caracas,bdpm,mean,1.2,0,0,23,18966,18989,nan,0.0,nan,0.0
osm,caracas,bdpm,mean,1.3,0,0,23,18966,18989,nan,0.0,nan,0.0
osm,caracas,bdpm,mean,1.4,0,0,23,18966,18989,nan,0.0,nan,0.0
osm,caracas,bdpm,mean,1.5,0,0,23,18966,18989,nan,0.0,nan,0.0
osm,caracas,bdpm,mean,1.6,0,0,23,18966,18989,nan,0.0,nan,0.0
osm,caracas,bdpm,mean,1.7,0,0,23,18966,18989,nan,0.0,nan,0.0
osm,caracas,bdpm,mean,1.8,0,0,23,18966,18989,nan,0.0,nan,0.0
osm,caracas,bdpm,mean,1.9,0,0,23,18966,18989,nan,0.0,nan,0.0
osm,caracas,bdpm,mean,2.0,0,0,23,18966,18989,nan,0.0,nan,0.0
osm,caracas,bdpm,mean,2.1,0,0,23,18966,18989,nan,0.0,nan,0.0
osm,caracas,bdpm,mean,2.2,0,0,23,18966,18989,nan,0.0,nan,0.0
osm,caracas,bdpm,mean,2.3,0,0,23,18966,18989,nan,0.0,nan,0.0
osm,caracas,bdpm,mean,2.4,0,0,23,18966,18989,nan,0.0,nan,0.0
osm,caracas,bdpm,mean,2.5,0,0,23,18966,18989,nan,0.0,nan,0.0
osm,caracas,bdpm,mean,2.6,0,0,23,18966,18989,nan,0.0,nan,0.0
osm,caracas,bdpm,mean,2.7,0,0,23,18966,18989,nan,0.0,nan,0.0
osm,caracas,bdpm,mean,2.8,0,0,23,18966,18989,nan,0.0,nan,0.0
osm,caracas,bdpm,mean,2.9,0,0,23,18966,18989,nan,0.0,nan,0.0
osm,caracas,bdpm,mean,3.0,0,0,23,18966,18989,nan,0.0,nan,0.0
osm,caracas,bdpm,mean,3.1,0,0,23,18966,18989,nan,0.0,nan,0.0
osm,caracas,bdpm,mean,3.2,0,0,23,18966,18989,nan,0.0,nan,0.0
osm,caracas,bdpm,mean,3.3,0,0,23,18966,18989,nan,0.0,nan,0.0
osm,caracas,bdpm,mean,3.4,0,0,23,18966,18989,nan,0.0,nan,0.0
osm,caracas,bdpm,mean,3.5,0,0,23,18966,18989,nan,0.0,nan,0.0
osm,caracas,bdpm,mean,3.6,0,0,23,18966,18989,nan,0.0,nan,0.0
osm,caracas,bdpm,mean,3.7,0,0,23,18966,18989,nan,0.0,nan,0.0
osm,caracas,bdpm,mean,3.8,0,0,23,18966,18989,nan,0.0,nan,0.0
osm,caracas,bdpm,mean,3.9,0,0,23,18966,18989,nan,0.0,nan,0.0
osm,caracas,bdpm,mean,4.0,0,0,23,18966,18989,nan,0.0,nan,0.0
osm,caracas,bdpm,mean,4.1,0,0,23,18966,18989,nan,0.0,nan,0.0
osm,caracas,bdpm,mean,4.2,0,0,23,18966,18989,nan,0.0,nan,0.0
osm,caracas,bdpm,mean,4.3,0,0,23,18966,18989,nan,0.0,nan,0.0
osm,caracas,bdpm,mean,4.4,0,0,23,18966,18989,nan,0.0,nan,0.0
osm,caracas,bdpm,mean,4.5,0,0,23,18966,18989,nan,0.0,nan,0.0
osm,caracas,bdpm,mean,4.6,0,0,23,18966,18989,nan,0.0,nan,0.0
osm,caracas,bdpm,mean,4.7,0,0,23,18966,18989,nan,0.0,nan,0.0
osm,caracas,bdpm,mean,4.8,0,0,23,18966,18989,nan,0.0,nan,0.0
osm,caracas,bdpm,mean,4.9,0,0,23,18966,18989,nan,0.0,nan,0.0
osm,caracas,bdpm,mean,5.0,0,0,23,18966,18989,nan,0.0,nan,0.0
osm,caracas,bdpm,mean,5.1,0,0,23,18966,18989,nan,0.0,nan,0.0
osm,caracas,bdpm,mean,5.2,0,0,23,18966,18989,nan,0.0,nan,0.0
osm,caracas,bdpm,mean,5.3,0,0,23,18966,18989,nan,0.0,nan,0.0
osm,caracas,bdpm,mean,5.4,0,0,23,18966,18989,nan,0.0,nan,0.0
osm,caracas,bdpm,mean,5.5,0,0,23,18966,18989,nan,0.0,nan,0.0
osm,caracas,bdpm,mean,5.6,0,0,23,18966,18989,nan,0.0,nan,0.0
osm,caracas,bdpm,mean,5.7,0,0,23,18966,18989,nan,0.0,nan,0.0
osm,caracas,bdpm,mean,5.8,0,0,23,18966,18989,nan,0.0,nan,0.0
osm,caracas,bdpm,mean,5.9,0,0,23,18966,18989,nan,0.0,nan,0.0
osm,caracas,bdpm,mean,6.0,0,0,23,18966,18989,nan,0.0,nan,0.0
osm,caracas,bdpm,max,0.0,22,17698,1,1268,18989,0.0012415349887133183,0.9565217391304348,0.0024798512089274647,6.068310918891384e-05
osm,caracas,bdpm,max,0.1,15,7065,8,11901,18989,0.00211864406779661,0.6521739130434783,0.0042235675066873155,0.001813334975112582
osm,caracas,bdpm,max,0.2,4,2003,19,16963,18989,0.001993024414549078,0.17391304347826086,0.00394088669950739,0.0015495894095135878
osm,caracas,bdpm,max,0.3,1,675,22,18291,18989,0.0014792899408284023,0.043478260869565216,0.0028612303290414874,0.0005197015756055968
osm,caracas,bdpm,max,0.4,0,192,23,18774,18989,0.0,0.0,nan,-0.002167998796225328
osm,caracas,bdpm,max,0.5,0,54,23,18912,18989,0.0,0.0,nan,-0.0017017556720293784
osm,caracas,bdpm,max,0.6,0,28,23,18938,18989,0.0,0.0,nan,-0.001331746542200966
osm,caracas,bdpm,max,0.7,0,22,23,18944,18989,0.0,0.0,nan,-0.0011857156415407998
osm,caracas,bdpm,max,0.8,0,5,23,18961,18989,0.0,0.0,nan,-0.00043276847633909543
osm,caracas,bdpm,max,0.9,0,0,23,18966,18989,nan,0.0,nan,0.0
osm,caracas,bdpm,max,1.0,0,0,23,18966,18989,nan,0.0,nan,0.0
osm,caracas,bdpm,max,1.1,0,0,23,18966,18989,nan,0.0,nan,0.0
osm,caracas,bdpm,max,1.2,0,0,23,18966,18989,nan,0.0,nan,0.0
osm,caracas,bdpm,max,1.3,0,0,23,18966,18989,nan,0.0,nan,0.0
osm,caracas,bdpm,max,1.4,0,0,23,18966,18989,nan,0.0,nan,0.0
osm,caracas,bdpm,max,1.5,0,0,23,18966,18989,nan,0.0,nan,0.0
osm,caracas,bdpm,max,1.6,0,0,23,18966,18989,nan,0.0,nan,0.0
osm,caracas,bdpm,max,1.7,0,0,23,18966,18989,nan,0.0,nan,0.0
osm,caracas,bdpm,max,1.8,0,0,23,18966,18989,nan,0.0,nan,0.0
osm,caracas,bdpm,max,1.9,0,0,23,18966,18989,nan,0.0,nan,0.0
osm,caracas,bdpm,max,2.0,0,0,23,18966,18989,nan,0.0,nan,0.0
osm,caracas,bdpm,max,2.1,0,0,23,18966,18989,nan,0.0,nan,0.0
osm,caracas,bdpm,max,2.2,0,0,23,18966,18989,nan,0.0,nan,0.0
osm,caracas,bdpm,max,2.3,0,0,23,18966,18989,nan,0.0,nan,0.0
osm,caracas,bdpm,max,2.4,0,0,23,18966,18989,nan,0.0,nan,0.0
osm,caracas,bdpm,max,2.5,0,0,23,18966,18989,nan,0.0,nan,0.0
osm,caracas,bdpm,max,2.6,0,0,23,18966,18989,nan,0.0,nan,0.0
osm,caracas,bdpm,max,2.7,0,0,23,18966,18989,nan,0.0,nan,0.0
osm,caracas,bdpm,max,2.8,0,0,23,18966,18989,nan,0.0,nan,0.0
osm,caracas,bdpm,max,2.9,0,0,23,18966,18989,nan,0.0,nan,0.0
osm,caracas,bdpm,max,3.0,0,0,23,18966,18989,nan,0.0,nan,0.0
osm,caracas,bdpm,max,3.1,0,0,23,18966,18989,nan,0.0,nan,0.0
osm,caracas,bdpm,max,3.2,0,0,23,18966,18989,nan,0.0,nan,0.0
osm,caracas,bdpm,max,3.3,0,0,23,18966,18989,nan,0.0,nan,0.0
osm,caracas,bdpm,max,3.4,0,0,23,18966,18989,nan,0.0,nan,0.0
osm,caracas,bdpm,max,3.5,0,0,23,18966,18989,nan,0.0,nan,0.0
osm,caracas,bdpm,max,3.6,0,0,23,18966,18989,nan,0.0,nan,0.0
osm,caracas,bdpm,max,3.7,0,0,23,18966,18989,nan,0.0,nan,0.0
osm,caracas,bdpm,max,3.8,0,0,23,18966,18989,nan,0.0,nan,0.0
osm,caracas,bdpm,max,3.9,0,0,23,18966,18989,nan,0.0,nan,0.0
osm,caracas,bdpm,max,4.0,0,0,23,18966,18989,nan,0.0,nan,0.0
osm,caracas,bdpm,max,4.1,0,0,23,18966,18989,nan,0.0,nan,0.0
osm,caracas,bdpm,max,4.2,0,0,23,18966,18989,nan,0.0,nan,0.0
osm,caracas,bdpm,max,4.3,0,0,23,18966,18989,nan,0.0,nan,0.0
osm,caracas,bdpm,max,4.4,0,0,23,18966,18989,nan,0.0,nan,0.0
osm,caracas,bdpm,max,4.5,0,0,23,18966,18989,nan,0.0,nan,0.0
osm,caracas,bdpm,max,4.6,0,0,23,18966,18989,nan,0.0,nan,0.0
osm,caracas,bdpm,max,4.7,0,0,23,18966,18989,nan,0.0,nan,0.0
osm,caracas,bdpm,max,4.8,0,0,23,18966,18989,nan,0.0,nan,0.0
osm,caracas,bdpm,max,4.9,0,0,23,18966,18989,nan,0.0,nan,0.0
osm,caracas,bdpm,max,5.0,0,0,23,18966,18989,nan,0.0,nan,0.0
osm,caracas,bdpm,max,5.1,0,0,23,18966,18989,nan,0.0,nan,0.0
osm,caracas,bdpm,max,5.2,0,0,23,18966,18989,nan,0.0,nan,0.0
osm,caracas,bdpm,max,5.3,0,0,23,18966,18989,nan,0.0,nan,0.0
osm,caracas,bdpm,max,5.4,0,0,23,18966,18989,nan,0.0,nan,0.0
osm,caracas,bdpm,max,5.5,0,0,23,18966,18989,nan,0.0,nan,0.0
osm,caracas,bdpm,max,5.6,0,0,23,18966,18989,nan,0.0,nan,0.0
osm,caracas,bdpm,max,5.7,0,0,23,18966,18989,nan,0.0,nan,0.0
osm,caracas,bdpm,max,5.8,0,0,23,18966,18989,nan,0.0,nan,0.0
osm,caracas,bdpm,max,5.9,0,0,23,18966,18989,nan,0.0,nan,0.0
osm,caracas,bdpm,max,6.0,0,0,23,18966,18989,nan,0.0,nan,0.0
osm,caracas,bdpm,p75,0.0,21,17428,2,1538,18989,0.001203507364318872,0.9130434782608695,0.0024038461538461535,-1.5457447041175617e-05
osm,caracas,bdpm,p75,0.1,12,6200,11,12766,18989,0.0019317450096587251,0.5217391304347826,0.003849238171611868,0.0014391926662878694
osm,caracas,bdpm,p75,0.2,2,1550,21,17416,18989,0.001288659793814433,0.08695652173913043,0.0025396825396825397,0.00015296811603676322
osm,caracas,bdpm,p75,0.3,0,489,23,18477,18989,0.0,0.0,nan,-0.0023189991952486623
osm,caracas,bdpm,p75,0.4,0,140,23,18826,18989,0.0,0.0,nan,-0.002084974360325841
osm,caracas,bdpm,p75,0.5,0,45,23,18921,18989,0.0,0.0,nan,-0.0016056693313972925
osm,caracas,bdpm,p75,0.6,0,24,23,18942,18989,0.0,0.0,nan,-0.0012385304118251513
osm,caracas,bdpm,p75,0.7,0,13,23,18953,18989,0.0,0.0,nan,-0.0008755413569422468
osm,caracas,bdpm,p75,0.8,0,4,23,18962,18989,0.0,0.0,nan,-0.000359011080552567
osm,caracas,bdpm,p75,0.9,0,0,23,18966,18989,nan,0.0,nan,0.0
osm,caracas,bdpm,p75,1.0,0,0,23,18966,18989,nan,0.0,nan,0.0
osm,caracas,bdpm,p75,1.1,0,0,23,18966,18989,nan,0.0,nan,0.0
osm,caracas,bdpm,p75,1.2,0,0,23,18966,18989,nan,0.0,nan,0.0
osm,caracas,bdpm,p75,1.3,0,0,23,18966,18989,nan,0.0,nan,0.0
osm,caracas,bdpm,p75,1.4,0,0,23,18966,18989,nan,0.0,nan,0.0
osm,caracas,bdpm,p75,1.5,0,0,23,18966,18989,nan,0.0,nan,0.0
osm,caracas,bdpm,p75,1.6,0,0,23,18966,18989,nan,0.0,nan,0.0
osm,caracas,bdpm,p75,1.7,0,0,23,18966,18989,nan,0.0,nan,0.0
osm,caracas,bdpm,p75,1.8,0,0,23,18966,18989,nan,0.0,nan,0.0
osm,caracas,bdpm,p75,1.9,0,0,23,18966,18989,nan,0.0,nan,0.0
osm,caracas,bdpm,p75,2.0,0,0,23,18966,18989,nan,0.0,nan,0.0
osm,caracas,bdpm,p75,2.1,0,0,23,18966,18989,nan,0.0,nan,0.0
osm,caracas,bdpm,p75,2.2,0,0,23,18966,18989,nan,0.0,nan,0.0
osm,caracas,bdpm,p75,2.3,0,0,23,18966,18989,nan,0.0,nan,0.0
osm,caracas,bdpm,p75,2.4,0,0,23,18966,18989,nan,0.0,nan,0.0
osm,caracas,bdpm,p75,2.5,0,0,23,18966,18989,nan,0.0,nan,0.0
osm,caracas,bdpm,p75,2.6,0,0,23,18966,18989,nan,0.0,nan,0.0
osm,caracas,bdpm,p75,2.7,0,0,23,18966,18989,nan,0.0,nan,0.0
osm,caracas,bdpm,p75,2.8,0,0,23,18966,18989,nan,0.0,nan,0.0
osm,caracas,bdpm,p75,2.9,0,0,23,18966,18989,nan,0.0,nan,0.0
osm,caracas,bdpm,p75,3.0,0,0,23,18966,18989,nan,0.0,nan,0.0
osm,caracas,bdpm,p75,3.1,0,0,23,18966,18989,nan,0.0,nan,0.0
osm,caracas,bdpm,p75,3.2,0,0,23,18966,18989,nan,0.0,nan,0.0
osm,caracas,bdpm,p75,3.3,0,0,23,18966,18989,nan,0.0,nan,0.0
osm,caracas,bdpm,p75,3.4,0,0,23,18966,18989,nan,0.0,nan,0.0
osm,caracas,bdpm,p75,3.5,0,0,23,18966,18989,nan,0.0,nan,0.0
osm,caracas,bdpm,p75,3.6,0,0,23,18966,18989,nan,0.0,nan,0.0
osm,caracas,bdpm,p75,3.7,0,0,23,18966,18989,nan,0.0,nan,0.0
osm,caracas,bdpm,p75,3.8,0,0,23,18966,18989,nan,0.0,nan,0.0
osm,caracas,bdpm,p75,3.9,0,0,23,18966,18989,nan,0.0,nan,0.0
osm,caracas,bdpm,p75,4.0,0,0,23,18966,18989,nan,0.0,nan,0.0
osm,caracas,bdpm,p75,4.1,0,0,23,18966,18989,nan,0.0,nan,0.0
osm,caracas,bdpm,p75,4.2,0,0,23,18966,18989,nan,0.0,nan,0.0
osm,caracas,bdpm,p75,4.3,0,0,23,18966,18989,nan,0.0,nan,0.0
osm,caracas,bdpm,p75,4.4,0,0,23,18966,18989,nan,0.0,nan,0.0
osm,caracas,bdpm,p75,4.5,0,0,23,18966,18989,nan,0.0,nan,0.0
osm,caracas,bdpm,p75,4.6,0,0,23,18966,18989,nan,0.0,nan,0.0
osm,caracas,bdpm,p75,4.7,0,0,23,18966,18989,nan,0.0,nan,0.0
osm,caracas,bdpm,p75,4.8,0,0,23,18966,18989,nan,0.0,nan,0.0
osm,caracas,bdpm,p75,4.9,0,0,23,18966,18989,nan,0.0,nan,0.0
osm,caracas,bdpm,p75,5.0,0,0,23,18966,18989,nan,0.0,nan,0.0
osm,caracas,bdpm,p75,5.1,0,0,23,18966,18989,nan,0.0,nan,0.0
osm,caracas,bdpm,p75,5.2,0,0,23,18966,18989,nan,0.0,nan,0.0
osm,caracas,bdpm,p75,5.3,0,0,23,18966,18989,nan,0.0,nan,0.0
osm,caracas,bdpm,p75,5.4,0,0,23,18966,18989,nan,0.0,nan,0.0
osm,caracas,bdpm,p75,5.5,0,0,23,18966,18989,nan,0.0,nan,0.0
osm,caracas,bdpm,p75,5.6,0,0,23,18966,18989,nan,0.0,nan,0.0
osm,caracas,bdpm,p75,5.7,0,0,23,18966,18989,nan,0.0,nan,0.0
osm,caracas,bdpm,p75,5.8,0,0,23,18966,18989,nan,0.0,nan,0.0
osm,caracas,bdpm,p75,5.9,0,0,23,18966,18989,nan,0.0,nan,0.0
osm,caracas,bdpm,p75,6.0,0,0,23,18966,18989,nan,0.0,nan,0.0
osm,caracas,bdpm,p90,0.0,22,17600,1,1366,18989,0.0012484394506866417,0.9565217391304348,0.0024936242561632194,7.450704014784098e-05
osm,caracas,bdpm,p90,0.1,14,6718,9,12248,18989,0.0020796197266785502,0.6086956521739131,0.004145077720207254,0.0017350595891999845
osm,caracas,bdpm,p90,0.2,3,1776,20,17190,18989,0.0016863406408094434,0.13043478260869565,0.003329633740288568,0.0009403467459764819
osm,caracas,bdpm,p90,0.3,0,579,23,18387,18989,0.0,0.0,nan,-0.0023353439586186486
osm,caracas,bdpm,p90,0.4,0,169,23,18797,18989,0.0,0.0,nan,-0.002136821441009042
osm,caracas,bdpm,p90,0.5,0,48,23,18918,18989,0.0,0.0,nan,-0.0016404026415867234
osm,caracas,bdpm,p90,0.6,0,27,23,18939,18989,0.0,0.0,nan,-0.0013098391913774624
osm,caracas,bdpm,p90,0.7,0,13,23,18953,18989,0.0,0.0,nan,-0.0008755413569422468
osm,caracas,bdpm,p90,0.8,0,4,23,18962,18989,0.0,0.0,nan,-0.000359011080552567
osm,caracas,bdpm,p90,0.9,0,0,23,18966,18989,nan,0.0,nan,0.0
osm,caracas,bdpm,p90,1.0,0,0,23,18966,18989,nan,0.0,nan,0.0
osm,caracas,bdpm,p90,1.1,0,0,23,18966,18989,nan,0.0,nan,0.0
osm,caracas,bdpm,p90,1.2,0,0,23,18966,18989,nan,0.0,nan,0.0
osm,caracas,bdpm,p90,1.3,0,0,23,18966,18989,nan,0.0,nan,0.0
osm,caracas,bdpm,p90,1.4,0,0,23,18966,18989,nan,0.0,nan,0.0
osm,caracas,bdpm,p90,1.5,0,0,23,18966,18989,nan,0.0,nan,0.0
osm,caracas,bdpm,p90,1.6,0,0,23,18966,18989,nan,0.0,nan,0.0
osm,caracas,bdpm,p90,1.7,0,0,23,18966,18989,nan,0.0,nan,0.0
osm,caracas,bdpm,p90,1.8,0,0,23,18966,18989,nan,0.0,nan,0.0
osm,caracas,bdpm,p90,1.9,0,0,23,18966,18989,nan,0.0,nan,0.0
osm,caracas,bdpm,p90,2.0,0,0,23,18966,18989,nan,0.0,nan,0.0
osm,caracas,bdpm,p90,2.1,0,0,23,18966,18989,nan,0.0,nan,0.0
osm,caracas,bdpm,p90,2.2,0,0,23,18966,18989,nan,0.0,nan,0.0
osm,caracas,bdpm,p90,2.3,0,0,23,18966,18989,nan,0.0,nan,0.0
osm,caracas,bdpm,p90,2.4,0,0,23,18966,18989,nan,0.0,nan,0.0
osm,caracas,bdpm,p90,2.5,0,0,23,18966,18989,nan,0.0,nan,0.0
osm,caracas,bdpm,p90,2.6,0,0,23,18966,18989,nan,0.0,nan,0.0
osm,caracas,bdpm,p90,2.7,0,0,23,18966,18989,nan,0.0,nan,0.0
osm,caracas,bdpm,p90,2.8,0,0,23,18966,18989,nan,0.0,nan,0.0
osm,caracas,bdpm,p90,2.9,0,0,23,18966,18989,nan,0.0,nan,0.0
osm,caracas,bdpm,p90,3.0,0,0,23,18966,18989,nan,0.0,nan,0.0
osm,caracas,bdpm,p90,3.1,0,0,23,18966,18989,nan,0.0,nan,0.0
osm,caracas,bdpm,p90,3.2,0,0,23,18966,18989,nan,0.0,nan,0.0
osm,caracas,bdpm,p90,3.3,0,0,23,18966,18989,nan,0.0,nan,0.0
osm,caracas,bdpm,p90,3.4,0,0,23,18966,18989,nan,0.0,nan,0.0
osm,caracas,bdpm,p90,3.5,0,0,23,18966,18989,nan,0.0,nan,0.0
osm,caracas,bdpm,p90,3.6,0,0,23,18966,18989,nan,0.0,nan,0.0
osm,caracas,bdpm,p90,3.7,0,0,23,18966,18989,nan,0.0,nan,0.0
osm,caracas,bdpm,p90,3.8,0,0,23,18966,18989,nan,0.0,nan,0.0
osm,caracas,bdpm,p90,3.9,0,0,23,18966,18989,nan,0.0,nan,0.0
osm,caracas,bdpm,p90,4.0,0,0,23,18966,18989,nan,0.0,nan,0.0
osm,caracas,bdpm,p90,4.1,0,0,23,18966,18989,nan,0.0,nan,0.0
osm,caracas,bdpm,p90,4.2,0,0,23,18966,18989,nan,0.0,nan,0.0
osm,caracas,bdpm,p90,4.3,0,0,23,18966,18989,nan,0.0,nan,0.0
osm,caracas,bdpm,p90,4.4,0,0,23,18966,18989,nan,0.0,nan,0.0
osm,caracas,bdpm,p90,4.5,0,0,23,18966,18989,nan,0.0,nan,0.0
osm,caracas,bdpm,p90,4.6,0,0,23,18966,18989,nan,0.0,nan,0.0
osm,caracas,bdpm,p90,4.7,0,0,23,18966,18989,nan,0.0,nan,0.0
osm,caracas,bdpm,p90,4.8,0,0,23,18966,18989,nan,0.0,nan,0.0
osm,caracas,bdpm,p90,4.9,0,0,23,18966,18989,nan,0.0,nan,0.0
osm,caracas,bdpm,p90,5.0,0,0,23,18966,18989,nan,0.0,nan,0.0
osm,caracas,bdpm,p90,5.1,0,0,23,18966,18989,nan,0.0,nan,0.0
osm,caracas,bdpm,p90,5.2,0,0,23,18966,18989,nan,0.0,nan,0.0
osm,caracas,bdpm,p90,5.3,0,0,23,18966,18989,nan,0.0,nan,0.0
osm,caracas,bdpm,p90,5.4,0,0,23,18966,18989,nan,0.0,nan,0.0
osm,caracas,bdpm,p90,5.5,0,0,23,18966,18989,nan,0.0,nan,0.0
osm,caracas,bdpm,p90,5.6,0,0,23,18966,18989,nan,0.0,nan,0.0
osm,caracas,bdpm,p90,5.7,0,0,23,18966,18989,nan,0.0,nan,0.0
osm,caracas,bdpm,p90,5.8,0,0,23,18966,18989,nan,0.0,nan,0.0
osm,caracas,bdpm,p90,5.9,0,0,23,18966,18989,nan,0.0,nan,0.0
osm,caracas,bdpm,p90,6.0,0,0,23,18966,18989,nan,0.0,nan,0.0
osm,caracas,bdpm,frac50,0.0,21,17367,2,1599,18989,0.0012077294685990338,0.9130434782608695,0.0024122681063695364,-7.003870572360319e-06
osm,caracas,bdpm,frac50,0.1,8,6224,15,12742,18989,0.0012836970474967907,0.34782608695652173,0.002557953637090327,0.0001447554143668576
osm,caracas,bdpm,frac50,0.2,2,1553,21,17413,18989,0.0012861736334405145,0.08695652173913043,0.002534854245880862,0.00014806086432200062
osm,caracas,bdpm,frac50,0.3,0,501,23,18465,18989,0.0,0.0,nan,-0.0023215028623401516
osm,caracas,bdpm,frac50,0.4,0,142,23,18824,18989,0.0,0.0,nan,-0.002089134931179549
osm,caracas,bdpm,frac50,0.5,0,45,23,18921,18989,0.0,0.0,nan,-0.0016056693313972925
osm,caracas,bdpm,frac50,0.6,0,26,23,18940,18989,0.0,0.0,nan,-0.001287038681107377
osm,caracas,bdpm,frac50,0.7,0,18,23,18948,18989,0.0,0.0,nan,-0.0010646491479744064
osm,caracas,bdpm,frac50,0.8,0,5,23,18961,18989,0.0,0.0,nan,-0.00043276847633909543
osm,caracas,bdpm,frac50,0.9,0,0,23,18966,18989,nan,0.0,nan,0.0
osm,caracas,bdpm,frac50,1.0,0,0,23,18966,18989,nan,0.0,nan,0.0
osm,caracas,bdpm,frac50,1.1,0,0,23,18966,18989,nan,0.0,nan,0.0
osm,caracas,bdpm,frac50,1.2,0,0,23,18966,18989,nan,0.0,nan,0.0
osm,caracas,bdpm,frac50,1.3,0,0,23,18966,18989,nan,0.0,nan,0.0
osm,caracas,bdpm,frac50,1.4,0,0,23,18966,18989,nan,0.0,nan,0.0
osm,caracas,bdpm,frac50,1.5,0,0,23,18966,18989,nan,0.0,nan,0.0
osm,caracas,bdpm,frac50,1.6,0,0,23,18966,18989,nan,0.0,nan,0.0
osm,caracas,bdpm,frac50,1.7,0,0,23,18966,18989,nan,0.0,nan,0.0
osm,caracas,bdpm,frac50,1.8,0,0,23,18966,18989,nan,0.0,nan,0.0
osm,caracas,bdpm,frac50,1.9,0,0,23,18966,18989,nan,0.0,nan,0.0
osm,caracas,bdpm,frac50,2.0,0,0,23,18966,18989,nan,0.0,nan,0.0
osm,caracas,bdpm,frac50,2.1,0,0,23,18966,18989,nan,0.0,nan,0.0
osm,caracas,bdpm,frac50,2.2,0,0,23,18966,18989,nan,0.0,nan,0.0
osm,caracas,bdpm,frac50,2.3,0,0,23,18966,18989,nan,0.0,nan,0.0
osm,caracas,bdpm,frac50,2.4,0,0,23,18966,18989,nan,0.0,nan,0.0
osm,caracas,bdpm,frac50,2.5,0,0,23,18966,18989,nan,0.0,nan,0.0
osm,caracas,bdpm,frac50,2.6,0,0,23,18966,18989,nan,0.0,nan,0.0
osm,caracas,bdpm,frac50,2.7,0,0,23,18966,18989,nan,0.0,nan,0.0
osm,caracas,bdpm,frac50,2.8,0,0,23,18966,18989,nan,0.0,nan,0.0
osm,caracas,bdpm,frac50,2.9,0,0,23,18966,18989,nan,0.0,nan,0.0
osm,caracas,bdpm,frac50,3.0,0,0,23,18966,18989,nan,0.0,nan,0.0
osm,caracas,bdpm,frac50,3.1,0,0,23,18966,18989,nan,0.0,nan,0.0
osm,caracas,bdpm,frac50,3.2,0,0,23,18966,18989,nan,0.0,nan,0.0
osm,caracas,bdpm,frac50,3.3,0,0,23,18966,18989,nan,0.0,nan,0.0
osm,caracas,bdpm,frac50,3.4,0,0,23,18966,18989,nan,0.0,nan,0.0
osm,caracas,bdpm,frac50,3.5,0,0,23,18966,18989,nan,0.0,nan,0.0
osm,caracas,bdpm,frac50,3.6,0,0,23,18966,18989,nan,0.0,nan,0.0
osm,caracas,bdpm,frac50,3.7,0,0,23,18966,18989,nan,0.0,nan,0.0
osm,caracas,bdpm,frac50,3.8,0,0,23,18966,18989,nan,0.0,nan,0.0
osm,caracas,bdpm,frac50,3.9,0,0,23,18966,18989,nan,0.0,nan,0.0
osm,caracas,bdpm,frac50,4.0,0,0,23,18966,18989,nan,0.0,nan,0.0
osm,caracas,bdpm,frac50,4.1,0,0,23,18966,18989,nan,0.0,nan,0.0
osm,caracas,bdpm,frac50,4.2,0,0,23,18966,18989,nan,0.0,nan,0.0
osm,caracas,bdpm,frac50,4.3,0,0,23,18966,18989,nan,0.0,nan,0.0
osm,caracas,bdpm,frac50,4.4,0,0,23,18966,18989,nan,0.0,nan,0.0
osm,caracas,bdpm,frac50,4.5,0,0,23,18966,18989,nan,0.0,nan,0.0
osm,caracas,bdpm,frac50,4.6,0,0,23,18966,18989,nan,0.0,nan,0.0
osm,caracas,bdpm,frac50,4.7,0,0,23,18966,18989,nan,0.0,nan,0.0
osm,caracas,bdpm,frac50,4.8,0,0,23,18966,18989,nan,0.0,nan,0.0
osm,caracas,bdpm,frac50,4.9,0,0,23,18966,18989,nan,0.0,nan,0.0
osm,caracas,bdpm,frac50,5.0,0,0,23,18966,18989,nan,0.0,nan,0.0
osm,caracas,bdpm,frac50,5.1,0,0,23,18966,18989,nan,0.0,nan,0.0
osm,caracas,bdpm,frac50,5.2,0,0,23,18966,18989,nan,0.0,nan,0.0
osm,caracas,bdpm,frac50,5.3,0,0,23,18966,18989,nan,0.0,nan,0.0
osm,caracas,bdpm,frac50,5.4,0,0,23,18966,18989,nan,0.0,nan,0.0
osm,caracas,bdpm,frac50,5.5,0,0,23,18966,18989,nan,0.0,nan,0.0
osm,caracas,bdpm,frac50,5.6,0,0,23,18966,18989,nan,0.0,nan,0.0
osm,caracas,bdpm,frac50,5.7,0,0,23,18966,18989,nan,0.0,nan,0.0
osm,caracas,bdpm,frac50,5.8,0,0,23,18966,18989,nan,0.0,nan,0.0
osm,caracas,bdpm,frac50,5.9,0,0,23,18966,18989,nan,0.0,nan,0.0
osm,caracas,bdpm,frac50,6.0,0,0,23,18966,18989,nan,0.0,nan,0.0
osm,la_guaira,bdpm,mean,0.0,17,20245,0,981,21243,0.0008390089823314579,1.0,0.0016766112727452044,7.75497877414855e-05
osm,la_guaira,bdpm,mean,0.1,16,14184,1,7042,21243,0.0011267605633802818,0.9411764705882353,0.002250826475346417,0.0006532573817932851
osm,la_guaira,bdpm,mean,0.2,16,8051,1,13175,21243,0.0019833891161522253,0.9411764705882353,0.0039584364176150424,0.0023650523352209173
osm,la_guaira,bdpm,mean,0.3,15,4409,2,16817,21243,0.0033905967450271247,0.8823529411764706,0.006755235307363206,0.005169076417627577
osm,la_guaira,bdpm,mean,0.4,13,2079,4,19147,21243,0.00621414913957935,0.7647058823529411,0.012328117591275488,0.010757570713887322
osm,la_guaira,bdpm,mean,0.5,9,1035,8,20191,21243,0.008620689655172414,0.5294117647058824,0.016965127238454288,0.015414520706207416
osm,la_guaira,bdpm,mean,0.6,7,370,10,20856,21243,0.01856763925729443,0.4117647058823529,0.035532994923857864,0.03405367812366993
osm,la_guaira,bdpm,mean,0.7,2,107,15,21119,21243,0.01834862385321101,0.11764705882352941,0.031746031746031744,0.030403544897845237
osm,la_guaira,bdpm,mean,0.8,0,24,17,21202,21243,0.0,0.0,nan,-0.0009377725832360495
osm,la_guaira,bdpm,mean,0.9,0,0,17,21226,21243,nan,0.0,nan,0.0
osm,la_guaira,bdpm,mean,1.0,0,0,17,21226,21243,nan,0.0,nan,0.0
osm,la_guaira,bdpm,mean,1.1,0,0,17,21226,21243,nan,0.0,nan,0.0
osm,la_guaira,bdpm,mean,1.2,0,0,17,21226,21243,nan,0.0,nan,0.0
osm,la_guaira,bdpm,mean,1.3,0,0,17,21226,21243,nan,0.0,nan,0.0
osm,la_guaira,bdpm,mean,1.4,0,0,17,21226,21243,nan,0.0,nan,0.0
osm,la_guaira,bdpm,mean,1.5,0,0,17,21226,21243,nan,0.0,nan,0.0
osm,la_guaira,bdpm,mean,1.6,0,0,17,21226,21243,nan,0.0,nan,0.0
osm,la_guaira,bdpm,mean,1.7,0,0,17,21226,21243,nan,0.0,nan,0.0
osm,la_guaira,bdpm,mean,1.8,0,0,17,21226,21243,nan,0.0,nan,0.0
osm,la_guaira,bdpm,mean,1.9,0,0,17,21226,21243,nan,0.0,nan,0.0
osm,la_guaira,bdpm,mean,2.0,0,0,17,21226,21243,nan,0.0,nan,0.0
osm,la_guaira,bdpm,mean,2.1,0,0,17,21226,21243,nan,0.0,nan,0.0
osm,la_guaira,bdpm,mean,2.2,0,0,17,21226,21243,nan,0.0,nan,0.0
osm,la_guaira,bdpm,mean,2.3,0,0,17,21226,21243,nan,0.0,nan,0.0
osm,la_guaira,bdpm,mean,2.4,0,0,17,21226,21243,nan,0.0,nan,0.0
osm,la_guaira,bdpm,mean,2.5,0,0,17,21226,21243,nan,0.0,nan,0.0
osm,la_guaira,bdpm,mean,2.6,0,0,17,21226,21243,nan,0.0,nan,0.0
osm,la_guaira,bdpm,mean,2.7,0,0,17,21226,21243,nan,0.0,nan,0.0
osm,la_guaira,bdpm,mean,2.8,0,0,17,21226,21243,nan,0.0,nan,0.0
osm,la_guaira,bdpm,mean,2.9,0,0,17,21226,21243,nan,0.0,nan,0.0
osm,la_guaira,bdpm,mean,3.0,0,0,17,21226,21243,nan,0.0,nan,0.0
osm,la_guaira,bdpm,mean,3.1,0,0,17,21226,21243,nan,0.0,nan,0.0
osm,la_guaira,bdpm,mean,3.2,0,0,17,21226,21243,nan,0.0,nan,0.0
osm,la_guaira,bdpm,mean,3.3,0,0,17,21226,21243,nan,0.0,nan,0.0
osm,la_guaira,bdpm,mean,3.4,0,0,17,21226,21243,nan,0.0,nan,0.0
osm,la_guaira,bdpm,mean,3.5,0,0,17,21226,21243,nan,0.0,nan,0.0
osm,la_guaira,bdpm,mean,3.6,0,0,17,21226,21243,nan,0.0,nan,0.0
osm,la_guaira,bdpm,mean,3.7,0,0,17,21226,21243,nan,0.0,nan,0.0
osm,la_guaira,bdpm,mean,3.8,0,0,17,21226,21243,nan,0.0,nan,0.0
osm,la_guaira,bdpm,mean,3.9,0,0,17,21226,21243,nan,0.0,nan,0.0
osm,la_guaira,bdpm,mean,4.0,0,0,17,21226,21243,nan,0.0,nan,0.0
osm,la_guaira,bdpm,mean,4.1,0,0,17,21226,21243,nan,0.0,nan,0.0
osm,la_guaira,bdpm,mean,4.2,0,0,17,21226,21243,nan,0.0,nan,0.0
osm,la_guaira,bdpm,mean,4.3,0,0,17,21226,21243,nan,0.0,nan,0.0
osm,la_guaira,bdpm,mean,4.4,0,0,17,21226,21243,nan,0.0,nan,0.0
osm,la_guaira,bdpm,mean,4.5,0,0,17,21226,21243,nan,0.0,nan,0.0
osm,la_guaira,bdpm,mean,4.6,0,0,17,21226,21243,nan,0.0,nan,0.0
osm,la_guaira,bdpm,mean,4.7,0,0,17,21226,21243,nan,0.0,nan,0.0
osm,la_guaira,bdpm,mean,4.8,0,0,17,21226,21243,nan,0.0,nan,0.0
osm,la_guaira,bdpm,mean,4.9,0,0,17,21226,21243,nan,0.0,nan,0.0
osm,la_guaira,bdpm,mean,5.0,0,0,17,21226,21243,nan,0.0,nan,0.0
osm,la_guaira,bdpm,mean,5.1,0,0,17,21226,21243,nan,0.0,nan,0.0
osm,la_guaira,bdpm,mean,5.2,0,0,17,21226,21243,nan,0.0,nan,0.0
osm,la_guaira,bdpm,mean,5.3,0,0,17,21226,21243,nan,0.0,nan,0.0
osm,la_guaira,bdpm,mean,5.4,0,0,17,21226,21243,nan,0.0,nan,0.0
osm,la_guaira,bdpm,mean,5.5,0,0,17,21226,21243,nan,0.0,nan,0.0
osm,la_guaira,bdpm,mean,5.6,0,0,17,21226,21243,nan,0.0,nan,0.0
osm,la_guaira,bdpm,mean,5.7,0,0,17,21226,21243,nan,0.0,nan,0.0
osm,la_guaira,bdpm,mean,5.8,0,0,17,21226,21243,nan,0.0,nan,0.0
osm,la_guaira,bdpm,mean,5.9,0,0,17,21226,21243,nan,0.0,nan,0.0
osm,la_guaira,bdpm,mean,6.0,0,0,17,21226,21243,nan,0.0,nan,0.0
osm,la_guaira,bdpm,max,0.0,17,20373,0,853,21243,0.0008337420304070622,1.0,0.0016660949674131426,6.700820921724056e-05
osm,la_guaira,bdpm,max,0.1,17,14945,0,6281,21243,0.0011362117363988772,1.0,0.00226984444889512,0.0006722083570544791
osm,la_guaira,bdpm,max,0.2,16,8839,1,12387,21243,0.0018068887634105025,0.9411764705882353,0.0036068530207394047,0.0020126076846297284
osm,la_guaira,bdpm,max,0.3,16,5064,1,16162,21243,0.0031496062992125984,0.9411764705882353,0.006278202864430057,0.004690496090616406
osm,la_guaira,bdpm,max,0.4,13,2523,4,18703,21243,0.005126182965299685,0.7647058823529411,0.01018409714061888,0.008607913010387925
osm,la_guaira,bdpm,max,0.5,11,1342,6,19884,21243,0.008130081300813009,0.6470588235294118,0.016058394160583942,0.014500648176329942
osm,la_guaira,bdpm,max,0.6,8,491,9,20735,21243,0.01603206412825651,0.47058823529411764,0.031007751937984492,0.029505623960769344
osm,la_guaira,bdpm,max,0.7,5,174,12,21052,21243,0.027932960893854747,0.29411764705882354,0.05102040816326531,0.04963124846363202
osm,la_guaira,bdpm,max,0.8,1,43,16,21183,21243,0.022727272727272728,0.058823529411764705,0.03278688524590164,0.031668967733811226
osm,la_guaira,bdpm,max,0.9,0,0,17,21226,21243,nan,0.0,nan,0.0
osm,la_guaira,bdpm,max,1.0,0,0,17,21226,21243,nan,0.0,nan,0.0
osm,la_guaira,bdpm,max,1.1,0,0,17,21226,21243,nan,0.0,nan,0.0
osm,la_guaira,bdpm,max,1.2,0,0,17,21226,21243,nan,0.0,nan,0.0
osm,la_guaira,bdpm,max,1.3,0,0,17,21226,21243,nan,0.0,nan,0.0
osm,la_guaira,bdpm,max,1.4,0,0,17,21226,21243,nan,0.0,nan,0.0
osm,la_guaira,bdpm,max,1.5,0,0,17,21226,21243,nan,0.0,nan,0.0
osm,la_guaira,bdpm,max,1.6,0,0,17,21226,21243,nan,0.0,nan,0.0
osm,la_guaira,bdpm,max,1.7,0,0,17,21226,21243,nan,0.0,nan,0.0
osm,la_guaira,bdpm,max,1.8,0,0,17,21226,21243,nan,0.0,nan,0.0
osm,la_guaira,bdpm,max,1.9,0,0,17,21226,21243,nan,0.0,nan,0.0
osm,la_guaira,bdpm,max,2.0,0,0,17,21226,21243,nan,0.0,nan,0.0
osm,la_guaira,bdpm,max,2.1,0,0,17,21226,21243,nan,0.0,nan,0.0
osm,la_guaira,bdpm,max,2.2,0,0,17,21226,21243,nan,0.0,nan,0.0
osm,la_guaira,bdpm,max,2.3,0,0,17,21226,21243,nan,0.0,nan,0.0
osm,la_guaira,bdpm,max,2.4,0,0,17,21226,21243,nan,0.0,nan,0.0
osm,la_guaira,bdpm,max,2.5,0,0,17,21226,21243,nan,0.0,nan,0.0
osm,la_guaira,bdpm,max,2.6,0,0,17,21226,21243,nan,0.0,nan,0.0
osm,la_guaira,bdpm,max,2.7,0,0,17,21226,21243,nan,0.0,nan,0.0
osm,la_guaira,bdpm,max,2.8,0,0,17,21226,21243,nan,0.0,nan,0.0
osm,la_guaira,bdpm,max,2.9,0,0,17,21226,21243,nan,0.0,nan,0.0
osm,la_guaira,bdpm,max,3.0,0,0,17,21226,21243,nan,0.0,nan,0.0
osm,la_guaira,bdpm,max,3.1,0,0,17,21226,21243,nan,0.0,nan,0.0
osm,la_guaira,bdpm,max,3.2,0,0,17,21226,21243,nan,0.0,nan,0.0
osm,la_guaira,bdpm,max,3.3,0,0,17,21226,21243,nan,0.0,nan,0.0
osm,la_guaira,bdpm,max,3.4,0,0,17,21226,21243,nan,0.0,nan,0.0
osm,la_guaira,bdpm,max,3.5,0,0,17,21226,21243,nan,0.0,nan,0.0
osm,la_guaira,bdpm,max,3.6,0,0,17,21226,21243,nan,0.0,nan,0.0
osm,la_guaira,bdpm,max,3.7,0,0,17,21226,21243,nan,0.0,nan,0.0
osm,la_guaira,bdpm,max,3.8,0,0,17,21226,21243,nan,0.0,nan,0.0
osm,la_guaira,bdpm,max,3.9,0,0,17,21226,21243,nan,0.0,nan,0.0
osm,la_guaira,bdpm,max,4.0,0,0,17,21226,21243,nan,0.0,nan,0.0
osm,la_guaira,bdpm,max,4.1,0,0,17,21226,21243,nan,0.0,nan,0.0
osm,la_guaira,bdpm,max,4.2,0,0,17,21226,21243,nan,0.0,nan,0.0
osm,la_guaira,bdpm,max,4.3,0,0,17,21226,21243,nan,0.0,nan,0.0
osm,la_guaira,bdpm,max,4.4,0,0,17,21226,21243,nan,0.0,nan,0.0
osm,la_guaira,bdpm,max,4.5,0,0,17,21226,21243,nan,0.0,nan,0.0
osm,la_guaira,bdpm,max,4.6,0,0,17,21226,21243,nan,0.0,nan,0.0
osm,la_guaira,bdpm,max,4.7,0,0,17,21226,21243,nan,0.0,nan,0.0
osm,la_guaira,bdpm,max,4.8,0,0,17,21226,21243,nan,0.0,nan,0.0
osm,la_guaira,bdpm,max,4.9,0,0,17,21226,21243,nan,0.0,nan,0.0
osm,la_guaira,bdpm,max,5.0,0,0,17,21226,21243,nan,0.0,nan,0.0
osm,la_guaira,bdpm,max,5.1,0,0,17,21226,21243,nan,0.0,nan,0.0
osm,la_guaira,bdpm,max,5.2,0,0,17,21226,21243,nan,0.0,nan,0.0
osm,la_guaira,bdpm,max,5.3,0,0,17,21226,21243,nan,0.0,nan,0.0
osm,la_guaira,bdpm,max,5.4,0,0,17,21226,21243,nan,0.0,nan,0.0
osm,la_guaira,bdpm,max,5.5,0,0,17,21226,21243,nan,0.0,nan,0.0
osm,la_guaira,bdpm,max,5.6,0,0,17,21226,21243,nan,0.0,nan,0.0
osm,la_guaira,bdpm,max,5.7,0,0,17,21226,21243,nan,0.0,nan,0.0
osm,la_guaira,bdpm,max,5.8,0,0,17,21226,21243,nan,0.0,nan,0.0
osm,la_guaira,bdpm,max,5.9,0,0,17,21226,21243,nan,0.0,nan,0.0
osm,la_guaira,bdpm,max,6.0,0,0,17,21226,21243,nan,0.0,nan,0.0
osm,la_guaira,bdpm,p75,0.0,17,20327,0,899,21243,0.0008356272119543846,1.0,0.0016698590442512649,7.078133205096569e-05
osm,la_guaira,bdpm,p75,0.1,17,14603,0,6623,21243,0.0011627906976744186,1.0,0.0023228803716608595,0.0007253716845363854
osm,la_guaira,bdpm,p75,0.2,16,8473,1,12753,21243,0.0018847920838732477,0.9411764705882353,0.0037620503174229953,0.002168185185264887
osm,la_guaira,bdpm,p75,0.3,15,4746,2,16480,21243,0.00315059861373661,0.8823529411764706,0.006278777731268313,0.00469142717411344
osm,la_guaira,bdpm,p75,0.4,13,2313,4,18913,21243,0.005588993981083405,0.7647058823529411,0.011096884336320957,0.009523101369974609
osm,la_guaira,bdpm,p75,0.5,9,1185,8,20041,21243,0.007537688442211055,0.5294117647058824,0.01486374896779521,0.013306688653316532
osm,la_guaira,bdpm,p75,0.6,8,425,9,20801,21243,0.018475750577367205,0.47058823529411764,0.03555555555555555,0.03406795948464211
osm,la_guaira,bdpm,p75,0.7,3,129,14,21097,21243,0.022727272727272728,0.17647058823529413,0.040268456375838924,0.03890570468301757
osm,la_guaira,bdpm,p75,0.8,0,26,17,21200,21243,0.0,0.0,nan,-0.0009686981200978924
osm,la_guaira,bdpm,p75,0.9,0,0,17,21226,21243,nan,0.0,nan,0.0
osm,la_guaira,bdpm,p75,1.0,0,0,17,21226,21243,nan,0.0,nan,0.0
osm,la_guaira,bdpm,p75,1.1,0,0,17,21226,21243,nan,0.0,nan,0.0
osm,la_guaira,bdpm,p75,1.2,0,0,17,21226,21243,nan,0.0,nan,0.0
osm,la_guaira,bdpm,p75,1.3,0,0,17,21226,21243,nan,0.0,nan,0.0
osm,la_guaira,bdpm,p75,1.4,0,0,17,21226,21243,nan,0.0,nan,0.0
osm,la_guaira,bdpm,p75,1.5,0,0,17,21226,21243,nan,0.0,nan,0.0
osm,la_guaira,bdpm,p75,1.6,0,0,17,21226,21243,nan,0.0,nan,0.0
osm,la_guaira,bdpm,p75,1.7,0,0,17,21226,21243,nan,0.0,nan,0.0
osm,la_guaira,bdpm,p75,1.8,0,0,17,21226,21243,nan,0.0,nan,0.0
osm,la_guaira,bdpm,p75,1.9,0,0,17,21226,21243,nan,0.0,nan,0.0
osm,la_guaira,bdpm,p75,2.0,0,0,17,21226,21243,nan,0.0,nan,0.0
osm,la_guaira,bdpm,p75,2.1,0,0,17,21226,21243,nan,0.0,nan,0.0
osm,la_guaira,bdpm,p75,2.2,0,0,17,21226,21243,nan,0.0,nan,0.0
osm,la_guaira,bdpm,p75,2.3,0,0,17,21226,21243,nan,0.0,nan,0.0
osm,la_guaira,bdpm,p75,2.4,0,0,17,21226,21243,nan,0.0,nan,0.0
osm,la_guaira,bdpm,p75,2.5,0,0,17,21226,21243,nan,0.0,nan,0.0
osm,la_guaira,bdpm,p75,2.6,0,0,17,21226,21243,nan,0.0,nan,0.0
osm,la_guaira,bdpm,p75,2.7,0,0,17,21226,21243,nan,0.0,nan,0.0
osm,la_guaira,bdpm,p75,2.8,0,0,17,21226,21243,nan,0.0,nan,0.0
osm,la_guaira,bdpm,p75,2.9,0,0,17,21226,21243,nan,0.0,nan,0.0
osm,la_guaira,bdpm,p75,3.0,0,0,17,21226,21243,nan,0.0,nan,0.0
osm,la_guaira,bdpm,p75,3.1,0,0,17,21226,21243,nan,0.0,nan,0.0
osm,la_guaira,bdpm,p75,3.2,0,0,17,21226,21243,nan,0.0,nan,0.0
osm,la_guaira,bdpm,p75,3.3,0,0,17,21226,21243,nan,0.0,nan,0.0
osm,la_guaira,bdpm,p75,3.4,0,0,17,21226,21243,nan,0.0,nan,0.0
osm,la_guaira,bdpm,p75,3.5,0,0,17,21226,21243,nan,0.0,nan,0.0
osm,la_guaira,bdpm,p75,3.6,0,0,17,21226,21243,nan,0.0,nan,0.0
osm,la_guaira,bdpm,p75,3.7,0,0,17,21226,21243,nan,0.0,nan,0.0
osm,la_guaira,bdpm,p75,3.8,0,0,17,21226,21243,nan,0.0,nan,0.0
osm,la_guaira,bdpm,p75,3.9,0,0,17,21226,21243,nan,0.0,nan,0.0
osm,la_guaira,bdpm,p75,4.0,0,0,17,21226,21243,nan,0.0,nan,0.0
osm,la_guaira,bdpm,p75,4.1,0,0,17,21226,21243,nan,0.0,nan,0.0
osm,la_guaira,bdpm,p75,4.2,0,0,17,21226,21243,nan,0.0,nan,0.0
osm,la_guaira,bdpm,p75,4.3,0,0,17,21226,21243,nan,0.0,nan,0.0
osm,la_guaira,bdpm,p75,4.4,0,0,17,21226,21243,nan,0.0,nan,0.0
osm,la_guaira,bdpm,p75,4.5,0,0,17,21226,21243,nan,0.0,nan,0.0
osm,la_guaira,bdpm,p75,4.6,0,0,17,21226,21243,nan,0.0,nan,0.0
osm,la_guaira,bdpm,p75,4.7,0,0,17,21226,21243,nan,0.0,nan,0.0
osm,la_guaira,bdpm,p75,4.8,0,0,17,21226,21243,nan,0.0,nan,0.0
osm,la_guaira,bdpm,p75,4.9,0,0,17,21226,21243,nan,0.0,nan,0.0
osm,la_guaira,bdpm,p75,5.0,0,0,17,21226,21243,nan,0.0,nan,0.0
osm,la_guaira,bdpm,p75,5.1,0,0,17,21226,21243,nan,0.0,nan,0.0
osm,la_guaira,bdpm,p75,5.2,0,0,17,21226,21243,nan,0.0,nan,0.0
osm,la_guaira,bdpm,p75,5.3,0,0,17,21226,21243,nan,0.0,nan,0.0
osm,la_guaira,bdpm,p75,5.4,0,0,17,21226,21243,nan,0.0,nan,0.0
osm,la_guaira,bdpm,p75,5.5,0,0,17,21226,21243,nan,0.0,nan,0.0
osm,la_guaira,bdpm,p75,5.6,0,0,17,21226,21243,nan,0.0,nan,0.0
osm,la_guaira,bdpm,p75,5.7,0,0,17,21226,21243,nan,0.0,nan,0.0
osm,la_guaira,bdpm,p75,5.8,0,0,17,21226,21243,nan,0.0,nan,0.0
osm,la_guaira,bdpm,p75,5.9,0,0,17,21226,21243,nan,0.0,nan,0.0
osm,la_guaira,bdpm,p75,6.0,0,0,17,21226,21243,nan,0.0,nan,0.0
osm,la_guaira,bdpm,p90,0.0,17,20360,0,866,21243,0.0008342739363007312,1.0,0.0016671570069628323,6.807280110958356e-05
osm,la_guaira,bdpm,p90,0.1,17,14816,0,6410,21243,0.001146093170633048,1.0,0.0022895622895622897,0.0006919735651238408
osm,la_guaira,bdpm,p90,0.2,16,8691,1,12535,21243,0.001837601929482026,0.9411764705882353,0.0036680421824850985,0.0020739467531309627
osm,la_guaira,bdpm,p90,0.3,16,4928,1,16298,21243,0.003236245954692557,0.9411764705882353,0.006450312437008668,0.0048630265115061095
osm,la_guaira,bdpm,p90,0.4,13,2425,4,18801,21243,0.005332239540607055,0.7647058823529411,0.010590631364562118,0.009015516873265886
osm,la_guaira,bdpm,p90,0.5,9,1266,8,19960,21243,0.007058823529411765,0.5294117647058824,0.01393188854489164,0.012371961995148372
osm,la_guaira,bdpm,p90,0.6,8,457,9,20769,21243,0.017204301075268817,0.47058823529411764,0.03319502074688797,0.03169989072038538
osm,la_guaira,bdpm,p90,0.7,4,154,13,21072,21243,0.02531645569620253,0.23529411764705882,0.045714285714285714,0.04433330199482384
osm,la_guaira,bdpm,p90,0.8,0,35,17,21191,21243,0.0,0.0,nan,-0.001078439724269771
osm,la_guaira,bdpm,p90,0.9,0,0,17,21226,21243,nan,0.0,nan,0.0
osm,la_guaira,bdpm,p90,1.0,0,0,17,21226,21243,nan,0.0,nan,0.0
osm,la_guaira,bdpm,p90,1.1,0,0,17,21226,21243,nan,0.0,nan,0.0
osm,la_guaira,bdpm,p90,1.2,0,0,17,21226,21243,nan,0.0,nan,0.0
osm,la_guaira,bdpm,p90,1.3,0,0,17,21226,21243,nan,0.0,nan,0.0
osm,la_guaira,bdpm,p90,1.4,0,0,17,21226,21243,nan,0.0,nan,0.0
osm,la_guaira,bdpm,p90,1.5,0,0,17,21226,21243,nan,0.0,nan,0.0
osm,la_guaira,bdpm,p90,1.6,0,0,17,21226,21243,nan,0.0,nan,0.0
osm,la_guaira,bdpm,p90,1.7,0,0,17,21226,21243,nan,0.0,nan,0.0
osm,la_guaira,bdpm,p90,1.8,0,0,17,21226,21243,nan,0.0,nan,0.0
osm,la_guaira,bdpm,p90,1.9,0,0,17,21226,21243,nan,0.0,nan,0.0
osm,la_guaira,bdpm,p90,2.0,0,0,17,21226,21243,nan,0.0,nan,0.0
osm,la_guaira,bdpm,p90,2.1,0,0,17,21226,21243,nan,0.0,nan,0.0
osm,la_guaira,bdpm,p90,2.2,0,0,17,21226,21243,nan,0.0,nan,0.0
osm,la_guaira,bdpm,p90,2.3,0,0,17,21226,21243,nan,0.0,nan,0.0
osm,la_guaira,bdpm,p90,2.4,0,0,17,21226,21243,nan,0.0,nan,0.0
osm,la_guaira,bdpm,p90,2.5,0,0,17,21226,21243,nan,0.0,nan,0.0
osm,la_guaira,bdpm,p90,2.6,0,0,17,21226,21243,nan,0.0,nan,0.0
osm,la_guaira,bdpm,p90,2.7,0,0,17,21226,21243,nan,0.0,nan,0.0
osm,la_guaira,bdpm,p90,2.8,0,0,17,21226,21243,nan,0.0,nan,0.0
osm,la_guaira,bdpm,p90,2.9,0,0,17,21226,21243,nan,0.0,nan,0.0
osm,la_guaira,bdpm,p90,3.0,0,0,17,21226,21243,nan,0.0,nan,0.0
osm,la_guaira,bdpm,p90,3.1,0,0,17,21226,21243,nan,0.0,nan,0.0
osm,la_guaira,bdpm,p90,3.2,0,0,17,21226,21243,nan,0.0,nan,0.0
osm,la_guaira,bdpm,p90,3.3,0,0,17,21226,21243,nan,0.0,nan,0.0
osm,la_guaira,bdpm,p90,3.4,0,0,17,21226,21243,nan,0.0,nan,0.0
osm,la_guaira,bdpm,p90,3.5,0,0,17,21226,21243,nan,0.0,nan,0.0
osm,la_guaira,bdpm,p90,3.6,0,0,17,21226,21243,nan,0.0,nan,0.0
osm,la_guaira,bdpm,p90,3.7,0,0,17,21226,21243,nan,0.0,nan,0.0
osm,la_guaira,bdpm,p90,3.8,0,0,17,21226,21243,nan,0.0,nan,0.0
osm,la_guaira,bdpm,p90,3.9,0,0,17,21226,21243,nan,0.0,nan,0.0
osm,la_guaira,bdpm,p90,4.0,0,0,17,21226,21243,nan,0.0,nan,0.0
osm,la_guaira,bdpm,p90,4.1,0,0,17,21226,21243,nan,0.0,nan,0.0
osm,la_guaira,bdpm,p90,4.2,0,0,17,21226,21243,nan,0.0,nan,0.0
osm,la_guaira,bdpm,p90,4.3,0,0,17,21226,21243,nan,0.0,nan,0.0
osm,la_guaira,bdpm,p90,4.4,0,0,17,21226,21243,nan,0.0,nan,0.0
osm,la_guaira,bdpm,p90,4.5,0,0,17,21226,21243,nan,0.0,nan,0.0
osm,la_guaira,bdpm,p90,4.6,0,0,17,21226,21243,nan,0.0,nan,0.0
osm,la_guaira,bdpm,p90,4.7,0,0,17,21226,21243,nan,0.0,nan,0.0
osm,la_guaira,bdpm,p90,4.8,0,0,17,21226,21243,nan,0.0,nan,0.0
osm,la_guaira,bdpm,p90,4.9,0,0,17,21226,21243,nan,0.0,nan,0.0
osm,la_guaira,bdpm,p90,5.0,0,0,17,21226,21243,nan,0.0,nan,0.0
osm,la_guaira,bdpm,p90,5.1,0,0,17,21226,21243,nan,0.0,nan,0.0
osm,la_guaira,bdpm,p90,5.2,0,0,17,21226,21243,nan,0.0,nan,0.0
osm,la_guaira,bdpm,p90,5.3,0,0,17,21226,21243,nan,0.0,nan,0.0
osm,la_guaira,bdpm,p90,5.4,0,0,17,21226,21243,nan,0.0,nan,0.0
osm,la_guaira,bdpm,p90,5.5,0,0,17,21226,21243,nan,0.0,nan,0.0
osm,la_guaira,bdpm,p90,5.6,0,0,17,21226,21243,nan,0.0,nan,0.0
osm,la_guaira,bdpm,p90,5.7,0,0,17,21226,21243,nan,0.0,nan,0.0
osm,la_guaira,bdpm,p90,5.8,0,0,17,21226,21243,nan,0.0,nan,0.0
osm,la_guaira,bdpm,p90,5.9,0,0,17,21226,21243,nan,0.0,nan,0.0
osm,la_guaira,bdpm,p90,6.0,0,0,17,21226,21243,nan,0.0,nan,0.0
osm,la_guaira,bdpm,frac50,0.0,17,20354,0,872,21243,0.0008345196603014089,1.0,0.0016676476358642338,6.856460911241281e-05
osm,la_guaira,bdpm,frac50,0.1,17,14807,0,6419,21243,0.0011467889908256881,1.0,0.002290950744558992,0.0006933653555285345
osm,la_guaira,bdpm,frac50,0.2,16,8654,1,12572,21243,0.001845444059976932,0.9411764705882353,0.003683665246920686,0.00208960809134201
osm,la_guaira,bdpm,frac50,0.3,16,4914,1,16312,21243,0.0032454361054766734,0.9411764705882353,0.006468566808166566,0.004881325515921134
osm,la_guaira,bdpm,frac50,0.4,13,2411,4,18815,21243,0.005363036303630363,0.7647058823529411,0.010651372388365426,0.009076417683954894
osm,la_guaira,bdpm,frac50,0.5,9,1251,8,19975,21243,0.007142857142857143,0.5294117647058824,0.014095536413469069,0.012536113406091292
osm,la_guaira,bdpm,frac50,0.6,8,454,9,20772,21243,0.017316017316017316,0.47058823529411764,0.033402922755741124,0.03190845704037187
osm,la_guaira,bdpm,frac50,0.7,3,145,14,21081,21243,0.02027027027027027,0.17647058823529413,0.03636363636363637,0.034978227534774156
osm,la_guaira,bdpm,frac50,0.8,0,34,17,21192,21243,0.0,0.0,nan,-0.0010681578988664831
osm,la_guaira,bdpm,frac50,0.9,0,0,17,21226,21243,nan,0.0,nan,0.0
osm,la_guaira,bdpm,frac50,1.0,0,0,17,21226,21243,nan,0.0,nan,0.0
osm,la_guaira,bdpm,frac50,1.1,0,0,17,21226,21243,nan,0.0,nan,0.0
osm,la_guaira,bdpm,frac50,1.2,0,0,17,21226,21243,nan,0.0,nan,0.0
osm,la_guaira,bdpm,frac50,1.3,0,0,17,21226,21243,nan,0.0,nan,0.0
osm,la_guaira,bdpm,frac50,1.4,0,0,17,21226,21243,nan,0.0,nan,0.0
osm,la_guaira,bdpm,frac50,1.5,0,0,17,21226,21243,nan,0.0,nan,0.0
osm,la_guaira,bdpm,frac50,1.6,0,0,17,21226,21243,nan,0.0,nan,0.0
osm,la_guaira,bdpm,frac50,1.7,0,0,17,21226,21243,nan,0.0,nan,0.0
osm,la_guaira,bdpm,frac50,1.8,0,0,17,21226,21243,nan,0.0,nan,0.0
osm,la_guaira,bdpm,frac50,1.9,0,0,17,21226,21243,nan,0.0,nan,0.0
osm,la_guaira,bdpm,frac50,2.0,0,0,17,21226,21243,nan,0.0,nan,0.0
osm,la_guaira,bdpm,frac50,2.1,0,0,17,21226,21243,nan,0.0,nan,0.0
osm,la_guaira,bdpm,frac50,2.2,0,0,17,21226,21243,nan,0.0,nan,0.0
osm,la_guaira,bdpm,frac50,2.3,0,0,17,21226,21243,nan,0.0,nan,0.0
osm,la_guaira,bdpm,frac50,2.4,0,0,17,21226,21243,nan,0.0,nan,0.0
osm,la_guaira,bdpm,frac50,2.5,0,0,17,21226,21243,nan,0.0,nan,0.0
osm,la_guaira,bdpm,frac50,2.6,0,0,17,21226,21243,nan,0.0,nan,0.0
osm,la_guaira,bdpm,frac50,2.7,0,0,17,21226,21243,nan,0.0,nan,0.0
osm,la_guaira,bdpm,frac50,2.8,0,0,17,21226,21243,nan,0.0,nan,0.0
osm,la_guaira,bdpm,frac50,2.9,0,0,17,21226,21243,nan,0.0,nan,0.0
osm,la_guaira,bdpm,frac50,3.0,0,0,17,21226,21243,nan,0.0,nan,0.0
osm,la_guaira,bdpm,frac50,3.1,0,0,17,21226,21243,nan,0.0,nan,0.0
osm,la_guaira,bdpm,frac50,3.2,0,0,17,21226,21243,nan,0.0,nan,0.0
osm,la_guaira,bdpm,frac50,3.3,0,0,17,21226,21243,nan,0.0,nan,0.0
osm,la_guaira,bdpm,frac50,3.4,0,0,17,21226,21243,nan,0.0,nan,0.0
osm,la_guaira,bdpm,frac50,3.5,0,0,17,21226,21243,nan,0.0,nan,0.0
osm,la_guaira,bdpm,frac50,3.6,0,0,17,21226,21243,nan,0.0,nan,0.0
osm,la_guaira,bdpm,frac50,3.7,0,0,17,21226,21243,nan,0.0,nan,0.0
osm,la_guaira,bdpm,frac50,3.8,0,0,17,21226,21243,nan,0.0,nan,0.0
osm,la_guaira,bdpm,frac50,3.9,0,0,17,21226,21243,nan,0.0,nan,0.0
osm,la_guaira,bdpm,frac50,4.0,0,0,17,21226,21243,nan,0.0,nan,0.0
osm,la_guaira,bdpm,frac50,4.1,0,0,17,21226,21243,nan,0.0,nan,0.0
osm,la_guaira,bdpm,frac50,4.2,0,0,17,21226,21243,nan,0.0,nan,0.0
osm,la_guaira,bdpm,frac50,4.3,0,0,17,21226,21243,nan,0.0,nan,0.0
osm,la_guaira,bdpm,frac50,4.4,0,0,17,21226,21243,nan,0.0,nan,0.0
osm,la_guaira,bdpm,frac50,4.5,0,0,17,21226,21243,nan,0.0,nan,0.0
osm,la_guaira,bdpm,frac50,4.6,0,0,17,21226,21243,nan,0.0,nan,0.0
osm,la_guaira,bdpm,frac50,4.7,0,0,17,21226,21243,nan,0.0,nan,0.0
osm,la_guaira,bdpm,frac50,4.8,0,0,17,21226,21243,nan,0.0,nan,0.0
osm,la_guaira,bdpm,frac50,4.9,0,0,17,21226,21243,nan,0.0,nan,0.0
osm,la_guaira,bdpm,frac50,5.0,0,0,17,21226,21243,nan,0.0,nan,0.0
osm,la_guaira,bdpm,frac50,5.1,0,0,17,21226,21243,nan,0.0,nan,0.0
osm,la_guaira,bdpm,frac50,5.2,0,0,17,21226,21243,nan,0.0,nan,0.0
osm,la_guaira,bdpm,frac50,5.3,0,0,17,21226,21243,nan,0.0,nan,0.0
osm,la_guaira,bdpm,frac50,5.4,0,0,17,21226,21243,nan,0.0,nan,0.0
osm,la_guaira,bdpm,frac50,5.5,0,0,17,21226,21243,nan,0.0,nan,0.0
osm,la_guaira,bdpm,frac50,5.6,0,0,17,21226,21243,nan,0.0,nan,0.0
osm,la_guaira,bdpm,frac50,5.7,0,0,17,21226,21243,nan,0.0,nan,0.0
osm,la_guaira,bdpm,frac50,5.8,0,0,17,21226,21243,nan,0.0,nan,0.0
osm,la_guaira,bdpm,frac50,5.9,0,0,17,21226,21243,nan,0.0,nan,0.0
osm,la_guaira,bdpm,frac50,6.0,0,0,17,21226,21243,nan,0.0,nan,0.0
osm,catia_la_mar,bdpm,mean,0.0,189,25980,0,2601,28770,0.007222285910810501,1.0,0.014340997040746643,0.0013136578156243165
osm,catia_la_mar,bdpm,mean,0.1,189,22022,0,6559,28770,0.008509297195083518,1.0,0.016875,0.00389795340112962
osm,catia_la_mar,bdpm,mean,0.2,188,18064,1,10517,28770,0.010300241069471838,0.9947089947089947,0.020389349818339567,0.007482625065799462
osm,catia_la_mar,bdpm,mean,0.3,187,14739,2,13842,28770,0.012528473804100227,0.9894179894179894,0.02474363215348991,0.011923939871075222
osm,catia_la_mar,bdpm,mean,0.4,183,12456,6,16125,28770,0.014478993591265131,0.9682539682539683,0.02853133769878391,0.0157906405874772
osm,catia_la_mar,bdpm,mean,0.5,177,10138,12,18443,28770,0.017159476490547745,0.9365079365079365,0.0337014470677837,0.02107103157310831
osm,catia_la_mar,bdpm,mean,0.6,132,7388,57,21193,28770,0.017553191489361703,0.6984126984126984,0.03424568685951485,0.021707332746977375
osm,catia_la_mar,bdpm,mean,0.7,79,3426,110,25155,28770,0.02253922967189729,0.41798941798941797,0.042772062804547914,0.030688177938208137
osm,catia_la_mar,bdpm,mean,0.8,10,493,179,28088,28770,0.019880715705765408,0.05291005291005291,0.028901734104046242,0.019538097479623553
osm,catia_la_mar,bdpm,mean,0.9,0,1,189,28580,28770,0.0,0.0,nan,-6.91557618246673e-05
osm,catia_la_mar,bdpm,mean,1.0,0,0,189,28581,28770,nan,0.0,nan,0.0
osm,catia_la_mar,bdpm,mean,1.1,0,0,189,28581,28770,nan,0.0,nan,0.0
osm,catia_la_mar,bdpm,mean,1.2,0,0,189,28581,28770,nan,0.0,nan,0.0
osm,catia_la_mar,bdpm,mean,1.3,0,0,189,28581,28770,nan,0.0,nan,0.0
osm,catia_la_mar,bdpm,mean,1.4,0,0,189,28581,28770,nan,0.0,nan,0.0
osm,catia_la_mar,bdpm,mean,1.5,0,0,189,28581,28770,nan,0.0,nan,0.0
osm,catia_la_mar,bdpm,mean,1.6,0,0,189,28581,28770,nan,0.0,nan,0.0
osm,catia_la_mar,bdpm,mean,1.7,0,0,189,28581,28770,nan,0.0,nan,0.0
osm,catia_la_mar,bdpm,mean,1.8,0,0,189,28581,28770,nan,0.0,nan,0.0
osm,catia_la_mar,bdpm,mean,1.9,0,0,189,28581,28770,nan,0.0,nan,0.0
osm,catia_la_mar,bdpm,mean,2.0,0,0,189,28581,28770,nan,0.0,nan,0.0
osm,catia_la_mar,bdpm,mean,2.1,0,0,189,28581,28770,nan,0.0,nan,0.0
osm,catia_la_mar,bdpm,mean,2.2,0,0,189,28581,28770,nan,0.0,nan,0.0
osm,catia_la_mar,bdpm,mean,2.3,0,0,189,28581,28770,nan,0.0,nan,0.0
osm,catia_la_mar,bdpm,mean,2.4,0,0,189,28581,28770,nan,0.0,nan,0.0
osm,catia_la_mar,bdpm,mean,2.5,0,0,189,28581,28770,nan,0.0,nan,0.0
osm,catia_la_mar,bdpm,mean,2.6,0,0,189,28581,28770,nan,0.0,nan,0.0
osm,catia_la_mar,bdpm,mean,2.7,0,0,189,28581,28770,nan,0.0,nan,0.0
osm,catia_la_mar,bdpm,mean,2.8,0,0,189,28581,28770,nan,0.0,nan,0.0
osm,catia_la_mar,bdpm,mean,2.9,0,0,189,28581,28770,nan,0.0,nan,0.0
osm,catia_la_mar,bdpm,mean,3.0,0,0,189,28581,28770,nan,0.0,nan,0.0
osm,catia_la_mar,bdpm,mean,3.1,0,0,189,28581,28770,nan,0.0,nan,0.0
osm,catia_la_mar,bdpm,mean,3.2,0,0,189,28581,28770,nan,0.0,nan,0.0
osm,catia_la_mar,bdpm,mean,3.3,0,0,189,28581,28770,nan,0.0,nan,0.0
osm,catia_la_mar,bdpm,mean,3.4,0,0,189,28581,28770,nan,0.0,nan,0.0
osm,catia_la_mar,bdpm,mean,3.5,0,0,189,28581,28770,nan,0.0,nan,0.0
osm,catia_la_mar,bdpm,mean,3.6,0,0,189,28581,28770,nan,0.0,nan,0.0
osm,catia_la_mar,bdpm,mean,3.7,0,0,189,28581,28770,nan,0.0,nan,0.0
osm,catia_la_mar,bdpm,mean,3.8,0,0,189,28581,28770,nan,0.0,nan,0.0
osm,catia_la_mar,bdpm,mean,3.9,0,0,189,28581,28770,nan,0.0,nan,0.0
osm,catia_la_mar,bdpm,mean,4.0,0,0,189,28581,28770,nan,0.0,nan,0.0
osm,catia_la_mar,bdpm,mean,4.1,0,0,189,28581,28770,nan,0.0,nan,0.0
osm,catia_la_mar,bdpm,mean,4.2,0,0,189,28581,28770,nan,0.0,nan,0.0
osm,catia_la_mar,bdpm,mean,4.3,0,0,189,28581,28770,nan,0.0,nan,0.0
osm,catia_la_mar,bdpm,mean,4.4,0,0,189,28581,28770,nan,0.0,nan,0.0
osm,catia_la_mar,bdpm,mean,4.5,0,0,189,28581,28770,nan,0.0,nan,0.0
osm,catia_la_mar,bdpm,mean,4.6,0,0,189,28581,28770,nan,0.0,nan,0.0
osm,catia_la_mar,bdpm,mean,4.7,0,0,189,28581,28770,nan,0.0,nan,0.0
osm,catia_la_mar,bdpm,mean,4.8,0,0,189,28581,28770,nan,0.0,nan,0.0
osm,catia_la_mar,bdpm,mean,4.9,0,0,189,28581,28770,nan,0.0,nan,0.0
osm,catia_la_mar,bdpm,mean,5.0,0,0,189,28581,28770,nan,0.0,nan,0.0
osm,catia_la_mar,bdpm,mean,5.1,0,0,189,28581,28770,nan,0.0,nan,0.0
osm,catia_la_mar,bdpm,mean,5.2,0,0,189,28581,28770,nan,0.0,nan,0.0
osm,catia_la_mar,bdpm,mean,5.3,0,0,189,28581,28770,nan,0.0,nan,0.0
osm,catia_la_mar,bdpm,mean,5.4,0,0,189,28581,28770,nan,0.0,nan,0.0
osm,catia_la_mar,bdpm,mean,5.5,0,0,189,28581,28770,nan,0.0,nan,0.0
osm,catia_la_mar,bdpm,mean,5.6,0,0,189,28581,28770,nan,0.0,nan,0.0
osm,catia_la_mar,bdpm,mean,5.7,0,0,189,28581,28770,nan,0.0,nan,0.0
osm,catia_la_mar,bdpm,mean,5.8,0,0,189,28581,28770,nan,0.0,nan,0.0
osm,catia_la_mar,bdpm,mean,5.9,0,0,189,28581,28770,nan,0.0,nan,0.0
osm,catia_la_mar,bdpm,mean,6.0,0,0,189,28581,28770,nan,0.0,nan,0.0
osm,catia_la_mar,bdpm,max,0.0,189,26340,0,2241,28770,0.007124279090806288,1.0,0.01414776555131372,0.001116587662927054
osm,catia_la_mar,bdpm,max,0.1,189,22572,0,6009,28770,0.00830367734282325,1.0,0.016470588235294115,0.003485521079310827
osm,catia_la_mar,bdpm,max,0.2,189,18829,0,9752,28770,0.009937953517720055,1.0,0.019680324881553603,0.006758854189087331
osm,catia_la_mar,bdpm,max,0.3,188,15368,1,13213,28770,0.012085368989457444,0.9947089947089947,0.023880597014925377,0.01104297371587021
osm,catia_la_mar,bdpm,max,0.4,186,13011,3,15570,28770,0.014094112298249603,0.9841269841269841,0.027790228597041684,0.01503175964299527
osm,catia_la_mar,bdpm,max,0.5,180,10705,9,17876,28770,0.016536518144235186,0.9523809523809523,0.03250857865270002,0.019850488633062848
osm,catia_la_mar,bdpm,max,0.6,151,8214,38,20367,28770,0.018051404662283322,0.798941798941799,0.03530512041150339,0.02274902082481503
osm,catia_la_mar,bdpm,max,0.7,93,4396,96,24185,28770,0.020717308977500556,0.49206349206349204,0.039760581445062,0.027499431895219997
osm,catia_la_mar,bdpm,max,0.8,29,941,160,27640,28770,0.029896907216494847,0.15343915343915343,0.05004314063848145,0.039481141387062296
osm,catia_la_mar,bdpm,max,0.9,0,2,189,28579,28770,0.0,0.0,nan,-0.0001375967955010421
osm,catia_la_mar,bdpm,max,1.0,0,0,189,28581,28770,nan,0.0,nan,0.0
osm,catia_la_mar,bdpm,max,1.1,0,0,189,28581,28770,nan,0.0,nan,0.0
osm,catia_la_mar,bdpm,max,1.2,0,0,189,28581,28770,nan,0.0,nan,0.0
osm,catia_la_mar,bdpm,max,1.3,0,0,189,28581,28770,nan,0.0,nan,0.0
osm,catia_la_mar,bdpm,max,1.4,0,0,189,28581,28770,nan,0.0,nan,0.0
osm,catia_la_mar,bdpm,max,1.5,0,0,189,28581,28770,nan,0.0,nan,0.0
osm,catia_la_mar,bdpm,max,1.6,0,0,189,28581,28770,nan,0.0,nan,0.0
osm,catia_la_mar,bdpm,max,1.7,0,0,189,28581,28770,nan,0.0,nan,0.0
osm,catia_la_mar,bdpm,max,1.8,0,0,189,28581,28770,nan,0.0,nan,0.0
osm,catia_la_mar,bdpm,max,1.9,0,0,189,28581,28770,nan,0.0,nan,0.0
osm,catia_la_mar,bdpm,max,2.0,0,0,189,28581,28770,nan,0.0,nan,0.0
osm,catia_la_mar,bdpm,max,2.1,0,0,189,28581,28770,nan,0.0,nan,0.0
osm,catia_la_mar,bdpm,max,2.2,0,0,189,28581,28770,nan,0.0,nan,0.0
osm,catia_la_mar,bdpm,max,2.3,0,0,189,28581,28770,nan,0.0,nan,0.0
osm,catia_la_mar,bdpm,max,2.4,0,0,189,28581,28770,nan,0.0,nan,0.0
osm,catia_la_mar,bdpm,max,2.5,0,0,189,28581,28770,nan,0.0,nan,0.0
osm,catia_la_mar,bdpm,max,2.6,0,0,189,28581,28770,nan,0.0,nan,0.0
osm,catia_la_mar,bdpm,max,2.7,0,0,189,28581,28770,nan,0.0,nan,0.0
osm,catia_la_mar,bdpm,max,2.8,0,0,189,28581,28770,nan,0.0,nan,0.0
osm,catia_la_mar,bdpm,max,2.9,0,0,189,28581,28770,nan,0.0,nan,0.0
osm,catia_la_mar,bdpm,max,3.0,0,0,189,28581,28770,nan,0.0,nan,0.0
osm,catia_la_mar,bdpm,max,3.1,0,0,189,28581,28770,nan,0.0,nan,0.0
osm,catia_la_mar,bdpm,max,3.2,0,0,189,28581,28770,nan,0.0,nan,0.0
osm,catia_la_mar,bdpm,max,3.3,0,0,189,28581,28770,nan,0.0,nan,0.0
osm,catia_la_mar,bdpm,max,3.4,0,0,189,28581,28770,nan,0.0,nan,0.0
osm,catia_la_mar,bdpm,max,3.5,0,0,189,28581,28770,nan,0.0,nan,0.0
osm,catia_la_mar,bdpm,max,3.6,0,0,189,28581,28770,nan,0.0,nan,0.0
osm,catia_la_mar,bdpm,max,3.7,0,0,189,28581,28770,nan,0.0,nan,0.0
osm,catia_la_mar,bdpm,max,3.8,0,0,189,28581,28770,nan,0.0,nan,0.0
osm,catia_la_mar,bdpm,max,3.9,0,0,189,28581,28770,nan,0.0,nan,0.0
osm,catia_la_mar,bdpm,max,4.0,0,0,189,28581,28770,nan,0.0,nan,0.0
osm,catia_la_mar,bdpm,max,4.1,0,0,189,28581,28770,nan,0.0,nan,0.0
osm,catia_la_mar,bdpm,max,4.2,0,0,189,28581,28770,nan,0.0,nan,0.0
osm,catia_la_mar,bdpm,max,4.3,0,0,189,28581,28770,nan,0.0,nan,0.0
osm,catia_la_mar,bdpm,max,4.4,0,0,189,28581,28770,nan,0.0,nan,0.0
osm,catia_la_mar,bdpm,max,4.5,0,0,189,28581,28770,nan,0.0,nan,0.0
osm,catia_la_mar,bdpm,max,4.6,0,0,189,28581,28770,nan,0.0,nan,0.0
osm,catia_la_mar,bdpm,max,4.7,0,0,189,28581,28770,nan,0.0,nan,0.0
osm,catia_la_mar,bdpm,max,4.8,0,0,189,28581,28770,nan,0.0,nan,0.0
osm,catia_la_mar,bdpm,max,4.9,0,0,189,28581,28770,nan,0.0,nan,0.0
osm,catia_la_mar,bdpm,max,5.0,0,0,189,28581,28770,nan,0.0,nan,0.0
osm,catia_la_mar,bdpm,max,5.1,0,0,189,28581,28770,nan,0.0,nan,0.0
osm,catia_la_mar,bdpm,max,5.2,0,0,189,28581,28770,nan,0.0,nan,0.0
osm,catia_la_mar,bdpm,max,5.3,0,0,189,28581,28770,nan,0.0,nan,0.0
osm,catia_la_mar,bdpm,max,5.4,0,0,189,28581,28770,nan,0.0,nan,0.0
osm,catia_la_mar,bdpm,max,5.5,0,0,189,28581,28770,nan,0.0,nan,0.0
osm,catia_la_mar,bdpm,max,5.6,0,0,189,28581,28770,nan,0.0,nan,0.0
osm,catia_la_mar,bdpm,max,5.7,0,0,189,28581,28770,nan,0.0,nan,0.0
osm,catia_la_mar,bdpm,max,5.8,0,0,189,28581,28770,nan,0.0,nan,0.0
osm,catia_la_mar,bdpm,max,5.9,0,0,189,28581,28770,nan,0.0,nan,0.0
osm,catia_la_mar,bdpm,max,6.0,0,0,189,28581,28770,nan,0.0,nan,0.0
osm,catia_la_mar,bdpm,p75,0.0,189,26192,0,2389,28770,0.00716424699594405,1.0,0.014226571321038764,0.0011969590193096793
osm,catia_la_mar,bdpm,p75,0.1,189,22294,0,6287,28770,0.008406351465551751,1.0,0.016672547635850393,0.003691486147581211
osm,catia_la_mar,bdpm,p75,0.2,189,18437,0,10144,28770,0.010147106195640503,1.0,0.020090353441403138,0.007176996819578503
osm,catia_la_mar,bdpm,p75,0.3,188,15077,1,13504,28770,0.0123157549950868,0.9947089947089947,0.024330270480134593,0.011501535372425323
osm,catia_la_mar,bdpm,p75,0.4,185,12717,4,15864,28770,0.014338862191908231,0.9788359788359788,0.02826369261324574,0.015515606497954094
osm,catia_la_mar,bdpm,p75,0.5,179,10448,10,18133,28770,0.016843888209278252,0.9470899470899471,0.033099112426035505,0.020454056620272453
osm,catia_la_mar,bdpm,p75,0.6,140,7844,49,20737,28770,0.01753507014028056,0.7407407407407407,0.034259145968432644,0.02170284380281786
osm,catia_la_mar,bdpm,p75,0.7,86,3887,103,24694,28770,0.021646111250943872,0.455026455026455,0.04132628543969246,0.02914983697503528
osm,catia_la_mar,bdpm,p75,0.8,17,673,172,27908,28770,0.02463768115942029,0.08994708994708994,0.03868031854379977,0.028662286773899752
osm,catia_la_mar,bdpm,p75,0.9,0,1,189,28580,28770,0.0,0.0,nan,-6.91557618246673e-05
osm,catia_la_mar,bdpm,p75,1.0,0,0,189,28581,28770,nan,0.0,nan,0.0
osm,catia_la_mar,bdpm,p75,1.1,0,0,189,28581,28770,nan,0.0,nan,0.0
osm,catia_la_mar,bdpm,p75,1.2,0,0,189,28581,28770,nan,0.0,nan,0.0
osm,catia_la_mar,bdpm,p75,1.3,0,0,189,28581,28770,nan,0.0,nan,0.0
osm,catia_la_mar,bdpm,p75,1.4,0,0,189,28581,28770,nan,0.0,nan,0.0
osm,catia_la_mar,bdpm,p75,1.5,0,0,189,28581,28770,nan,0.0,nan,0.0
osm,catia_la_mar,bdpm,p75,1.6,0,0,189,28581,28770,nan,0.0,nan,0.0
osm,catia_la_mar,bdpm,p75,1.7,0,0,189,28581,28770,nan,0.0,nan,0.0
osm,catia_la_mar,bdpm,p75,1.8,0,0,189,28581,28770,nan,0.0,nan,0.0
osm,catia_la_mar,bdpm,p75,1.9,0,0,189,28581,28770,nan,0.0,nan,0.0
osm,catia_la_mar,bdpm,p75,2.0,0,0,189,28581,28770,nan,0.0,nan,0.0
osm,catia_la_mar,bdpm,p75,2.1,0,0,189,28581,28770,nan,0.0,nan,0.0
osm,catia_la_mar,bdpm,p75,2.2,0,0,189,28581,28770,nan,0.0,nan,0.0
osm,catia_la_mar,bdpm,p75,2.3,0,0,189,28581,28770,nan,0.0,nan,0.0
osm,catia_la_mar,bdpm,p75,2.4,0,0,189,28581,28770,nan,0.0,nan,0.0
osm,catia_la_mar,bdpm,p75,2.5,0,0,189,28581,28770,nan,0.0,nan,0.0
osm,catia_la_mar,bdpm,p75,2.6,0,0,189,28581,28770,nan,0.0,nan,0.0
osm,catia_la_mar,bdpm,p75,2.7,0,0,189,28581,28770,nan,0.0,nan,0.0
osm,catia_la_mar,bdpm,p75,2.8,0,0,189,28581,28770,nan,0.0,nan,0.0
osm,catia_la_mar,bdpm,p75,2.9,0,0,189,28581,28770,nan,0.0,nan,0.0
osm,catia_la_mar,bdpm,p75,3.0,0,0,189,28581,28770,nan,0.0,nan,0.0
osm,catia_la_mar,bdpm,p75,3.1,0,0,189,28581,28770,nan,0.0,nan,0.0
osm,catia_la_mar,bdpm,p75,3.2,0,0,189,28581,28770,nan,0.0,nan,0.0
osm,catia_la_mar,bdpm,p75,3.3,0,0,189,28581,28770,nan,0.0,nan,0.0
osm,catia_la_mar,bdpm,p75,3.4,0,0,189,28581,28770,nan,0.0,nan,0.0
osm,catia_la_mar,bdpm,p75,3.5,0,0,189,28581,28770,nan,0.0,nan,0.0
osm,catia_la_mar,bdpm,p75,3.6,0,0,189,28581,28770,nan,0.0,nan,0.0
osm,catia_la_mar,bdpm,p75,3.7,0,0,189,28581,28770,nan,0.0,nan,0.0
osm,catia_la_mar,bdpm,p75,3.8,0,0,189,28581,28770,nan,0.0,nan,0.0
osm,catia_la_mar,bdpm,p75,3.9,0,0,189,28581,28770,nan,0.0,nan,0.0
osm,catia_la_mar,bdpm,p75,4.0,0,0,189,28581,28770,nan,0.0,nan,0.0
osm,catia_la_mar,bdpm,p75,4.1,0,0,189,28581,28770,nan,0.0,nan,0.0
osm,catia_la_mar,bdpm,p75,4.2,0,0,189,28581,28770,nan,0.0,nan,0.0
osm,catia_la_mar,bdpm,p75,4.3,0,0,189,28581,28770,nan,0.0,nan,0.0
osm,catia_la_mar,bdpm,p75,4.4,0,0,189,28581,28770,nan,0.0,nan,0.0
osm,catia_la_mar,bdpm,p75,4.5,0,0,189,28581,28770,nan,0.0,nan,0.0
osm,catia_la_mar,bdpm,p75,4.6,0,0,189,28581,28770,nan,0.0,nan,0.0
osm,catia_la_mar,bdpm,p75,4.7,0,0,189,28581,28770,nan,0.0,nan,0.0
osm,catia_la_mar,bdpm,p75,4.8,0,0,189,28581,28770,nan,0.0,nan,0.0
osm,catia_la_mar,bdpm,p75,4.9,0,0,189,28581,28770,nan,0.0,nan,0.0
osm,catia_la_mar,bdpm,p75,5.0,0,0,189,28581,28770,nan,0.0,nan,0.0
osm,catia_la_mar,bdpm,p75,5.1,0,0,189,28581,28770,nan,0.0,nan,0.0
osm,catia_la_mar,bdpm,p75,5.2,0,0,189,28581,28770,nan,0.0,nan,0.0
osm,catia_la_mar,bdpm,p75,5.3,0,0,189,28581,28770,nan,0.0,nan,0.0
osm,catia_la_mar,bdpm,p75,5.4,0,0,189,28581,28770,nan,0.0,nan,0.0
osm,catia_la_mar,bdpm,p75,5.5,0,0,189,28581,28770,nan,0.0,nan,0.0
osm,catia_la_mar,bdpm,p75,5.6,0,0,189,28581,28770,nan,0.0,nan,0.0
osm,catia_la_mar,bdpm,p75,5.7,0,0,189,28581,28770,nan,0.0,nan,0.0
osm,catia_la_mar,bdpm,p75,5.8,0,0,189,28581,28770,nan,0.0,nan,0.0
osm,catia_la_mar,bdpm,p75,5.9,0,0,189,28581,28770,nan,0.0,nan,0.0
osm,catia_la_mar,bdpm,p75,6.0,0,0,189,28581,28770,nan,0.0,nan,0.0
osm,catia_la_mar,bdpm,p90,0.0,189,26284,0,2297,28770,0.0071393495259320814,1.0,0.014177481059185358,0.0011468935207589572
osm,catia_la_mar,bdpm,p90,0.1,189,22461,0,6120,28770,0.008344370860927153,1.0,0.016550637068172863,0.003567157668951858
osm,catia_la_mar,bdpm,p90,0.2,189,18678,0,9903,28770,0.010017490857051996,1.0,0.019836272040302267,0.006917887660992978
osm,catia_la_mar,bdpm,p90,0.3,188,15261,1,13320,28770,0.012169072431872614,0.9947089947089947,0.02404399539583067,0.011209602128593942
osm,catia_la_mar,bdpm,p90,0.4,186,12900,3,15681,28770,0.014213663457129757,0.9841269841269841,0.0280225988700565,0.015268726851828838
osm,catia_la_mar,bdpm,p90,0.5,180,10598,9,17983,28770,0.01670068658378178,0.9523809523809523,0.03282574997720434,0.020173981338548315
osm,catia_la_mar,bdpm,p90,0.6,146,8084,43,20497,28770,0.017739975698663427,0.7724867724867724,0.03468345409193491,0.022123874374335422
osm,catia_la_mar,bdpm,p90,0.7,90,4204,99,24377,28770,0.02095947834187238,0.47619047619047616,0.04015168414008477,0.027918260251849222
osm,catia_la_mar,bdpm,p90,0.8,24,787,165,27794,28770,0.029593094944512947,0.12698412698412698,0.047999999999999994,0.03774673491702073
osm,catia_la_mar,bdpm,p90,0.9,0,1,189,28580,28770,0.0,0.0,nan,-6.91557618246673e-05
osm,catia_la_mar,bdpm,p90,1.0,0,0,189,28581,28770,nan,0.0,nan,0.0
osm,catia_la_mar,bdpm,p90,1.1,0,0,189,28581,28770,nan,0.0,nan,0.0
osm,catia_la_mar,bdpm,p90,1.2,0,0,189,28581,28770,nan,0.0,nan,0.0
osm,catia_la_mar,bdpm,p90,1.3,0,0,189,28581,28770,nan,0.0,nan,0.0
osm,catia_la_mar,bdpm,p90,1.4,0,0,189,28581,28770,nan,0.0,nan,0.0
osm,catia_la_mar,bdpm,p90,1.5,0,0,189,28581,28770,nan,0.0,nan,0.0
osm,catia_la_mar,bdpm,p90,1.6,0,0,189,28581,28770,nan,0.0,nan,0.0
osm,catia_la_mar,bdpm,p90,1.7,0,0,189,28581,28770,nan,0.0,nan,0.0
osm,catia_la_mar,bdpm,p90,1.8,0,0,189,28581,28770,nan,0.0,nan,0.0
osm,catia_la_mar,bdpm,p90,1.9,0,0,189,28581,28770,nan,0.0,nan,0.0
osm,catia_la_mar,bdpm,p90,2.0,0,0,189,28581,28770,nan,0.0,nan,0.0
osm,catia_la_mar,bdpm,p90,2.1,0,0,189,28581,28770,nan,0.0,nan,0.0
osm,catia_la_mar,bdpm,p90,2.2,0,0,189,28581,28770,nan,0.0,nan,0.0
osm,catia_la_mar,bdpm,p90,2.3,0,0,189,28581,28770,nan,0.0,nan,0.0
osm,catia_la_mar,bdpm,p90,2.4,0,0,189,28581,28770,nan,0.0,nan,0.0
osm,catia_la_mar,bdpm,p90,2.5,0,0,189,28581,28770,nan,0.0,nan,0.0
osm,catia_la_mar,bdpm,p90,2.6,0,0,189,28581,28770,nan,0.0,nan,0.0
osm,catia_la_mar,bdpm,p90,2.7,0,0,189,28581,28770,nan,0.0,nan,0.0
osm,catia_la_mar,bdpm,p90,2.8,0,0,189,28581,28770,nan,0.0,nan,0.0
osm,catia_la_mar,bdpm,p90,2.9,0,0,189,28581,28770,nan,0.0,nan,0.0
osm,catia_la_mar,bdpm,p90,3.0,0,0,189,28581,28770,nan,0.0,nan,0.0
osm,catia_la_mar,bdpm,p90,3.1,0,0,189,28581,28770,nan,0.0,nan,0.0
osm,catia_la_mar,bdpm,p90,3.2,0,0,189,28581,28770,nan,0.0,nan,0.0
osm,catia_la_mar,bdpm,p90,3.3,0,0,189,28581,28770,nan,0.0,nan,0.0
osm,catia_la_mar,bdpm,p90,3.4,0,0,189,28581,28770,nan,0.0,nan,0.0
osm,catia_la_mar,bdpm,p90,3.5,0,0,189,28581,28770,nan,0.0,nan,0.0
osm,catia_la_mar,bdpm,p90,3.6,0,0,189,28581,28770,nan,0.0,nan,0.0
osm,catia_la_mar,bdpm,p90,3.7,0,0,189,28581,28770,nan,0.0,nan,0.0
osm,catia_la_mar,bdpm,p90,3.8,0,0,189,28581,28770,nan,0.0,nan,0.0
osm,catia_la_mar,bdpm,p90,3.9,0,0,189,28581,28770,nan,0.0,nan,0.0
osm,catia_la_mar,bdpm,p90,4.0,0,0,189,28581,28770,nan,0.0,nan,0.0
osm,catia_la_mar,bdpm,p90,4.1,0,0,189,28581,28770,nan,0.0,nan,0.0
osm,catia_la_mar,bdpm,p90,4.2,0,0,189,28581,28770,nan,0.0,nan,0.0
osm,catia_la_mar,bdpm,p90,4.3,0,0,189,28581,28770,nan,0.0,nan,0.0
osm,catia_la_mar,bdpm,p90,4.4,0,0,189,28581,28770,nan,0.0,nan,0.0
osm,catia_la_mar,bdpm,p90,4.5,0,0,189,28581,28770,nan,0.0,nan,0.0
osm,catia_la_mar,bdpm,p90,4.6,0,0,189,28581,28770,nan,0.0,nan,0.0
osm,catia_la_mar,bdpm,p90,4.7,0,0,189,28581,28770,nan,0.0,nan,0.0
osm,catia_la_mar,bdpm,p90,4.8,0,0,189,28581,28770,nan,0.0,nan,0.0
osm,catia_la_mar,bdpm,p90,4.9,0,0,189,28581,28770,nan,0.0,nan,0.0
osm,catia_la_mar,bdpm,p90,5.0,0,0,189,28581,28770,nan,0.0,nan,0.0
osm,catia_la_mar,bdpm,p90,5.1,0,0,189,28581,28770,nan,0.0,nan,0.0
osm,catia_la_mar,bdpm,p90,5.2,0,0,189,28581,28770,nan,0.0,nan,0.0
osm,catia_la_mar,bdpm,p90,5.3,0,0,189,28581,28770,nan,0.0,nan,0.0
osm,catia_la_mar,bdpm,p90,5.4,0,0,189,28581,28770,nan,0.0,nan,0.0
osm,catia_la_mar,bdpm,p90,5.5,0,0,189,28581,28770,nan,0.0,nan,0.0
osm,catia_la_mar,bdpm,p90,5.6,0,0,189,28581,28770,nan,0.0,nan,0.0
osm,catia_la_mar,bdpm,p90,5.7,0,0,189,28581,28770,nan,0.0,nan,0.0
osm,catia_la_mar,bdpm,p90,5.8,0,0,189,28581,28770,nan,0.0,nan,0.0
osm,catia_la_mar,bdpm,p90,5.9,0,0,189,28581,28770,nan,0.0,nan,0.0
osm,catia_la_mar,bdpm,p90,6.0,0,0,189,28581,28770,nan,0.0,nan,0.0
osm,catia_la_mar,bdpm,frac50,0.0,189,26286,0,2295,28770,0.007138810198300283,1.0,0.014176417641764175,0.00114580897691828
osm,catia_la_mar,bdpm,frac50,0.1,189,22445,0,6136,28770,0.00835026950605284,1.0,0.016562239845769617,0.0035789905787078757
osm,catia_la_mar,bdpm,frac50,0.2,188,18639,1,9942,28770,0.009985658894141393,0.9947089947089947,0.019772822885990745,0.00685387807599836
osm,catia_la_mar,bdpm,frac50,0.3,188,15230,1,13351,28770,0.012193540018160592,0.9947089947089947,0.024091753700262706,0.01125830444237614
osm,catia_la_mar,bdpm,frac50,0.4,185,12864,4,15717,28770,0.014177331596290903,0.9788359788359788,0.02794984136576522,0.015195536293756775
osm,catia_la_mar,bdpm,frac50,0.5,179,10546,10,18035,28770,0.01668997668997669,0.9470899470899471,0.03280190580905259,0.020150916754578158
osm,catia_la_mar,bdpm,frac50,0.6,138,8012,51,20569,28770,0.016932515337423314,0.7301587301587301,0.03309749370428109,0.020520086932388184
osm,catia_la_mar,bdpm,frac50,0.7,87,4122,102,24459,28770,0.020669992872416252,0.4603174603174603,0.03956343792633015,0.027333062386103092
osm,catia_la_mar,bdpm,frac50,0.8,18,809,171,27772,28770,0.02176541717049577,0.09523809523809523,0.03543307086614173,0.02500591851762649
osm,catia_la_mar,bdpm,frac50,0.9,0,2,189,28579,28770,0.0,0.0,nan,-0.0001375967955010421
osm,catia_la_mar,bdpm,frac50,1.0,0,0,189,28581,28770,nan,0.0,nan,0.0
osm,catia_la_mar,bdpm,frac50,1.1,0,0,189,28581,28770,nan,0.0,nan,0.0
osm,catia_la_mar,bdpm,frac50,1.2,0,0,189,28581,28770,nan,0.0,nan,0.0
osm,catia_la_mar,bdpm,frac50,1.3,0,0,189,28581,28770,nan,0.0,nan,0.0
osm,catia_la_mar,bdpm,frac50,1.4,0,0,189,28581,28770,nan,0.0,nan,0.0
osm,catia_la_mar,bdpm,frac50,1.5,0,0,189,28581,28770,nan,0.0,nan,0.0
osm,catia_la_mar,bdpm,frac50,1.6,0,0,189,28581,28770,nan,0.0,nan,0.0
osm,catia_la_mar,bdpm,frac50,1.7,0,0,189,28581,28770,nan,0.0,nan,0.0
osm,catia_la_mar,bdpm,frac50,1.8,0,0,189,28581,28770,nan,0.0,nan,0.0
osm,catia_la_mar,bdpm,frac50,1.9,0,0,189,28581,28770,nan,0.0,nan,0.0
osm,catia_la_mar,bdpm,frac50,2.0,0,0,189,28581,28770,nan,0.0,nan,0.0
osm,catia_la_mar,bdpm,frac50,2.1,0,0,189,28581,28770,nan,0.0,nan,0.0
osm,catia_la_mar,bdpm,frac50,2.2,0,0,189,28581,28770,nan,0.0,nan,0.0
osm,catia_la_mar,bdpm,frac50,2.3,0,0,189,28581,28770,nan,0.0,nan,0.0
osm,catia_la_mar,bdpm,frac50,2.4,0,0,189,28581,28770,nan,0.0,nan,0.0
osm,catia_la_mar,bdpm,frac50,2.5,0,0,189,28581,28770,nan,0.0,nan,0.0
osm,catia_la_mar,bdpm,frac50,2.6,0,0,189,28581,28770,nan,0.0,nan,0.0
osm,catia_la_mar,bdpm,frac50,2.7,0,0,189,28581,28770,nan,0.0,nan,0.0
osm,catia_la_mar,bdpm,frac50,2.8,0,0,189,28581,28770,nan,0.0,nan,0.0
osm,catia_la_mar,bdpm,frac50,2.9,0,0,189,28581,28770,nan,0.0,nan,0.0
osm,catia_la_mar,bdpm,frac50,3.0,0,0,189,28581,28770,nan,0.0,nan,0.0
osm,catia_la_mar,bdpm,frac50,3.1,0,0,189,28581,28770,nan,0.0,nan,0.0
osm,catia_la_mar,bdpm,frac50,3.2,0,0,189,28581,28770,nan,0.0,nan,0.0
osm,catia_la_mar,bdpm,frac50,3.3,0,0,189,28581,28770,nan,0.0,nan,0.0
osm,catia_la_mar,bdpm,frac50,3.4,0,0,189,28581,28770,nan,0.0,nan,0.0
osm,catia_la_mar,bdpm,frac50,3.5,0,0,189,28581,28770,nan,0.0,nan,0.0
osm,catia_la_mar,bdpm,frac50,3.6,0,0,189,28581,28770,nan,0.0,nan,0.0
osm,catia_la_mar,bdpm,frac50,3.7,0,0,189,28581,28770,nan,0.0,nan,0.0
osm,catia_la_mar,bdpm,frac50,3.8,0,0,189,28581,28770,nan,0.0,nan,0.0
osm,catia_la_mar,bdpm,frac50,3.9,0,0,189,28581,28770,nan,0.0,nan,0.0
osm,catia_la_mar,bdpm,frac50,4.0,0,0,189,28581,28770,nan,0.0,nan,0.0
osm,catia_la_mar,bdpm,frac50,4.1,0,0,189,28581,28770,nan,0.0,nan,0.0
osm,catia_la_mar,bdpm,frac50,4.2,0,0,189,28581,28770,nan,0.0,nan,0.0
osm,catia_la_mar,bdpm,frac50,4.3,0,0,189,28581,28770,nan,0.0,nan,0.0
osm,catia_la_mar,bdpm,frac50,4.4,0,0,189,28581,28770,nan,0.0,nan,0.0
osm,catia_la_mar,bdpm,frac50,4.5,0,0,189,28581,28770,nan,0.0,nan,0.0
osm,catia_la_mar,bdpm,frac50,4.6,0,0,189,28581,28770,nan,0.0,nan,0.0
osm,catia_la_mar,bdpm,frac50,4.7,0,0,189,28581,28770,nan,0.0,nan,0.0
osm,catia_la_mar,bdpm,frac50,4.8,0,0,189,28581,28770,nan,0.0,nan,0.0
osm,catia_la_mar,bdpm,frac50,4.9,0,0,189,28581,28770,nan,0.0,nan,0.0
osm,catia_la_mar,bdpm,frac50,5.0,0,0,189,28581,28770,nan,0.0,nan,0.0
osm,catia_la_mar,bdpm,frac50,5.1,0,0,189,28581,28770,nan,0.0,nan,0.0
osm,catia_la_mar,bdpm,frac50,5.2,0,0,189,28581,28770,nan,0.0,nan,0.0
osm,catia_la_mar,bdpm,frac50,5.3,0,0,189,28581,28770,nan,0.0,nan,0.0
osm,catia_la_mar,bdpm,frac50,5.4,0,0,189,28581,28770,nan,0.0,nan,0.0
osm,catia_la_mar,bdpm,frac50,5.5,0,0,189,28581,28770,nan,0.0,nan,0.0
osm,catia_la_mar,bdpm,frac50,5.6,0,0,189,28581,28770,nan,0.0,nan,0.0
osm,catia_la_mar,bdpm,frac50,5.7,0,0,189,28581,28770,nan,0.0,nan,0.0
osm,catia_la_mar,bdpm,frac50,5.8,0,0,189,28581,28770,nan,0.0,nan,0.0
osm,catia_la_mar,bdpm,frac50,5.9,0,0,189,28581,28770,nan,0.0,nan,0.0
osm,catia_la_mar,bdpm,frac50,6.0,0,0,189,28581,28770,nan,0.0,nan,0.0
osm,caraballeda,bdpm,mean,0.0,161,8332,0,74,8567,0.018956787943011894,1.0,0.0372082274092905,0.0003337064586456429
osm,caraballeda,bdpm,mean,0.1,161,7977,0,429,8567,0.019783730646350455,1.0,0.038799855404265574,0.0020172876195379157
osm,caraballeda,bdpm,mean,0.2,159,6900,2,1506,8567,0.02252443688907777,0.9875776397515528,0.04404432132963989,0.007574729431869092
osm,caraballeda,bdpm,mean,0.3,153,5546,8,2860,8567,0.026846815230742234,0.9503105590062112,0.05221843003412968,0.01625933358366655
osm,caraballeda,bdpm,mean,0.4,141,4192,20,4214,8567,0.03254096468959151,0.8757763975155279,0.06275033377837115,0.02750765452040906
osm,caraballeda,bdpm,mean,0.5,124,2881,37,5525,8567,0.04126455906821963,0.7701863354037267,0.07833228048010107,0.04423564715536841
osm,caraballeda,bdpm,mean,0.6,80,1620,81,6786,8567,0.047058823529411764,0.4968944099378882,0.08597528210639441,0.05347696743271453
osm,caraballeda,bdpm,mean,0.7,27,687,134,7719,8567,0.037815126050420166,0.16770186335403728,0.06171428571428571,0.03202629373716931
osm,caraballeda,bdpm,mean,0.8,1,82,160,8324,8567,0.012048192771084338,0.006211180124223602,0.008196721311475409,-0.00464813807954989
osm,caraballeda,bdpm,mean,0.9,0,0,161,8406,8567,nan,0.0,nan,0.0
osm,caraballeda,bdpm,mean,1.0,0,0,161,8406,8567,nan,0.0,nan,0.0
osm,caraballeda,bdpm,mean,1.1,0,0,161,8406,8567,nan,0.0,nan,0.0
osm,caraballeda,bdpm,mean,1.2,0,0,161,8406,8567,nan,0.0,nan,0.0
osm,caraballeda,bdpm,mean,1.3,0,0,161,8406,8567,nan,0.0,nan,0.0
osm,caraballeda,bdpm,mean,1.4,0,0,161,8406,8567,nan,0.0,nan,0.0
osm,caraballeda,bdpm,mean,1.5,0,0,161,8406,8567,nan,0.0,nan,0.0
osm,caraballeda,bdpm,mean,1.6,0,0,161,8406,8567,nan,0.0,nan,0.0
osm,caraballeda,bdpm,mean,1.7,0,0,161,8406,8567,nan,0.0,nan,0.0
osm,caraballeda,bdpm,mean,1.8,0,0,161,8406,8567,nan,0.0,nan,0.0
osm,caraballeda,bdpm,mean,1.9,0,0,161,8406,8567,nan,0.0,nan,0.0
osm,caraballeda,bdpm,mean,2.0,0,0,161,8406,8567,nan,0.0,nan,0.0
osm,caraballeda,bdpm,mean,2.1,0,0,161,8406,8567,nan,0.0,nan,0.0
osm,caraballeda,bdpm,mean,2.2,0,0,161,8406,8567,nan,0.0,nan,0.0
osm,caraballeda,bdpm,mean,2.3,0,0,161,8406,8567,nan,0.0,nan,0.0
osm,caraballeda,bdpm,mean,2.4,0,0,161,8406,8567,nan,0.0,nan,0.0
osm,caraballeda,bdpm,mean,2.5,0,0,161,8406,8567,nan,0.0,nan,0.0
osm,caraballeda,bdpm,mean,2.6,0,0,161,8406,8567,nan,0.0,nan,0.0
osm,caraballeda,bdpm,mean,2.7,0,0,161,8406,8567,nan,0.0,nan,0.0
osm,caraballeda,bdpm,mean,2.8,0,0,161,8406,8567,nan,0.0,nan,0.0
osm,caraballeda,bdpm,mean,2.9,0,0,161,8406,8567,nan,0.0,nan,0.0
osm,caraballeda,bdpm,mean,3.0,0,0,161,8406,8567,nan,0.0,nan,0.0
osm,caraballeda,bdpm,mean,3.1,0,0,161,8406,8567,nan,0.0,nan,0.0
osm,caraballeda,bdpm,mean,3.2,0,0,161,8406,8567,nan,0.0,nan,0.0
osm,caraballeda,bdpm,mean,3.3,0,0,161,8406,8567,nan,0.0,nan,0.0
osm,caraballeda,bdpm,mean,3.4,0,0,161,8406,8567,nan,0.0,nan,0.0
osm,caraballeda,bdpm,mean,3.5,0,0,161,8406,8567,nan,0.0,nan,0.0
osm,caraballeda,bdpm,mean,3.6,0,0,161,8406,8567,nan,0.0,nan,0.0
osm,caraballeda,bdpm,mean,3.7,0,0,161,8406,8567,nan,0.0,nan,0.0
osm,caraballeda,bdpm,mean,3.8,0,0,161,8406,8567,nan,0.0,nan,0.0
osm,caraballeda,bdpm,mean,3.9,0,0,161,8406,8567,nan,0.0,nan,0.0
osm,caraballeda,bdpm,mean,4.0,0,0,161,8406,8567,nan,0.0,nan,0.0
osm,caraballeda,bdpm,mean,4.1,0,0,161,8406,8567,nan,0.0,nan,0.0
osm,caraballeda,bdpm,mean,4.2,0,0,161,8406,8567,nan,0.0,nan,0.0
osm,caraballeda,bdpm,mean,4.3,0,0,161,8406,8567,nan,0.0,nan,0.0
osm,caraballeda,bdpm,mean,4.4,0,0,161,8406,8567,nan,0.0,nan,0.0
osm,caraballeda,bdpm,mean,4.5,0,0,161,8406,8567,nan,0.0,nan,0.0
osm,caraballeda,bdpm,mean,4.6,0,0,161,8406,8567,nan,0.0,nan,0.0
osm,caraballeda,bdpm,mean,4.7,0,0,161,8406,8567,nan,0.0,nan,0.0
osm,caraballeda,bdpm,mean,4.8,0,0,161,8406,8567,nan,0.0,nan,0.0
osm,caraballeda,bdpm,mean,4.9,0,0,161,8406,8567,nan,0.0,nan,0.0
osm,caraballeda,bdpm,mean,5.0,0,0,161,8406,8567,nan,0.0,nan,0.0
osm,caraballeda,bdpm,mean,5.1,0,0,161,8406,8567,nan,0.0,nan,0.0
osm,caraballeda,bdpm,mean,5.2,0,0,161,8406,8567,nan,0.0,nan,0.0
osm,caraballeda,bdpm,mean,5.3,0,0,161,8406,8567,nan,0.0,nan,0.0
osm,caraballeda,bdpm,mean,5.4,0,0,161,8406,8567,nan,0.0,nan,0.0
osm,caraballeda,bdpm,mean,5.5,0,0,161,8406,8567,nan,0.0,nan,0.0
osm,caraballeda,bdpm,mean,5.6,0,0,161,8406,8567,nan,0.0,nan,0.0
osm,caraballeda,bdpm,mean,5.7,0,0,161,8406,8567,nan,0.0,nan,0.0
osm,caraballeda,bdpm,mean,5.8,0,0,161,8406,8567,nan,0.0,nan,0.0
osm,caraballeda,bdpm,mean,5.9,0,0,161,8406,8567,nan,0.0,nan,0.0
osm,caraballeda,bdpm,mean,6.0,0,0,161,8406,8567,nan,0.0,nan,0.0
osm,caraballeda,bdpm,max,0.0,161,8344,0,62,8567,0.018930041152263374,1.0,0.037156704361873995,0.00027920502146117884
osm,caraballeda,bdpm,max,0.1,161,8050,0,356,8567,0.0196078431372549,1.0,0.038461538461538464,0.0016594338347371501
osm,caraballeda,bdpm,max,0.2,159,7104,2,1302,8567,0.021891780256092525,0.9875776397515528,0.042834051724137935,0.00629452932241566
osm,caraballeda,bdpm,max,0.3,157,5869,4,2537,8567,0.02605376700962496,0.9751552795031055,0.05075157588491999,0.014681008843530425
osm,caraballeda,bdpm,max,0.4,150,4527,11,3879,8567,0.03207184092366902,0.9316770186335404,0.062009094667217865,0.026641845483074716
osm,caraballeda,bdpm,max,0.5,138,3239,23,5167,8567,0.04086467278649689,0.8571428571428571,0.07801017524024874,0.043702330644049575
osm,caraballeda,bdpm,max,0.6,109,1955,52,6451,8567,0.05281007751937984,0.6770186335403726,0.09797752808988763,0.06539110495768106
osm,caraballeda,bdpm,max,0.7,58,960,103,7446,8567,0.05697445972495088,0.36024844720496896,0.09838846480067855,0.06814659249130613
osm,caraballeda,bdpm,max,0.8,10,180,151,8226,8567,0.05263157894736842,0.062111801242236024,0.056980056980056974,0.03739514440208429
osm,caraballeda,bdpm,max,0.9,0,0,161,8406,8567,nan,0.0,nan,0.0
osm,caraballeda,bdpm,max,1.0,0,0,161,8406,8567,nan,0.0,nan,0.0
osm,caraballeda,bdpm,max,1.1,0,0,161,8406,8567,nan,0.0,nan,0.0
osm,caraballeda,bdpm,max,1.2,0,0,161,8406,8567,nan,0.0,nan,0.0
osm,caraballeda,bdpm,max,1.3,0,0,161,8406,8567,nan,0.0,nan,0.0
osm,caraballeda,bdpm,max,1.4,0,0,161,8406,8567,nan,0.0,nan,0.0
osm,caraballeda,bdpm,max,1.5,0,0,161,8406,8567,nan,0.0,nan,0.0
osm,caraballeda,bdpm,max,1.6,0,0,161,8406,8567,nan,0.0,nan,0.0
osm,caraballeda,bdpm,max,1.7,0,0,161,8406,8567,nan,0.0,nan,0.0
osm,caraballeda,bdpm,max,1.8,0,0,161,8406,8567,nan,0.0,nan,0.0
osm,caraballeda,bdpm,max,1.9,0,0,161,8406,8567,nan,0.0,nan,0.0
osm,caraballeda,bdpm,max,2.0,0,0,161,8406,8567,nan,0.0,nan,0.0
osm,caraballeda,bdpm,max,2.1,0,0,161,8406,8567,nan,0.0,nan,0.0
osm,caraballeda,bdpm,max,2.2,0,0,161,8406,8567,nan,0.0,nan,0.0
osm,caraballeda,bdpm,max,2.3,0,0,161,8406,8567,nan,0.0,nan,0.0
osm,caraballeda,bdpm,max,2.4,0,0,161,8406,8567,nan,0.0,nan,0.0
osm,caraballeda,bdpm,max,2.5,0,0,161,8406,8567,nan,0.0,nan,0.0
osm,caraballeda,bdpm,max,2.6,0,0,161,8406,8567,nan,0.0,nan,0.0
osm,caraballeda,bdpm,max,2.7,0,0,161,8406,8567,nan,0.0,nan,0.0
osm,caraballeda,bdpm,max,2.8,0,0,161,8406,8567,nan,0.0,nan,0.0
osm,caraballeda,bdpm,max,2.9,0,0,161,8406,8567,nan,0.0,nan,0.0
osm,caraballeda,bdpm,max,3.0,0,0,161,8406,8567,nan,0.0,nan,0.0
osm,caraballeda,bdpm,max,3.1,0,0,161,8406,8567,nan,0.0,nan,0.0
osm,caraballeda,bdpm,max,3.2,0,0,161,8406,8567,nan,0.0,nan,0.0
osm,caraballeda,bdpm,max,3.3,0,0,161,8406,8567,nan,0.0,nan,0.0
osm,caraballeda,bdpm,max,3.4,0,0,161,8406,8567,nan,0.0,nan,0.0
osm,caraballeda,bdpm,max,3.5,0,0,161,8406,8567,nan,0.0,nan,0.0
osm,caraballeda,bdpm,max,3.6,0,0,161,8406,8567,nan,0.0,nan,0.0
osm,caraballeda,bdpm,max,3.7,0,0,161,8406,8567,nan,0.0,nan,0.0
osm,caraballeda,bdpm,max,3.8,0,0,161,8406,8567,nan,0.0,nan,0.0
osm,caraballeda,bdpm,max,3.9,0,0,161,8406,8567,nan,0.0,nan,0.0
osm,caraballeda,bdpm,max,4.0,0,0,161,8406,8567,nan,0.0,nan,0.0
osm,caraballeda,bdpm,max,4.1,0,0,161,8406,8567,nan,0.0,nan,0.0
osm,caraballeda,bdpm,max,4.2,0,0,161,8406,8567,nan,0.0,nan,0.0
osm,caraballeda,bdpm,max,4.3,0,0,161,8406,8567,nan,0.0,nan,0.0
osm,caraballeda,bdpm,max,4.4,0,0,161,8406,8567,nan,0.0,nan,0.0
osm,caraballeda,bdpm,max,4.5,0,0,161,8406,8567,nan,0.0,nan,0.0
osm,caraballeda,bdpm,max,4.6,0,0,161,8406,8567,nan,0.0,nan,0.0
osm,caraballeda,bdpm,max,4.7,0,0,161,8406,8567,nan,0.0,nan,0.0
osm,caraballeda,bdpm,max,4.8,0,0,161,8406,8567,nan,0.0,nan,0.0
osm,caraballeda,bdpm,max,4.9,0,0,161,8406,8567,nan,0.0,nan,0.0
osm,caraballeda,bdpm,max,5.0,0,0,161,8406,8567,nan,0.0,nan,0.0
osm,caraballeda,bdpm,max,5.1,0,0,161,8406,8567,nan,0.0,nan,0.0
osm,caraballeda,bdpm,max,5.2,0,0,161,8406,8567,nan,0.0,nan,0.0
osm,caraballeda,bdpm,max,5.3,0,0,161,8406,8567,nan,0.0,nan,0.0
osm,caraballeda,bdpm,max,5.4,0,0,161,8406,8567,nan,0.0,nan,0.0
osm,caraballeda,bdpm,max,5.5,0,0,161,8406,8567,nan,0.0,nan,0.0
osm,caraballeda,bdpm,max,5.6,0,0,161,8406,8567,nan,0.0,nan,0.0
osm,caraballeda,bdpm,max,5.7,0,0,161,8406,8567,nan,0.0,nan,0.0
osm,caraballeda,bdpm,max,5.8,0,0,161,8406,8567,nan,0.0,nan,0.0
osm,caraballeda,bdpm,max,5.9,0,0,161,8406,8567,nan,0.0,nan,0.0
osm,caraballeda,bdpm,max,6.0,0,0,161,8406,8567,nan,0.0,nan,0.0
osm,caraballeda,bdpm,p75,0.0,161,8341,0,65,8567,0.018936720771583156,1.0,0.0371695717418908,0.00029281623562359523
osm,caraballeda,bdpm,p75,0.1,161,8021,0,385,8567,0.019677340503544364,1.0,0.03859522953374085,0.001800845751075364
osm,caraballeda,bdpm,p75,0.2,159,7006,2,1400,8567,0.022191207257501743,0.9875776397515528,0.043407043407043405,0.006900636628622173
osm,caraballeda,bdpm,p75,0.3,154,5703,7,2703,8567,0.02629332422742018,0.9565217391304348,0.0511797939514789,0.015153577235726459
osm,caraballeda,bdpm,p75,0.4,148,4379,13,4027,8567,0.03269273249392534,0.9192546583850931,0.06313993174061434,0.027855694553813405
osm,caraballeda,bdpm,p75,0.5,130,3059,31,5347,8567,0.040765130134838505,0.8074534161490683,0.07761194029850746,0.043384515624701823
osm,caraballeda,bdpm,p75,0.6,97,1780,64,6626,8567,0.051678209909429944,0.6024844720496895,0.09519136408243375,0.0627466308224337
osm,caraballeda,bdpm,p75,0.7,43,818,118,7588,8567,0.04994192799070848,0.2670807453416149,0.08414872798434442,0.05419997942967413
osm,caraballeda,bdpm,p75,0.8,4,119,157,8287,8567,0.032520325203252036,0.024844720496894408,0.028169014084507043,0.012087295930265533
osm,caraballeda,bdpm,p75,0.9,0,0,161,8406,8567,nan,0.0,nan,0.0
osm,caraballeda,bdpm,p75,1.0,0,0,161,8406,8567,nan,0.0,nan,0.0
osm,caraballeda,bdpm,p75,1.1,0,0,161,8406,8567,nan,0.0,nan,0.0
osm,caraballeda,bdpm,p75,1.2,0,0,161,8406,8567,nan,0.0,nan,0.0
osm,caraballeda,bdpm,p75,1.3,0,0,161,8406,8567,nan,0.0,nan,0.0
osm,caraballeda,bdpm,p75,1.4,0,0,161,8406,8567,nan,0.0,nan,0.0
osm,caraballeda,bdpm,p75,1.5,0,0,161,8406,8567,nan,0.0,nan,0.0
osm,caraballeda,bdpm,p75,1.6,0,0,161,8406,8567,nan,0.0,nan,0.0
osm,caraballeda,bdpm,p75,1.7,0,0,161,8406,8567,nan,0.0,nan,0.0
osm,caraballeda,bdpm,p75,1.8,0,0,161,8406,8567,nan,0.0,nan,0.0
osm,caraballeda,bdpm,p75,1.9,0,0,161,8406,8567,nan,0.0,nan,0.0
osm,caraballeda,bdpm,p75,2.0,0,0,161,8406,8567,nan,0.0,nan,0.0
osm,caraballeda,bdpm,p75,2.1,0,0,161,8406,8567,nan,0.0,nan,0.0
osm,caraballeda,bdpm,p75,2.2,0,0,161,8406,8567,nan,0.0,nan,0.0
osm,caraballeda,bdpm,p75,2.3,0,0,161,8406,8567,nan,0.0,nan,0.0
osm,caraballeda,bdpm,p75,2.4,0,0,161,8406,8567,nan,0.0,nan,0.0
osm,caraballeda,bdpm,p75,2.5,0,0,161,8406,8567,nan,0.0,nan,0.0
osm,caraballeda,bdpm,p75,2.6,0,0,161,8406,8567,nan,0.0,nan,0.0
osm,caraballeda,bdpm,p75,2.7,0,0,161,8406,8567,nan,0.0,nan,0.0
osm,caraballeda,bdpm,p75,2.8,0,0,161,8406,8567,nan,0.0,nan,0.0
osm,caraballeda,bdpm,p75,2.9,0,0,161,8406,8567,nan,0.0,nan,0.0
osm,caraballeda,bdpm,p75,3.0,0,0,161,8406,8567,nan,0.0,nan,0.0
osm,caraballeda,bdpm,p75,3.1,0,0,161,8406,8567,nan,0.0,nan,0.0
osm,caraballeda,bdpm,p75,3.2,0,0,161,8406,8567,nan,0.0,nan,0.0
osm,caraballeda,bdpm,p75,3.3,0,0,161,8406,8567,nan,0.0,nan,0.0
osm,caraballeda,bdpm,p75,3.4,0,0,161,8406,8567,nan,0.0,nan,0.0
osm,caraballeda,bdpm,p75,3.5,0,0,161,8406,8567,nan,0.0,nan,0.0
osm,caraballeda,bdpm,p75,3.6,0,0,161,8406,8567,nan,0.0,nan,0.0
osm,caraballeda,bdpm,p75,3.7,0,0,161,8406,8567,nan,0.0,nan,0.0
osm,caraballeda,bdpm,p75,3.8,0,0,161,8406,8567,nan,0.0,nan,0.0
osm,caraballeda,bdpm,p75,3.9,0,0,161,8406,8567,nan,0.0,nan,0.0
osm,caraballeda,bdpm,p75,4.0,0,0,161,8406,8567,nan,0.0,nan,0.0
osm,caraballeda,bdpm,p75,4.1,0,0,161,8406,8567,nan,0.0,nan,0.0
osm,caraballeda,bdpm,p75,4.2,0,0,161,8406,8567,nan,0.0,nan,0.0
osm,caraballeda,bdpm,p75,4.3,0,0,161,8406,8567,nan,0.0,nan,0.0
osm,caraballeda,bdpm,p75,4.4,0,0,161,8406,8567,nan,0.0,nan,0.0
osm,caraballeda,bdpm,p75,4.5,0,0,161,8406,8567,nan,0.0,nan,0.0
osm,caraballeda,bdpm,p75,4.6,0,0,161,8406,8567,nan,0.0,nan,0.0
osm,caraballeda,bdpm,p75,4.7,0,0,161,8406,8567,nan,0.0,nan,0.0
osm,caraballeda,bdpm,p75,4.8,0,0,161,8406,8567,nan,0.0,nan,0.0
osm,caraballeda,bdpm,p75,4.9,0,0,161,8406,8567,nan,0.0,nan,0.0
osm,caraballeda,bdpm,p75,5.0,0,0,161,8406,8567,nan,0.0,nan,0.0
osm,caraballeda,bdpm,p75,5.1,0,0,161,8406,8567,nan,0.0,nan,0.0
osm,caraballeda,bdpm,p75,5.2,0,0,161,8406,8567,nan,0.0,nan,0.0
osm,caraballeda,bdpm,p75,5.3,0,0,161,8406,8567,nan,0.0,nan,0.0
osm,caraballeda,bdpm,p75,5.4,0,0,161,8406,8567,nan,0.0,nan,0.0
osm,caraballeda,bdpm,p75,5.5,0,0,161,8406,8567,nan,0.0,nan,0.0
osm,caraballeda,bdpm,p75,5.6,0,0,161,8406,8567,nan,0.0,nan,0.0
osm,caraballeda,bdpm,p75,5.7,0,0,161,8406,8567,nan,0.0,nan,0.0
osm,caraballeda,bdpm,p75,5.8,0,0,161,8406,8567,nan,0.0,nan,0.0
osm,caraballeda,bdpm,p75,5.9,0,0,161,8406,8567,nan,0.0,nan,0.0
osm,caraballeda,bdpm,p75,6.0,0,0,161,8406,8567,nan,0.0,nan,0.0
osm,caraballeda,bdpm,p90,0.0,161,8343,0,63,8567,0.018932267168391345,1.0,0.037160992498557414,0.00028374104639014455
osm,caraballeda,bdpm,p90,0.1,161,8044,0,362,8567,0.019622181596587445,1.0,0.03848912263925412,0.0016886110972362358
osm,caraballeda,bdpm,p90,0.2,159,7077,2,1329,8567,0.02197346600331675,0.9875776397515528,0.04299040151412735,0.006459916592217005
osm,caraballeda,bdpm,p90,0.3,156,5801,5,2605,8567,0.026187678361591405,0.968944099378882,0.05099705786204642,0.014947097868705246
osm,caraballeda,bdpm,p90,0.4,150,4487,11,3919,8567,0.03234850118611171,0.9316770186335404,0.06252605252188412,0.027188822032633474
osm,caraballeda,bdpm,p90,0.5,133,3181,28,5225,8567,0.040132770066385035,0.8260869565217391,0.07654676258992806,0.0422152680655972
osm,caraballeda,bdpm,p90,0.6,105,1890,56,6516,8567,0.05263157894736842,0.6521739130434783,0.09740259740259741,0.06487973847073217
osm,caraballeda,bdpm,p90,0.7,54,913,107,7493,8567,0.055842812823164424,0.33540372670807456,0.09574468085106382,0.06563823150954168
osm,caraballeda,bdpm,p90,0.8,6,149,155,8257,8567,0.03870967741935484,0.037267080745341616,0.0379746835443038,0.01990545155125585
osm,caraballeda,bdpm,p90,0.9,0,0,161,8406,8567,nan,0.0,nan,0.0
osm,caraballeda,bdpm,p90,1.0,0,0,161,8406,8567,nan,0.0,nan,0.0
osm,caraballeda,bdpm,p90,1.1,0,0,161,8406,8567,nan,0.0,nan,0.0
osm,caraballeda,bdpm,p90,1.2,0,0,161,8406,8567,nan,0.0,nan,0.0
osm,caraballeda,bdpm,p90,1.3,0,0,161,8406,8567,nan,0.0,nan,0.0
osm,caraballeda,bdpm,p90,1.4,0,0,161,8406,8567,nan,0.0,nan,0.0
osm,caraballeda,bdpm,p90,1.5,0,0,161,8406,8567,nan,0.0,nan,0.0
osm,caraballeda,bdpm,p90,1.6,0,0,161,8406,8567,nan,0.0,nan,0.0
osm,caraballeda,bdpm,p90,1.7,0,0,161,8406,8567,nan,0.0,nan,0.0
osm,caraballeda,bdpm,p90,1.8,0,0,161,8406,8567,nan,0.0,nan,0.0
osm,caraballeda,bdpm,p90,1.9,0,0,161,8406,8567,nan,0.0,nan,0.0
osm,caraballeda,bdpm,p90,2.0,0,0,161,8406,8567,nan,0.0,nan,0.0
osm,caraballeda,bdpm,p90,2.1,0,0,161,8406,8567,nan,0.0,nan,0.0
osm,caraballeda,bdpm,p90,2.2,0,0,161,8406,8567,nan,0.0,nan,0.0
osm,caraballeda,bdpm,p90,2.3,0,0,161,8406,8567,nan,0.0,nan,0.0
osm,caraballeda,bdpm,p90,2.4,0,0,161,8406,8567,nan,0.0,nan,0.0
osm,caraballeda,bdpm,p90,2.5,0,0,161,8406,8567,nan,0.0,nan,0.0
osm,caraballeda,bdpm,p90,2.6,0,0,161,8406,8567,nan,0.0,nan,0.0
osm,caraballeda,bdpm,p90,2.7,0,0,161,8406,8567,nan,0.0,nan,0.0
osm,caraballeda,bdpm,p90,2.8,0,0,161,8406,8567,nan,0.0,nan,0.0
osm,caraballeda,bdpm,p90,2.9,0,0,161,8406,8567,nan,0.0,nan,0.0
osm,caraballeda,bdpm,p90,3.0,0,0,161,8406,8567,nan,0.0,nan,0.0
osm,caraballeda,bdpm,p90,3.1,0,0,161,8406,8567,nan,0.0,nan,0.0
osm,caraballeda,bdpm,p90,3.2,0,0,161,8406,8567,nan,0.0,nan,0.0
osm,caraballeda,bdpm,p90,3.3,0,0,161,8406,8567,nan,0.0,nan,0.0
osm,caraballeda,bdpm,p90,3.4,0,0,161,8406,8567,nan,0.0,nan,0.0
osm,caraballeda,bdpm,p90,3.5,0,0,161,8406,8567,nan,0.0,nan,0.0
osm,caraballeda,bdpm,p90,3.6,0,0,161,8406,8567,nan,0.0,nan,0.0
osm,caraballeda,bdpm,p90,3.7,0,0,161,8406,8567,nan,0.0,nan,0.0
osm,caraballeda,bdpm,p90,3.8,0,0,161,8406,8567,nan,0.0,nan,0.0
osm,caraballeda,bdpm,p90,3.9,0,0,161,8406,8567,nan,0.0,nan,0.0
osm,caraballeda,bdpm,p90,4.0,0,0,161,8406,8567,nan,0.0,nan,0.0
osm,caraballeda,bdpm,p90,4.1,0,0,161,8406,8567,nan,0.0,nan,0.0
osm,caraballeda,bdpm,p90,4.2,0,0,161,8406,8567,nan,0.0,nan,0.0
osm,caraballeda,bdpm,p90,4.3,0,0,161,8406,8567,nan,0.0,nan,0.0
osm,caraballeda,bdpm,p90,4.4,0,0,161,8406,8567,nan,0.0,nan,0.0
osm,caraballeda,bdpm,p90,4.5,0,0,161,8406,8567,nan,0.0,nan,0.0
osm,caraballeda,bdpm,p90,4.6,0,0,161,8406,8567,nan,0.0,nan,0.0
osm,caraballeda,bdpm,p90,4.7,0,0,161,8406,8567,nan,0.0,nan,0.0
osm,caraballeda,bdpm,p90,4.8,0,0,161,8406,8567,nan,0.0,nan,0.0
osm,caraballeda,bdpm,p90,4.9,0,0,161,8406,8567,nan,0.0,nan,0.0
osm,caraballeda,bdpm,p90,5.0,0,0,161,8406,8567,nan,0.0,nan,0.0
osm,caraballeda,bdpm,p90,5.1,0,0,161,8406,8567,nan,0.0,nan,0.0
osm,caraballeda,bdpm,p90,5.2,0,0,161,8406,8567,nan,0.0,nan,0.0
osm,caraballeda,bdpm,p90,5.3,0,0,161,8406,8567,nan,0.0,nan,0.0
osm,caraballeda,bdpm,p90,5.4,0,0,161,8406,8567,nan,0.0,nan,0.0
osm,caraballeda,bdpm,p90,5.5,0,0,161,8406,8567,nan,0.0,nan,0.0
osm,caraballeda,bdpm,p90,5.6,0,0,161,8406,8567,nan,0.0,nan,0.0
osm,caraballeda,bdpm,p90,5.7,0,0,161,8406,8567,nan,0.0,nan,0.0
osm,caraballeda,bdpm,p90,5.8,0,0,161,8406,8567,nan,0.0,nan,0.0
osm,caraballeda,bdpm,p90,5.9,0,0,161,8406,8567,nan,0.0,nan,0.0
osm,caraballeda,bdpm,p90,6.0,0,0,161,8406,8567,nan,0.0,nan,0.0
osm,caraballeda,bdpm,frac50,0.0,161,8342,0,64,8567,0.01893449370810302,1.0,0.03716528162511541,0.0002882781176569195
osm,caraballeda,bdpm,frac50,0.1,161,8033,0,373,8567,0.019648523309738833,1.0,0.03853979652902454,0.0017422115032812515
osm,caraballeda,bdpm,frac50,0.2,159,7062,2,1344,8567,0.02201911092646448,0.9875776397515528,0.04307775670549987,0.006552320726860711
osm,caraballeda,bdpm,frac50,0.3,154,5800,7,2606,8567,0.02586496472959355,0.9565217391304348,0.05036794766966476,0.01429458603114795
osm,caraballeda,bdpm,frac50,0.4,146,4449,15,3957,8567,0.03177366702937976,0.906832298136646,0.061396131202691336,0.026027566185939172
osm,caraballeda,bdpm,frac50,0.5,128,3132,33,5274,8567,0.0392638036809816,0.7950310559006211,0.07483192049108447,0.040464028807147584
osm,caraballeda,bdpm,frac50,0.6,95,1855,66,6551,8567,0.04871794871794872,0.5900621118012422,0.09000473709142587,0.05727375155359984
osm,caraballeda,bdpm,frac50,0.7,40,867,121,7539,8567,0.044101433296582136,0.2484472049689441,0.0749063670411985,0.04440371562998229
osm,caraballeda,bdpm,frac50,0.8,6,143,155,8263,8567,0.040268456375838924,0.037267080745341616,0.03870967741935484,0.021023916017846346
osm,caraballeda,bdpm,frac50,0.9,0,0,161,8406,8567,nan,0.0,nan,0.0
osm,caraballeda,bdpm,frac50,1.0,0,0,161,8406,8567,nan,0.0,nan,0.0
osm,caraballeda,bdpm,frac50,1.1,0,0,161,8406,8567,nan,0.0,nan,0.0
osm,caraballeda,bdpm,frac50,1.2,0,0,161,8406,8567,nan,0.0,nan,0.0
osm,caraballeda,bdpm,frac50,1.3,0,0,161,8406,8567,nan,0.0,nan,0.0
osm,caraballeda,bdpm,frac50,1.4,0,0,161,8406,8567,nan,0.0,nan,0.0
osm,caraballeda,bdpm,frac50,1.5,0,0,161,8406,8567,nan,0.0,nan,0.0
osm,caraballeda,bdpm,frac50,1.6,0,0,161,8406,8567,nan,0.0,nan,0.0
osm,caraballeda,bdpm,frac50,1.7,0,0,161,8406,8567,nan,0.0,nan,0.0
osm,caraballeda,bdpm,frac50,1.8,0,0,161,8406,8567,nan,0.0,nan,0.0
osm,caraballeda,bdpm,frac50,1.9,0,0,161,8406,8567,nan,0.0,nan,0.0
osm,caraballeda,bdpm,frac50,2.0,0,0,161,8406,8567,nan,0.0,nan,0.0
osm,caraballeda,bdpm,frac50,2.1,0,0,161,8406,8567,nan,0.0,nan,0.0
osm,caraballeda,bdpm,frac50,2.2,0,0,161,8406,8567,nan,0.0,nan,0.0
osm,caraballeda,bdpm,frac50,2.3,0,0,161,8406,8567,nan,0.0,nan,0.0
osm,caraballeda,bdpm,frac50,2.4,0,0,161,8406,8567,nan,0.0,nan,0.0
osm,caraballeda,bdpm,frac50,2.5,0,0,161,8406,8567,nan,0.0,nan,0.0
osm,caraballeda,bdpm,frac50,2.6,0,0,161,8406,8567,nan,0.0,nan,0.0
osm,caraballeda,bdpm,frac50,2.7,0,0,161,8406,8567,nan,0.0,nan,0.0
osm,caraballeda,bdpm,frac50,2.8,0,0,161,8406,8567,nan,0.0,nan,0.0
osm,caraballeda,bdpm,frac50,2.9,0,0,161,8406,8567,nan,0.0,nan,0.0
osm,caraballeda,bdpm,frac50,3.0,0,0,161,8406,8567,nan,0.0,nan,0.0
osm,caraballeda,bdpm,frac50,3.1,0,0,161,8406,8567,nan,0.0,nan,0.0
osm,caraballeda,bdpm,frac50,3.2,0,0,161,8406,8567,nan,0.0,nan,0.0
osm,caraballeda,bdpm,frac50,3.3,0,0,161,8406,8567,nan,0.0,nan,0.0
osm,caraballeda,bdpm,frac50,3.4,0,0,161,8406,8567,nan,0.0,nan,0.0
osm,caraballeda,bdpm,frac50,3.5,0,0,161,8406,8567,nan,0.0,nan,0.0
osm,caraballeda,bdpm,frac50,3.6,0,0,161,8406,8567,nan,0.0,nan,0.0
osm,caraballeda,bdpm,frac50,3.7,0,0,161,8406,8567,nan,0.0,nan,0.0
osm,caraballeda,bdpm,frac50,3.8,0,0,161,8406,8567,nan,0.0,nan,0.0
osm,caraballeda,bdpm,frac50,3.9,0,0,161,8406,8567,nan,0.0,nan,0.0
osm,caraballeda,bdpm,frac50,4.0,0,0,161,8406,8567,nan,0.0,nan,0.0
osm,caraballeda,bdpm,frac50,4.1,0,0,161,8406,8567,nan,0.0,nan,0.0
osm,caraballeda,bdpm,frac50,4.2,0,0,161,8406,8567,nan,0.0,nan,0.0
osm,caraballeda,bdpm,frac50,4.3,0,0,161,8406,8567,nan,0.0,nan,0.0
osm,caraballeda,bdpm,frac50,4.4,0,0,161,8406,8567,nan,0.0,nan,0.0
osm,caraballeda,bdpm,frac50,4.5,0,0,161,8406,8567,nan,0.0,nan,0.0
osm,caraballeda,bdpm,frac50,4.6,0,0,161,8406,8567,nan,0.0,nan,0.0
osm,caraballeda,bdpm,frac50,4.7,0,0,161,8406,8567,nan,0.0,nan,0.0
osm,caraballeda,bdpm,frac50,4.8,0,0,161,8406,8567,nan,0.0,nan,0.0
osm,caraballeda,bdpm,frac50,4.9,0,0,161,8406,8567,nan,0.0,nan,0.0
osm,caraballeda,bdpm,frac50,5.0,0,0,161,8406,8567,nan,0.0,nan,0.0
osm,caraballeda,bdpm,frac50,5.1,0,0,161,8406,8567,nan,0.0,nan,0.0
osm,caraballeda,bdpm,frac50,5.2,0,0,161,8406,8567,nan,0.0,nan,0.0
osm,caraballeda,bdpm,frac50,5.3,0,0,161,8406,8567,nan,0.0,nan,0.0
osm,caraballeda,bdpm,frac50,5.4,0,0,161,8406,8567,nan,0.0,nan,0.0
osm,caraballeda,bdpm,frac50,5.5,0,0,161,8406,8567,nan,0.0,nan,0.0
osm,caraballeda,bdpm,frac50,5.6,0,0,161,8406,8567,nan,0.0,nan,0.0
osm,caraballeda,bdpm,frac50,5.7,0,0,161,8406,8567,nan,0.0,nan,0.0
osm,caraballeda,bdpm,frac50,5.8,0,0,161,8406,8567,nan,0.0,nan,0.0
osm,caraballeda,bdpm,frac50,5.9,0,0,161,8406,8567,nan,0.0,nan,0.0
osm,caraballeda,bdpm,frac50,6.0,0,0,161,8406,8567,nan,0.0,nan,0.0
osm,naiguata,bdpm,mean,0.0,0,34,0,1,35,0.0,nan,nan,-1.0714468528092044e-17
osm,naiguata,bdpm,mean,0.1,0,27,0,8,35,0.0,nan,nan,3.5979449872111554e-17
osm,naiguata,bdpm,mean,0.2,0,17,0,18,35,0.0,nan,nan,0.0
osm,naiguata,bdpm,mean,0.3,0,12,0,23,35,0.0,nan,nan,0.0
osm,naiguata,bdpm,mean,0.4,0,9,0,26,35,0.0,nan,nan,0.0
osm,naiguata,bdpm,mean,0.5,0,7,0,28,35,0.0,nan,nan,0.0
osm,naiguata,bdpm,mean,0.6,0,4,0,31,35,0.0,nan,nan,0.0
osm,naiguata,bdpm,mean,0.7,0,1,0,34,35,0.0,nan,nan,0.0
osm,naiguata,bdpm,mean,0.8,0,0,0,35,35,nan,nan,nan,nan
osm,naiguata,bdpm,mean,0.9,0,0,0,35,35,nan,nan,nan,nan
osm,naiguata,bdpm,mean,1.0,0,0,0,35,35,nan,nan,nan,nan
osm,naiguata,bdpm,mean,1.1,0,0,0,35,35,nan,nan,nan,nan
osm,naiguata,bdpm,mean,1.2,0,0,0,35,35,nan,nan,nan,nan
osm,naiguata,bdpm,mean,1.3,0,0,0,35,35,nan,nan,nan,nan
osm,naiguata,bdpm,mean,1.4,0,0,0,35,35,nan,nan,nan,nan
osm,naiguata,bdpm,mean,1.5,0,0,0,35,35,nan,nan,nan,nan
osm,naiguata,bdpm,mean,1.6,0,0,0,35,35,nan,nan,nan,nan
osm,naiguata,bdpm,mean,1.7,0,0,0,35,35,nan,nan,nan,nan
osm,naiguata,bdpm,mean,1.8,0,0,0,35,35,nan,nan,nan,nan
osm,naiguata,bdpm,mean,1.9,0,0,0,35,35,nan,nan,nan,nan
osm,naiguata,bdpm,mean,2.0,0,0,0,35,35,nan,nan,nan,nan
osm,naiguata,bdpm,mean,2.1,0,0,0,35,35,nan,nan,nan,nan
osm,naiguata,bdpm,mean,2.2,0,0,0,35,35,nan,nan,nan,nan
osm,naiguata,bdpm,mean,2.3,0,0,0,35,35,nan,nan,nan,nan
osm,naiguata,bdpm,mean,2.4,0,0,0,35,35,nan,nan,nan,nan
osm,naiguata,bdpm,mean,2.5,0,0,0,35,35,nan,nan,nan,nan
osm,naiguata,bdpm,mean,2.6,0,0,0,35,35,nan,nan,nan,nan
osm,naiguata,bdpm,mean,2.7,0,0,0,35,35,nan,nan,nan,nan
osm,naiguata,bdpm,mean,2.8,0,0,0,35,35,nan,nan,nan,nan
osm,naiguata,bdpm,mean,2.9,0,0,0,35,35,nan,nan,nan,nan
osm,naiguata,bdpm,mean,3.0,0,0,0,35,35,nan,nan,nan,nan
osm,naiguata,bdpm,mean,3.1,0,0,0,35,35,nan,nan,nan,nan
osm,naiguata,bdpm,mean,3.2,0,0,0,35,35,nan,nan,nan,nan
osm,naiguata,bdpm,mean,3.3,0,0,0,35,35,nan,nan,nan,nan
osm,naiguata,bdpm,mean,3.4,0,0,0,35,35,nan,nan,nan,nan
osm,naiguata,bdpm,mean,3.5,0,0,0,35,35,nan,nan,nan,nan
osm,naiguata,bdpm,mean,3.6,0,0,0,35,35,nan,nan,nan,nan
osm,naiguata,bdpm,mean,3.7,0,0,0,35,35,nan,nan,nan,nan
osm,naiguata,bdpm,mean,3.8,0,0,0,35,35,nan,nan,nan,nan
osm,naiguata,bdpm,mean,3.9,0,0,0,35,35,nan,nan,nan,nan
osm,naiguata,bdpm,mean,4.0,0,0,0,35,35,nan,nan,nan,nan
osm,naiguata,bdpm,mean,4.1,0,0,0,35,35,nan,nan,nan,nan
osm,naiguata,bdpm,mean,4.2,0,0,0,35,35,nan,nan,nan,nan
osm,naiguata,bdpm,mean,4.3,0,0,0,35,35,nan,nan,nan,nan
osm,naiguata,bdpm,mean,4.4,0,0,0,35,35,nan,nan,nan,nan
osm,naiguata,bdpm,mean,4.5,0,0,0,35,35,nan,nan,nan,nan
osm,naiguata,bdpm,mean,4.6,0,0,0,35,35,nan,nan,nan,nan
osm,naiguata,bdpm,mean,4.7,0,0,0,35,35,nan,nan,nan,nan
osm,naiguata,bdpm,mean,4.8,0,0,0,35,35,nan,nan,nan,nan
osm,naiguata,bdpm,mean,4.9,0,0,0,35,35,nan,nan,nan,nan
osm,naiguata,bdpm,mean,5.0,0,0,0,35,35,nan,nan,nan,nan
osm,naiguata,bdpm,mean,5.1,0,0,0,35,35,nan,nan,nan,nan
osm,naiguata,bdpm,mean,5.2,0,0,0,35,35,nan,nan,nan,nan
osm,naiguata,bdpm,mean,5.3,0,0,0,35,35,nan,nan,nan,nan
osm,naiguata,bdpm,mean,5.4,0,0,0,35,35,nan,nan,nan,nan
osm,naiguata,bdpm,mean,5.5,0,0,0,35,35,nan,nan,nan,nan
osm,naiguata,bdpm,mean,5.6,0,0,0,35,35,nan,nan,nan,nan
osm,naiguata,bdpm,mean,5.7,0,0,0,35,35,nan,nan,nan,nan
osm,naiguata,bdpm,mean,5.8,0,0,0,35,35,nan,nan,nan,nan
osm,naiguata,bdpm,mean,5.9,0,0,0,35,35,nan,nan,nan,nan
osm,naiguata,bdpm,mean,6.0,0,0,0,35,35,nan,nan,nan,nan
osm,naiguata,bdpm,max,0.0,0,34,0,1,35,0.0,nan,nan,-1.0714468528092044e-17
osm,naiguata,bdpm,max,0.1,0,29,0,6,35,0.0,nan,nan,6.69962170032422e-17
osm,naiguata,bdpm,max,0.2,0,23,0,12,35,0.0,nan,nan,0.0
osm,naiguata,bdpm,max,0.3,0,17,0,18,35,0.0,nan,nan,0.0
osm,naiguata,bdpm,max,0.4,0,10,0,25,35,0.0,nan,nan,0.0
osm,naiguata,bdpm,max,0.5,0,9,0,26,35,0.0,nan,nan,0.0
osm,naiguata,bdpm,max,0.6,0,9,0,26,35,0.0,nan,nan,0.0
osm,naiguata,bdpm,max,0.7,0,3,0,32,35,0.0,nan,nan,0.0
osm,naiguata,bdpm,max,0.8,0,0,0,35,35,nan,nan,nan,nan
osm,naiguata,bdpm,max,0.9,0,0,0,35,35,nan,nan,nan,nan
osm,naiguata,bdpm,max,1.0,0,0,0,35,35,nan,nan,nan,nan
osm,naiguata,bdpm,max,1.1,0,0,0,35,35,nan,nan,nan,nan
osm,naiguata,bdpm,max,1.2,0,0,0,35,35,nan,nan,nan,nan
osm,naiguata,bdpm,max,1.3,0,0,0,35,35,nan,nan,nan,nan
osm,naiguata,bdpm,max,1.4,0,0,0,35,35,nan,nan,nan,nan
osm,naiguata,bdpm,max,1.5,0,0,0,35,35,nan,nan,nan,nan
osm,naiguata,bdpm,max,1.6,0,0,0,35,35,nan,nan,nan,nan
osm,naiguata,bdpm,max,1.7,0,0,0,35,35,nan,nan,nan,nan
osm,naiguata,bdpm,max,1.8,0,0,0,35,35,nan,nan,nan,nan
osm,naiguata,bdpm,max,1.9,0,0,0,35,35,nan,nan,nan,nan
osm,naiguata,bdpm,max,2.0,0,0,0,35,35,nan,nan,nan,nan
osm,naiguata,bdpm,max,2.1,0,0,0,35,35,nan,nan,nan,nan
osm,naiguata,bdpm,max,2.2,0,0,0,35,35,nan,nan,nan,nan
osm,naiguata,bdpm,max,2.3,0,0,0,35,35,nan,nan,nan,nan
osm,naiguata,bdpm,max,2.4,0,0,0,35,35,nan,nan,nan,nan
osm,naiguata,bdpm,max,2.5,0,0,0,35,35,nan,nan,nan,nan
osm,naiguata,bdpm,max,2.6,0,0,0,35,35,nan,nan,nan,nan
osm,naiguata,bdpm,max,2.7,0,0,0,35,35,nan,nan,nan,nan
osm,naiguata,bdpm,max,2.8,0,0,0,35,35,nan,nan,nan,nan
osm,naiguata,bdpm,max,2.9,0,0,0,35,35,nan,nan,nan,nan
osm,naiguata,bdpm,max,3.0,0,0,0,35,35,nan,nan,nan,nan
osm,naiguata,bdpm,max,3.1,0,0,0,35,35,nan,nan,nan,nan
osm,naiguata,bdpm,max,3.2,0,0,0,35,35,nan,nan,nan,nan
osm,naiguata,bdpm,max,3.3,0,0,0,35,35,nan,nan,nan,nan
osm,naiguata,bdpm,max,3.4,0,0,0,35,35,nan,nan,nan,nan
osm,naiguata,bdpm,max,3.5,0,0,0,35,35,nan,nan,nan,nan
osm,naiguata,bdpm,max,3.6,0,0,0,35,35,nan,nan,nan,nan
osm,naiguata,bdpm,max,3.7,0,0,0,35,35,nan,nan,nan,nan
osm,naiguata,bdpm,max,3.8,0,0,0,35,35,nan,nan,nan,nan
osm,naiguata,bdpm,max,3.9,0,0,0,35,35,nan,nan,nan,nan
osm,naiguata,bdpm,max,4.0,0,0,0,35,35,nan,nan,nan,nan
osm,naiguata,bdpm,max,4.1,0,0,0,35,35,nan,nan,nan,nan
osm,naiguata,bdpm,max,4.2,0,0,0,35,35,nan,nan,nan,nan
osm,naiguata,bdpm,max,4.3,0,0,0,35,35,nan,nan,nan,nan
osm,naiguata,bdpm,max,4.4,0,0,0,35,35,nan,nan,nan,nan
osm,naiguata,bdpm,max,4.5,0,0,0,35,35,nan,nan,nan,nan
osm,naiguata,bdpm,max,4.6,0,0,0,35,35,nan,nan,nan,nan
osm,naiguata,bdpm,max,4.7,0,0,0,35,35,nan,nan,nan,nan
osm,naiguata,bdpm,max,4.8,0,0,0,35,35,nan,nan,nan,nan
osm,naiguata,bdpm,max,4.9,0,0,0,35,35,nan,nan,nan,nan
osm,naiguata,bdpm,max,5.0,0,0,0,35,35,nan,nan,nan,nan
osm,naiguata,bdpm,max,5.1,0,0,0,35,35,nan,nan,nan,nan
osm,naiguata,bdpm,max,5.2,0,0,0,35,35,nan,nan,nan,nan
osm,naiguata,bdpm,max,5.3,0,0,0,35,35,nan,nan,nan,nan
osm,naiguata,bdpm,max,5.4,0,0,0,35,35,nan,nan,nan,nan
osm,naiguata,bdpm,max,5.5,0,0,0,35,35,nan,nan,nan,nan
osm,naiguata,bdpm,max,5.6,0,0,0,35,35,nan,nan,nan,nan
osm,naiguata,bdpm,max,5.7,0,0,0,35,35,nan,nan,nan,nan
osm,naiguata,bdpm,max,5.8,0,0,0,35,35,nan,nan,nan,nan
osm,naiguata,bdpm,max,5.9,0,0,0,35,35,nan,nan,nan,nan
osm,naiguata,bdpm,max,6.0,0,0,0,35,35,nan,nan,nan,nan
osm,naiguata,bdpm,p75,0.0,0,34,0,1,35,0.0,nan,nan,-1.0714468528092044e-17
osm,naiguata,bdpm,p75,0.1,0,27,0,8,35,0.0,nan,nan,3.5979449872111554e-17
osm,naiguata,bdpm,p75,0.2,0,20,0,15,35,0.0,nan,nan,-9.71445146547012e-17
osm,naiguata,bdpm,p75,0.3,0,15,0,20,35,0.0,nan,nan,0.0
osm,naiguata,bdpm,p75,0.4,0,10,0,25,35,0.0,nan,nan,0.0
osm,naiguata,bdpm,p75,0.5,0,9,0,26,35,0.0,nan,nan,0.0
osm,naiguata,bdpm,p75,0.6,0,5,0,30,35,0.0,nan,nan,-7.7715611723761e-16
osm,naiguata,bdpm,p75,0.7,0,1,0,34,35,0.0,nan,nan,0.0
osm,naiguata,bdpm,p75,0.8,0,0,0,35,35,nan,nan,nan,nan
osm,naiguata,bdpm,p75,0.9,0,0,0,35,35,nan,nan,nan,nan
osm,naiguata,bdpm,p75,1.0,0,0,0,35,35,nan,nan,nan,nan
osm,naiguata,bdpm,p75,1.1,0,0,0,35,35,nan,nan,nan,nan
osm,naiguata,bdpm,p75,1.2,0,0,0,35,35,nan,nan,nan,nan
osm,naiguata,bdpm,p75,1.3,0,0,0,35,35,nan,nan,nan,nan
osm,naiguata,bdpm,p75,1.4,0,0,0,35,35,nan,nan,nan,nan
osm,naiguata,bdpm,p75,1.5,0,0,0,35,35,nan,nan,nan,nan
osm,naiguata,bdpm,p75,1.6,0,0,0,35,35,nan,nan,nan,nan
osm,naiguata,bdpm,p75,1.7,0,0,0,35,35,nan,nan,nan,nan
osm,naiguata,bdpm,p75,1.8,0,0,0,35,35,nan,nan,nan,nan
osm,naiguata,bdpm,p75,1.9,0,0,0,35,35,nan,nan,nan,nan
osm,naiguata,bdpm,p75,2.0,0,0,0,35,35,nan,nan,nan,nan
osm,naiguata,bdpm,p75,2.1,0,0,0,35,35,nan,nan,nan,nan
osm,naiguata,bdpm,p75,2.2,0,0,0,35,35,nan,nan,nan,nan
osm,naiguata,bdpm,p75,2.3,0,0,0,35,35,nan,nan,nan,nan
osm,naiguata,bdpm,p75,2.4,0,0,0,35,35,nan,nan,nan,nan
osm,naiguata,bdpm,p75,2.5,0,0,0,35,35,nan,nan,nan,nan
osm,naiguata,bdpm,p75,2.6,0,0,0,35,35,nan,nan,nan,nan
osm,naiguata,bdpm,p75,2.7,0,0,0,35,35,nan,nan,nan,nan
osm,naiguata,bdpm,p75,2.8,0,0,0,35,35,nan,nan,nan,nan
osm,naiguata,bdpm,p75,2.9,0,0,0,35,35,nan,nan,nan,nan
osm,naiguata,bdpm,p75,3.0,0,0,0,35,35,nan,nan,nan,nan
osm,naiguata,bdpm,p75,3.1,0,0,0,35,35,nan,nan,nan,nan
osm,naiguata,bdpm,p75,3.2,0,0,0,35,35,nan,nan,nan,nan
osm,naiguata,bdpm,p75,3.3,0,0,0,35,35,nan,nan,nan,nan
osm,naiguata,bdpm,p75,3.4,0,0,0,35,35,nan,nan,nan,nan
osm,naiguata,bdpm,p75,3.5,0,0,0,35,35,nan,nan,nan,nan
osm,naiguata,bdpm,p75,3.6,0,0,0,35,35,nan,nan,nan,nan
osm,naiguata,bdpm,p75,3.7,0,0,0,35,35,nan,nan,nan,nan
osm,naiguata,bdpm,p75,3.8,0,0,0,35,35,nan,nan,nan,nan
osm,naiguata,bdpm,p75,3.9,0,0,0,35,35,nan,nan,nan,nan
osm,naiguata,bdpm,p75,4.0,0,0,0,35,35,nan,nan,nan,nan
osm,naiguata,bdpm,p75,4.1,0,0,0,35,35,nan,nan,nan,nan
osm,naiguata,bdpm,p75,4.2,0,0,0,35,35,nan,nan,nan,nan
osm,naiguata,bdpm,p75,4.3,0,0,0,35,35,nan,nan,nan,nan
osm,naiguata,bdpm,p75,4.4,0,0,0,35,35,nan,nan,nan,nan
osm,naiguata,bdpm,p75,4.5,0,0,0,35,35,nan,nan,nan,nan
osm,naiguata,bdpm,p75,4.6,0,0,0,35,35,nan,nan,nan,nan
osm,naiguata,bdpm,p75,4.7,0,0,0,35,35,nan,nan,nan,nan
osm,naiguata,bdpm,p75,4.8,0,0,0,35,35,nan,nan,nan,nan
osm,naiguata,bdpm,p75,4.9,0,0,0,35,35,nan,nan,nan,nan
osm,naiguata,bdpm,p75,5.0,0,0,0,35,35,nan,nan,nan,nan
osm,naiguata,bdpm,p75,5.1,0,0,0,35,35,nan,nan,nan,nan
osm,naiguata,bdpm,p75,5.2,0,0,0,35,35,nan,nan,nan,nan
osm,naiguata,bdpm,p75,5.3,0,0,0,35,35,nan,nan,nan,nan
osm,naiguata,bdpm,p75,5.4,0,0,0,35,35,nan,nan,nan,nan
osm,naiguata,bdpm,p75,5.5,0,0,0,35,35,nan,nan,nan,nan
osm,naiguata,bdpm,p75,5.6,0,0,0,35,35,nan,nan,nan,nan
osm,naiguata,bdpm,p75,5.7,0,0,0,35,35,nan,nan,nan,nan
osm,naiguata,bdpm,p75,5.8,0,0,0,35,35,nan,nan,nan,nan
osm,naiguata,bdpm,p75,5.9,0,0,0,35,35,nan,nan,nan,nan
osm,naiguata,bdpm,p75,6.0,0,0,0,35,35,nan,nan,nan,nan
osm,naiguata,bdpm,p90,0.0,0,34,0,1,35,0.0,nan,nan,-1.0714468528092044e-17
osm,naiguata,bdpm,p90,0.1,0,28,0,7,35,0.0,nan,nan,6.938893903907228e-17
osm,naiguata,bdpm,p90,0.2,0,23,0,12,35,0.0,nan,nan,0.0
osm,naiguata,bdpm,p90,0.3,0,15,0,20,35,0.0,nan,nan,0.0
osm,naiguata,bdpm,p90,0.4,0,10,0,25,35,0.0,nan,nan,0.0
osm,naiguata,bdpm,p90,0.5,0,9,0,26,35,0.0,nan,nan,0.0
osm,naiguata,bdpm,p90,0.6,0,7,0,28,35,0.0,nan,nan,0.0
osm,naiguata,bdpm,p90,0.7,0,3,0,32,35,0.0,nan,nan,0.0
osm,naiguata,bdpm,p90,0.8,0,0,0,35,35,nan,nan,nan,nan
osm,naiguata,bdpm,p90,0.9,0,0,0,35,35,nan,nan,nan,nan
osm,naiguata,bdpm,p90,1.0,0,0,0,35,35,nan,nan,nan,nan
osm,naiguata,bdpm,p90,1.1,0,0,0,35,35,nan,nan,nan,nan
osm,naiguata,bdpm,p90,1.2,0,0,0,35,35,nan,nan,nan,nan
osm,naiguata,bdpm,p90,1.3,0,0,0,35,35,nan,nan,nan,nan
osm,naiguata,bdpm,p90,1.4,0,0,0,35,35,nan,nan,nan,nan
osm,naiguata,bdpm,p90,1.5,0,0,0,35,35,nan,nan,nan,nan
osm,naiguata,bdpm,p90,1.6,0,0,0,35,35,nan,nan,nan,nan
osm,naiguata,bdpm,p90,1.7,0,0,0,35,35,nan,nan,nan,nan
osm,naiguata,bdpm,p90,1.8,0,0,0,35,35,nan,nan,nan,nan
osm,naiguata,bdpm,p90,1.9,0,0,0,35,35,nan,nan,nan,nan
osm,naiguata,bdpm,p90,2.0,0,0,0,35,35,nan,nan,nan,nan
osm,naiguata,bdpm,p90,2.1,0,0,0,35,35,nan,nan,nan,nan
osm,naiguata,bdpm,p90,2.2,0,0,0,35,35,nan,nan,nan,nan
osm,naiguata,bdpm,p90,2.3,0,0,0,35,35,nan,nan,nan,nan
osm,naiguata,bdpm,p90,2.4,0,0,0,35,35,nan,nan,nan,nan
osm,naiguata,bdpm,p90,2.5,0,0,0,35,35,nan,nan,nan,nan
osm,naiguata,bdpm,p90,2.6,0,0,0,35,35,nan,nan,nan,nan
osm,naiguata,bdpm,p90,2.7,0,0,0,35,35,nan,nan,nan,nan
osm,naiguata,bdpm,p90,2.8,0,0,0,35,35,nan,nan,nan,nan
osm,naiguata,bdpm,p90,2.9,0,0,0,35,35,nan,nan,nan,nan
osm,naiguata,bdpm,p90,3.0,0,0,0,35,35,nan,nan,nan,nan
osm,naiguata,bdpm,p90,3.1,0,0,0,35,35,nan,nan,nan,nan
osm,naiguata,bdpm,p90,3.2,0,0,0,35,35,nan,nan,nan,nan
osm,naiguata,bdpm,p90,3.3,0,0,0,35,35,nan,nan,nan,nan
osm,naiguata,bdpm,p90,3.4,0,0,0,35,35,nan,nan,nan,nan
osm,naiguata,bdpm,p90,3.5,0,0,0,35,35,nan,nan,nan,nan
osm,naiguata,bdpm,p90,3.6,0,0,0,35,35,nan,nan,nan,nan
osm,naiguata,bdpm,p90,3.7,0,0,0,35,35,nan,nan,nan,nan
osm,naiguata,bdpm,p90,3.8,0,0,0,35,35,nan,nan,nan,nan
osm,naiguata,bdpm,p90,3.9,0,0,0,35,35,nan,nan,nan,nan
osm,naiguata,bdpm,p90,4.0,0,0,0,35,35,nan,nan,nan,nan
osm,naiguata,bdpm,p90,4.1,0,0,0,35,35,nan,nan,nan,nan
osm,naiguata,bdpm,p90,4.2,0,0,0,35,35,nan,nan,nan,nan
osm,naiguata,bdpm,p90,4.3,0,0,0,35,35,nan,nan,nan,nan
osm,naiguata,bdpm,p90,4.4,0,0,0,35,35,nan,nan,nan,nan
osm,naiguata,bdpm,p90,4.5,0,0,0,35,35,nan,nan,nan,nan
osm,naiguata,bdpm,p90,4.6,0,0,0,35,35,nan,nan,nan,nan
osm,naiguata,bdpm,p90,4.7,0,0,0,35,35,nan,nan,nan,nan
osm,naiguata,bdpm,p90,4.8,0,0,0,35,35,nan,nan,nan,nan
osm,naiguata,bdpm,p90,4.9,0,0,0,35,35,nan,nan,nan,nan
osm,naiguata,bdpm,p90,5.0,0,0,0,35,35,nan,nan,nan,nan
osm,naiguata,bdpm,p90,5.1,0,0,0,35,35,nan,nan,nan,nan
osm,naiguata,bdpm,p90,5.2,0,0,0,35,35,nan,nan,nan,nan
osm,naiguata,bdpm,p90,5.3,0,0,0,35,35,nan,nan,nan,nan
osm,naiguata,bdpm,p90,5.4,0,0,0,35,35,nan,nan,nan,nan
osm,naiguata,bdpm,p90,5.5,0,0,0,35,35,nan,nan,nan,nan
osm,naiguata,bdpm,p90,5.6,0,0,0,35,35,nan,nan,nan,nan
osm,naiguata,bdpm,p90,5.7,0,0,0,35,35,nan,nan,nan,nan
osm,naiguata,bdpm,p90,5.8,0,0,0,35,35,nan,nan,nan,nan
osm,naiguata,bdpm,p90,5.9,0,0,0,35,35,nan,nan,nan,nan
osm,naiguata,bdpm,p90,6.0,0,0,0,35,35,nan,nan,nan,nan
osm,naiguata,bdpm,frac50,0.0,0,34,0,1,35,0.0,nan,nan,-1.0714468528092044e-17
osm,naiguata,bdpm,frac50,0.1,0,27,0,8,35,0.0,nan,nan,3.5979449872111554e-17
osm,naiguata,bdpm,frac50,0.2,0,20,0,15,35,0.0,nan,nan,-9.71445146547012e-17
osm,naiguata,bdpm,frac50,0.3,0,14,0,21,35,0.0,nan,nan,0.0
osm,naiguata,bdpm,frac50,0.4,0,9,0,26,35,0.0,nan,nan,0.0
osm,naiguata,bdpm,frac50,0.5,0,8,0,27,35,0.0,nan,nan,0.0
osm,naiguata,bdpm,frac50,0.6,0,5,0,30,35,0.0,nan,nan,-7.7715611723761e-16
osm,naiguata,bdpm,frac50,0.7,0,1,0,34,35,0.0,nan,nan,0.0
osm,naiguata,bdpm,frac50,0.8,0,0,0,35,35,nan,nan,nan,nan
osm,naiguata,bdpm,frac50,0.9,0,0,0,35,35,nan,nan,nan,nan
osm,naiguata,bdpm,frac50,1.0,0,0,0,35,35,nan,nan,nan,nan
osm,naiguata,bdpm,frac50,1.1,0,0,0,35,35,nan,nan,nan,nan
osm,naiguata,bdpm,frac50,1.2,0,0,0,35,35,nan,nan,nan,nan
osm,naiguata,bdpm,frac50,1.3,0,0,0,35,35,nan,nan,nan,nan
osm,naiguata,bdpm,frac50,1.4,0,0,0,35,35,nan,nan,nan,nan
osm,naiguata,bdpm,frac50,1.5,0,0,0,35,35,nan,nan,nan,nan
osm,naiguata,bdpm,frac50,1.6,0,0,0,35,35,nan,nan,nan,nan
osm,naiguata,bdpm,frac50,1.7,0,0,0,35,35,nan,nan,nan,nan
osm,naiguata,bdpm,frac50,1.8,0,0,0,35,35,nan,nan,nan,nan
osm,naiguata,bdpm,frac50,1.9,0,0,0,35,35,nan,nan,nan,nan
osm,naiguata,bdpm,frac50,2.0,0,0,0,35,35,nan,nan,nan,nan
osm,naiguata,bdpm,frac50,2.1,0,0,0,35,35,nan,nan,nan,nan
osm,naiguata,bdpm,frac50,2.2,0,0,0,35,35,nan,nan,nan,nan
osm,naiguata,bdpm,frac50,2.3,0,0,0,35,35,nan,nan,nan,nan
osm,naiguata,bdpm,frac50,2.4,0,0,0,35,35,nan,nan,nan,nan
osm,naiguata,bdpm,frac50,2.5,0,0,0,35,35,nan,nan,nan,nan
osm,naiguata,bdpm,frac50,2.6,0,0,0,35,35,nan,nan,nan,nan
osm,naiguata,bdpm,frac50,2.7,0,0,0,35,35,nan,nan,nan,nan
osm,naiguata,bdpm,frac50,2.8,0,0,0,35,35,nan,nan,nan,nan
osm,naiguata,bdpm,frac50,2.9,0,0,0,35,35,nan,nan,nan,nan
osm,naiguata,bdpm,frac50,3.0,0,0,0,35,35,nan,nan,nan,nan
osm,naiguata,bdpm,frac50,3.1,0,0,0,35,35,nan,nan,nan,nan
osm,naiguata,bdpm,frac50,3.2,0,0,0,35,35,nan,nan,nan,nan
osm,naiguata,bdpm,frac50,3.3,0,0,0,35,35,nan,nan,nan,nan
osm,naiguata,bdpm,frac50,3.4,0,0,0,35,35,nan,nan,nan,nan
osm,naiguata,bdpm,frac50,3.5,0,0,0,35,35,nan,nan,nan,nan
osm,naiguata,bdpm,frac50,3.6,0,0,0,35,35,nan,nan,nan,nan
osm,naiguata,bdpm,frac50,3.7,0,0,0,35,35,nan,nan,nan,nan
osm,naiguata,bdpm,frac50,3.8,0,0,0,35,35,nan,nan,nan,nan
osm,naiguata,bdpm,frac50,3.9,0,0,0,35,35,nan,nan,nan,nan
osm,naiguata,bdpm,frac50,4.0,0,0,0,35,35,nan,nan,nan,nan
osm,naiguata,bdpm,frac50,4.1,0,0,0,35,35,nan,nan,nan,nan
osm,naiguata,bdpm,frac50,4.2,0,0,0,35,35,nan,nan,nan,nan
osm,naiguata,bdpm,frac50,4.3,0,0,0,35,35,nan,nan,nan,nan
osm,naiguata,bdpm,frac50,4.4,0,0,0,35,35,nan,nan,nan,nan
osm,naiguata,bdpm,frac50,4.5,0,0,0,35,35,nan,nan,nan,nan
osm,naiguata,bdpm,frac50,4.6,0,0,0,35,35,nan,nan,nan,nan
osm,naiguata,bdpm,frac50,4.7,0,0,0,35,35,nan,nan,nan,nan
osm,naiguata,bdpm,frac50,4.8,0,0,0,35,35,nan,nan,nan,nan
osm,naiguata,bdpm,frac50,4.9,0,0,0,35,35,nan,nan,nan,nan
osm,naiguata,bdpm,frac50,5.0,0,0,0,35,35,nan,nan,nan,nan
osm,naiguata,bdpm,frac50,5.1,0,0,0,35,35,nan,nan,nan,nan
osm,naiguata,bdpm,frac50,5.2,0,0,0,35,35,nan,nan,nan,nan
osm,naiguata,bdpm,frac50,5.3,0,0,0,35,35,nan,nan,nan,nan
osm,naiguata,bdpm,frac50,5.4,0,0,0,35,35,nan,nan,nan,nan
osm,naiguata,bdpm,frac50,5.5,0,0,0,35,35,nan,nan,nan,nan
osm,naiguata,bdpm,frac50,5.6,0,0,0,35,35,nan,nan,nan,nan
osm,naiguata,bdpm,frac50,5.7,0,0,0,35,35,nan,nan,nan,nan
osm,naiguata,bdpm,frac50,5.8,0,0,0,35,35,nan,nan,nan,nan
osm,naiguata,bdpm,frac50,5.9,0,0,0,35,35,nan,nan,nan,nan
osm,naiguata,bdpm,frac50,6.0,0,0,0,35,35,nan,nan,nan,nan
osm,moron,bdpm,mean,0.0,0,15680,0,1946,17626,0.0,nan,nan,-6.240048160728001e-17
osm,moron,bdpm,mean,0.1,0,12193,0,5433,17626,0.0,nan,nan,0.0
osm,moron,bdpm,mean,0.2,0,8854,0,8772,17626,0.0,nan,nan,-1.105081942175458e-16
osm,moron,bdpm,mean,0.3,0,6239,0,11387,17626,0.0,nan,nan,0.0
osm,moron,bdpm,mean,0.4,0,3867,0,13759,17626,0.0,nan,nan,0.0
osm,moron,bdpm,mean,0.5,0,2122,0,15504,17626,0.0,nan,nan,0.0
osm,moron,bdpm,mean,0.6,0,1043,0,16583,17626,0.0,nan,nan,0.0
osm,moron,bdpm,mean,0.7,0,369,0,17257,17626,0.0,nan,nan,0.0
osm,moron,bdpm,mean,0.8,0,26,0,17600,17626,0.0,nan,nan,0.0
osm,moron,bdpm,mean,0.9,0,0,0,17626,17626,nan,nan,nan,nan
osm,moron,bdpm,mean,1.0,0,0,0,17626,17626,nan,nan,nan,nan
osm,moron,bdpm,mean,1.1,0,0,0,17626,17626,nan,nan,nan,nan
osm,moron,bdpm,mean,1.2,0,0,0,17626,17626,nan,nan,nan,nan
osm,moron,bdpm,mean,1.3,0,0,0,17626,17626,nan,nan,nan,nan
osm,moron,bdpm,mean,1.4,0,0,0,17626,17626,nan,nan,nan,nan
osm,moron,bdpm,mean,1.5,0,0,0,17626,17626,nan,nan,nan,nan
osm,moron,bdpm,mean,1.6,0,0,0,17626,17626,nan,nan,nan,nan
osm,moron,bdpm,mean,1.7,0,0,0,17626,17626,nan,nan,nan,nan
osm,moron,bdpm,mean,1.8,0,0,0,17626,17626,nan,nan,nan,nan
osm,moron,bdpm,mean,1.9,0,0,0,17626,17626,nan,nan,nan,nan
osm,moron,bdpm,mean,2.0,0,0,0,17626,17626,nan,nan,nan,nan
osm,moron,bdpm,mean,2.1,0,0,0,17626,17626,nan,nan,nan,nan
osm,moron,bdpm,mean,2.2,0,0,0,17626,17626,nan,nan,nan,nan
osm,moron,bdpm,mean,2.3,0,0,0,17626,17626,nan,nan,nan,nan
osm,moron,bdpm,mean,2.4,0,0,0,17626,17626,nan,nan,nan,nan
osm,moron,bdpm,mean,2.5,0,0,0,17626,17626,nan,nan,nan,nan
osm,moron,bdpm,mean,2.6,0,0,0,17626,17626,nan,nan,nan,nan
osm,moron,bdpm,mean,2.7,0,0,0,17626,17626,nan,nan,nan,nan
osm,moron,bdpm,mean,2.8,0,0,0,17626,17626,nan,nan,nan,nan
osm,moron,bdpm,mean,2.9,0,0,0,17626,17626,nan,nan,nan,nan
osm,moron,bdpm,mean,3.0,0,0,0,17626,17626,nan,nan,nan,nan
osm,moron,bdpm,mean,3.1,0,0,0,17626,17626,nan,nan,nan,nan
osm,moron,bdpm,mean,3.2,0,0,0,17626,17626,nan,nan,nan,nan
osm,moron,bdpm,mean,3.3,0,0,0,17626,17626,nan,nan,nan,nan
osm,moron,bdpm,mean,3.4,0,0,0,17626,17626,nan,nan,nan,nan
osm,moron,bdpm,mean,3.5,0,0,0,17626,17626,nan,nan,nan,nan
osm,moron,bdpm,mean,3.6,0,0,0,17626,17626,nan,nan,nan,nan
osm,moron,bdpm,mean,3.7,0,0,0,17626,17626,nan,nan,nan,nan
osm,moron,bdpm,mean,3.8,0,0,0,17626,17626,nan,nan,nan,nan
osm,moron,bdpm,mean,3.9,0,0,0,17626,17626,nan,nan,nan,nan
osm,moron,bdpm,mean,4.0,0,0,0,17626,17626,nan,nan,nan,nan
osm,moron,bdpm,mean,4.1,0,0,0,17626,17626,nan,nan,nan,nan
osm,moron,bdpm,mean,4.2,0,0,0,17626,17626,nan,nan,nan,nan
osm,moron,bdpm,mean,4.3,0,0,0,17626,17626,nan,nan,nan,nan
osm,moron,bdpm,mean,4.4,0,0,0,17626,17626,nan,nan,nan,nan
osm,moron,bdpm,mean,4.5,0,0,0,17626,17626,nan,nan,nan,nan
osm,moron,bdpm,mean,4.6,0,0,0,17626,17626,nan,nan,nan,nan
osm,moron,bdpm,mean,4.7,0,0,0,17626,17626,nan,nan,nan,nan
osm,moron,bdpm,mean,4.8,0,0,0,17626,17626,nan,nan,nan,nan
osm,moron,bdpm,mean,4.9,0,0,0,17626,17626,nan,nan,nan,nan
osm,moron,bdpm,mean,5.0,0,0,0,17626,17626,nan,nan,nan,nan
osm,moron,bdpm,mean,5.1,0,0,0,17626,17626,nan,nan,nan,nan
osm,moron,bdpm,mean,5.2,0,0,0,17626,17626,nan,nan,nan,nan
osm,moron,bdpm,mean,5.3,0,0,0,17626,17626,nan,nan,nan,nan
osm,moron,bdpm,mean,5.4,0,0,0,17626,17626,nan,nan,nan,nan
osm,moron,bdpm,mean,5.5,0,0,0,17626,17626,nan,nan,nan,nan
osm,moron,bdpm,mean,5.6,0,0,0,17626,17626,nan,nan,nan,nan
osm,moron,bdpm,mean,5.7,0,0,0,17626,17626,nan,nan,nan,nan
osm,moron,bdpm,mean,5.8,0,0,0,17626,17626,nan,nan,nan,nan
osm,moron,bdpm,mean,5.9,0,0,0,17626,17626,nan,nan,nan,nan
osm,moron,bdpm,mean,6.0,0,0,0,17626,17626,nan,nan,nan,nan
osm,moron,bdpm,max,0.0,0,15927,0,1699,17626,0.0,nan,nan,4.6074569203341044e-17
osm,moron,bdpm,max,0.1,0,12654,0,4972,17626,0.0,nan,nan,0.0
osm,moron,bdpm,max,0.2,0,9439,0,8187,17626,0.0,nan,nan,0.0
osm,moron,bdpm,max,0.3,0,6861,0,10765,17626,0.0,nan,nan,0.0
osm,moron,bdpm,max,0.4,0,4433,0,13193,17626,0.0,nan,nan,0.0
osm,moron,bdpm,max,0.5,0,2527,0,15099,17626,0.0,nan,nan,0.0
osm,moron,bdpm,max,0.6,0,1336,0,16290,17626,0.0,nan,nan,0.0
osm,moron,bdpm,max,0.7,0,543,0,17083,17626,0.0,nan,nan,0.0
osm,moron,bdpm,max,0.8,0,48,0,17578,17626,0.0,nan,nan,0.0
osm,moron,bdpm,max,0.9,0,0,0,17626,17626,nan,nan,nan,nan
osm,moron,bdpm,max,1.0,0,0,0,17626,17626,nan,nan,nan,nan
osm,moron,bdpm,max,1.1,0,0,0,17626,17626,nan,nan,nan,nan
osm,moron,bdpm,max,1.2,0,0,0,17626,17626,nan,nan,nan,nan
osm,moron,bdpm,max,1.3,0,0,0,17626,17626,nan,nan,nan,nan
osm,moron,bdpm,max,1.4,0,0,0,17626,17626,nan,nan,nan,nan
osm,moron,bdpm,max,1.5,0,0,0,17626,17626,nan,nan,nan,nan
osm,moron,bdpm,max,1.6,0,0,0,17626,17626,nan,nan,nan,nan
osm,moron,bdpm,max,1.7,0,0,0,17626,17626,nan,nan,nan,nan
osm,moron,bdpm,max,1.8,0,0,0,17626,17626,nan,nan,nan,nan
osm,moron,bdpm,max,1.9,0,0,0,17626,17626,nan,nan,nan,nan
osm,moron,bdpm,max,2.0,0,0,0,17626,17626,nan,nan,nan,nan
osm,moron,bdpm,max,2.1,0,0,0,17626,17626,nan,nan,nan,nan
osm,moron,bdpm,max,2.2,0,0,0,17626,17626,nan,nan,nan,nan
osm,moron,bdpm,max,2.3,0,0,0,17626,17626,nan,nan,nan,nan
osm,moron,bdpm,max,2.4,0,0,0,17626,17626,nan,nan,nan,nan
osm,moron,bdpm,max,2.5,0,0,0,17626,17626,nan,nan,nan,nan
osm,moron,bdpm,max,2.6,0,0,0,17626,17626,nan,nan,nan,nan
osm,moron,bdpm,max,2.7,0,0,0,17626,17626,nan,nan,nan,nan
osm,moron,bdpm,max,2.8,0,0,0,17626,17626,nan,nan,nan,nan
osm,moron,bdpm,max,2.9,0,0,0,17626,17626,nan,nan,nan,nan
osm,moron,bdpm,max,3.0,0,0,0,17626,17626,nan,nan,nan,nan
osm,moron,bdpm,max,3.1,0,0,0,17626,17626,nan,nan,nan,nan
osm,moron,bdpm,max,3.2,0,0,0,17626,17626,nan,nan,nan,nan
osm,moron,bdpm,max,3.3,0,0,0,17626,17626,nan,nan,nan,nan
osm,moron,bdpm,max,3.4,0,0,0,17626,17626,nan,nan,nan,nan
osm,moron,bdpm,max,3.5,0,0,0,17626,17626,nan,nan,nan,nan
osm,moron,bdpm,max,3.6,0,0,0,17626,17626,nan,nan,nan,nan
osm,moron,bdpm,max,3.7,0,0,0,17626,17626,nan,nan,nan,nan
osm,moron,bdpm,max,3.8,0,0,0,17626,17626,nan,nan,nan,nan
osm,moron,bdpm,max,3.9,0,0,0,17626,17626,nan,nan,nan,nan
osm,moron,bdpm,max,4.0,0,0,0,17626,17626,nan,nan,nan,nan
osm,moron,bdpm,max,4.1,0,0,0,17626,17626,nan,nan,nan,nan
osm,moron,bdpm,max,4.2,0,0,0,17626,17626,nan,nan,nan,nan
osm,moron,bdpm,max,4.3,0,0,0,17626,17626,nan,nan,nan,nan
osm,moron,bdpm,max,4.4,0,0,0,17626,17626,nan,nan,nan,nan
osm,moron,bdpm,max,4.5,0,0,0,17626,17626,nan,nan,nan,nan
osm,moron,bdpm,max,4.6,0,0,0,17626,17626,nan,nan,nan,nan
osm,moron,bdpm,max,4.7,0,0,0,17626,17626,nan,nan,nan,nan
osm,moron,bdpm,max,4.8,0,0,0,17626,17626,nan,nan,nan,nan
osm,moron,bdpm,max,4.9,0,0,0,17626,17626,nan,nan,nan,nan
osm,moron,bdpm,max,5.0,0,0,0,17626,17626,nan,nan,nan,nan
osm,moron,bdpm,max,5.1,0,0,0,17626,17626,nan,nan,nan,nan
osm,moron,bdpm,max,5.2,0,0,0,17626,17626,nan,nan,nan,nan
osm,moron,bdpm,max,5.3,0,0,0,17626,17626,nan,nan,nan,nan
osm,moron,bdpm,max,5.4,0,0,0,17626,17626,nan,nan,nan,nan
osm,moron,bdpm,max,5.5,0,0,0,17626,17626,nan,nan,nan,nan
osm,moron,bdpm,max,5.6,0,0,0,17626,17626,nan,nan,nan,nan
osm,moron,bdpm,max,5.7,0,0,0,17626,17626,nan,nan,nan,nan
osm,moron,bdpm,max,5.8,0,0,0,17626,17626,nan,nan,nan,nan
osm,moron,bdpm,max,5.9,0,0,0,17626,17626,nan,nan,nan,nan
osm,moron,bdpm,max,6.0,0,0,0,17626,17626,nan,nan,nan,nan
osm,moron,bdpm,p75,0.0,0,15801,0,1825,17626,0.0,nan,nan,-4.6441976058579386e-17
osm,moron,bdpm,p75,0.1,0,12434,0,5192,17626,0.0,nan,nan,0.0
osm,moron,bdpm,p75,0.2,0,9163,0,8463,17626,0.0,nan,nan,0.0
osm,moron,bdpm,p75,0.3,0,6537,0,11089,17626,0.0,nan,nan,0.0
osm,moron,bdpm,p75,0.4,0,4177,0,13449,17626,0.0,nan,nan,0.0
osm,moron,bdpm,p75,0.5,0,2318,0,15308,17626,0.0,nan,nan,-8.442101394323994e-16
osm,moron,bdpm,p75,0.6,0,1177,0,16449,17626,0.0,nan,nan,0.0
osm,moron,bdpm,p75,0.7,0,431,0,17195,17626,0.0,nan,nan,0.0
osm,moron,bdpm,p75,0.8,0,33,0,17593,17626,0.0,nan,nan,0.0
osm,moron,bdpm,p75,0.9,0,0,0,17626,17626,nan,nan,nan,nan
osm,moron,bdpm,p75,1.0,0,0,0,17626,17626,nan,nan,nan,nan
osm,moron,bdpm,p75,1.1,0,0,0,17626,17626,nan,nan,nan,nan
osm,moron,bdpm,p75,1.2,0,0,0,17626,17626,nan,nan,nan,nan
osm,moron,bdpm,p75,1.3,0,0,0,17626,17626,nan,nan,nan,nan
osm,moron,bdpm,p75,1.4,0,0,0,17626,17626,nan,nan,nan,nan
osm,moron,bdpm,p75,1.5,0,0,0,17626,17626,nan,nan,nan,nan
osm,moron,bdpm,p75,1.6,0,0,0,17626,17626,nan,nan,nan,nan
osm,moron,bdpm,p75,1.7,0,0,0,17626,17626,nan,nan,nan,nan
osm,moron,bdpm,p75,1.8,0,0,0,17626,17626,nan,nan,nan,nan
osm,moron,bdpm,p75,1.9,0,0,0,17626,17626,nan,nan,nan,nan
osm,moron,bdpm,p75,2.0,0,0,0,17626,17626,nan,nan,nan,nan
osm,moron,bdpm,p75,2.1,0,0,0,17626,17626,nan,nan,nan,nan
osm,moron,bdpm,p75,2.2,0,0,0,17626,17626,nan,nan,nan,nan
osm,moron,bdpm,p75,2.3,0,0,0,17626,17626,nan,nan,nan,nan
osm,moron,bdpm,p75,2.4,0,0,0,17626,17626,nan,nan,nan,nan
osm,moron,bdpm,p75,2.5,0,0,0,17626,17626,nan,nan,nan,nan
osm,moron,bdpm,p75,2.6,0,0,0,17626,17626,nan,nan,nan,nan
osm,moron,bdpm,p75,2.7,0,0,0,17626,17626,nan,nan,nan,nan
osm,moron,bdpm,p75,2.8,0,0,0,17626,17626,nan,nan,nan,nan
osm,moron,bdpm,p75,2.9,0,0,0,17626,17626,nan,nan,nan,nan
osm,moron,bdpm,p75,3.0,0,0,0,17626,17626,nan,nan,nan,nan
osm,moron,bdpm,p75,3.1,0,0,0,17626,17626,nan,nan,nan,nan
osm,moron,bdpm,p75,3.2,0,0,0,17626,17626,nan,nan,nan,nan
osm,moron,bdpm,p75,3.3,0,0,0,17626,17626,nan,nan,nan,nan
osm,moron,bdpm,p75,3.4,0,0,0,17626,17626,nan,nan,nan,nan
osm,moron,bdpm,p75,3.5,0,0,0,17626,17626,nan,nan,nan,nan
osm,moron,bdpm,p75,3.6,0,0,0,17626,17626,nan,nan,nan,nan
osm,moron,bdpm,p75,3.7,0,0,0,17626,17626,nan,nan,nan,nan
osm,moron,bdpm,p75,3.8,0,0,0,17626,17626,nan,nan,nan,nan
osm,moron,bdpm,p75,3.9,0,0,0,17626,17626,nan,nan,nan,nan
osm,moron,bdpm,p75,4.0,0,0,0,17626,17626,nan,nan,nan,nan
osm,moron,bdpm,p75,4.1,0,0,0,17626,17626,nan,nan,nan,nan
osm,moron,bdpm,p75,4.2,0,0,0,17626,17626,nan,nan,nan,nan
osm,moron,bdpm,p75,4.3,0,0,0,17626,17626,nan,nan,nan,nan
osm,moron,bdpm,p75,4.4,0,0,0,17626,17626,nan,nan,nan,nan
osm,moron,bdpm,p75,4.5,0,0,0,17626,17626,nan,nan,nan,nan
osm,moron,bdpm,p75,4.6,0,0,0,17626,17626,nan,nan,nan,nan
osm,moron,bdpm,p75,4.7,0,0,0,17626,17626,nan,nan,nan,nan
osm,moron,bdpm,p75,4.8,0,0,0,17626,17626,nan,nan,nan,nan
osm,moron,bdpm,p75,4.9,0,0,0,17626,17626,nan,nan,nan,nan
osm,moron,bdpm,p75,5.0,0,0,0,17626,17626,nan,nan,nan,nan
osm,moron,bdpm,p75,5.1,0,0,0,17626,17626,nan,nan,nan,nan
osm,moron,bdpm,p75,5.2,0,0,0,17626,17626,nan,nan,nan,nan
osm,moron,bdpm,p75,5.3,0,0,0,17626,17626,nan,nan,nan,nan
osm,moron,bdpm,p75,5.4,0,0,0,17626,17626,nan,nan,nan,nan
osm,moron,bdpm,p75,5.5,0,0,0,17626,17626,nan,nan,nan,nan
osm,moron,bdpm,p75,5.6,0,0,0,17626,17626,nan,nan,nan,nan
osm,moron,bdpm,p75,5.7,0,0,0,17626,17626,nan,nan,nan,nan
osm,moron,bdpm,p75,5.8,0,0,0,17626,17626,nan,nan,nan,nan
osm,moron,bdpm,p75,5.9,0,0,0,17626,17626,nan,nan,nan,nan
osm,moron,bdpm,p75,6.0,0,0,0,17626,17626,nan,nan,nan,nan
osm,moron,bdpm,p90,0.0,0,15876,0,1750,17626,0.0,nan,nan,-4.622257896835556e-17
osm,moron,bdpm,p90,0.1,0,12559,0,5067,17626,0.0,nan,nan,0.0
osm,moron,bdpm,p90,0.2,0,9316,0,8310,17626,0.0,nan,nan,1.0502786084179374e-16
osm,moron,bdpm,p90,0.3,0,6715,0,10911,17626,0.0,nan,nan,0.0
osm,moron,bdpm,p90,0.4,0,4324,0,13302,17626,0.0,nan,nan,0.0
osm,moron,bdpm,p90,0.5,0,2457,0,15169,17626,0.0,nan,nan,0.0
osm,moron,bdpm,p90,0.6,0,1261,0,16365,17626,0.0,nan,nan,0.0
osm,moron,bdpm,p90,0.7,0,488,0,17138,17626,0.0,nan,nan,0.0
osm,moron,bdpm,p90,0.8,0,36,0,17590,17626,0.0,nan,nan,0.0
osm,moron,bdpm,p90,0.9,0,0,0,17626,17626,nan,nan,nan,nan
osm,moron,bdpm,p90,1.0,0,0,0,17626,17626,nan,nan,nan,nan
osm,moron,bdpm,p90,1.1,0,0,0,17626,17626,nan,nan,nan,nan
osm,moron,bdpm,p90,1.2,0,0,0,17626,17626,nan,nan,nan,nan
osm,moron,bdpm,p90,1.3,0,0,0,17626,17626,nan,nan,nan,nan
osm,moron,bdpm,p90,1.4,0,0,0,17626,17626,nan,nan,nan,nan
osm,moron,bdpm,p90,1.5,0,0,0,17626,17626,nan,nan,nan,nan
osm,moron,bdpm,p90,1.6,0,0,0,17626,17626,nan,nan,nan,nan
osm,moron,bdpm,p90,1.7,0,0,0,17626,17626,nan,nan,nan,nan
osm,moron,bdpm,p90,1.8,0,0,0,17626,17626,nan,nan,nan,nan
osm,moron,bdpm,p90,1.9,0,0,0,17626,17626,nan,nan,nan,nan
osm,moron,bdpm,p90,2.0,0,0,0,17626,17626,nan,nan,nan,nan
osm,moron,bdpm,p90,2.1,0,0,0,17626,17626,nan,nan,nan,nan
osm,moron,bdpm,p90,2.2,0,0,0,17626,17626,nan,nan,nan,nan
osm,moron,bdpm,p90,2.3,0,0,0,17626,17626,nan,nan,nan,nan
osm,moron,bdpm,p90,2.4,0,0,0,17626,17626,nan,nan,nan,nan
osm,moron,bdpm,p90,2.5,0,0,0,17626,17626,nan,nan,nan,nan
osm,moron,bdpm,p90,2.6,0,0,0,17626,17626,nan,nan,nan,nan
osm,moron,bdpm,p90,2.7,0,0,0,17626,17626,nan,nan,nan,nan
osm,moron,bdpm,p90,2.8,0,0,0,17626,17626,nan,nan,nan,nan
osm,moron,bdpm,p90,2.9,0,0,0,17626,17626,nan,nan,nan,nan
osm,moron,bdpm,p90,3.0,0,0,0,17626,17626,nan,nan,nan,nan
osm,moron,bdpm,p90,3.1,0,0,0,17626,17626,nan,nan,nan,nan
osm,moron,bdpm,p90,3.2,0,0,0,17626,17626,nan,nan,nan,nan
osm,moron,bdpm,p90,3.3,0,0,0,17626,17626,nan,nan,nan,nan
osm,moron,bdpm,p90,3.4,0,0,0,17626,17626,nan,nan,nan,nan
osm,moron,bdpm,p90,3.5,0,0,0,17626,17626,nan,nan,nan,nan
osm,moron,bdpm,p90,3.6,0,0,0,17626,17626,nan,nan,nan,nan
osm,moron,bdpm,p90,3.7,0,0,0,17626,17626,nan,nan,nan,nan
osm,moron,bdpm,p90,3.8,0,0,0,17626,17626,nan,nan,nan,nan
osm,moron,bdpm,p90,3.9,0,0,0,17626,17626,nan,nan,nan,nan
osm,moron,bdpm,p90,4.0,0,0,0,17626,17626,nan,nan,nan,nan
osm,moron,bdpm,p90,4.1,0,0,0,17626,17626,nan,nan,nan,nan
osm,moron,bdpm,p90,4.2,0,0,0,17626,17626,nan,nan,nan,nan
osm,moron,bdpm,p90,4.3,0,0,0,17626,17626,nan,nan,nan,nan
osm,moron,bdpm,p90,4.4,0,0,0,17626,17626,nan,nan,nan,nan
osm,moron,bdpm,p90,4.5,0,0,0,17626,17626,nan,nan,nan,nan
osm,moron,bdpm,p90,4.6,0,0,0,17626,17626,nan,nan,nan,nan
osm,moron,bdpm,p90,4.7,0,0,0,17626,17626,nan,nan,nan,nan
osm,moron,bdpm,p90,4.8,0,0,0,17626,17626,nan,nan,nan,nan
osm,moron,bdpm,p90,4.9,0,0,0,17626,17626,nan,nan,nan,nan
osm,moron,bdpm,p90,5.0,0,0,0,17626,17626,nan,nan,nan,nan
osm,moron,bdpm,p90,5.1,0,0,0,17626,17626,nan,nan,nan,nan
osm,moron,bdpm,p90,5.2,0,0,0,17626,17626,nan,nan,nan,nan
osm,moron,bdpm,p90,5.3,0,0,0,17626,17626,nan,nan,nan,nan
osm,moron,bdpm,p90,5.4,0,0,0,17626,17626,nan,nan,nan,nan
osm,moron,bdpm,p90,5.5,0,0,0,17626,17626,nan,nan,nan,nan
osm,moron,bdpm,p90,5.6,0,0,0,17626,17626,nan,nan,nan,nan
osm,moron,bdpm,p90,5.7,0,0,0,17626,17626,nan,nan,nan,nan
osm,moron,bdpm,p90,5.8,0,0,0,17626,17626,nan,nan,nan,nan
osm,moron,bdpm,p90,5.9,0,0,0,17626,17626,nan,nan,nan,nan
osm,moron,bdpm,p90,6.0,0,0,0,17626,17626,nan,nan,nan,nan
osm,moron,bdpm,frac50,0.0,0,15875,0,1751,17626,0.0,nan,nan,0.0
osm,moron,bdpm,frac50,0.1,0,12566,0,5060,17626,0.0,nan,nan,0.0
osm,moron,bdpm,frac50,0.2,0,9313,0,8313,17626,0.0,nan,nan,0.0
osm,moron,bdpm,frac50,0.3,0,6724,0,10902,17626,0.0,nan,nan,2.9102901594353074e-16
osm,moron,bdpm,frac50,0.4,0,4313,0,13313,17626,0.0,nan,nan,0.0
osm,moron,bdpm,frac50,0.5,0,2439,0,15187,17626,0.0,nan,nan,0.0
osm,moron,bdpm,frac50,0.6,0,1259,0,16367,17626,0.0,nan,nan,0.0
osm,moron,bdpm,frac50,0.7,0,488,0,17138,17626,0.0,nan,nan,0.0
osm,moron,bdpm,frac50,0.8,0,43,0,17583,17626,0.0,nan,nan,0.0
osm,moron,bdpm,frac50,0.9,0,0,0,17626,17626,nan,nan,nan,nan
osm,moron,bdpm,frac50,1.0,0,0,0,17626,17626,nan,nan,nan,nan
osm,moron,bdpm,frac50,1.1,0,0,0,17626,17626,nan,nan,nan,nan
osm,moron,bdpm,frac50,1.2,0,0,0,17626,17626,nan,nan,nan,nan
osm,moron,bdpm,frac50,1.3,0,0,0,17626,17626,nan,nan,nan,nan
osm,moron,bdpm,frac50,1.4,0,0,0,17626,17626,nan,nan,nan,nan
osm,moron,bdpm,frac50,1.5,0,0,0,17626,17626,nan,nan,nan,nan
osm,moron,bdpm,frac50,1.6,0,0,0,17626,17626,nan,nan,nan,nan
osm,moron,bdpm,frac50,1.7,0,0,0,17626,17626,nan,nan,nan,nan
osm,moron,bdpm,frac50,1.8,0,0,0,17626,17626,nan,nan,nan,nan
osm,moron,bdpm,frac50,1.9,0,0,0,17626,17626,nan,nan,nan,nan
osm,moron,bdpm,frac50,2.0,0,0,0,17626,17626,nan,nan,nan,nan
osm,moron,bdpm,frac50,2.1,0,0,0,17626,17626,nan,nan,nan,nan
osm,moron,bdpm,frac50,2.2,0,0,0,17626,17626,nan,nan,nan,nan
osm,moron,bdpm,frac50,2.3,0,0,0,17626,17626,nan,nan,nan,nan
osm,moron,bdpm,frac50,2.4,0,0,0,17626,17626,nan,nan,nan,nan
osm,moron,bdpm,frac50,2.5,0,0,0,17626,17626,nan,nan,nan,nan
osm,moron,bdpm,frac50,2.6,0,0,0,17626,17626,nan,nan,nan,nan
osm,moron,bdpm,frac50,2.7,0,0,0,17626,17626,nan,nan,nan,nan
osm,moron,bdpm,frac50,2.8,0,0,0,17626,17626,nan,nan,nan,nan
osm,moron,bdpm,frac50,2.9,0,0,0,17626,17626,nan,nan,nan,nan
osm,moron,bdpm,frac50,3.0,0,0,0,17626,17626,nan,nan,nan,nan
osm,moron,bdpm,frac50,3.1,0,0,0,17626,17626,nan,nan,nan,nan
osm,moron,bdpm,frac50,3.2,0,0,0,17626,17626,nan,nan,nan,nan
osm,moron,bdpm,frac50,3.3,0,0,0,17626,17626,nan,nan,nan,nan
osm,moron,bdpm,frac50,3.4,0,0,0,17626,17626,nan,nan,nan,nan
osm,moron,bdpm,frac50,3.5,0,0,0,17626,17626,nan,nan,nan,nan
osm,moron,bdpm,frac50,3.6,0,0,0,17626,17626,nan,nan,nan,nan
osm,moron,bdpm,frac50,3.7,0,0,0,17626,17626,nan,nan,nan,nan
osm,moron,bdpm,frac50,3.8,0,0,0,17626,17626,nan,nan,nan,nan
osm,moron,bdpm,frac50,3.9,0,0,0,17626,17626,nan,nan,nan,nan
osm,moron,bdpm,frac50,4.0,0,0,0,17626,17626,nan,nan,nan,nan
osm,moron,bdpm,frac50,4.1,0,0,0,17626,17626,nan,nan,nan,nan
osm,moron,bdpm,frac50,4.2,0,0,0,17626,17626,nan,nan,nan,nan
osm,moron,bdpm,frac50,4.3,0,0,0,17626,17626,nan,nan,nan,nan
osm,moron,bdpm,frac50,4.4,0,0,0,17626,17626,nan,nan,nan,nan
osm,moron,bdpm,frac50,4.5,0,0,0,17626,17626,nan,nan,nan,nan
osm,moron,bdpm,frac50,4.6,0,0,0,17626,17626,nan,nan,nan,nan
osm,moron,bdpm,frac50,4.7,0,0,0,17626,17626,nan,nan,nan,nan
osm,moron,bdpm,frac50,4.8,0,0,0,17626,17626,nan,nan,nan,nan
osm,moron,bdpm,frac50,4.9,0,0,0,17626,17626,nan,nan,nan,nan
osm,moron,bdpm,frac50,5.0,0,0,0,17626,17626,nan,nan,nan,nan
osm,moron,bdpm,frac50,5.1,0,0,0,17626,17626,nan,nan,nan,nan
osm,moron,bdpm,frac50,5.2,0,0,0,17626,17626,nan,nan,nan,nan
osm,moron,bdpm,frac50,5.3,0,0,0,17626,17626,nan,nan,nan,nan
osm,moron,bdpm,frac50,5.4,0,0,0,17626,17626,nan,nan,nan,nan
osm,moron,bdpm,frac50,5.5,0,0,0,17626,17626,nan,nan,nan,nan
osm,moron,bdpm,frac50,5.6,0,0,0,17626,17626,nan,nan,nan,nan
osm,moron,bdpm,frac50,5.7,0,0,0,17626,17626,nan,nan,nan,nan
osm,moron,bdpm,frac50,5.8,0,0,0,17626,17626,nan,nan,nan,nan
osm,moron,bdpm,frac50,5.9,0,0,0,17626,17626,nan,nan,nan,nan
osm,moron,bdpm,frac50,6.0,0,0,0,17626,17626,nan,nan,nan,nan
osm,el_junquito,bdpm,mean,0.0,6,21727,0,3497,25230,0.00027607785395481523,1.0,0.0005520033120198721,7.654672569629309e-05
osm,el_junquito,bdpm,mean,0.1,6,10173,0,15051,25230,0.0005894488653109342,1.0,0.00117820324005891,0.0007031934330676883
osm,el_junquito,bdpm,mean,0.2,5,3432,1,21792,25230,0.0014547570555717194,0.8333333333333334,0.002904443799012489,0.002430802530395655
osm,el_junquito,bdpm,mean,0.3,3,1246,3,23978,25230,0.0024019215372297837,0.5,0.004780876494023904,0.004309566072650074
osm,el_junquito,bdpm,mean,0.4,2,456,4,24768,25230,0.004366812227074236,0.3333333333333333,0.008620689655172414,0.008155044292801414
osm,el_junquito,bdpm,mean,0.5,0,106,6,25118,25230,0.0,0.0,nan,-0.00045034710716560823
osm,el_junquito,bdpm,mean,0.6,0,9,6,25215,25230,0.0,0.0,nan,-0.00028545601588867017
osm,el_junquito,bdpm,mean,0.7,0,0,6,25224,25230,nan,0.0,nan,0.0
osm,el_junquito,bdpm,mean,0.8,0,0,6,25224,25230,nan,0.0,nan,0.0
osm,el_junquito,bdpm,mean,0.9,0,0,6,25224,25230,nan,0.0,nan,0.0
osm,el_junquito,bdpm,mean,1.0,0,0,6,25224,25230,nan,0.0,nan,0.0
osm,el_junquito,bdpm,mean,1.1,0,0,6,25224,25230,nan,0.0,nan,0.0
osm,el_junquito,bdpm,mean,1.2,0,0,6,25224,25230,nan,0.0,nan,0.0
osm,el_junquito,bdpm,mean,1.3,0,0,6,25224,25230,nan,0.0,nan,0.0
osm,el_junquito,bdpm,mean,1.4,0,0,6,25224,25230,nan,0.0,nan,0.0
osm,el_junquito,bdpm,mean,1.5,0,0,6,25224,25230,nan,0.0,nan,0.0
osm,el_junquito,bdpm,mean,1.6,0,0,6,25224,25230,nan,0.0,nan,0.0
osm,el_junquito,bdpm,mean,1.7,0,0,6,25224,25230,nan,0.0,nan,0.0
osm,el_junquito,bdpm,mean,1.8,0,0,6,25224,25230,nan,0.0,nan,0.0
osm,el_junquito,bdpm,mean,1.9,0,0,6,25224,25230,nan,0.0,nan,0.0
osm,el_junquito,bdpm,mean,2.0,0,0,6,25224,25230,nan,0.0,nan,0.0
osm,el_junquito,bdpm,mean,2.1,0,0,6,25224,25230,nan,0.0,nan,0.0
osm,el_junquito,bdpm,mean,2.2,0,0,6,25224,25230,nan,0.0,nan,0.0
osm,el_junquito,bdpm,mean,2.3,0,0,6,25224,25230,nan,0.0,nan,0.0
osm,el_junquito,bdpm,mean,2.4,0,0,6,25224,25230,nan,0.0,nan,0.0
osm,el_junquito,bdpm,mean,2.5,0,0,6,25224,25230,nan,0.0,nan,0.0
osm,el_junquito,bdpm,mean,2.6,0,0,6,25224,25230,nan,0.0,nan,0.0
osm,el_junquito,bdpm,mean,2.7,0,0,6,25224,25230,nan,0.0,nan,0.0
osm,el_junquito,bdpm,mean,2.8,0,0,6,25224,25230,nan,0.0,nan,0.0
osm,el_junquito,bdpm,mean,2.9,0,0,6,25224,25230,nan,0.0,nan,0.0
osm,el_junquito,bdpm,mean,3.0,0,0,6,25224,25230,nan,0.0,nan,0.0
osm,el_junquito,bdpm,mean,3.1,0,0,6,25224,25230,nan,0.0,nan,0.0
osm,el_junquito,bdpm,mean,3.2,0,0,6,25224,25230,nan,0.0,nan,0.0
osm,el_junquito,bdpm,mean,3.3,0,0,6,25224,25230,nan,0.0,nan,0.0
osm,el_junquito,bdpm,mean,3.4,0,0,6,25224,25230,nan,0.0,nan,0.0
osm,el_junquito,bdpm,mean,3.5,0,0,6,25224,25230,nan,0.0,nan,0.0
osm,el_junquito,bdpm,mean,3.6,0,0,6,25224,25230,nan,0.0,nan,0.0
osm,el_junquito,bdpm,mean,3.7,0,0,6,25224,25230,nan,0.0,nan,0.0
osm,el_junquito,bdpm,mean,3.8,0,0,6,25224,25230,nan,0.0,nan,0.0
osm,el_junquito,bdpm,mean,3.9,0,0,6,25224,25230,nan,0.0,nan,0.0
osm,el_junquito,bdpm,mean,4.0,0,0,6,25224,25230,nan,0.0,nan,0.0
osm,el_junquito,bdpm,mean,4.1,0,0,6,25224,25230,nan,0.0,nan,0.0
osm,el_junquito,bdpm,mean,4.2,0,0,6,25224,25230,nan,0.0,nan,0.0
osm,el_junquito,bdpm,mean,4.3,0,0,6,25224,25230,nan,0.0,nan,0.0
osm,el_junquito,bdpm,mean,4.4,0,0,6,25224,25230,nan,0.0,nan,0.0
osm,el_junquito,bdpm,mean,4.5,0,0,6,25224,25230,nan,0.0,nan,0.0
osm,el_junquito,bdpm,mean,4.6,0,0,6,25224,25230,nan,0.0,nan,0.0
osm,el_junquito,bdpm,mean,4.7,0,0,6,25224,25230,nan,0.0,nan,0.0
osm,el_junquito,bdpm,mean,4.8,0,0,6,25224,25230,nan,0.0,nan,0.0
osm,el_junquito,bdpm,mean,4.9,0,0,6,25224,25230,nan,0.0,nan,0.0
osm,el_junquito,bdpm,mean,5.0,0,0,6,25224,25230,nan,0.0,nan,0.0
osm,el_junquito,bdpm,mean,5.1,0,0,6,25224,25230,nan,0.0,nan,0.0
osm,el_junquito,bdpm,mean,5.2,0,0,6,25224,25230,nan,0.0,nan,0.0
osm,el_junquito,bdpm,mean,5.3,0,0,6,25224,25230,nan,0.0,nan,0.0
osm,el_junquito,bdpm,mean,5.4,0,0,6,25224,25230,nan,0.0,nan,0.0
osm,el_junquito,bdpm,mean,5.5,0,0,6,25224,25230,nan,0.0,nan,0.0
osm,el_junquito,bdpm,mean,5.6,0,0,6,25224,25230,nan,0.0,nan,0.0
osm,el_junquito,bdpm,mean,5.7,0,0,6,25224,25230,nan,0.0,nan,0.0
osm,el_junquito,bdpm,mean,5.8,0,0,6,25224,25230,nan,0.0,nan,0.0
osm,el_junquito,bdpm,mean,5.9,0,0,6,25224,25230,nan,0.0,nan,0.0
osm,el_junquito,bdpm,mean,6.0,0,0,6,25224,25230,nan,0.0,nan,0.0
osm,el_junquito,bdpm,max,0.0,6,22316,0,2908,25230,0.00026879311889615624,1.0,0.0005374417771408098,6.197479927344411e-05
osm,el_junquito,bdpm,max,0.1,6,11704,0,13520,25230,0.0005123825789923143,1.0,0.0010242403550699897,0.0005491207163915346
osm,el_junquito,bdpm,max,0.2,5,4199,1,21025,25230,0.0011893434823977164,0.8333333333333334,0.002375296912114014,0.0019012534980929125
osm,el_junquito,bdpm,max,0.3,3,1580,3,23644,25230,0.0018951358180669614,0.5,0.0037759597230962866,0.003303696789393684
osm,el_junquito,bdpm,max,0.4,3,617,3,24607,25230,0.004838709677419355,0.5,0.009584664536741214,0.009117894104722716
osm,el_junquito,bdpm,max,0.5,1,170,5,25054,25230,0.005847953216374269,0.16666666666666666,0.011299435028248588,0.01084491688207623
osm,el_junquito,bdpm,max,0.6,0,17,6,25207,25230,0.0,0.0,nan,-0.00035167199337080517
osm,el_junquito,bdpm,max,0.7,0,0,6,25224,25230,nan,0.0,nan,0.0
osm,el_junquito,bdpm,max,0.8,0,0,6,25224,25230,nan,0.0,nan,0.0
osm,el_junquito,bdpm,max,0.9,0,0,6,25224,25230,nan,0.0,nan,0.0
osm,el_junquito,bdpm,max,1.0,0,0,6,25224,25230,nan,0.0,nan,0.0
osm,el_junquito,bdpm,max,1.1,0,0,6,25224,25230,nan,0.0,nan,0.0
osm,el_junquito,bdpm,max,1.2,0,0,6,25224,25230,nan,0.0,nan,0.0
osm,el_junquito,bdpm,max,1.3,0,0,6,25224,25230,nan,0.0,nan,0.0
osm,el_junquito,bdpm,max,1.4,0,0,6,25224,25230,nan,0.0,nan,0.0
osm,el_junquito,bdpm,max,1.5,0,0,6,25224,25230,nan,0.0,nan,0.0
osm,el_junquito,bdpm,max,1.6,0,0,6,25224,25230,nan,0.0,nan,0.0
osm,el_junquito,bdpm,max,1.7,0,0,6,25224,25230,nan,0.0,nan,0.0
osm,el_junquito,bdpm,max,1.8,0,0,6,25224,25230,nan,0.0,nan,0.0
osm,el_junquito,bdpm,max,1.9,0,0,6,25224,25230,nan,0.0,nan,0.0
osm,el_junquito,bdpm,max,2.0,0,0,6,25224,25230,nan,0.0,nan,0.0
osm,el_junquito,bdpm,max,2.1,0,0,6,25224,25230,nan,0.0,nan,0.0
osm,el_junquito,bdpm,max,2.2,0,0,6,25224,25230,nan,0.0,nan,0.0
osm,el_junquito,bdpm,max,2.3,0,0,6,25224,25230,nan,0.0,nan,0.0
osm,el_junquito,bdpm,max,2.4,0,0,6,25224,25230,nan,0.0,nan,0.0
osm,el_junquito,bdpm,max,2.5,0,0,6,25224,25230,nan,0.0,nan,0.0
osm,el_junquito,bdpm,max,2.6,0,0,6,25224,25230,nan,0.0,nan,0.0
osm,el_junquito,bdpm,max,2.7,0,0,6,25224,25230,nan,0.0,nan,0.0
osm,el_junquito,bdpm,max,2.8,0,0,6,25224,25230,nan,0.0,nan,0.0
osm,el_junquito,bdpm,max,2.9,0,0,6,25224,25230,nan,0.0,nan,0.0
osm,el_junquito,bdpm,max,3.0,0,0,6,25224,25230,nan,0.0,nan,0.0
osm,el_junquito,bdpm,max,3.1,0,0,6,25224,25230,nan,0.0,nan,0.0
osm,el_junquito,bdpm,max,3.2,0,0,6,25224,25230,nan,0.0,nan,0.0
osm,el_junquito,bdpm,max,3.3,0,0,6,25224,25230,nan,0.0,nan,0.0
osm,el_junquito,bdpm,max,3.4,0,0,6,25224,25230,nan,0.0,nan,0.0
osm,el_junquito,bdpm,max,3.5,0,0,6,25224,25230,nan,0.0,nan,0.0
osm,el_junquito,bdpm,max,3.6,0,0,6,25224,25230,nan,0.0,nan,0.0
osm,el_junquito,bdpm,max,3.7,0,0,6,25224,25230,nan,0.0,nan,0.0
osm,el_junquito,bdpm,max,3.8,0,0,6,25224,25230,nan,0.0,nan,0.0
osm,el_junquito,bdpm,max,3.9,0,0,6,25224,25230,nan,0.0,nan,0.0
osm,el_junquito,bdpm,max,4.0,0,0,6,25224,25230,nan,0.0,nan,0.0
osm,el_junquito,bdpm,max,4.1,0,0,6,25224,25230,nan,0.0,nan,0.0
osm,el_junquito,bdpm,max,4.2,0,0,6,25224,25230,nan,0.0,nan,0.0
osm,el_junquito,bdpm,max,4.3,0,0,6,25224,25230,nan,0.0,nan,0.0
osm,el_junquito,bdpm,max,4.4,0,0,6,25224,25230,nan,0.0,nan,0.0
osm,el_junquito,bdpm,max,4.5,0,0,6,25224,25230,nan,0.0,nan,0.0
osm,el_junquito,bdpm,max,4.6,0,0,6,25224,25230,nan,0.0,nan,0.0
osm,el_junquito,bdpm,max,4.7,0,0,6,25224,25230,nan,0.0,nan,0.0
osm,el_junquito,bdpm,max,4.8,0,0,6,25224,25230,nan,0.0,nan,0.0
osm,el_junquito,bdpm,max,4.9,0,0,6,25224,25230,nan,0.0,nan,0.0
osm,el_junquito,bdpm,max,5.0,0,0,6,25224,25230,nan,0.0,nan,0.0
osm,el_junquito,bdpm,max,5.1,0,0,6,25224,25230,nan,0.0,nan,0.0
osm,el_junquito,bdpm,max,5.2,0,0,6,25224,25230,nan,0.0,nan,0.0
osm,el_junquito,bdpm,max,5.3,0,0,6,25224,25230,nan,0.0,nan,0.0
osm,el_junquito,bdpm,max,5.4,0,0,6,25224,25230,nan,0.0,nan,0.0
osm,el_junquito,bdpm,max,5.5,0,0,6,25224,25230,nan,0.0,nan,0.0
osm,el_junquito,bdpm,max,5.6,0,0,6,25224,25230,nan,0.0,nan,0.0
osm,el_junquito,bdpm,max,5.7,0,0,6,25224,25230,nan,0.0,nan,0.0
osm,el_junquito,bdpm,max,5.8,0,0,6,25224,25230,nan,0.0,nan,0.0
osm,el_junquito,bdpm,max,5.9,0,0,6,25224,25230,nan,0.0,nan,0.0
osm,el_junquito,bdpm,max,6.0,0,0,6,25224,25230,nan,0.0,nan,0.0
osm,el_junquito,bdpm,p75,0.0,6,22072,0,3152,25230,0.0002717637467161881,1.0,0.0005433798224959246,6.791708220630294e-05
osm,el_junquito,bdpm,p75,0.1,6,10918,0,14306,25230,0.0005492493592090809,1.0,0.0010978956999085085,0.0006228286057614339
osm,el_junquito,bdpm,p75,0.2,5,3825,1,21399,25230,0.0013054830287206266,0.8333333333333334,0.002606882168925965,0.0021330147766626287
osm,el_junquito,bdpm,p75,0.3,3,1379,3,23845,25230,0.002170767004341534,0.5,0.004322766570605188,0.003851022048157007
osm,el_junquito,bdpm,p75,0.4,3,527,3,24697,25230,0.005660377358490566,0.5,0.011194029850746268,0.010728775490276376
osm,el_junquito,bdpm,p75,0.5,0,138,6,25086,25230,0.0,0.0,nan,-0.0004560144338361927
osm,el_junquito,bdpm,p75,0.6,0,10,6,25214,25230,0.0,0.0,nan,-0.0002973535532351477
osm,el_junquito,bdpm,p75,0.7,0,0,6,25224,25230,nan,0.0,nan,0.0
osm,el_junquito,bdpm,p75,0.8,0,0,6,25224,25230,nan,0.0,nan,0.0
osm,el_junquito,bdpm,p75,0.9,0,0,6,25224,25230,nan,0.0,nan,0.0
osm,el_junquito,bdpm,p75,1.0,0,0,6,25224,25230,nan,0.0,nan,0.0
osm,el_junquito,bdpm,p75,1.1,0,0,6,25224,25230,nan,0.0,nan,0.0
osm,el_junquito,bdpm,p75,1.2,0,0,6,25224,25230,nan,0.0,nan,0.0
osm,el_junquito,bdpm,p75,1.3,0,0,6,25224,25230,nan,0.0,nan,0.0
osm,el_junquito,bdpm,p75,1.4,0,0,6,25224,25230,nan,0.0,nan,0.0
osm,el_junquito,bdpm,p75,1.5,0,0,6,25224,25230,nan,0.0,nan,0.0
osm,el_junquito,bdpm,p75,1.6,0,0,6,25224,25230,nan,0.0,nan,0.0
osm,el_junquito,bdpm,p75,1.7,0,0,6,25224,25230,nan,0.0,nan,0.0
osm,el_junquito,bdpm,p75,1.8,0,0,6,25224,25230,nan,0.0,nan,0.0
osm,el_junquito,bdpm,p75,1.9,0,0,6,25224,25230,nan,0.0,nan,0.0
osm,el_junquito,bdpm,p75,2.0,0,0,6,25224,25230,nan,0.0,nan,0.0
osm,el_junquito,bdpm,p75,2.1,0,0,6,25224,25230,nan,0.0,nan,0.0
osm,el_junquito,bdpm,p75,2.2,0,0,6,25224,25230,nan,0.0,nan,0.0
osm,el_junquito,bdpm,p75,2.3,0,0,6,25224,25230,nan,0.0,nan,0.0
osm,el_junquito,bdpm,p75,2.4,0,0,6,25224,25230,nan,0.0,nan,0.0
osm,el_junquito,bdpm,p75,2.5,0,0,6,25224,25230,nan,0.0,nan,0.0
osm,el_junquito,bdpm,p75,2.6,0,0,6,25224,25230,nan,0.0,nan,0.0
osm,el_junquito,bdpm,p75,2.7,0,0,6,25224,25230,nan,0.0,nan,0.0
osm,el_junquito,bdpm,p75,2.8,0,0,6,25224,25230,nan,0.0,nan,0.0
osm,el_junquito,bdpm,p75,2.9,0,0,6,25224,25230,nan,0.0,nan,0.0
osm,el_junquito,bdpm,p75,3.0,0,0,6,25224,25230,nan,0.0,nan,0.0
osm,el_junquito,bdpm,p75,3.1,0,0,6,25224,25230,nan,0.0,nan,0.0
osm,el_junquito,bdpm,p75,3.2,0,0,6,25224,25230,nan,0.0,nan,0.0
osm,el_junquito,bdpm,p75,3.3,0,0,6,25224,25230,nan,0.0,nan,0.0
osm,el_junquito,bdpm,p75,3.4,0,0,6,25224,25230,nan,0.0,nan,0.0
osm,el_junquito,bdpm,p75,3.5,0,0,6,25224,25230,nan,0.0,nan,0.0
osm,el_junquito,bdpm,p75,3.6,0,0,6,25224,25230,nan,0.0,nan,0.0
osm,el_junquito,bdpm,p75,3.7,0,0,6,25224,25230,nan,0.0,nan,0.0
osm,el_junquito,bdpm,p75,3.8,0,0,6,25224,25230,nan,0.0,nan,0.0
osm,el_junquito,bdpm,p75,3.9,0,0,6,25224,25230,nan,0.0,nan,0.0
osm,el_junquito,bdpm,p75,4.0,0,0,6,25224,25230,nan,0.0,nan,0.0
osm,el_junquito,bdpm,p75,4.1,0,0,6,25224,25230,nan,0.0,nan,0.0
osm,el_junquito,bdpm,p75,4.2,0,0,6,25224,25230,nan,0.0,nan,0.0
osm,el_junquito,bdpm,p75,4.3,0,0,6,25224,25230,nan,0.0,nan,0.0
osm,el_junquito,bdpm,p75,4.4,0,0,6,25224,25230,nan,0.0,nan,0.0
osm,el_junquito,bdpm,p75,4.5,0,0,6,25224,25230,nan,0.0,nan,0.0
osm,el_junquito,bdpm,p75,4.6,0,0,6,25224,25230,nan,0.0,nan,0.0
osm,el_junquito,bdpm,p75,4.7,0,0,6,25224,25230,nan,0.0,nan,0.0
osm,el_junquito,bdpm,p75,4.8,0,0,6,25224,25230,nan,0.0,nan,0.0
osm,el_junquito,bdpm,p75,4.9,0,0,6,25224,25230,nan,0.0,nan,0.0
osm,el_junquito,bdpm,p75,5.0,0,0,6,25224,25230,nan,0.0,nan,0.0
osm,el_junquito,bdpm,p75,5.1,0,0,6,25224,25230,nan,0.0,nan,0.0
osm,el_junquito,bdpm,p75,5.2,0,0,6,25224,25230,nan,0.0,nan,0.0
osm,el_junquito,bdpm,p75,5.3,0,0,6,25224,25230,nan,0.0,nan,0.0
osm,el_junquito,bdpm,p75,5.4,0,0,6,25224,25230,nan,0.0,nan,0.0
osm,el_junquito,bdpm,p75,5.5,0,0,6,25224,25230,nan,0.0,nan,0.0
osm,el_junquito,bdpm,p75,5.6,0,0,6,25224,25230,nan,0.0,nan,0.0
osm,el_junquito,bdpm,p75,5.7,0,0,6,25224,25230,nan,0.0,nan,0.0
osm,el_junquito,bdpm,p75,5.8,0,0,6,25224,25230,nan,0.0,nan,0.0
osm,el_junquito,bdpm,p75,5.9,0,0,6,25224,25230,nan,0.0,nan,0.0
osm,el_junquito,bdpm,p75,6.0,0,0,6,25224,25230,nan,0.0,nan,0.0
osm,el_junquito,bdpm,p90,0.0,6,22230,0,2994,25230,0.0002698327037236913,1.0,0.0005395198273536553,6.405433245090179e-05
osm,el_junquito,bdpm,p90,0.1,6,11369,0,13855,25230,0.0005274725274725274,1.0,0.001054388893770319,0.0005792907628837295
osm,el_junquito,bdpm,p90,0.2,5,4065,1,21159,25230,0.0012285012285012285,0.8333333333333334,0.002453385672227674,0.001979401614809245
osm,el_junquito,bdpm,p90,0.3,3,1488,3,23736,25230,0.002012072434607646,0.5,0.004008016032064129,0.003535973138808973
osm,el_junquito,bdpm,p90,0.4,3,578,3,24646,25230,0.0051635111876075735,0.5,0.010221465076660987,0.00975529482529499
osm,el_junquito,bdpm,p90,0.5,0,162,6,25062,25230,0.0,0.0,nan,-0.0004588481212830264
osm,el_junquito,bdpm,p90,0.6,0,10,6,25214,25230,0.0,0.0,nan,-0.0002973535532351477
osm,el_junquito,bdpm,p90,0.7,0,0,6,25224,25230,nan,0.0,nan,0.0
osm,el_junquito,bdpm,p90,0.8,0,0,6,25224,25230,nan,0.0,nan,0.0
osm,el_junquito,bdpm,p90,0.9,0,0,6,25224,25230,nan,0.0,nan,0.0
osm,el_junquito,bdpm,p90,1.0,0,0,6,25224,25230,nan,0.0,nan,0.0
osm,el_junquito,bdpm,p90,1.1,0,0,6,25224,25230,nan,0.0,nan,0.0
osm,el_junquito,bdpm,p90,1.2,0,0,6,25224,25230,nan,0.0,nan,0.0
osm,el_junquito,bdpm,p90,1.3,0,0,6,25224,25230,nan,0.0,nan,0.0
osm,el_junquito,bdpm,p90,1.4,0,0,6,25224,25230,nan,0.0,nan,0.0
osm,el_junquito,bdpm,p90,1.5,0,0,6,25224,25230,nan,0.0,nan,0.0
osm,el_junquito,bdpm,p90,1.6,0,0,6,25224,25230,nan,0.0,nan,0.0
osm,el_junquito,bdpm,p90,1.7,0,0,6,25224,25230,nan,0.0,nan,0.0
osm,el_junquito,bdpm,p90,1.8,0,0,6,25224,25230,nan,0.0,nan,0.0
osm,el_junquito,bdpm,p90,1.9,0,0,6,25224,25230,nan,0.0,nan,0.0
osm,el_junquito,bdpm,p90,2.0,0,0,6,25224,25230,nan,0.0,nan,0.0
osm,el_junquito,bdpm,p90,2.1,0,0,6,25224,25230,nan,0.0,nan,0.0
osm,el_junquito,bdpm,p90,2.2,0,0,6,25224,25230,nan,0.0,nan,0.0
osm,el_junquito,bdpm,p90,2.3,0,0,6,25224,25230,nan,0.0,nan,0.0
osm,el_junquito,bdpm,p90,2.4,0,0,6,25224,25230,nan,0.0,nan,0.0
osm,el_junquito,bdpm,p90,2.5,0,0,6,25224,25230,nan,0.0,nan,0.0
osm,el_junquito,bdpm,p90,2.6,0,0,6,25224,25230,nan,0.0,nan,0.0
osm,el_junquito,bdpm,p90,2.7,0,0,6,25224,25230,nan,0.0,nan,0.0
osm,el_junquito,bdpm,p90,2.8,0,0,6,25224,25230,nan,0.0,nan,0.0
osm,el_junquito,bdpm,p90,2.9,0,0,6,25224,25230,nan,0.0,nan,0.0
osm,el_junquito,bdpm,p90,3.0,0,0,6,25224,25230,nan,0.0,nan,0.0
osm,el_junquito,bdpm,p90,3.1,0,0,6,25224,25230,nan,0.0,nan,0.0
osm,el_junquito,bdpm,p90,3.2,0,0,6,25224,25230,nan,0.0,nan,0.0
osm,el_junquito,bdpm,p90,3.3,0,0,6,25224,25230,nan,0.0,nan,0.0
osm,el_junquito,bdpm,p90,3.4,0,0,6,25224,25230,nan,0.0,nan,0.0
osm,el_junquito,bdpm,p90,3.5,0,0,6,25224,25230,nan,0.0,nan,0.0
osm,el_junquito,bdpm,p90,3.6,0,0,6,25224,25230,nan,0.0,nan,0.0
osm,el_junquito,bdpm,p90,3.7,0,0,6,25224,25230,nan,0.0,nan,0.0
osm,el_junquito,bdpm,p90,3.8,0,0,6,25224,25230,nan,0.0,nan,0.0
osm,el_junquito,bdpm,p90,3.9,0,0,6,25224,25230,nan,0.0,nan,0.0
osm,el_junquito,bdpm,p90,4.0,0,0,6,25224,25230,nan,0.0,nan,0.0
osm,el_junquito,bdpm,p90,4.1,0,0,6,25224,25230,nan,0.0,nan,0.0
osm,el_junquito,bdpm,p90,4.2,0,0,6,25224,25230,nan,0.0,nan,0.0
osm,el_junquito,bdpm,p90,4.3,0,0,6,25224,25230,nan,0.0,nan,0.0
osm,el_junquito,bdpm,p90,4.4,0,0,6,25224,25230,nan,0.0,nan,0.0
osm,el_junquito,bdpm,p90,4.5,0,0,6,25224,25230,nan,0.0,nan,0.0
osm,el_junquito,bdpm,p90,4.6,0,0,6,25224,25230,nan,0.0,nan,0.0
osm,el_junquito,bdpm,p90,4.7,0,0,6,25224,25230,nan,0.0,nan,0.0
osm,el_junquito,bdpm,p90,4.8,0,0,6,25224,25230,nan,0.0,nan,0.0
osm,el_junquito,bdpm,p90,4.9,0,0,6,25224,25230,nan,0.0,nan,0.0
osm,el_junquito,bdpm,p90,5.0,0,0,6,25224,25230,nan,0.0,nan,0.0
osm,el_junquito,bdpm,p90,5.1,0,0,6,25224,25230,nan,0.0,nan,0.0
osm,el_junquito,bdpm,p90,5.2,0,0,6,25224,25230,nan,0.0,nan,0.0
osm,el_junquito,bdpm,p90,5.3,0,0,6,25224,25230,nan,0.0,nan,0.0
osm,el_junquito,bdpm,p90,5.4,0,0,6,25224,25230,nan,0.0,nan,0.0
osm,el_junquito,bdpm,p90,5.5,0,0,6,25224,25230,nan,0.0,nan,0.0
osm,el_junquito,bdpm,p90,5.6,0,0,6,25224,25230,nan,0.0,nan,0.0
osm,el_junquito,bdpm,p90,5.7,0,0,6,25224,25230,nan,0.0,nan,0.0
osm,el_junquito,bdpm,p90,5.8,0,0,6,25224,25230,nan,0.0,nan,0.0
osm,el_junquito,bdpm,p90,5.9,0,0,6,25224,25230,nan,0.0,nan,0.0
osm,el_junquito,bdpm,p90,6.0,0,0,6,25224,25230,nan,0.0,nan,0.0
osm,el_junquito,bdpm,frac50,0.0,6,22200,0,3024,25230,0.0002701972439881113,1.0,0.0005402485143165856,6.478353942811991e-05
osm,el_junquito,bdpm,frac50,0.1,6,11305,0,13919,25230,0.0005304570771815047,1.0,0.001060351683308297,0.0005852578061898155
osm,el_junquito,bdpm,frac50,0.2,5,3971,1,21253,25230,0.0012575452716297787,0.8333333333333334,0.0025113008538422904,0.0020373608164932972
osm,el_junquito,bdpm,frac50,0.3,3,1486,3,23738,25230,0.0020147750167897917,0.5,0.004013377926421404,0.0035413401168184716
osm,el_junquito,bdpm,frac50,0.4,3,579,3,24645,25230,0.005154639175257732,0.5,0.010204081632653062,0.009737895002626397
osm,el_junquito,bdpm,frac50,0.5,1,152,5,25072,25230,0.006535947712418301,0.16666666666666666,0.012578616352201257,0.01212649018615251
osm,el_junquito,bdpm,frac50,0.6,0,15,6,25209,25230,0.0,0.0,nan,-0.0003398470687926854
osm,el_junquito,bdpm,frac50,0.7,0,0,6,25224,25230,nan,0.0,nan,0.0
osm,el_junquito,bdpm,frac50,0.8,0,0,6,25224,25230,nan,0.0,nan,0.0
osm,el_junquito,bdpm,frac50,0.9,0,0,6,25224,25230,nan,0.0,nan,0.0
osm,el_junquito,bdpm,frac50,1.0,0,0,6,25224,25230,nan,0.0,nan,0.0
osm,el_junquito,bdpm,frac50,1.1,0,0,6,25224,25230,nan,0.0,nan,0.0
osm,el_junquito,bdpm,frac50,1.2,0,0,6,25224,25230,nan,0.0,nan,0.0
osm,el_junquito,bdpm,frac50,1.3,0,0,6,25224,25230,nan,0.0,nan,0.0
osm,el_junquito,bdpm,frac50,1.4,0,0,6,25224,25230,nan,0.0,nan,0.0
osm,el_junquito,bdpm,frac50,1.5,0,0,6,25224,25230,nan,0.0,nan,0.0
osm,el_junquito,bdpm,frac50,1.6,0,0,6,25224,25230,nan,0.0,nan,0.0
osm,el_junquito,bdpm,frac50,1.7,0,0,6,25224,25230,nan,0.0,nan,0.0
osm,el_junquito,bdpm,frac50,1.8,0,0,6,25224,25230,nan,0.0,nan,0.0
osm,el_junquito,bdpm,frac50,1.9,0,0,6,25224,25230,nan,0.0,nan,0.0
osm,el_junquito,bdpm,frac50,2.0,0,0,6,25224,25230,nan,0.0,nan,0.0
osm,el_junquito,bdpm,frac50,2.1,0,0,6,25224,25230,nan,0.0,nan,0.0
osm,el_junquito,bdpm,frac50,2.2,0,0,6,25224,25230,nan,0.0,nan,0.0
osm,el_junquito,bdpm,frac50,2.3,0,0,6,25224,25230,nan,0.0,nan,0.0
osm,el_junquito,bdpm,frac50,2.4,0,0,6,25224,25230,nan,0.0,nan,0.0
osm,el_junquito,bdpm,frac50,2.5,0,0,6,25224,25230,nan,0.0,nan,0.0
osm,el_junquito,bdpm,frac50,2.6,0,0,6,25224,25230,nan,0.0,nan,0.0
osm,el_junquito,bdpm,frac50,2.7,0,0,6,25224,25230,nan,0.0,nan,0.0
osm,el_junquito,bdpm,frac50,2.8,0,0,6,25224,25230,nan,0.0,nan,0.0
osm,el_junquito,bdpm,frac50,2.9,0,0,6,25224,25230,nan,0.0,nan,0.0
osm,el_junquito,bdpm,frac50,3.0,0,0,6,25224,25230,nan,0.0,nan,0.0
osm,el_junquito,bdpm,frac50,3.1,0,0,6,25224,25230,nan,0.0,nan,0.0
osm,el_junquito,bdpm,frac50,3.2,0,0,6,25224,25230,nan,0.0,nan,0.0
osm,el_junquito,bdpm,frac50,3.3,0,0,6,25224,25230,nan,0.0,nan,0.0
osm,el_junquito,bdpm,frac50,3.4,0,0,6,25224,25230,nan,0.0,nan,0.0
osm,el_junquito,bdpm,frac50,3.5,0,0,6,25224,25230,nan,0.0,nan,0.0
osm,el_junquito,bdpm,frac50,3.6,0,0,6,25224,25230,nan,0.0,nan,0.0
osm,el_junquito,bdpm,frac50,3.7,0,0,6,25224,25230,nan,0.0,nan,0.0
osm,el_junquito,bdpm,frac50,3.8,0,0,6,25224,25230,nan,0.0,nan,0.0
osm,el_junquito,bdpm,frac50,3.9,0,0,6,25224,25230,nan,0.0,nan,0.0
osm,el_junquito,bdpm,frac50,4.0,0,0,6,25224,25230,nan,0.0,nan,0.0
osm,el_junquito,bdpm,frac50,4.1,0,0,6,25224,25230,nan,0.0,nan,0.0
osm,el_junquito,bdpm,frac50,4.2,0,0,6,25224,25230,nan,0.0,nan,0.0
osm,el_junquito,bdpm,frac50,4.3,0,0,6,25224,25230,nan,0.0,nan,0.0
osm,el_junquito,bdpm,frac50,4.4,0,0,6,25224,25230,nan,0.0,nan,0.0
osm,el_junquito,bdpm,frac50,4.5,0,0,6,25224,25230,nan,0.0,nan,0.0
osm,el_junquito,bdpm,frac50,4.6,0,0,6,25224,25230,nan,0.0,nan,0.0
osm,el_junquito,bdpm,frac50,4.7,0,0,6,25224,25230,nan,0.0,nan,0.0
osm,el_junquito,bdpm,frac50,4.8,0,0,6,25224,25230,nan,0.0,nan,0.0
osm,el_junquito,bdpm,frac50,4.9,0,0,6,25224,25230,nan,0.0,nan,0.0
osm,el_junquito,bdpm,frac50,5.0,0,0,6,25224,25230,nan,0.0,nan,0.0
osm,el_junquito,bdpm,frac50,5.1,0,0,6,25224,25230,nan,0.0,nan,0.0
osm,el_junquito,bdpm,frac50,5.2,0,0,6,25224,25230,nan,0.0,nan,0.0
osm,el_junquito,bdpm,frac50,5.3,0,0,6,25224,25230,nan,0.0,nan,0.0
osm,el_junquito,bdpm,frac50,5.4,0,0,6,25224,25230,nan,0.0,nan,0.0
osm,el_junquito,bdpm,frac50,5.5,0,0,6,25224,25230,nan,0.0,nan,0.0
osm,el_junquito,bdpm,frac50,5.6,0,0,6,25224,25230,nan,0.0,nan,0.0
osm,el_junquito,bdpm,frac50,5.7,0,0,6,25224,25230,nan,0.0,nan,0.0
osm,el_junquito,bdpm,frac50,5.8,0,0,6,25224,25230,nan,0.0,nan,0.0
osm,el_junquito,bdpm,frac50,5.9,0,0,6,25224,25230,nan,0.0,nan,0.0
osm,el_junquito,bdpm,frac50,6.0,0,0,6,25224,25230,nan,0.0,nan,0.0
overture,GLOBAL,t_test,mean,0.0,393,359719,0,0,360112,0.0010913271426667259,1.0,0.002180274892165157,0.0
overture,GLOBAL,t_test,mean,0.1,393,359719,0,0,360112,0.0010913271426667259,1.0,0.002180274892165157,0.0
overture,GLOBAL,t_test,mean,0.2,393,359719,0,0,360112,0.0010913271426667259,1.0,0.002180274892165157,0.0
overture,GLOBAL,t_test,mean,0.3,393,359719,0,0,360112,0.0010913271426667259,1.0,0.002180274892165157,0.0
overture,GLOBAL,t_test,mean,0.4,393,359719,0,0,360112,0.0010913271426667259,1.0,0.002180274892165157,0.0
overture,GLOBAL,t_test,mean,0.5,393,359719,0,0,360112,0.0010913271426667259,1.0,0.002180274892165157,0.0
overture,GLOBAL,t_test,mean,0.6,393,359719,0,0,360112,0.0010913271426667259,1.0,0.002180274892165157,0.0
overture,GLOBAL,t_test,mean,0.7,393,359711,0,8,360112,0.00109135138737698,1.0,0.0021803232759218527,4.854239500067958e-08
overture,GLOBAL,t_test,mean,0.8,393,359691,0,28,360112,0.0010914120038657646,1.0,0.0021804442447090934,1.6990780862201317e-07
overture,GLOBAL,t_test,mean,0.9,393,359572,0,147,360112,0.0010917728112455377,1.0,0.0021811642866260772,8.923105626965296e-07
overture,GLOBAL,t_test,mean,1.0,393,359004,0,715,360112,0.0010934982762794347,1.0,0.002184607687817894,4.347001788557693e-06
overture,GLOBAL,t_test,mean,1.1,393,356922,0,2797,360112,0.001099869862726166,1.0,0.0021973229561541813,1.7103960020307145e-05
overture,GLOBAL,t_test,mean,1.2,393,350675,0,9044,360112,0.0011194412478494195,1.0,0.0022363790007995194,5.628805656098822e-05
overture,GLOBAL,t_test,mean,1.3,391,335010,2,24709,360112,0.001165768736527321,0.9949109414758269,0.002328808733926157,0.00014903384939838558
overture,GLOBAL,t_test,mean,1.4,385,305863,8,53856,360112,0.0012571510671090097,0.9796437659033079,0.0025110797316731945,0.00033194639503210095
overture,GLOBAL,t_test,mean,1.5,380,262968,13,96751,360112,0.0014429576074243965,0.9669211195928753,0.0028816149176654365,0.0007037467486542048
overture,GLOBAL,t_test,mean,1.6,372,211584,21,148135,360112,0.0017550812432769066,0.9465648854961832,0.0035036661345238264,0.0013279444254863885
overture,GLOBAL,t_test,mean,1.7,363,159677,30,200042,360112,0.0022681829542614347,0.9236641221374046,0.004525253532627328,0.002353069278089132
overture,GLOBAL,t_test,mean,1.8,350,113844,43,245875,360112,0.003064959630103158,0.8905852417302799,0.006108895424437328,0.003942302178098297
overture,GLOBAL,t_test,mean,1.9,336,77695,57,282024,360112,0.004305980956286604,0.8549618320610687,0.008568805467713964,0.006411011845839866
overture,GLOBAL,t_test,mean,2.0,315,51736,78,307983,360112,0.00605175693070258,0.8015267175572519,0.01201281366791244,0.009867892352104337
overture,GLOBAL,t_test,mean,2.1,296,33674,97,326045,360112,0.008713570797762731,0.7531806615776081,0.017227832261443993,0.015102727413740054
overture,GLOBAL,t_test,mean,2.2,273,22036,120,337683,360112,0.012237213680577345,0.6946564885496184,0.02405074442780371,0.021952960859721073
overture,GLOBAL,t_test,mean,2.3,253,14539,140,345180,360112,0.01710383991346674,0.6437659033078881,0.0333223575897267,0.031262661741815766
overture,GLOBAL,t_test,mean,2.4,228,9840,165,349879,360112,0.02264600715137068,0.5801526717557252,0.04359047892170921,0.041577162151758225
overture,GLOBAL,t_test,mean,2.5,210,6837,183,352882,360112,0.02979991485738612,0.5343511450381679,0.056451612903225805,0.05449691684240578
overture,GLOBAL,t_test,mean,2.6,189,4876,204,354843,360112,0.03731490621915104,0.48091603053435117,0.06925613777940638,0.0673670958202483
overture,GLOBAL,t_test,mean,2.7,170,3608,223,356111,360112,0.044997353096876656,0.43256997455470736,0.08151522416686648,0.07969578253256811
overture,GLOBAL,t_test,mean,2.8,139,2715,254,357004,360112,0.048703573931324455,0.35368956743002544,0.08561749307052663,0.08385989921410306
overture,GLOBAL,t_test,mean,2.9,120,2088,273,357631,360112,0.05434782608695652,0.3053435114503817,0.09227220299884659,0.0905871842426052
overture,GLOBAL,t_test,mean,3.0,105,1583,288,358136,360112,0.06220379146919431,0.26717557251908397,0.10091302258529553,0.09931840480278957
overture,GLOBAL,t_test,mean,3.1,92,1222,301,358497,360112,0.0700152207001522,0.2340966921119593,0.10779144698301113,0.10628988428757674
overture,GLOBAL,t_test,mean,3.2,80,970,313,358749,360112,0.0761904761904762,0.2035623409669211,0.11088011088011089,0.10946575550639732
overture,GLOBAL,t_test,mean,3.3,68,772,325,358947,360112,0.08095238095238096,0.17302798982188294,0.11030008110300081,0.1089751570794245
overture,GLOBAL,t_test,mean,3.4,57,639,336,359080,360112,0.08189655172413793,0.1450381679389313,0.10468319559228649,0.10343250667636769
overture,GLOBAL,t_test,mean,3.5,52,523,341,359196,360112,0.09043478260869565,0.13231552162849872,0.10743801652892561,0.10627929451093265
overture,GLOBAL,t_test,mean,3.6,47,450,346,359269,360112,0.09456740442655935,0.11959287531806616,0.10561797752808989,0.10452652698925342
overture,GLOBAL,t_test,mean,3.7,42,379,351,359340,360112,0.0997624703087886,0.10687022900763359,0.10319410319410319,0.1021805847974047
overture,GLOBAL,t_test,mean,3.8,36,314,357,359405,360112,0.10285714285714286,0.0916030534351145,0.09690444145356662,0.09597495161358024
overture,GLOBAL,t_test,mean,3.9,35,270,358,359449,360112,0.11475409836065574,0.089058524173028,0.1002865329512894,0.09942762229419443
overture,GLOBAL,t_test,mean,4.0,28,219,365,359500,360112,0.11336032388663968,0.07124681933842239,0.0875,0.08673069103245137
overture,GLOBAL,t_test,mean,4.1,24,184,369,359535,360112,0.11538461538461539,0.061068702290076333,0.07986688851913477,0.07917129958821036
overture,GLOBAL,t_test,mean,4.2,19,159,374,359560,360112,0.10674157303370786,0.04834605597964377,0.06654991243432574,0.06591435391448554
overture,GLOBAL,t_test,mean,4.3,17,125,376,359594,360112,0.11971830985915492,0.043256997455470736,0.06355140186915888,0.06300858276036697
overture,GLOBAL,t_test,mean,4.4,15,106,378,359613,360112,0.12396694214876033,0.03816793893129771,0.05836575875486381,0.05788168375830211
overture,GLOBAL,t_test,mean,4.5,15,82,378,359637,360112,0.15463917525773196,0.03816793893129771,0.061224489795918366,0.06081869166041485
overture,GLOBAL,t_test,mean,4.6,10,65,383,359654,360112,0.13333333333333333,0.02544529262086514,0.04273504273504273,0.04240008928172162
overture,GLOBAL,t_test,mean,4.7,10,56,383,359663,360112,0.15151515151515152,0.02544529262086514,0.04357298474945533,0.04327271999287436
overture,GLOBAL,t_test,mean,4.8,9,41,384,359678,360112,0.18,0.022900763358778626,0.040632054176072234,0.04039565637324757
overture,GLOBAL,t_test,mean,4.9,8,34,385,359685,360112,0.19047619047619047,0.020356234096692113,0.0367816091954023,0.03657857869530931
overture,GLOBAL,t_test,mean,5.0,7,31,386,359688,360112,0.18421052631578946,0.017811704834605598,0.03248259860788863,0.03229637546729635
overture,GLOBAL,t_test,mean,5.1,5,27,388,359692,360112,0.15625,0.01272264631043257,0.023529411764705882,0.023368911207105294
overture,GLOBAL,t_test,mean,5.2,4,23,389,359696,360112,0.14814814814814814,0.010178117048346057,0.01904761904761905,0.01890995888018983
overture,GLOBAL,t_test,mean,5.3,4,21,389,359698,360112,0.16,0.010178117048346057,0.019138755980861243,0.019010696141852298
overture,GLOBAL,t_test,mean,5.4,4,19,389,359700,360112,0.17391304347826086,0.010178117048346057,0.019230769230769232,0.01911240003349858
overture,GLOBAL,t_test,mean,5.5,4,13,389,359706,360112,0.23529411764705882,0.010178117048346057,0.01951219512195122,0.01942345265061591
overture,GLOBAL,t_test,mean,5.6,4,12,389,359707,360112,0.25,0.010178117048346057,0.019559902200489,0.01947618016548437
overture,GLOBAL,t_test,mean,5.7,2,10,391,359709,360112,0.16666666666666666,0.005089058524173028,0.009876543209876545,0.009812506558720454
overture,GLOBAL,t_test,mean,5.8,2,5,391,359714,360112,0.2857142857142857,0.005089058524173028,0.01,0.00996218407004947
overture,GLOBAL,t_test,mean,5.9,1,4,392,359715,360112,0.2,0.002544529262086514,0.0050251256281407045,0.004997842390331034
overture,GLOBAL,t_test,mean,6.0,1,3,392,359716,360112,0.25,0.002544529262086514,0.005037783375314861,0.005015902203576342
overture,GLOBAL,t_test,max,0.0,393,359719,0,0,360112,0.0010913271426667259,1.0,0.002180274892165157,0.0
overture,GLOBAL,t_test,max,0.1,393,359719,0,0,360112,0.0010913271426667259,1.0,0.002180274892165157,0.0
overture,GLOBAL,t_test,max,0.2,393,359719,0,0,360112,0.0010913271426667259,1.0,0.002180274892165157,0.0
overture,GLOBAL,t_test,max,0.3,393,359719,0,0,360112,0.0010913271426667259,1.0,0.002180274892165157,0.0
overture,GLOBAL,t_test,max,0.4,393,359719,0,0,360112,0.0010913271426667259,1.0,0.002180274892165157,0.0
overture,GLOBAL,t_test,max,0.5,393,359719,0,0,360112,0.0010913271426667259,1.0,0.002180274892165157,0.0
overture,GLOBAL,t_test,max,0.6,393,359719,0,0,360112,0.0010913271426667259,1.0,0.002180274892165157,0.0
overture,GLOBAL,t_test,max,0.7,393,359713,0,6,360112,0.0010913453260984265,1.0,0.002180311179781359,3.640659429871099e-08
overture,GLOBAL,t_test,max,0.8,393,359693,0,26,360112,0.001091405941913876,1.0,0.002180432147226329,1.5777066125162949e-07
overture,GLOBAL,t_test,max,0.9,393,359607,0,112,360112,0.0010916666666666666,1.0,0.0021809524602309145,6.797896419145752e-07
overture,GLOBAL,t_test,max,1.0,393,359194,0,525,360112,0.0010929204893391584,1.0,0.002183454636368687,3.1901697807141085e-06
overture,GLOBAL,t_test,max,1.1,393,357537,0,2182,360112,0.001097980051965468,1.0,0.0021935516280004353,1.3320266747601048e-05
overture,GLOBAL,t_test,max,1.2,393,352794,0,6925,360112,0.001112724987046522,1.0,0.0022229764126930254,4.2841526163656324e-05
overture,GLOBAL,t_test,max,1.3,393,340583,0,19136,360112,0.0011525737881845056,1.0,0.0023024937823879726,0.00012261959909313036
overture,GLOBAL,t_test,max,1.4,390,317015,3,42704,360112,0.001228714103432523,0.9923664122137404,0.0024543892661376093,0.00027503368769635954
overture,GLOBAL,t_test,max,1.5,386,280198,7,79521,360112,0.0013757021070339008,0.9821882951653944,0.0027475558497670628,0.0005691950416546942
overture,GLOBAL,t_test,max,1.6,381,233863,12,125856,360112,0.001626509110158638,0.9694656488549618,0.0032475696501404294,0.0010709046524574116
overture,GLOBAL,t_test,max,1.7,374,183566,19,176153,360112,0.002033271719038817,0.9516539440203562,0.004057873522375266,0.001883975981454868
overture,GLOBAL,t_test,max,1.8,362,136794,31,222925,360112,0.0026393303975035727,0.9211195928753181,0.005263578797374028,0.0030938943200296354
overture,GLOBAL,t_test,max,1.9,349,97285,44,262434,360112,0.003574574431038368,0.8880407124681934,0.007120487212706703,0.0049573602299274435
overture,GLOBAL,t_test,max,2.0,333,67428,60,292291,360112,0.004914331252490371,0.8473282442748091,0.00977198697068404,0.007618451199399606
overture,GLOBAL,t_test,max,2.1,322,45519,71,314200,360112,0.0070242795750529,0.8193384223918575,0.013929143054894665,0.011790557810644626
overture,GLOBAL,t_test,max,2.2,304,30691,89,329028,360112,0.009808033553799,0.7735368956743003,0.01937046004842615,0.017252318510310245
overture,GLOBAL,t_test,max,2.3,287,20524,106,339195,360112,0.013790783720148,0.7302798982188295,0.027070364082248635,0.024981679397540892
overture,GLOBAL,t_test,max,2.4,272,14197,121,345522,360112,0.01879881125164144,0.6921119592875318,0.03660341811330911,0.03455190100117343
overture,GLOBAL,t_test,max,2.5,247,9958,146,349761,360112,0.024203821656050957,0.628498727735369,0.0466125684091338,0.04460459853418028
overture,GLOBAL,t_test,max,2.6,230,7146,163,352573,360112,0.031182212581344904,0.5852417302798982,0.05920967949543056,0.05725608475639873
overture,GLOBAL,t_test,max,2.7,211,5310,182,354409,360112,0.03821771418221337,0.5368956743002544,0.07135610415962125,0.06946002522179484
overture,GLOBAL,t_test,max,2.8,189,3989,204,355730,360112,0.04523695548109143,0.48091603053435117,0.08269525267993874,0.08086157461711509
overture,GLOBAL,t_test,max,2.9,169,3190,224,356529,360112,0.05031259303364097,0.4300254452926209,0.09008528784648187,0.08830380243589381
overture,GLOBAL,t_test,max,3.0,149,2480,244,357239,360112,0.056675542031190566,0.3791348600508906,0.0986101919258769,0.09689536952705331
overture,GLOBAL,t_test,max,3.1,136,1910,257,357809,360112,0.06647116324535679,0.3460559796437659,0.11152111521115211,0.10989136218144656
overture,GLOBAL,t_test,max,3.2,122,1556,271,358163,360112,0.07270560190703218,0.3104325699745547,0.11781747947851279,0.11625460545217194
overture,GLOBAL,t_test,max,3.3,106,1262,287,358457,360112,0.07748538011695906,0.2697201017811705,0.12038614423622941,0.11889217811007181
overture,GLOBAL,t_test,max,3.4,94,1030,299,358689,360112,0.08362989323843416,0.23918575063613232,0.12392880685563612,0.12250972320753253
overture,GLOBAL,t_test,max,3.5,87,848,306,358871,360112,0.09304812834224599,0.22137404580152673,0.13102409638554216,0.12968665693282702
overture,GLOBAL,t_test,max,3.6,79,720,314,358999,360112,0.09887359198998748,0.2010178117048346,0.1325503355704698,0.13127936465001688
overture,GLOBAL,t_test,max,3.7,70,617,323,359102,360112,0.10189228529839883,0.178117048346056,0.12962962962962965,0.12841951801253226
overture,GLOBAL,t_test,max,3.8,62,512,331,359207,360112,0.10801393728222997,0.15776081424936386,0.1282316442605998,0.12710071743071755
overture,GLOBAL,t_test,max,3.9,59,442,334,359277,360112,0.11776447105788423,0.15012722646310434,0.1319910514541387,0.1309280327623289
overture,GLOBAL,t_test,max,4.0,46,382,347,359337,360112,0.10747663551401869,0.11704834605597965,0.1120584652862363,0.11104696879753201
overture,GLOBAL,t_test,max,4.1,44,331,349,359388,360112,0.11733333333333333,0.11195928753180662,0.11458333333333331,0.11363869451407572
overture,GLOBAL,t_test,max,4.2,40,290,353,359429,360112,0.12121212121212122,0.10178117048346055,0.11065006915629322,0.1097631865357456
overture,GLOBAL,t_test,max,4.3,34,227,359,359492,360112,0.13026819923371646,0.08651399491094147,0.10397553516819572,0.10319436429770665
overture,GLOBAL,t_test,max,4.4,26,175,367,359544,360112,0.12935323383084577,0.06615776081424936,0.08754208754208752,0.08686767089156754
overture,GLOBAL,t_test,max,4.5,23,144,370,359575,360112,0.1377245508982036,0.058524173027989825,0.08214285714285716,0.08154503601107718
overture,GLOBAL,t_test,max,4.6,18,110,375,359609,360112,0.140625,0.04580152671755725,0.0690978886756238,0.0685984362098025
overture,GLOBAL,t_test,max,4.7,16,91,377,359628,360112,0.14953271028037382,0.04071246819338423,0.064,0.0635626013123159
overture,GLOBAL,t_test,max,4.8,14,81,379,359638,360112,0.14736842105263157,0.035623409669211195,0.057377049180327856,0.056976356584692446
overture,GLOBAL,t_test,max,4.9,13,73,380,359646,360112,0.1511627906976744,0.03307888040712468,0.054279749478079335,0.053908999783849006
overture,GLOBAL,t_test,max,5.0,10,61,383,359658,360112,0.14084507042253522,0.02544529262086514,0.043103448275862065,0.042783753616114445
overture,GLOBAL,t_test,max,5.1,9,55,384,359664,360112,0.140625,0.022900763358778626,0.03938730853391685,0.03909359103838585
overture,GLOBAL,t_test,max,5.2,9,48,384,359671,360112,0.15789473684210525,0.022900763358778626,0.04,0.039734515840635594
overture,GLOBAL,t_test,max,5.3,8,42,385,359677,360112,0.16,0.020356234096692113,0.03611738148984199,0.035879871226843926
overture,GLOBAL,t_test,max,5.4,8,38,385,359681,360112,0.17391304347826086,0.020356234096692113,0.03644646924829157,0.03622604800459633
overture,GLOBAL,t_test,max,5.5,8,34,385,359685,360112,0.19047619047619047,0.020356234096692113,0.0367816091954023,0.03657857869530931
overture,GLOBAL,t_test,max,5.6,8,30,385,359689,360112,0.21052631578947367,0.020356234096692113,0.03712296983758701,0.03693763985356013
overture,GLOBAL,t_test,max,5.7,7,23,386,359696,360112,0.23333333333333334,0.017811704834605598,0.03309692671394799,0.0329472287085394
overture,GLOBAL,t_test,max,5.8,5,16,388,359703,360112,0.23809523809523808,0.01272264631043257,0.024154589371980673,0.024046537320790165
overture,GLOBAL,t_test,max,5.9,3,14,390,359705,360112,0.17647058823529413,0.007633587786259542,0.014634146341463414,0.014544962365279093
overture,GLOBAL,t_test,max,6.0,2,13,391,359706,360112,0.13333333333333333,0.005089058524173028,0.009803921568627453,0.009724457261327146
overture,GLOBAL,t_test,p75,0.0,393,359719,0,0,360112,0.0010913271426667259,1.0,0.002180274892165157,0.0
overture,GLOBAL,t_test,p75,0.1,393,359719,0,0,360112,0.0010913271426667259,1.0,0.002180274892165157,0.0
overture,GLOBAL,t_test,p75,0.2,393,359719,0,0,360112,0.0010913271426667259,1.0,0.002180274892165157,0.0
overture,GLOBAL,t_test,p75,0.3,393,359719,0,0,360112,0.0010913271426667259,1.0,0.002180274892165157,0.0
overture,GLOBAL,t_test,p75,0.4,393,359719,0,0,360112,0.0010913271426667259,1.0,0.002180274892165157,0.0
overture,GLOBAL,t_test,p75,0.5,393,359719,0,0,360112,0.0010913271426667259,1.0,0.002180274892165157,0.0
overture,GLOBAL,t_test,p75,0.6,393,359719,0,0,360112,0.0010913271426667259,1.0,0.002180274892165157,0.0
overture,GLOBAL,t_test,p75,0.7,393,359713,0,6,360112,0.0010913453260984265,1.0,0.002180311179781359,3.640659429871099e-08
overture,GLOBAL,t_test,p75,0.8,393,359692,0,27,360112,0.001091408972881403,1.0,0.0021804381959509315,1.6383921815785826e-07
overture,GLOBAL,t_test,p75,0.9,393,359593,0,126,360112,0.001091709122021412,1.0,0.002181037185851562,7.647930566992711e-07
overture,GLOBAL,t_test,p75,1.0,393,359120,0,599,360112,0.0010931454495386815,1.0,0.002183903574822315,3.6405801881907633e-06
overture,GLOBAL,t_test,p75,1.1,393,357288,0,2431,360112,0.0010987444119201187,1.0,0.002195076995257963,1.4850635257017862e-05
overture,GLOBAL,t_test,p75,1.2,393,351839,0,7880,360112,0.0011157418973858138,1.0,0.002228996809641971,4.888166188881974e-05
overture,GLOBAL,t_test,p75,1.3,393,338039,0,21680,360112,0.0011612377080181544,1.0,0.002319781598170147,0.00013996409234704032
overture,GLOBAL,t_test,p75,1.4,389,311834,4,47885,360112,0.001245904369633243,0.989821882951654,0.0024886762033933005,0.0003094403578115237
overture,GLOBAL,t_test,p75,1.5,383,271917,10,87802,360112,0.0014065369078222548,0.9745547073791349,0.0028090196668047952,0.0006308860031167474
overture,GLOBAL,t_test,p75,1.6,378,222931,15,136788,360112,0.0016927217443094547,0.9618320610687023,0.0033794959365584572,0.001203297910765537
overture,GLOBAL,t_test,p75,1.7,366,171355,27,188364,360112,0.0021313642478205928,0.9312977099236641,0.004252995107893605,0.002079853866946365
overture,GLOBAL,t_test,p75,1.8,355,124815,38,234904,360112,0.0028361428457298076,0.9033078880407125,0.0056545319879263796,0.003486294758193077
overture,GLOBAL,t_test,p75,1.9,346,86882,47,272837,360112,0.00396661622414821,0.8804071246819338,0.00789765010670958,0.005737251790685268
overture,GLOBAL,t_test,p75,2.0,326,58994,67,300725,360112,0.005495616992582603,0.8295165394402035,0.010918895382914944,0.00876962127117922
overture,GLOBAL,t_test,p75,2.1,312,38928,81,320791,360112,0.007951070336391437,0.7938931297709924,0.015744455378094012,0.013612861792914347
overture,GLOBAL,t_test,p75,2.2,292,25747,101,333972,360112,0.01121394830830677,0.7430025445292621,0.022094430992736076,0.01998720568284392
overture,GLOBAL,t_test,p75,2.3,274,17081,119,342638,360112,0.01578795736099107,0.6972010178117048,0.030876718503493352,0.02880387224216704
overture,GLOBAL,t_test,p75,2.4,249,11672,144,348047,360112,0.020887509437127756,0.6335877862595419,0.04044177359103459,0.03840993849708718
overture,GLOBAL,t_test,p75,2.5,224,8188,169,351531,360112,0.02662862577270566,0.5699745547073791,0.050880181714934705,0.0488969089442578
overture,GLOBAL,t_test,p75,2.6,209,5806,184,353913,360112,0.034746467165419785,0.5318066157760815,0.06523096129837704,0.06331188124006831
overture,GLOBAL,t_test,p75,2.7,191,4298,202,355421,360112,0.04254845177099577,0.4860050890585242,0.07824662023760753,0.07639298615989827
overture,GLOBAL,t_test,p75,2.8,165,3292,228,356427,360112,0.047729245010124384,0.4198473282442748,0.0857142857142857,0.0839189009924279
overture,GLOBAL,t_test,p75,2.9,143,2564,250,357155,360112,0.05282600664942741,0.3638676844783715,0.09225806451612903,0.09052464992852864
overture,GLOBAL,t_test,p75,3.0,124,1941,269,357778,360112,0.06004842615012106,0.3155216284987277,0.10089503661513426,0.09924333873121136
overture,GLOBAL,t_test,p75,3.1,113,1514,280,358205,360112,0.06945298094652735,0.2875318066157761,0.11188118811881188,0.11031711745341016
overture,GLOBAL,t_test,p75,3.2,99,1197,294,358522,360112,0.0763888888888889,0.25190839694656486,0.1172291296625222,0.11574819376643698
overture,GLOBAL,t_test,p75,3.3,88,978,305,358741,360112,0.0825515947467167,0.22391857506361323,0.12063056888279643,0.1192259730858692
overture,GLOBAL,t_test,p75,3.4,75,786,318,358933,360112,0.08710801393728224,0.19083969465648856,0.11961722488038276,0.11829588837571851
overture,GLOBAL,t_test,p75,3.5,66,641,327,359078,360112,0.09335219236209336,0.16793893129770993,0.12000000000000001,0.11876375647021034
overture,GLOBAL,t_test,p75,3.6,58,546,335,359173,360112,0.09602649006622517,0.1475826972010178,0.11634904714142427,0.11517905720518817
overture,GLOBAL,t_test,p75,3.7,50,457,343,359262,360112,0.09861932938856016,0.1272264631043257,0.11111111111111112,0.11001682169091262
overture,GLOBAL,t_test,p75,3.8,47,392,346,359327,360112,0.1070615034168565,0.11959287531806616,0.11298076923076923,0.11195804244165138
overture,GLOBAL,t_test,p75,3.9,42,339,351,359380,360112,0.11023622047244094,0.10687022900763359,0.10852713178294575,0.10756829660850098
overture,GLOBAL,t_test,p75,4.0,38,291,355,359428,360112,0.11550151975683891,0.09669211195928754,0.10526315789473686,0.10437237650998371
overture,GLOBAL,t_test,p75,4.1,35,253,358,359466,360112,0.12152777777777778,0.089058524173028,0.10279001468428782,0.10196107011244201
overture,GLOBAL,t_test,p75,4.2,32,205,361,359514,360112,0.1350210970464135,0.08142493638676845,0.10158730158730159,0.10084901432820356
overture,GLOBAL,t_test,p75,4.3,27,167,366,359552,360112,0.13917525773195877,0.06870229007633588,0.0919931856899489,0.09133771831193076
overture,GLOBAL,t_test,p75,4.4,20,136,373,359583,360112,0.1282051282051282,0.05089058524173028,0.07285974499089252,0.07228436854316658
overture,GLOBAL,t_test,p75,4.5,17,111,376,359608,360112,0.1328125,0.043256997455470736,0.06525911708253358,0.06475760501897904
overture,GLOBAL,t_test,p75,4.6,17,86,376,359633,360112,0.1650485436893204,0.043256997455470736,0.06854838709677419,0.0681260125978719
overture,GLOBAL,t_test,p75,4.7,12,71,381,359648,360112,0.14457831325301204,0.030534351145038167,0.05042016806722689,0.05005863094782664
overture,GLOBAL,t_test,p75,4.8,11,61,382,359658,360112,0.1527777777777778,0.027989821882951654,0.047311827956989246,0.04698974921001838
overture,GLOBAL,t_test,p75,4.9,10,46,383,359673,360112,0.17857142857142858,0.02544529262086514,0.04454342984409799,0.04428326067420113
overture,GLOBAL,t_test,p75,5.0,8,38,385,359681,360112,0.17391304347826086,0.020356234096692113,0.03644646924829157,0.03622604800459633
overture,GLOBAL,t_test,p75,5.1,8,33,385,359686,360112,0.1951219512195122,0.020356234096692113,0.03686635944700461,0.03666772471400656
overture,GLOBAL,t_test,p75,5.2,6,29,387,359690,360112,0.17142857142857143,0.015267175572519083,0.028037383177570093,0.027863868462003054
overture,GLOBAL,t_test,p75,5.3,6,26,387,359693,360112,0.1875,0.015267175572519083,0.02823529411764706,0.028075567056631615
overture,GLOBAL,t_test,p75,5.4,5,23,388,359696,360112,0.17857142857142858,0.01272264631043257,0.02375296912114014,0.02361123198190272
overture,GLOBAL,t_test,p75,5.5,5,21,388,359698,360112,0.19230769230769232,0.01272264631043257,0.023866348448687347,0.023734123810530583
overture,GLOBAL,t_test,p75,5.6,4,17,389,359702,360112,0.19047619047619047,0.010178117048346057,0.01932367149758454,0.019215084535233264
overture,GLOBAL,t_test,p75,5.7,4,14,389,359705,360112,0.2222222222222222,0.010178117048346057,0.019464720194647202,0.01937098118148697
overture,GLOBAL,t_test,p75,5.8,2,9,391,359710,360112,0.18181818181818182,0.005089058524173028,0.009900990099009903,0.00984214629919829
overture,GLOBAL,t_test,p75,5.9,2,7,391,359712,360112,0.2222222222222222,0.005089058524173028,0.009950248756218905,0.009901867220535588
overture,GLOBAL,t_test,p75,6.0,2,7,391,359712,360112,0.2222222222222222,0.005089058524173028,0.009950248756218905,0.009901867220535588
overture,GLOBAL,t_test,p90,0.0,393,359719,0,0,360112,0.0010913271426667259,1.0,0.002180274892165157,0.0
overture,GLOBAL,t_test,p90,0.1,393,359719,0,0,360112,0.0010913271426667259,1.0,0.002180274892165157,0.0
overture,GLOBAL,t_test,p90,0.2,393,359719,0,0,360112,0.0010913271426667259,1.0,0.002180274892165157,0.0
overture,GLOBAL,t_test,p90,0.3,393,359719,0,0,360112,0.0010913271426667259,1.0,0.002180274892165157,0.0
overture,GLOBAL,t_test,p90,0.4,393,359719,0,0,360112,0.0010913271426667259,1.0,0.002180274892165157,0.0
overture,GLOBAL,t_test,p90,0.5,393,359719,0,0,360112,0.0010913271426667259,1.0,0.002180274892165157,0.0
overture,GLOBAL,t_test,p90,0.6,393,359719,0,0,360112,0.0010913271426667259,1.0,0.002180274892165157,0.0
overture,GLOBAL,t_test,p90,0.7,393,359713,0,6,360112,0.0010913453260984265,1.0,0.002180311179781359,3.640659429871099e-08
overture,GLOBAL,t_test,p90,0.8,393,359693,0,26,360112,0.001091405941913876,1.0,0.002180432147226329,1.5777066125162949e-07
overture,GLOBAL,t_test,p90,0.9,393,359603,0,116,360112,0.0010916787964310715,1.0,0.0021809766668794,7.04075658000042e-07
overture,GLOBAL,t_test,p90,1.0,393,359163,0,556,360112,0.001093014718152388,1.0,0.0021836426827133845,3.37883268111525e-06
overture,GLOBAL,t_test,p90,1.1,393,357464,0,2255,360112,0.0010982040312191741,1.0,0.002193998604326588,1.37687085844516e-05
overture,GLOBAL,t_test,p90,1.2,393,352442,0,7277,360112,0.0011138350787195147,1.0,0.0022251916609102337,4.506403741425997e-05
overture,GLOBAL,t_test,p90,1.3,393,339685,0,20034,360112,0.0011556172407506512,1.0,0.0023085666620651975,0.00012871238855900418
overture,GLOBAL,t_test,p90,1.4,389,315101,4,44618,360112,0.0012330026308282355,0.989821882951654,0.0024629372267580087,0.0002836167175195357
overture,GLOBAL,t_test,p90,1.5,386,277027,7,82692,360112,0.0013914272222282302,0.9821882951653944,0.0027789176619655446,0.0006006602612352547
overture,GLOBAL,t_test,p90,1.6,379,229660,14,130059,360112,0.0016475467203387253,0.9643765903307888,0.0032894736842105266,0.0011129669780628002
overture,GLOBAL,t_test,p90,1.7,369,178677,24,181042,360112,0.0020609228913240174,0.9389312977099237,0.004112818283650711,0.0019391676215627285
overture,GLOBAL,t_test,p90,1.8,361,131961,32,227758,360112,0.0027281933465334563,0.9185750636132316,0.005440229062276307,0.003271156785976412
overture,GLOBAL,t_test,p90,1.9,348,92917,45,266802,360112,0.003731303275612502,0.8854961832061069,0.007431292575113712,0.005269249655254628
overture,GLOBAL,t_test,p90,2.0,332,63727,61,295992,360112,0.005182722177992163,0.8447837150127226,0.010302240426984422,0.008150576424863575
overture,GLOBAL,t_test,p90,2.1,315,42703,78,317016,360112,0.007322516156027709,0.8015267175572519,0.014512450761327775,0.012376324743405514
overture,GLOBAL,t_test,p90,2.2,298,28542,95,331177,360112,0.010332871012482663,0.7582697201017812,0.020387917764170628,0.018273955968091
overture,GLOBAL,t_test,p90,2.3,282,18969,111,340750,360112,0.014648589683652798,0.7175572519083969,0.028711056811240074,0.026629028112895765
overture,GLOBAL,t_test,p90,2.4,264,13077,129,346642,360112,0.019788621542613,0.6717557251908397,0.03844473569244212,0.03640171713748071
overture,GLOBAL,t_test,p90,2.5,242,9152,151,350567,360112,0.02576112412177986,0.6157760814249363,0.04945335649330745,0.047457771828471496
overture,GLOBAL,t_test,p90,2.6,220,6530,173,353189,360112,0.03259259259259259,0.5597964376590331,0.061598768024639504,0.05965925218402434
overture,GLOBAL,t_test,p90,2.7,201,4856,192,354863,360112,0.03974688550524026,0.5114503816793893,0.07376146788990826,0.07188178451559107
overture,GLOBAL,t_test,p90,2.8,179,3671,214,356048,360112,0.046493506493506497,0.455470737913486,0.0843742634928117,0.08255727737051391
overture,GLOBAL,t_test,p90,2.9,160,2932,233,356787,360112,0.0517464424320828,0.4071246819338422,0.09182209469153516,0.09005997898664236
overture,GLOBAL,t_test,p90,3.0,139,2232,254,357487,360112,0.05862505272037115,0.35368956743002544,0.10057887120115774,0.09889171438537574
overture,GLOBAL,t_test,p90,3.1,125,1719,268,358000,360112,0.06778741865509762,0.31806615776081426,0.11175681716584711,0.11015580786356981
overture,GLOBAL,t_test,p90,3.2,112,1390,281,358329,360112,0.07456724367509987,0.28498727735368956,0.11820580474934037,0.11667765861992493
overture,GLOBAL,t_test,p90,3.3,99,1132,294,358587,360112,0.08042242079610074,0.25190839694656486,0.12192118226600986,0.12046602611257058
overture,GLOBAL,t_test,p90,3.4,90,926,303,358793,360112,0.08858267716535433,0.22900763358778625,0.12775017743080197,0.1263752093489046
overture,GLOBAL,t_test,p90,3.5,79,747,314,358972,360112,0.09564164648910412,0.2010178117048346,0.1296144380639869,0.12832525153369698
overture,GLOBAL,t_test,p90,3.6,68,640,325,359079,360112,0.096045197740113,0.17302798982188294,0.12352406902815621,0.1222921536631819
overture,GLOBAL,t_test,p90,3.7,61,543,332,359176,360112,0.10099337748344371,0.15521628498727735,0.12236710130391174,0.12120507951705134
overture,GLOBAL,t_test,p90,3.8,52,446,341,359273,360112,0.10441767068273092,0.13231552162849872,0.11672278338945004,0.11564392671221396
overture,GLOBAL,t_test,p90,3.9,44,394,349,359325,360112,0.1004566210045662,0.11195928753180662,0.10589651022864019,0.10486672717739752
overture,GLOBAL,t_test,p90,4.0,41,324,352,359395,360112,0.11232876712328767,0.10432569974554708,0.10817941952506596,0.10724111720252619
overture,GLOBAL,t_test,p90,4.1,40,294,353,359425,360112,0.11976047904191617,0.10178117048346055,0.11004126547455297,0.10914795466373503
overture,GLOBAL,t_test,p90,4.2,36,248,357,359471,360112,0.1267605633802817,0.0916030534351145,0.10635155096011817,0.10553255990207795
overture,GLOBAL,t_test,p90,4.3,31,193,362,359526,360112,0.13839285714285715,0.07888040712468193,0.10048622366288493,0.0997728782056623
overture,GLOBAL,t_test,p90,4.4,24,160,369,359559,360112,0.13043478260869565,0.061068702290076333,0.0831889081455806,0.08255033712186403
overture,GLOBAL,t_test,p90,4.5,19,126,374,359593,360112,0.1310344827586207,0.04834605597964377,0.07063197026022305,0.07008493671153251
overture,GLOBAL,t_test,p90,4.6,18,102,375,359617,360112,0.15,0.04580152671755725,0.07017543859649122,0.06970046262650652
overture,GLOBAL,t_test,p90,4.7,14,86,379,359633,360112,0.14,0.035623409669211195,0.05679513184584179,0.05637736267895515
overture,GLOBAL,t_test,p90,4.8,14,72,379,359647,360112,0.16279069767441862,0.035623409669211195,0.05845511482254698,0.05808600199232303
overture,GLOBAL,t_test,p90,4.9,11,60,382,359659,360112,0.15492957746478872,0.027989821882951654,0.04741379310344827,0.047095538509749915
overture,GLOBAL,t_test,p90,5.0,10,52,383,359667,360112,0.16129032258064516,0.02544529262086514,0.04395604395604395,0.043671615992948734
overture,GLOBAL,t_test,p90,5.1,9,47,384,359672,360112,0.16071428571428573,0.022900763358778626,0.04008908685968819,0.039827704779893204
overture,GLOBAL,t_test,p90,5.2,9,35,384,359684,360112,0.20454545454545456,0.022900763358778626,0.041189931350114416,0.040979173271369164
overture,GLOBAL,t_test,p90,5.3,8,33,385,359686,360112,0.1951219512195122,0.020356234096692113,0.03686635944700461,0.03666772471400656
overture,GLOBAL,t_test,p90,5.4,8,28,385,359691,360112,0.2222222222222222,0.020356234096692113,0.037296037296037296,0.03711967632825321
overture,GLOBAL,t_test,p90,5.5,6,25,387,359694,360112,0.1935483870967742,0.015267175572519083,0.028301886792452827,0.028146797626680868
overture,GLOBAL,t_test,p90,5.6,6,22,387,359697,360112,0.21428571428571427,0.015267175572519083,0.02850356294536817,0.028362515524585807
overture,GLOBAL,t_test,p90,5.7,6,18,387,359701,360112,0.25,0.015267175572519083,0.02877697841726618,0.028654957673804774
overture,GLOBAL,t_test,p90,5.8,4,13,389,359706,360112,0.23529411764705882,0.010178117048346057,0.01951219512195122,0.01942345265061591
overture,GLOBAL,t_test,p90,5.9,2,11,391,359708,360112,0.15384615384615385,0.005089058524173028,0.009852216748768475,0.009783012518216288
overture,GLOBAL,t_test,p90,6.0,2,10,391,359709,360112,0.16666666666666666,0.005089058524173028,0.009876543209876545,0.009812506558720454
overture,GLOBAL,t_test,frac50,0.0,393,359719,0,0,360112,0.0010913271426667259,1.0,0.002180274892165157,0.0
overture,GLOBAL,t_test,frac50,0.1,393,359719,0,0,360112,0.0010913271426667259,1.0,0.002180274892165157,0.0
overture,GLOBAL,t_test,frac50,0.2,393,359719,0,0,360112,0.0010913271426667259,1.0,0.002180274892165157,0.0
overture,GLOBAL,t_test,frac50,0.3,393,359719,0,0,360112,0.0010913271426667259,1.0,0.002180274892165157,0.0
overture,GLOBAL,t_test,frac50,0.4,393,359719,0,0,360112,0.0010913271426667259,1.0,0.002180274892165157,0.0
overture,GLOBAL,t_test,frac50,0.5,393,359719,0,0,360112,0.0010913271426667259,1.0,0.002180274892165157,0.0
overture,GLOBAL,t_test,frac50,0.6,393,359719,0,0,360112,0.0010913271426667259,1.0,0.002180274892165157,0.0
overture,GLOBAL,t_test,frac50,0.7,393,359713,0,6,360112,0.0010913453260984265,1.0,0.002180311179781359,3.640659429871099e-08
overture,GLOBAL,t_test,frac50,0.8,393,359692,0,27,360112,0.001091408972881403,1.0,0.0021804381959509315,1.6383921815785826e-07
overture,GLOBAL,t_test,frac50,0.9,393,359590,0,129,360112,0.0010917182200270569,1.0,0.002181055342198149,7.830089333044031e-07
overture,GLOBAL,t_test,frac50,1.0,393,359142,0,577,360112,0.0010930785598064166,1.0,0.0021837700873508035,3.5066550455780175e-06
overture,GLOBAL,t_test,frac50,1.1,393,357279,0,2440,360112,0.001098772059316916,1.0,0.0021951321687403123,1.4905989637630383e-05
overture,GLOBAL,t_test,frac50,1.2,393,351865,0,7854,360112,0.0011156595449925907,1.0,0.0022288324717638685,4.871678520525102e-05
overture,GLOBAL,t_test,frac50,1.3,392,337944,1,21775,360112,0.0011586115577414168,0.9974554707379135,0.0023145346279769374,0.0001347063770914318
overture,GLOBAL,t_test,frac50,1.4,385,311623,8,48096,360112,0.0012339427194174508,0.9796437659033079,0.0024647808425709264,0.0002854946854227028
overture,GLOBAL,t_test,frac50,1.5,381,271562,12,88157,360112,0.001401028892084003,0.9694656488549618,0.002798014217731038,0.0006198606451299464
overture,GLOBAL,t_test,frac50,1.6,372,222691,21,137028,360112,0.001667690293773508,0.9465648854961832,0.0033295145353000144,0.0011532115969307376
overture,GLOBAL,t_test,frac50,1.7,366,171446,27,188273,360112,0.0021302353735478314,0.9312977099236641,0.004250747655410702,0.0020775988756643444
overture,GLOBAL,t_test,frac50,1.8,353,125134,40,234585,360112,0.0028130403946225505,0.8982188295165394,0.0056085160470289155,0.0034401612946770763
overture,GLOBAL,t_test,frac50,1.9,342,87277,51,272442,360112,0.0039032629909037993,0.8702290076335878,0.007771667499886378,0.005610951502990138
overture,GLOBAL,t_test,frac50,2.0,320,59270,73,300449,360112,0.005370028528276557,0.8142493638676844,0.010669689745427872,0.008519809859947219
overture,GLOBAL,t_test,frac50,2.1,297,39346,96,320373,360112,0.007491864894180561,0.7557251908396947,0.014836647017684083,0.012702871842816817
overture,GLOBAL,t_test,frac50,2.2,280,26128,113,333591,360112,0.010602847621932747,0.712468193384224,0.020894742733480094,0.018784492931562157
overture,GLOBAL,t_test,frac50,2.3,259,17243,134,342476,360112,0.014798308764712604,0.6590330788804071,0.028946633137747976,0.02686927145987187
overture,GLOBAL,t_test,frac50,2.4,243,11823,150,347896,360112,0.02013923421183491,0.6183206106870229,0.039007946063086926,0.036972292498228726
overture,GLOBAL,t_test,frac50,2.5,216,8232,177,351487,360112,0.02556818181818182,0.549618320610687,0.048863250763488304,0.046875384547585004
overture,GLOBAL,t_test,frac50,2.6,196,5885,197,353834,360112,0.03223154086498931,0.49872773536895676,0.06054989187519308,0.05861991427882511
overture,GLOBAL,t_test,frac50,2.7,178,4354,215,355365,360112,0.03927625772285966,0.4529262086513995,0.07228426395939087,0.07041721075841932
overture,GLOBAL,t_test,frac50,2.8,152,3248,241,356471,360112,0.04470588235294118,0.38676844783715014,0.08014764039019247,0.07834441636398627
overture,GLOBAL,t_test,frac50,2.9,126,2548,267,357171,360112,0.04712041884816754,0.32061068702290074,0.08216498206716662,0.08041503690067851
overture,GLOBAL,t_test,frac50,3.0,111,1965,282,357754,360112,0.05346820809248555,0.2824427480916031,0.08991494532199272,0.08824165631448218
overture,GLOBAL,t_test,frac50,3.1,97,1480,296,358239,360112,0.061509194673430564,0.24681933842239187,0.09847715736040609,0.09689923136301108
overture,GLOBAL,t_test,frac50,3.2,90,1185,303,358534,360112,0.07058823529411765,0.22900763358778625,0.10791366906474818,0.10642282865472291
overture,GLOBAL,t_test,frac50,3.3,78,968,315,358751,360112,0.0745697896749522,0.1984732824427481,0.10840861709520501,0.10699180816404939
overture,GLOBAL,t_test,frac50,3.4,65,786,328,358933,360112,0.07638072855464159,0.16539440203562342,0.1045016077170418,0.10316252353436837
overture,GLOBAL,t_test,frac50,3.5,54,635,339,359084,360112,0.0783744557329463,0.13740458015267176,0.09981515711645102,0.09856226797232458
overture,GLOBAL,t_test,frac50,3.6,50,537,343,359182,360112,0.08517887563884156,0.1272264631043257,0.10204081632653061,0.10086531877863981
overture,GLOBAL,t_test,frac50,3.7,45,457,348,359262,360112,0.08964143426294821,0.11450381679389313,0.1005586592178771,0.0994561798147854
overture,GLOBAL,t_test,frac50,3.8,41,382,352,359337,360112,0.09692671394799054,0.10432569974554708,0.10049019607843138,0.09947129335588889
overture,GLOBAL,t_test,frac50,3.9,36,328,357,359391,360112,0.0989010989010989,0.0916030534351145,0.09511228533685602,0.09416159038372292
overture,GLOBAL,t_test,frac50,4.0,34,282,359,359437,360112,0.10759493670886076,0.08651399491094147,0.09590973201692524,0.0950293720535374
overture,GLOBAL,t_test,frac50,4.1,32,245,361,359474,360112,0.11552346570397112,0.08142493638676845,0.0955223880597015,0.09470546751868192
overture,GLOBAL,t_test,frac50,4.2,30,213,363,359506,360112,0.12345679012345678,0.07633587786259542,0.09433962264150943,0.09358372706441265
overture,GLOBAL,t_test,frac50,4.3,24,172,369,359547,360112,0.12244897959183673,0.061068702290076333,0.08149405772495756,0.08082644708574231
overture,GLOBAL,t_test,frac50,4.4,18,138,375,359581,360112,0.11538461538461539,0.04580152671755725,0.06557377049180328,0.06499387242174688
overture,GLOBAL,t_test,frac50,4.5,15,109,378,359610,360112,0.12096774193548387,0.03816793893129771,0.058027079303675046,0.05753369886700533
overture,GLOBAL,t_test,frac50,4.6,13,87,380,359632,360112,0.13,0.03307888040712468,0.05273833671399594,0.052318770690463756
overture,GLOBAL,t_test,frac50,4.7,10,67,383,359652,360112,0.12987012987012986,0.02544529262086514,0.042553191489361694,0.04221070156475402
overture,GLOBAL,t_test,frac50,4.8,8,53,385,359666,360112,0.13114754098360656,0.020356234096692113,0.03524229074889868,0.034959278929006056
overture,GLOBAL,t_test,frac50,4.9,8,45,385,359674,360112,0.1509433962264151,0.020356234096692113,0.035874439461883414,0.03562430575483995
overture,GLOBAL,t_test,frac50,5.0,8,38,385,359681,360112,0.17391304347826086,0.020356234096692113,0.03644646924829157,0.03622604800459633
overture,GLOBAL,t_test,frac50,5.1,7,35,386,359684,360112,0.16666666666666666,0.017811704834605598,0.03218390804597701,0.03197990842653626
overture,GLOBAL,t_test,frac50,5.2,5,31,388,359688,360112,0.1388888888888889,0.01272264631043257,0.02331002331002331,0.02313110019747529
overture,GLOBAL,t_test,frac50,5.3,4,23,389,359696,360112,0.14814814814814814,0.010178117048346057,0.01904761904761905,0.01890995888018983
overture,GLOBAL,t_test,frac50,5.4,4,20,389,359699,360112,0.16666666666666666,0.010178117048346057,0.019184652278177457,0.019061426391538076
overture,GLOBAL,t_test,frac50,5.5,4,18,389,359701,360112,0.18181818181818182,0.010178117048346057,0.01927710843373494,0.019163618823938796
overture,GLOBAL,t_test,frac50,5.6,4,17,389,359702,360112,0.19047619047619047,0.010178117048346057,0.01932367149758454,0.019215084535233264
overture,GLOBAL,t_test,frac50,5.7,3,14,390,359705,360112,0.17647058823529413,0.007633587786259542,0.014634146341463414,0.014544962365279093
overture,GLOBAL,t_test,frac50,5.8,1,9,392,359710,360112,0.1,0.002544529262086514,0.004962779156327544,0.004908884866256714
overture,GLOBAL,t_test,frac50,5.9,1,8,392,359711,360112,0.1111111111111111,0.002544529262086514,0.004975124378109453,0.004926499719114251
overture,GLOBAL,t_test,frac50,6.0,1,7,392,359712,360112,0.125,0.002544529262086514,0.004987531172069826,0.004944202238263255
overture,COASTAL4,t_test,mean,0.0,370,122798,0,0,123168,0.003004027020005196,1.0,0.005990059738703881,0.0
overture,COASTAL4,t_test,mean,0.1,370,122798,0,0,123168,0.003004027020005196,1.0,0.005990059738703881,0.0
overture,COASTAL4,t_test,mean,0.2,370,122798,0,0,123168,0.003004027020005196,1.0,0.005990059738703881,0.0
overture,COASTAL4,t_test,mean,0.3,370,122798,0,0,123168,0.003004027020005196,1.0,0.005990059738703881,0.0
overture,COASTAL4,t_test,mean,0.4,370,122798,0,0,123168,0.003004027020005196,1.0,0.005990059738703881,0.0
overture,COASTAL4,t_test,mean,0.5,370,122798,0,0,123168,0.003004027020005196,1.0,0.005990059738703881,0.0
overture,COASTAL4,t_test,mean,0.6,370,122798,0,0,123168,0.003004027020005196,1.0,0.005990059738703881,0.0
overture,COASTAL4,t_test,mean,0.7,370,122798,0,0,123168,0.003004027020005196,1.0,0.005990059738703881,0.0
overture,COASTAL4,t_test,mean,0.8,370,122798,0,0,123168,0.003004027020005196,1.0,0.005990059738703881,0.0
overture,COASTAL4,t_test,mean,0.9,370,122749,0,49,123168,0.0030052225895272054,1.0,0.0059924365732980265,2.3983408573792944e-06
overture,COASTAL4,t_test,mean,1.0,370,122344,0,454,123168,0.0030151408967192006,1.0,0.006012154301127685,2.2294478866845276e-05
overture,COASTAL4,t_test,mean,1.1,370,121067,0,1731,123168,0.0030468473364789975,1.0,0.006075184513205317,8.58949857552271e-05
overture,COASTAL4,t_test,mean,1.2,370,117716,0,5082,123168,0.00313330962180106,1.0,0.006247045316404402,0.0002593106554511199
overture,COASTAL4,t_test,mean,1.3,370,110566,0,12232,123168,0.003335256364029711,1.0,0.006648338813720734,0.0006642340512775572
overture,COASTAL4,t_test,mean,1.4,364,99069,6,23729,123168,0.0036607564892942985,0.9837837837837838,0.007294369908720178,0.0013164696459581965
overture,COASTAL4,t_test,mean,1.5,361,84142,9,38656,123168,0.004272037679135652,0.9756756756756757,0.008506827848668009,0.0025401605384767776
overture,COASTAL4,t_test,mean,1.6,359,67229,11,55569,123168,0.005311593774042729,0.9702702702702702,0.010565349186262103,0.004617597963891495
overture,COASTAL4,t_test,mean,1.7,354,51260,16,71538,123168,0.0068586042546595885,0.9567567567567568,0.013619575253924286,0.007700218030345002
overture,COASTAL4,t_test,mean,1.8,346,37624,24,85174,123168,0.009112457203055044,0.9351351351351351,0.0180490349504434,0.012171382226215261
overture,COASTAL4,t_test,mean,1.9,334,26879,36,95919,123168,0.01227354573181935,0.9027027027027027,0.02421781532103107,0.01839941550441531
overture,COASTAL4,t_test,mean,2.0,313,18984,57,103814,123168,0.016220137845260923,0.845945945945946,0.031829968983576554,0.026088739630993566
overture,COASTAL4,t_test,mean,2.1,295,13302,75,109496,123168,0.021695962344634848,0.7972972972972973,0.04224242858165676,0.03660764826454462
overture,COASTAL4,t_test,mean,2.2,272,9680,98,113118,123168,0.027331189710610933,0.7351351351351352,0.05270296454175548,0.047183593769580874
overture,COASTAL4,t_test,mean,2.3,252,7277,118,115521,123168,0.03347058042236685,0.6810810810810811,0.06380554500569693,0.0584134284687359
overture,COASTAL4,t_test,mean,2.4,227,5589,143,117209,123168,0.0390302613480055,0.6135135135135135,0.0733915292596185,0.06812766439318227
overture,COASTAL4,t_test,mean,2.5,209,4311,161,118487,123168,0.046238938053097346,0.5648648648648649,0.08548057259713701,0.08037346627426448
overture,COASTAL4,t_test,mean,2.6,188,3340,182,119458,123168,0.05328798185941043,0.5081081081081081,0.09645972293483839,0.09151961855583853
overture,COASTAL4,t_test,mean,2.7,170,2590,200,120208,123168,0.06159420289855073,0.4594594594594595,0.10862619808306709,0.1038786936586809
overture,COASTAL4,t_test,mean,2.8,139,2034,231,120764,123168,0.06396686608375518,0.37567567567567567,0.10931970114038538,0.10472344303232713
overture,COASTAL4,t_test,mean,2.9,120,1615,250,121183,123168,0.069164265129683,0.32432432432432434,0.1140142517814727,0.10960500997074837
overture,COASTAL4,t_test,mean,3.0,105,1255,265,121543,123168,0.07720588235294118,0.28378378378378377,0.12138728323699423,0.11721781957111517
overture,COASTAL4,t_test,mean,3.1,92,995,278,121803,123168,0.08463661453541858,0.24864864864864866,0.1262868908716541,0.12235298737884412
overture,COASTAL4,t_test,mean,3.2,80,811,290,121987,123168,0.08978675645342311,0.21621621621621623,0.126883425852498,0.12316108392336685
overture,COASTAL4,t_test,mean,3.3,68,646,302,122152,123168,0.09523809523809523,0.1837837837837838,0.12546125461254612,0.12198666215009579
overture,COASTAL4,t_test,mean,3.4,57,541,313,122257,123168,0.09531772575250837,0.15405405405405406,0.11776859504132232,0.11448191754681979
overture,COASTAL4,t_test,mean,3.5,52,440,318,122358,123168,0.10569105691056911,0.14054054054054055,0.12064965197215777,0.11762381555746476
overture,COASTAL4,t_test,mean,3.6,47,376,323,122422,123168,0.1111111111111111,0.12702702702702703,0.11853720050441362,0.11570320562606505
overture,COASTAL4,t_test,mean,3.7,42,324,328,122474,123168,0.11475409836065574,0.11351351351351352,0.1141304347826087,0.11147579030273388
overture,COASTAL4,t_test,mean,3.8,36,266,334,122532,123168,0.11920529801324503,0.0972972972972973,0.10714285714285714,0.10472557313178134
overture,COASTAL4,t_test,mean,3.9,35,227,335,122571,123168,0.13358778625954199,0.0945945945945946,0.11075949367088608,0.1085391493974502
overture,COASTAL4,t_test,mean,4.0,28,181,342,122617,123168,0.1339712918660287,0.07567567567567568,0.09671848013816926,0.09475526651273099
overture,COASTAL4,t_test,mean,4.1,24,150,346,122648,123168,0.13793103448275862,0.06486486486486487,0.08823529411764706,0.08647978803080976
overture,COASTAL4,t_test,mean,4.2,19,127,351,122671,123168,0.13013698630136986,0.051351351351351354,0.07364341085271318,0.07206596635334304
overture,COASTAL4,t_test,mean,4.3,17,99,353,122699,123168,0.14655172413793102,0.04594594594594595,0.06995884773662552,0.06862323377489697
overture,COASTAL4,t_test,mean,4.4,15,87,355,122711,123168,0.14705882352941177,0.04054054054054054,0.0635593220338983,0.06234191303672409
overture,COASTAL4,t_test,mean,4.5,15,69,355,122729,123168,0.17857142857142858,0.04054054054054054,0.06607929515418502,0.06503997270704658
overture,COASTAL4,t_test,mean,4.6,10,54,360,122744,123168,0.15625,0.02702702702702703,0.04608294930875576,0.04523704812388332
overture,COASTAL4,t_test,mean,4.7,10,46,360,122752,123168,0.17857142857142858,0.02702702702702703,0.04694835680751174,0.04619505010743519
overture,COASTAL4,t_test,mean,4.8,9,34,361,122764,123168,0.20930232558139536,0.024324324324324326,0.04358353510895884,0.04298488780634413
overture,COASTAL4,t_test,mean,4.9,8,27,362,122771,123168,0.22857142857142856,0.021621621621621623,0.03950617283950618,0.039007211404407285
overture,COASTAL4,t_test,mean,5.0,7,26,363,122772,123168,0.21212121212121213,0.01891891891891892,0.034739454094292806,0.034264336630820756
overture,COASTAL4,t_test,mean,5.1,5,23,365,122775,123168,0.17857142857142858,0.013513513513513514,0.025125628140703522,0.024713396760653133
overture,COASTAL4,t_test,mean,5.2,4,20,366,122778,123168,0.16666666666666666,0.010810810810810811,0.020304568527918784,0.019945895348888316
overture,COASTAL4,t_test,mean,5.3,4,18,366,122780,123168,0.18181818181818182,0.010810810810810811,0.02040816326530612,0.020077746508211505
overture,COASTAL4,t_test,mean,5.4,4,17,366,122781,123168,0.19047619047619047,0.010810810810810811,0.020460358056265983,0.02014417503401614
overture,COASTAL4,t_test,mean,5.5,4,11,366,122787,123168,0.26666666666666666,0.010810810810810811,0.02077922077922078,0.020549951084814676
overture,COASTAL4,t_test,mean,5.6,4,11,366,122787,123168,0.26666666666666666,0.010810810810810811,0.02077922077922078,0.020549951084814676
overture,COASTAL4,t_test,mean,5.7,2,9,368,122789,123168,0.18181818181818182,0.005405405405405406,0.010498687664041995,0.010327018119883189
overture,COASTAL4,t_test,mean,5.8,2,4,368,122794,123168,0.3333333333333333,0.005405405405405406,0.010638297872340427,0.010543435502482957
overture,COASTAL4,t_test,mean,5.9,1,4,369,122794,123168,0.2,0.002702702702702703,0.005333333333333333,0.005253646802089532
overture,COASTAL4,t_test,mean,6.0,1,3,369,122795,123168,0.25,0.002702702702702703,0.005347593582887701,0.005283675835040733
overture,COASTAL4,t_test,max,0.0,370,122798,0,0,123168,0.003004027020005196,1.0,0.005990059738703881,0.0
overture,COASTAL4,t_test,max,0.1,370,122798,0,0,123168,0.003004027020005196,1.0,0.005990059738703881,0.0
overture,COASTAL4,t_test,max,0.2,370,122798,0,0,123168,0.003004027020005196,1.0,0.005990059738703881,0.0
overture,COASTAL4,t_test,max,0.3,370,122798,0,0,123168,0.003004027020005196,1.0,0.005990059738703881,0.0
overture,COASTAL4,t_test,max,0.4,370,122798,0,0,123168,0.003004027020005196,1.0,0.005990059738703881,0.0
overture,COASTAL4,t_test,max,0.5,370,122798,0,0,123168,0.003004027020005196,1.0,0.005990059738703881,0.0
overture,COASTAL4,t_test,max,0.6,370,122798,0,0,123168,0.003004027020005196,1.0,0.005990059738703881,0.0
overture,COASTAL4,t_test,max,0.7,370,122798,0,0,123168,0.003004027020005196,1.0,0.005990059738703881,0.0
overture,COASTAL4,t_test,max,0.8,370,122798,0,0,123168,0.003004027020005196,1.0,0.005990059738703881,0.0
overture,COASTAL4,t_test,max,0.9,370,122763,0,35,123168,0.0030048809011394184,1.0,0.005991757285248132,1.7129064230552137e-06
overture,COASTAL4,t_test,max,1.0,370,122468,0,330,123168,0.003012097233755027,1.0,0.006006103499772742,1.6188928831141308e-05
overture,COASTAL4,t_test,max,1.1,370,121411,0,1387,123168,0.003038240776475805,1.0,0.006058075660453046,6.863133519074186e-05
overture,COASTAL4,t_test,max,1.2,370,118764,0,4034,123168,0.003105746470361106,1.0,0.0061922613469005214,0.00020403106160639875
overture,COASTAL4,t_test,max,1.3,370,112848,0,9950,123168,0.003268031585083644,1.0,0.006514772687255696,0.0005294598620679847
overture,COASTAL4,t_test,max,1.4,369,103092,1,19706,123168,0.003566561312958506,0.9972972972972973,0.0071077038649343645,0.0011278112279828625
overture,COASTAL4,t_test,max,1.5,365,89700,5,33098,123168,0.004052628657080997,0.9864864864864865,0.00807209598053851,0.00210119535605642
overture,COASTAL4,t_test,max,1.6,361,74130,9,48668,123168,0.004846223033655073,0.9756756756756757,0.009644541216387706,0.0036882315170328013
overture,COASTAL4,t_test,max,1.7,359,58051,11,64747,123168,0.0061462078411230955,0.9702702702702702,0.012215039128955428,0.006282310607803194
overture,COASTAL4,t_test,max,1.8,353,44247,17,78551,123168,0.007914798206278027,0.9540540540540541,0.015699355125639317,0.009799122860523523
overture,COASTAL4,t_test,max,1.9,344,32574,26,90224,123168,0.010450209611762561,0.9297297297297298,0.020668108627733717,0.01481485391235095
overture,COASTAL4,t_test,max,2.0,329,23609,41,99189,123168,0.013743838248809424,0.8891891891891892,0.027069277604080958,0.021278570982430217
overture,COASTAL4,t_test,max,2.1,320,16872,50,105926,123168,0.018613308515588647,0.8648648648648649,0.03644231864252364,0.030741649826402897
overture,COASTAL4,t_test,max,2.2,303,12353,67,110445,123168,0.023941213653603036,0.8189189189189189,0.04652233993551359,0.040923831690314466
overture,COASTAL4,t_test,max,2.3,286,9261,84,113537,123168,0.029957054572116896,0.772972972972973,0.05767873348794999,0.05219673844499962
overture,COASTAL4,t_test,max,2.4,271,7218,99,115580,123168,0.036186406729870474,0.7324324324324324,0.06896551724137931,0.06360446913378971
overture,COASTAL4,t_test,max,2.5,246,5651,124,117147,123168,0.04171612684415805,0.6648648648648648,0.07850646242221158,0.07326732561812963
overture,COASTAL4,t_test,max,2.6,229,4476,141,118322,123168,0.04867162592986185,0.6189189189189189,0.09024630541871921,0.08515056807807353
overture,COASTAL4,t_test,max,2.7,210,3537,160,119261,123168,0.05604483586869496,0.5675675675675675,0.10201603109059997,0.09707876512019674
overture,COASTAL4,t_test,max,2.8,188,2793,182,120005,123168,0.0630660852063066,0.5081081081081081,0.11220531184720978,0.10743484030844525
overture,COASTAL4,t_test,max,2.9,168,2306,202,120492,123168,0.06790622473726758,0.4540540540540541,0.11814345991561181,0.11351029638399511
overture,COASTAL4,t_test,max,3.0,149,1843,221,120955,123168,0.0747991967871486,0.4027027027027027,0.12616426756985608,0.12171407098492533
overture,COASTAL4,t_test,max,3.1,136,1452,234,121346,123168,0.08564231738035265,0.3675675675675676,0.13891726251276812,0.13470090049235314
overture,COASTAL4,t_test,max,3.2,122,1212,248,121586,123168,0.09145427286356822,0.32972972972972975,0.1431924882629108,0.13914345958386226
overture,COASTAL4,t_test,max,3.3,106,992,264,121806,123168,0.0965391621129326,0.2864864864864865,0.1444141689373297,0.14055201381454738
overture,COASTAL4,t_test,max,3.4,94,817,276,121981,123168,0.10318331503841932,0.25405405405405407,0.14676034348165495,0.14309905711671705
overture,COASTAL4,t_test,max,3.5,87,690,283,122108,123168,0.11196911196911197,0.23513513513513515,0.15170008718395814,0.14823342097876296
overture,COASTAL4,t_test,max,3.6,79,593,291,122205,123168,0.11755952380952381,0.21351351351351353,0.15163147792706336,0.14833153864291812
overture,COASTAL4,t_test,max,3.7,70,515,300,122283,123168,0.11965811965811966,0.1891891891891892,0.14659685863874344,0.14344445474089065
overture,COASTAL4,t_test,max,3.8,62,429,308,122369,123168,0.12627291242362526,0.16756756756756758,0.1440185830429733,0.14107574040225046
overture,COASTAL4,t_test,max,3.9,59,367,311,122431,123168,0.13849765258215962,0.15945945945945947,0.14824120603015076,0.14549365572208484
overture,COASTAL4,t_test,max,4.0,46,322,324,122476,123168,0.125,0.12432432432432433,0.12466124661246612,0.12203095140908198
overture,COASTAL4,t_test,max,4.1,44,278,326,122520,123168,0.13664596273291926,0.11891891891891893,0.12716763005780346,0.12472065079058882
overture,COASTAL4,t_test,max,4.2,40,239,330,122559,123168,0.14336917562724014,0.10810810810810811,0.12326656394453003,0.12099625970653331
overture,COASTAL4,t_test,max,4.3,34,183,336,122615,123168,0.15668202764976957,0.0918918918918919,0.11584327086882454,0.11387515630234102
overture,COASTAL4,t_test,max,4.4,26,142,344,122656,123168,0.15476190476190477,0.07027027027027027,0.09665427509293681,0.09495630364071853
overture,COASTAL4,t_test,max,4.5,23,117,347,122681,123168,0.16428571428571428,0.062162162162162166,0.09019607843137255,0.0886930875199825
overture,COASTAL4,t_test,max,4.6,18,91,352,122707,123168,0.1651376146788991,0.04864864864864865,0.07515657620041753,0.07389042027598858
overture,COASTAL4,t_test,max,4.7,16,76,354,122722,123168,0.17391304347826086,0.043243243243243246,0.06926406926406926,0.06814919454616163
overture,COASTAL4,t_test,max,4.8,14,66,356,122732,123168,0.175,0.03783783783783784,0.06222222222222223,0.06121951219512892
overture,COASTAL4,t_test,max,4.9,13,58,357,122740,123168,0.18309859154929578,0.03513513513513514,0.05895691609977325,0.05804577972345441
overture,COASTAL4,t_test,max,5.0,10,47,360,122751,123168,0.17543859649122806,0.02702702702702703,0.0468384074941452,0.04607334696895094
overture,COASTAL4,t_test,max,5.1,9,42,361,122756,123168,0.17647058823529413,0.024324324324324326,0.04275534441805226,0.0420581385035485
overture,COASTAL4,t_test,max,5.2,9,36,361,122762,123168,0.2,0.024324324324324326,0.04337349397590362,0.04274986873894551
overture,COASTAL4,t_test,max,5.3,8,31,362,122767,123168,0.20512820512820512,0.021621621621621623,0.039119804400977995,0.03856900526773497
overture,COASTAL4,t_test,max,5.4,8,28,362,122770,123168,0.2222222222222222,0.021621621621621623,0.03940886699507389,0.03889685481073776
overture,COASTAL4,t_test,max,5.5,8,28,362,122770,123168,0.2222222222222222,0.021621621621621623,0.03940886699507389,0.03889685481073776
overture,COASTAL4,t_test,max,5.6,8,27,362,122771,123168,0.22857142857142856,0.021621621621621623,0.03950617283950618,0.039007211404407285
overture,COASTAL4,t_test,max,5.7,7,20,363,122778,123168,0.25925925925925924,0.01891891891891892,0.03526448362720404,0.03487012363674146
overture,COASTAL4,t_test,max,5.8,5,13,365,122785,123168,0.2777777777777778,0.013513513513513514,0.025773195876288665,0.025501579626030182
overture,COASTAL4,t_test,max,5.9,3,11,367,122787,123168,0.21428571428571427,0.008108108108108109,0.015625,0.015409331679210648
overture,COASTAL4,t_test,max,6.0,2,10,368,122788,123168,0.16666666666666666,0.005405405405405406,0.010471204188481676,0.010284410531561138
overture,COASTAL4,t_test,p75,0.0,370,122798,0,0,123168,0.003004027020005196,1.0,0.005990059738703881,0.0
overture,COASTAL4,t_test,p75,0.1,370,122798,0,0,123168,0.003004027020005196,1.0,0.005990059738703881,0.0
overture,COASTAL4,t_test,p75,0.2,370,122798,0,0,123168,0.003004027020005196,1.0,0.005990059738703881,0.0
overture,COASTAL4,t_test,p75,0.3,370,122798,0,0,123168,0.003004027020005196,1.0,0.005990059738703881,0.0
overture,COASTAL4,t_test,p75,0.4,370,122798,0,0,123168,0.003004027020005196,1.0,0.005990059738703881,0.0
overture,COASTAL4,t_test,p75,0.5,370,122798,0,0,123168,0.003004027020005196,1.0,0.005990059738703881,0.0
overture,COASTAL4,t_test,p75,0.6,370,122798,0,0,123168,0.003004027020005196,1.0,0.005990059738703881,0.0
overture,COASTAL4,t_test,p75,0.7,370,122798,0,0,123168,0.003004027020005196,1.0,0.005990059738703881,0.0
overture,COASTAL4,t_test,p75,0.8,370,122798,0,0,123168,0.003004027020005196,1.0,0.005990059738703881,0.0
overture,COASTAL4,t_test,p75,0.9,370,122757,0,41,123168,0.0030050273295053075,1.0,0.00599204838983943,2.0066450087669856e-06
overture,COASTAL4,t_test,p75,1.0,370,122419,0,379,123168,0.0030132992369023286,1.0,0.006008493086173159,1.8600136642781293e-05
overture,COASTAL4,t_test,p75,1.1,370,121272,0,1526,123168,0.0030417125663833216,1.0,0.006064977215355867,7.559533433166504e-05
overture,COASTAL4,t_test,p75,1.2,370,118269,0,4529,123168,0.0031187046418125574,1.0,0.0062180171247552705,0.00023001985133377746
overture,COASTAL4,t_test,p75,1.3,370,111762,0,11036,123168,0.0032996825170334963,1.0,0.006577660841585039,0.000592916833122884
overture,COASTAL4,t_test,p75,1.4,368,101230,2,21568,123168,0.003622118545640662,0.9945945945945946,0.0072179507296406716,0.0012391151074776605
overture,COASTAL4,t_test,p75,1.5,363,87046,7,35752,123168,0.004152890434623437,0.981081081081081,0.008270770913316398,0.0023018127317140937
overture,COASTAL4,t_test,p75,1.6,359,70681,11,52117,123168,0.005053490990990991,0.9702702702702702,0.010054614199691921,0.004102208563102614
overture,COASTAL4,t_test,p75,1.7,356,54645,14,68153,123168,0.0064726095889165655,0.9621621621621622,0.012858716656733668,0.0069321802321438385
overture,COASTAL4,t_test,p75,1.8,349,40847,21,81951,123168,0.008471696281192348,0.9432432432432433,0.01679257085117644,0.010902919775587511
overture,COASTAL4,t_test,p75,1.9,342,29643,28,93155,123168,0.011405702851425713,0.9243243243243243,0.022533355295667933,0.016697631460081297
overture,COASTAL4,t_test,p75,2.0,323,21146,47,101652,123168,0.015044948530439238,0.8729729729729729,0.02958010897934887,0.02381449913105747
overture,COASTAL4,t_test,p75,2.1,311,14949,59,107849,123168,0.02038007863695937,0.8405405405405405,0.039795265515035184,0.03412963528129954
overture,COASTAL4,t_test,p75,2.2,291,10891,79,111907,123168,0.026023967089966016,0.7864864864864864,0.0503808864265928,0.044825955659594595
overture,COASTAL4,t_test,p75,2.3,273,8180,97,114618,123168,0.03229622619188454,0.7378378378378379,0.061883713022781374,0.056452558471690915
overture,COASTAL4,t_test,p75,2.4,248,6332,122,116466,123168,0.03768996960486322,0.6702702702702703,0.07136690647482014,0.06605443657063713
overture,COASTAL4,t_test,p75,2.5,223,4928,147,117870,123168,0.043292564550572704,0.6027027027027027,0.08078246694439413,0.07560082760751782
overture,COASTAL4,t_test,p75,2.6,208,3831,162,118967,123168,0.05149789551869274,0.5621621621621622,0.09435246087548196,0.08934031508107158
overture,COASTAL4,t_test,p75,2.7,190,2999,180,119799,123168,0.05957980558168705,0.5135135135135135,0.10677156504636134,0.10193689078838508
overture,COASTAL4,t_test,p75,2.8,164,2389,206,120409,123168,0.06423815119467294,0.44324324324324327,0.11221347930208692,0.10753020759083012
overture,COASTAL4,t_test,p75,2.9,143,1925,227,120873,123168,0.06914893617021277,0.3864864864864865,0.1173092698933552,0.11278781543287175
overture,COASTAL4,t_test,p75,3.0,124,1493,246,121305,123168,0.0766852195423624,0.33513513513513515,0.12481127327629593,0.12051119562187607
overture,COASTAL4,t_test,p75,3.1,113,1194,257,121604,123168,0.0864575363427697,0.3054054054054054,0.13476446034585568,0.1306939481682383
overture,COASTAL4,t_test,p75,3.2,99,968,271,121830,123168,0.09278350515463918,0.26756756756756755,0.13778705636743216,0.1339234063179372
overture,COASTAL4,t_test,p75,3.3,88,796,282,122002,123168,0.09954751131221719,0.23783783783783785,0.14035087719298245,0.1366944824537777
overture,COASTAL4,t_test,p75,3.4,75,650,295,122148,123168,0.10344827586206896,0.20270270270270271,0.136986301369863,0.1335395778503637
overture,COASTAL4,t_test,p75,3.5,66,544,304,122254,123168,0.10819672131147541,0.1783783783783784,0.1346938775510204,0.13144573900878448
overture,COASTAL4,t_test,p75,3.6,58,461,312,122337,123168,0.11175337186897881,0.15675675675675677,0.13048368953880765,0.12742311379548626
overture,COASTAL4,t_test,p75,3.7,50,393,320,122405,123168,0.11286681715575621,0.13513513513513514,0.12300123001230012,0.12012071525818747
overture,COASTAL4,t_test,p75,3.8,47,336,323,122462,123168,0.1227154046997389,0.12702702702702703,0.12483399734395752,0.12215138910346196
overture,COASTAL4,t_test,p75,3.9,42,289,328,122509,123168,0.1268882175226586,0.11351351351351352,0.11982881597717546,0.11732475585227864
overture,COASTAL4,t_test,p75,4.0,38,246,332,122552,123168,0.13380281690140844,0.10270270270270271,0.1162079510703364,0.11389610418058749
overture,COASTAL4,t_test,p75,4.1,35,210,335,122588,123168,0.14285714285714285,0.0945945945945946,0.11382113821138212,0.11169502251112477
overture,COASTAL4,t_test,p75,4.2,32,168,338,122630,123168,0.16,0.08648648648648649,0.11228070175438598,0.11040535695117705
overture,COASTAL4,t_test,p75,4.3,27,134,343,122664,123168,0.16770186335403728,0.07297297297297298,0.1016949152542373,0.10005553047847106
overture,COASTAL4,t_test,p75,4.4,20,111,350,122687,123168,0.15267175572519084,0.05405405405405406,0.07984031936127746,0.0783925032707485
overture,COASTAL4,t_test,p75,4.5,17,91,353,122707,123168,0.1574074074074074,0.04594594594594595,0.07112970711297072,0.06986708118246159
overture,COASTAL4,t_test,p75,4.6,17,72,353,122726,123168,0.19101123595505617,0.04594594594594595,0.07407407407407407,0.07299414899547606
overture,COASTAL4,t_test,p75,4.7,12,58,358,122740,123168,0.17142857142857143,0.032432432432432434,0.05454545454545455,0.053640899174251466
overture,COASTAL4,t_test,p75,4.8,11,48,359,122750,123168,0.1864406779661017,0.02972972972972973,0.05128205128205129,0.050497493986790896
overture,COASTAL4,t_test,p75,4.9,10,36,360,122762,123168,0.21739130434782608,0.02702702702702703,0.04807692307692308,0.047444090530062336
overture,COASTAL4,t_test,p75,5.0,8,29,362,122769,123168,0.21621621621621623,0.021621621621621623,0.03931203931203932,0.03878703754639523
overture,COASTAL4,t_test,p75,5.1,8,25,362,122773,123168,0.24242424242424243,0.021621621621621623,0.03970223325062035,0.03922955855046344
overture,COASTAL4,t_test,p75,5.2,6,23,364,122775,123168,0.20689655172413793,0.016216216216216217,0.03007518796992481,0.029651460432522515
overture,COASTAL4,t_test,p75,5.3,6,21,364,122777,123168,0.2222222222222222,0.016216216216216217,0.03022670025188917,0.029830280940320558
overture,COASTAL4,t_test,p75,5.4,5,20,365,122778,123168,0.2,0.013513513513513514,0.02531645569620253,0.024945684872333743
overture,COASTAL4,t_test,p75,5.5,5,18,365,122780,123168,0.21739130434782608,0.013513513513513514,0.025445292620865142,0.02510250267817258
overture,COASTAL4,t_test,p75,5.6,4,16,366,122782,123168,0.2,0.010810810810810811,0.020512820512820513,0.020210942276589594
overture,COASTAL4,t_test,p75,5.7,4,13,366,122785,123168,0.23529411764705882,0.010810810810810811,0.020671834625323,0.02041330241120638
overture,COASTAL4,t_test,p75,5.8,2,8,368,122790,123168,0.2,0.005405405405405406,0.010526315789473684,0.010369848646609236
overture,COASTAL4,t_test,p75,5.9,2,6,368,122792,123168,0.25,0.005405405405405406,0.010582010582010583,0.010456185551056133
overture,COASTAL4,t_test,p75,6.0,2,6,368,122792,123168,0.25,0.005405405405405406,0.010582010582010583,0.010456185551056133
overture,COASTAL4,t_test,p90,0.0,370,122798,0,0,123168,0.003004027020005196,1.0,0.005990059738703881,0.0
overture,COASTAL4,t_test,p90,0.1,370,122798,0,0,123168,0.003004027020005196,1.0,0.005990059738703881,0.0
overture,COASTAL4,t_test,p90,0.2,370,122798,0,0,123168,0.003004027020005196,1.0,0.005990059738703881,0.0
overture,COASTAL4,t_test,p90,0.3,370,122798,0,0,123168,0.003004027020005196,1.0,0.005990059738703881,0.0
overture,COASTAL4,t_test,p90,0.4,370,122798,0,0,123168,0.003004027020005196,1.0,0.005990059738703881,0.0
overture,COASTAL4,t_test,p90,0.5,370,122798,0,0,123168,0.003004027020005196,1.0,0.005990059738703881,0.0
overture,COASTAL4,t_test,p90,0.6,370,122798,0,0,123168,0.003004027020005196,1.0,0.005990059738703881,0.0
overture,COASTAL4,t_test,p90,0.7,370,122798,0,0,123168,0.003004027020005196,1.0,0.005990059738703881,0.0
overture,COASTAL4,t_test,p90,0.8,370,122798,0,0,123168,0.003004027020005196,1.0,0.005990059738703881,0.0
overture,COASTAL4,t_test,p90,0.9,370,122762,0,36,123168,0.003004905304876068,1.0,0.005991805800715779,1.7618608720329891e-06
overture,COASTAL4,t_test,p90,1.0,370,122446,0,352,123168,0.003012636789994789,1.0,0.006007176140145796,1.7271274653258725e-05
overture,COASTAL4,t_test,p90,1.1,370,121369,0,1429,123168,0.0030392889706667542,1.0,0.006060159365812512,7.073389363571517e-05
overture,COASTAL4,t_test,p90,1.2,370,118579,0,4219,123168,0.00311057680182263,1.0,0.006201862234849437,0.0002137188090193264
overture,COASTAL4,t_test,p90,1.3,370,112464,0,10334,123168,0.00327915344665615,1.0,0.006536871488639978,0.0005517585475296105
overture,COASTAL4,t_test,p90,1.4,368,102416,2,20382,123168,0.003580323785803238,0.9945945945945946,0.007134963258816915,0.0011553759912137258
overture,COASTAL4,t_test,p90,1.5,365,88684,5,34114,123168,0.004098866915967613,0.9864864864864865,0.008163813059864234,0.0021937448851344164
overture,COASTAL4,t_test,p90,1.6,360,72766,10,50032,123168,0.00492300959986872,0.972972972972973,0.009796451507565038,0.0038416081343377022
overture,COASTAL4,t_test,p90,1.7,357,56679,13,66119,123168,0.0062592047128129605,0.9648648648648649,0.012437724279692019,0.006507237918279781
overture,COASTAL4,t_test,p90,1.8,352,42872,18,79926,123168,0.008143623912641125,0.9513513513513514,0.016149011331834655,0.010253028004628446
overture,COASTAL4,t_test,p90,1.9,344,31366,26,91432,123168,0.010848312835067802,0.9297297297297298,0.02144638403990025,0.015600271140524225
overture,COASTAL4,t_test,p90,2.0,328,22550,42,100248,123168,0.014336917562724014,0.8864864864864865,0.028217481073640742,0.022437708768904566
overture,COASTAL4,t_test,p90,2.1,313,16066,57,106732,123168,0.019109835765309238,0.845945945945946,0.03737536569347424,0.03168620172064485
overture,COASTAL4,t_test,p90,2.2,297,11731,73,111067,123168,0.024692384436315263,0.8027027027027027,0.04791095337957735,0.042328925672425764
overture,COASTAL4,t_test,p90,2.3,281,8822,89,113976,123168,0.03086894430407558,0.7594594594594595,0.05932650691438826,0.05386409610163278
overture,COASTAL4,t_test,p90,2.4,263,6853,107,115945,123168,0.036958965711073634,0.7108108108108108,0.07026449372161368,0.06492417996383108
overture,COASTAL4,t_test,p90,2.5,241,5335,129,117463,123168,0.043220946915351506,0.6513513513513514,0.08106289942818702,0.0758560946555421
overture,COASTAL4,t_test,p90,2.6,219,4197,151,118601,123168,0.049592391304347824,0.5918918918918918,0.09151692436272463,0.08645260266363096
overture,COASTAL4,t_test,p90,2.7,200,3316,170,119482,123168,0.05688282138794084,0.5405405405405406,0.10293360782295417,0.09803049649445192
overture,COASTAL4,t_test,p90,2.8,178,2621,192,120177,123168,0.06359414076455877,0.4810810810810811,0.11233827705900915,0.10760270187211282
overture,COASTAL4,t_test,p90,2.9,159,2155,211,120643,123168,0.06871218668971478,0.4297297297297297,0.11847988077496274,0.11388999036921738
overture,COASTAL4,t_test,p90,3.0,139,1687,231,121111,123168,0.07612267250821468,0.37567567567567567,0.12659380692167577,0.12220856449793699
overture,COASTAL4,t_test,p90,3.1,125,1329,245,121469,123168,0.0859697386519945,0.33783783783783783,0.13706140350877194,0.13290862979634413
overture,COASTAL4,t_test,p90,3.2,112,1099,258,121699,123168,0.09248554913294797,0.3027027027027027,0.14168247944339024,0.13771424506652788
overture,COASTAL4,t_test,p90,3.3,99,905,271,121893,123168,0.09860557768924302,0.26756756756756755,0.14410480349344978,0.14033071376540418
overture,COASTAL4,t_test,p90,3.4,90,747,280,122051,123168,0.10752688172043011,0.24324324324324326,0.14913007456503727,0.14557025177771998
overture,COASTAL4,t_test,p90,3.5,79,622,291,122176,123168,0.11269614835948645,0.21351351351351353,0.14752567693744165,0.14416013591102628
overture,COASTAL4,t_test,p90,3.6,68,536,302,122262,123168,0.11258278145695365,0.1837837837837838,0.13963039014373715,0.1364128945475553
overture,COASTAL4,t_test,p90,3.7,61,462,309,122336,123168,0.11663479923518165,0.16486486486486487,0.13661814109742443,0.13356941904091313
overture,COASTAL4,t_test,p90,3.8,52,377,318,122421,123168,0.12121212121212122,0.14054054054054055,0.13016270337922403,0.1273476566891568
overture,COASTAL4,t_test,p90,3.9,44,336,326,122462,123168,0.11578947368421053,0.11891891891891893,0.11733333333333335,0.11463822061615604
overture,COASTAL4,t_test,p90,4.0,41,276,329,122522,123168,0.12933753943217666,0.11081081081081082,0.11935953420669577,0.11691136940892119
overture,COASTAL4,t_test,p90,4.1,40,249,330,122549,123168,0.1384083044982699,0.10810810810810811,0.12139605462822459,0.11907500090301157
overture,COASTAL4,t_test,p90,4.2,36,206,334,122592,123168,0.1487603305785124,0.0972972972972973,0.11764705882352942,0.11554583117157143
overture,COASTAL4,t_test,p90,4.3,31,157,339,122641,123168,0.16489361702127658,0.08378378378378379,0.1111111111111111,0.10930815582478487
overture,COASTAL4,t_test,p90,4.4,24,131,346,122667,123168,0.15483870967741936,0.06486486486486487,0.09142857142857143,0.08981407778646533
overture,COASTAL4,t_test,p90,4.5,19,102,351,122696,123168,0.15702479338842976,0.051351351351351354,0.07739307535641547,0.07602503814300857
overture,COASTAL4,t_test,p90,4.6,18,85,352,122713,123168,0.17475728155339806,0.04864864864864865,0.07610993657505286,0.07489962057839832
overture,COASTAL4,t_test,p90,4.7,14,72,356,122726,123168,0.16279069767441862,0.03783783783783784,0.06140350877192983,0.06033878060714266
overture,COASTAL4,t_test,p90,4.8,14,59,356,122739,123168,0.1917808219178082,0.03783783783783784,0.06320541760722348,0.06227703388577985
overture,COASTAL4,t_test,p90,4.9,11,47,359,122751,123168,0.1896551724137931,0.02972972972972973,0.0514018691588785,0.05062891443552711
overture,COASTAL4,t_test,p90,5.0,10,39,360,122759,123168,0.20408163265306123,0.02702702702702703,0.0477326968973747,0.04706315153214657
overture,COASTAL4,t_test,p90,5.1,9,35,361,122763,123168,0.20454545454545456,0.024324324324324326,0.04347826086956522,0.042867095958261804
overture,COASTAL4,t_test,p90,5.2,9,27,361,122771,123168,0.25,0.024324324324324326,0.044334975369458136,0.043825588888638155
overture,COASTAL4,t_test,p90,5.3,8,26,362,122772,123168,0.23529411764705882,0.021621621621621623,0.039603960396039604,0.0391181113102753
overture,COASTAL4,t_test,p90,5.4,8,23,362,122775,123168,0.25806451612903225,0.021621621621621623,0.03990024937655861,0.03945411132213921
overture,COASTAL4,t_test,p90,5.5,6,22,364,122776,123168,0.21428571428571427,0.016216216216216217,0.03015075376884422,0.029740647292821623
overture,COASTAL4,t_test,p90,5.6,6,19,364,122779,123168,0.24,0.016216216216216217,0.03037974683544304,0.030010902093783178
overture,COASTAL4,t_test,p90,5.7,6,15,364,122783,123168,0.2857142857142857,0.016216216216216217,0.030690537084398978,0.030377656234684535
overture,COASTAL4,t_test,p90,5.8,4,10,366,122788,123168,0.2857142857142857,0.010810810810810811,0.020833333333333336,0.02061880611477754
overture,COASTAL4,t_test,p90,5.9,2,8,368,122790,123168,0.2,0.005405405405405406,0.010526315789473684,0.010369848646609236
overture,COASTAL4,t_test,p90,6.0,2,7,368,122791,123168,0.2222222222222222,0.005405405405405406,0.010554089709762533,0.010412903866071188
overture,COASTAL4,t_test,frac50,0.0,370,122798,0,0,123168,0.003004027020005196,1.0,0.005990059738703881,0.0
overture,COASTAL4,t_test,frac50,0.1,370,122798,0,0,123168,0.003004027020005196,1.0,0.005990059738703881,0.0
overture,COASTAL4,t_test,frac50,0.2,370,122798,0,0,123168,0.003004027020005196,1.0,0.005990059738703881,0.0
overture,COASTAL4,t_test,frac50,0.3,370,122798,0,0,123168,0.003004027020005196,1.0,0.005990059738703881,0.0
overture,COASTAL4,t_test,frac50,0.4,370,122798,0,0,123168,0.003004027020005196,1.0,0.005990059738703881,0.0
overture,COASTAL4,t_test,frac50,0.5,370,122798,0,0,123168,0.003004027020005196,1.0,0.005990059738703881,0.0
overture,COASTAL4,t_test,frac50,0.6,370,122798,0,0,123168,0.003004027020005196,1.0,0.005990059738703881,0.0
overture,COASTAL4,t_test,frac50,0.7,370,122798,0,0,123168,0.003004027020005196,1.0,0.005990059738703881,0.0
overture,COASTAL4,t_test,frac50,0.8,370,122798,0,0,123168,0.003004027020005196,1.0,0.005990059738703881,0.0
overture,COASTAL4,t_test,frac50,0.9,370,122755,0,43,123168,0.0030050761421319796,1.0,0.005992145430989108,2.1045642133468403e-06
overture,COASTAL4,t_test,frac50,1.0,370,122431,0,367,123168,0.0030130047800913675,1.0,0.0060079077055475725,1.800945939035109e-05
overture,COASTAL4,t_test,frac50,1.1,370,121278,0,1520,123168,0.0030415625411021963,1.0,0.006064678981789571,7.529440239867424e-05
overture,COASTAL4,t_test,frac50,1.2,370,118374,0,4424,123168,0.003115946911001819,1.0,0.006212535889987743,0.00022448902831240794
overture,COASTAL4,t_test,frac50,1.3,370,111929,0,10869,123168,0.003294775554546345,1.0,0.00656791131544613,0.0005830791251277848
overture,COASTAL4,t_test,frac50,1.4,364,101463,6,21335,123168,0.0035746904062773136,0.9837837837837838,0.007123496775834908,0.0011440432347519286
overture,COASTAL4,t_test,frac50,1.5,362,87350,8,35448,123168,0.004127143378329077,0.9783783783783784,0.008219613541926843,0.0022502600139101578
overture,COASTAL4,t_test,frac50,1.6,359,71198,11,51600,123168,0.005016979470911302,0.9702702702702702,0.00998234320908699,0.004029278822318978
overture,COASTAL4,t_test,frac50,1.7,356,54955,14,67843,123168,0.006436332736706984,0.9621621621621622,0.012787126667983692,0.006859937120917721
overture,COASTAL4,t_test,frac50,1.8,349,41278,21,81520,123168,0.008383981550436015,0.9432432432432433,0.016620234778674668,0.010729005151000007
overture,COASTAL4,t_test,frac50,1.9,338,29929,32,92869,123168,0.01116727789341527,0.9135135135135135,0.022064823579332177,0.016225635393784275
overture,COASTAL4,t_test,frac50,2.0,318,21440,52,101358,123168,0.014615313907528266,0.8594594594594595,0.02874186550976139,0.022969968769576153
overture,COASTAL4,t_test,frac50,2.1,296,15129,74,107669,123168,0.019189627228525123,0.8,0.03748021525799304,0.03179947823399865
overture,COASTAL4,t_test,frac50,2.2,279,11028,91,111770,123168,0.0246749801008225,0.754054054054054,0.04778624646741458,0.042214153454299845
overture,COASTAL4,t_test,frac50,2.3,258,8232,112,114566,123168,0.0303886925795053,0.6972972972972973,0.05823927765237021,0.052786021510251226
overture,COASTAL4,t_test,frac50,2.4,242,6388,128,116410,123168,0.036500754147812974,0.654054054054054,0.06914285714285714,0.06381551292253755
overture,COASTAL4,t_test,frac50,2.5,215,4940,155,117858,123168,0.041707080504364696,0.581081081081081,0.07782805429864253,0.07262948904850922
overture,COASTAL4,t_test,frac50,2.6,195,3884,175,118914,123168,0.04780583476342241,0.527027027027027,0.08766014834794336,0.08260678350727722
overture,COASTAL4,t_test,frac50,2.7,177,3022,193,119776,123168,0.05532979055954986,0.4783783783783784,0.0991874474642757,0.09431012990981014
overture,COASTAL4,t_test,frac50,2.8,152,2353,218,120445,123168,0.06067864271457086,0.41081081081081083,0.1057391304347826,0.10103317972271761
overture,COASTAL4,t_test,frac50,2.9,126,1911,244,120887,123168,0.061855670103092786,0.34054054054054056,0.10469464063149149,0.10011919120850761
overture,COASTAL4,t_test,frac50,3.0,111,1508,259,121290,123168,0.06856084002470661,0.3,0.11161387631975868,0.1072479464654556
overture,COASTAL4,t_test,frac50,3.1,97,1174,273,121624,123168,0.07631785995279308,0.26216216216216215,0.11822059719683121,0.11409813753729348
overture,COASTAL4,t_test,frac50,3.2,90,962,280,121836,123168,0.08555133079847908,0.24324324324324326,0.12658227848101264,0.12268279919225959
overture,COASTAL4,t_test,frac50,3.3,78,791,292,122007,123168,0.08975834292289989,0.21081081081081082,0.12590799031476999,0.12220908356538529
overture,COASTAL4,t_test,frac50,3.4,65,649,305,122149,123168,0.09103641456582633,0.17567567567567569,0.11992619926199262,0.1164296157080001
overture,COASTAL4,t_test,frac50,3.5,54,536,316,122262,123168,0.09152542372881356,0.14594594594594595,0.1125,0.10921080554695275
overture,COASTAL4,t_test,frac50,3.6,50,454,320,122344,123168,0.0992063492063492,0.13513513513513514,0.11441647597254005,0.11133761746537622
overture,COASTAL4,t_test,frac50,3.7,45,393,325,122405,123168,0.10273972602739725,0.12162162162162163,0.11138613861386139,0.1084826080634434
overture,COASTAL4,t_test,frac50,3.8,41,328,329,122470,123168,0.1111111111111111,0.11081081081081082,0.11096075778078485,0.10828564858421497
overture,COASTAL4,t_test,frac50,3.9,36,278,334,122520,123168,0.11464968152866242,0.0972972972972973,0.10526315789473685,0.10278857405561469
overture,COASTAL4,t_test,frac50,4.0,34,241,336,122557,123168,0.12363636363636364,0.0918918918918919,0.10542635658914727,0.1031289555534273
overture,COASTAL4,t_test,frac50,4.1,32,208,338,122590,123168,0.13333333333333333,0.08648648648648649,0.10491803278688525,0.10279720279721533
overture,COASTAL4,t_test,frac50,4.2,30,176,340,122622,123168,0.14563106796116504,0.08108108108108109,0.10416666666666667,0.10223763230389599
overture,COASTAL4,t_test,frac50,4.3,24,137,346,122661,123168,0.14906832298136646,0.06486486486486487,0.0903954802259887,0.08873547425808469
overture,COASTAL4,t_test,frac50,4.4,18,112,352,122686,123168,0.13846153846153847,0.04864864864864865,0.07200000000000001,0.07054810873052277
overture,COASTAL4,t_test,frac50,4.5,15,90,355,122708,123168,0.14285714285714285,0.04054054054054054,0.06315789473684211,0.061912023701319825
overture,COASTAL4,t_test,frac50,4.6,13,72,357,122726,123168,0.15294117647058825,0.03513513513513514,0.05714285714285715,0.05608342053936629
overture,COASTAL4,t_test,frac50,4.7,10,57,360,122741,123168,0.14925373134328357,0.02702702702702703,0.045766590389016024,0.044886794261887866
overture,COASTAL4,t_test,frac50,4.8,8,45,362,122753,123168,0.1509433962264151,0.021621621621621623,0.037825059101654845,0.03710020529060969
overture,COASTAL4,t_test,frac50,4.9,8,37,362,122761,123168,0.17777777777777778,0.021621621621621623,0.03855421686746988,0.03792744994165396
overture,COASTAL4,t_test,frac50,5.0,8,32,362,122766,123168,0.2,0.021621621621621623,0.03902439024390244,0.03846078247999848
overture,COASTAL4,t_test,frac50,5.1,7,29,363,122769,123168,0.19444444444444445,0.01891891891891892,0.03448275862068966,0.03396812073287107
overture,COASTAL4,t_test,frac50,5.2,5,26,365,122772,123168,0.16129032258064516,0.013513513513513514,0.024937655860349125,0.02448456500509502
overture,COASTAL4,t_test,frac50,5.3,4,19,366,122779,123168,0.17391304347826086,0.010810810810810811,0.020356234096692113,0.02001165412818206
overture,COASTAL4,t_test,frac50,5.4,4,18,366,122780,123168,0.18181818181818182,0.010810810810810811,0.02040816326530612,0.020077746508211505
overture,COASTAL4,t_test,frac50,5.5,4,16,366,122782,123168,0.2,0.010810810810810811,0.020512820512820513,0.020210942276589594
overture,COASTAL4,t_test,frac50,5.6,4,16,366,122782,123168,0.2,0.010810810810810811,0.020512820512820513,0.020210942276589594
overture,COASTAL4,t_test,frac50,5.7,3,13,367,122785,123168,0.1875,0.008108108108108109,0.015544041450777204,0.0152988129349258
overture,COASTAL4,t_test,frac50,5.8,1,8,369,122790,123168,0.1111111111111111,0.002702702702702703,0.005277044854881266,0.0051351060200162555
overture,COASTAL4,t_test,frac50,5.9,1,7,369,122791,123168,0.125,0.002702702702702703,0.005291005291005292,0.005164507398915392
overture,COASTAL4,t_test,frac50,6.0,1,7,369,122791,123168,0.125,0.002702702702702703,0.005291005291005292,0.005164507398915392
overture,caracas,t_test,mean,0.0,23,190917,0,0,190940,0.0001204566879648057,1.0,0.00024088435979744766,0.0
overture,caracas,t_test,mean,0.1,23,190917,0,0,190940,0.0001204566879648057,1.0,0.00024088435979744766,0.0
overture,caracas,t_test,mean,0.2,23,190917,0,0,190940,0.0001204566879648057,1.0,0.00024088435979744766,0.0
overture,caracas,t_test,mean,0.3,23,190917,0,0,190940,0.0001204566879648057,1.0,0.00024088435979744766,0.0
overture,caracas,t_test,mean,0.4,23,190917,0,0,190940,0.0001204566879648057,1.0,0.00024088435979744766,0.0
overture,caracas,t_test,mean,0.5,23,190917,0,0,190940,0.0001204566879648057,1.0,0.00024088435979744766,0.0
overture,caracas,t_test,mean,0.6,23,190917,0,0,190940,0.0001204566879648057,1.0,0.00024088435979744766,0.0
overture,caracas,t_test,mean,0.7,23,190917,0,0,190940,0.0001204566879648057,1.0,0.00024088435979744766,0.0
overture,caracas,t_test,mean,0.8,23,190916,0,1,190940,0.00012045731882957384,1.0,0.00024088562122307055,1.261881519060921e-09
overture,caracas,t_test,mean,0.9,23,190915,0,2,190940,0.00012045794970095005,1.0,0.00024088688266190477,2.5237762542390854e-09
overture,caracas,t_test,mean,1.0,23,190896,0,21,190940,0.0001204699375127672,1.0,0.00024091085251018633,2.650228800509853e-08
overture,caracas,t_test,mean,1.1,23,190551,0,366,190940,0.00012068802669829042,1.0,0.0002413469257123669,4.627330992168624e-07
overture,caracas,t_test,mean,1.2,23,188787,0,2130,190940,0.00012181558180181134,1.0,0.0002436014891464945,2.718111395076199e-06
overture,caracas,t_test,mean,1.3,21,182532,2,8385,190940,0.00011503508570113885,0.9130434782608695,0.00023004118832705287,-1.0844450799469375e-05
overture,caracas,t_test,mean,1.4,21,168731,2,22186,190940,0.00012444296956480515,0.9130434782608695,0.0002488520219226781,7.973397366485358e-06
overture,caracas,t_test,mean,1.5,19,145594,4,45323,190940,0.00013048285523957338,0.8260869565217391,0.0002609244966903787,2.0053998238226156e-05
overture,caracas,t_test,mean,1.6,13,116864,10,74053,190940,0.00011122804315648075,0.5652173913043478,0.00022241231822070146,-1.8458104085935917e-05
overture,caracas,t_test,mean,1.7,9,86707,14,104210,190940,0.00010378707504958716,0.391304347826087,0.00020751910905129182,-3.3338415031629274e-05
overture,caracas,t_test,mean,1.8,4,59832,19,131085,190940,6.68493883280968e-05,0.17391304347826086,0.0001336474047344593,-0.00010719921933622347
overture,caracas,t_test,mean,1.9,2,38884,21,152033,190940,5.1432392120557526e-05,0.08695652173913043,0.00010280397851396849,-0.00013800021445305025
overture,caracas,t_test,mean,2.0,2,24338,21,166579,190940,8.216926869350862e-05,0.08695652173913043,0.00016418339284981324,-7.652096524178948e-05
overture,caracas,t_test,mean,2.1,1,14576,22,176341,190940,6.860122110173561e-05,0.043478260869565216,0.000136986301369863,-0.00010357246617290969
overture,caracas,t_test,mean,2.2,1,8543,22,182374,190940,0.00011704119850187266,0.043478260869565216,0.00023345395120812418,-6.814276900409768e-06
overture,caracas,t_test,mean,2.3,1,4813,22,186104,190940,0.0002077274615704196,0.043478260869565216,0.0004134794293983874,0.00017375326025644114
overture,caracas,t_test,mean,2.4,1,2702,22,188215,190940,0.0003699593044765076,0.043478260869565216,0.0007336757153338225,0.0004949132160012677
overture,caracas,t_test,mean,2.5,1,1486,22,189431,190940,0.0006724949562878278,0.043478260869565216,0.0013245033112582781,0.0010875174836186144
overture,caracas,t_test,mean,2.6,1,827,22,190090,190940,0.0012077294685990338,0.043478260869565216,0.0023501762632197414,0.0021162701180129882
overture,caracas,t_test,mean,2.7,0,507,23,190410,190940,0.0,0.0,nan,-0.0002305117679720094
overture,caracas,t_test,mean,2.8,0,311,23,190606,190940,0.0,0.0,nan,-0.00022437386502413944
overture,caracas,t_test,mean,2.9,0,215,23,190702,190940,0.0,0.0,nan,-0.00021767920519340478
overture,caracas,t_test,mean,3.0,0,154,23,190763,190940,0.0,0.0,nan,-0.00020965219278894988
overture,caracas,t_test,mean,3.1,0,103,23,190814,190940,0.0,0.0,nan,-0.00019697591673853676
overture,caracas,t_test,mean,3.2,0,70,23,190847,190940,0.0,0.0,nan,-0.00018136553618740994
overture,caracas,t_test,mean,3.3,0,52,23,190865,190940,0.0,0.0,nan,-0.0001670611785803102
overture,caracas,t_test,mean,3.4,0,40,23,190877,190940,0.0,0.0,nan,-0.0001529842739521732
overture,caracas,t_test,mean,3.5,0,31,23,190886,190940,0.0,0.0,nan,-0.00013832125318335588
overture,caracas,t_test,mean,3.6,0,29,23,190888,190940,0.0,0.0,nan,-0.0001343735901001469
overture,caracas,t_test,mean,3.7,0,13,23,190904,190940,0.0,0.0,nan,-8.700406611669042e-05
overture,caracas,t_test,mean,3.8,0,10,23,190907,190940,0.0,0.0,nan,-7.30093831678225e-05
overture,caracas,t_test,mean,3.9,0,8,23,190909,190940,0.0,0.0,nan,-6.217505890582817e-05
overture,caracas,t_test,mean,4.0,0,7,23,190910,190940,0.0,0.0,nan,-5.621628062250489e-05
overture,caracas,t_test,mean,4.1,0,6,23,190911,190940,0.0,0.0,nan,-4.984663063660282e-05
overture,caracas,t_test,mean,4.2,0,6,23,190911,190940,0.0,0.0,nan,-4.984663063660282e-05
overture,caracas,t_test,mean,4.3,0,2,23,190915,190940,0.0,0.0,nan,-1.9273441838919364e-05
overture,caracas,t_test,mean,4.4,0,0,23,190917,190940,nan,0.0,nan,0.0
overture,caracas,t_test,mean,4.5,0,0,23,190917,190940,nan,0.0,nan,0.0
overture,caracas,t_test,mean,4.6,0,0,23,190917,190940,nan,0.0,nan,0.0
overture,caracas,t_test,mean,4.7,0,0,23,190917,190940,nan,0.0,nan,0.0
overture,caracas,t_test,mean,4.8,0,0,23,190917,190940,nan,0.0,nan,0.0
overture,caracas,t_test,mean,4.9,0,0,23,190917,190940,nan,0.0,nan,0.0
overture,caracas,t_test,mean,5.0,0,0,23,190917,190940,nan,0.0,nan,0.0
overture,caracas,t_test,mean,5.1,0,0,23,190917,190940,nan,0.0,nan,0.0
overture,caracas,t_test,mean,5.2,0,0,23,190917,190940,nan,0.0,nan,0.0
overture,caracas,t_test,mean,5.3,0,0,23,190917,190940,nan,0.0,nan,0.0
overture,caracas,t_test,mean,5.4,0,0,23,190917,190940,nan,0.0,nan,0.0
overture,caracas,t_test,mean,5.5,0,0,23,190917,190940,nan,0.0,nan,0.0
overture,caracas,t_test,mean,5.6,0,0,23,190917,190940,nan,0.0,nan,0.0
overture,caracas,t_test,mean,5.7,0,0,23,190917,190940,nan,0.0,nan,0.0
overture,caracas,t_test,mean,5.8,0,0,23,190917,190940,nan,0.0,nan,0.0
overture,caracas,t_test,mean,5.9,0,0,23,190917,190940,nan,0.0,nan,0.0
overture,caracas,t_test,mean,6.0,0,0,23,190917,190940,nan,0.0,nan,0.0
overture,caracas,t_test,max,0.0,23,190917,0,0,190940,0.0001204566879648057,1.0,0.00024088435979744766,0.0
overture,caracas,t_test,max,0.1,23,190917,0,0,190940,0.0001204566879648057,1.0,0.00024088435979744766,0.0
overture,caracas,t_test,max,0.2,23,190917,0,0,190940,0.0001204566879648057,1.0,0.00024088435979744766,0.0
overture,caracas,t_test,max,0.3,23,190917,0,0,190940,0.0001204566879648057,1.0,0.00024088435979744766,0.0
overture,caracas,t_test,max,0.4,23,190917,0,0,190940,0.0001204566879648057,1.0,0.00024088435979744766,0.0
overture,caracas,t_test,max,0.5,23,190917,0,0,190940,0.0001204566879648057,1.0,0.00024088435979744766,0.0
overture,caracas,t_test,max,0.6,23,190917,0,0,190940,0.0001204566879648057,1.0,0.00024088435979744766,0.0
overture,caracas,t_test,max,0.7,23,190917,0,0,190940,0.0001204566879648057,1.0,0.00024088435979744766,0.0
overture,caracas,t_test,max,0.8,23,190916,0,1,190940,0.00012045731882957384,1.0,0.00024088562122307055,1.261881519060921e-09
overture,caracas,t_test,max,0.9,23,190915,0,2,190940,0.00012045794970095005,1.0,0.00024088688266190477,2.5237762542390854e-09
overture,caracas,t_test,max,1.0,23,190898,0,19,190940,0.00012046867552547913,1.0,0.0002409083291436233,2.3978009352444723e-08
overture,caracas,t_test,max,1.1,23,190649,0,268,190940,0.00012062599647562306,1.0,0.00024122289519914,3.386577579250187e-07
overture,caracas,t_test,max,1.2,23,189463,0,1454,190940,0.00012138099912394583,1.0,0.00024273253513025769,1.8488433148750346e-06
overture,caracas,t_test,max,1.3,23,184953,0,5964,190940,0.0001243404549779431,1.0,0.0002486499927026633,7.768439615954348e-06
overture,caracas,t_test,max,1.4,21,174340,2,16577,190940,0.00012043977724376438,0.9130434782608695,0.00024084778420038538,-3.382512907921804e-08
overture,caracas,t_test,max,1.5,21,155334,2,35583,190940,0.00013517427826590712,0.9130434782608695,0.0002703085378882467,2.9437914364674745e-05
overture,caracas,t_test,max,1.6,20,129851,3,61066,190940,0.00015399896820691303,0.8695652173913043,0.00030794340000307946,6.708884172930628e-05
overture,caracas,t_test,max,1.7,15,101181,8,89736,190940,0.00014822720265623147,0.6521739130434783,0.00029638704195852553,5.554178651009333e-05
overture,caracas,t_test,max,1.8,9,73713,14,117204,190940,0.0001220802474159681,0.391304347826087,0.00024408434470133572,3.2468881474614357e-06
overture,caracas,t_test,max,1.9,5,50553,18,140364,190940,9.889631710115115e-05,0.21739130434782608,0.00019770269468772858,-4.31115154453045e-05
overture,caracas,t_test,max,2.0,4,33395,19,157522,190940,0.00011976406479235905,0.17391304347826086,0.00023936329363892045,-1.3846264055209058e-06
overture,caracas,t_test,max,2.1,2,21322,21,169595,190940,9.379103357719002e-05,0.08695652173913043,0.00018737995971330866,-5.328667140815883e-05
overture,caracas,t_test,max,2.2,1,13228,22,177689,190940,7.559150351500492e-05,0.043478260869565216,0.0001509206157561123,-8.959618148635092e-05
overture,caracas,t_test,max,2.3,1,7909,22,183008,190940,0.00012642225031605562,0.043478260869565216,0.00025211143325349803,1.1899391425702036e-05
overture,caracas,t_test,max,2.4,1,4717,22,186200,190940,0.000211954217888936,0.043478260869565216,0.00042185192997257957,0.00018215096614713737
overture,caracas,t_test,max,2.5,1,2711,22,188206,190940,0.0003687315634218289,0.043478260869565216,0.0007312614259597807,0.0004924916626717203
overture,caracas,t_test,max,2.6,1,1584,22,189333,190940,0.0006309148264984228,0.043478260869565216,0.0012437810945273634,0.0010065526423930818
overture,caracas,t_test,max,2.7,1,975,22,189942,190940,0.0010245901639344263,0.043478260869565216,0.002002002002002002,0.0017670510854525606
overture,caracas,t_test,max,2.8,1,632,22,190285,190940,0.001579778830963665,0.043478260869565216,0.0030487804878048786,0.0028169686212924263
overture,caracas,t_test,max,2.9,1,449,22,190468,190940,0.0022222222222222222,0.043478260869565216,0.004228329809725159,0.004000047843801984
overture,caracas,t_test,max,3.0,0,314,23,190603,190940,0.0,0.0,nan,-0.00022452161542484633
overture,caracas,t_test,max,3.1,0,223,23,190694,190940,0.0,0.0,nan,-0.000218436658778597
overture,caracas,t_test,max,3.2,0,157,23,190760,190940,0.0,0.0,nan,-0.00021017416405385786
overture,caracas,t_test,max,3.3,0,122,23,190795,190940,0.0,0.0,nan,-0.00020274062552555797
overture,caracas,t_test,max,3.4,0,89,23,190828,190940,0.0,0.0,nan,-0.00019147674971214465
overture,caracas,t_test,max,3.5,0,65,23,190852,190940,0.0,0.0,nan,-0.00017797905078975582
overture,caracas,t_test,max,3.6,0,52,23,190865,190940,0.0,0.0,nan,-0.0001670611785803102
overture,caracas,t_test,max,3.7,0,37,23,190880,190940,0.0,0.0,nan,-0.0001485853230482956
overture,caracas,t_test,max,3.8,0,28,23,190889,190940,0.0,0.0,nan,-0.0001322836634372514
overture,caracas,t_test,max,3.9,0,24,23,190893,190940,0.0,0.0,nan,-0.00012303473205248837
overture,caracas,t_test,max,4.0,0,17,23,190900,190940,0.0,0.0,nan,-0.0001023986686904359
overture,caracas,t_test,max,4.1,0,11,23,190906,190940,0.0,0.0,nan,-7.794863830854763e-05
overture,caracas,t_test,max,4.2,0,11,23,190906,190940,0.0,0.0,nan,-7.794863830854763e-05
overture,caracas,t_test,max,4.3,0,6,23,190911,190940,0.0,0.0,nan,-4.984663063660282e-05
overture,caracas,t_test,max,4.4,0,0,23,190917,190940,nan,0.0,nan,0.0
overture,caracas,t_test,max,4.5,0,0,23,190917,190940,nan,0.0,nan,0.0
overture,caracas,t_test,max,4.6,0,0,23,190917,190940,nan,0.0,nan,0.0
overture,caracas,t_test,max,4.7,0,0,23,190917,190940,nan,0.0,nan,0.0
overture,caracas,t_test,max,4.8,0,0,23,190917,190940,nan,0.0,nan,0.0
overture,caracas,t_test,max,4.9,0,0,23,190917,190940,nan,0.0,nan,0.0
overture,caracas,t_test,max,5.0,0,0,23,190917,190940,nan,0.0,nan,0.0
overture,caracas,t_test,max,5.1,0,0,23,190917,190940,nan,0.0,nan,0.0
overture,caracas,t_test,max,5.2,0,0,23,190917,190940,nan,0.0,nan,0.0
overture,caracas,t_test,max,5.3,0,0,23,190917,190940,nan,0.0,nan,0.0
overture,caracas,t_test,max,5.4,0,0,23,190917,190940,nan,0.0,nan,0.0
overture,caracas,t_test,max,5.5,0,0,23,190917,190940,nan,0.0,nan,0.0
overture,caracas,t_test,max,5.6,0,0,23,190917,190940,nan,0.0,nan,0.0
overture,caracas,t_test,max,5.7,0,0,23,190917,190940,nan,0.0,nan,0.0
overture,caracas,t_test,max,5.8,0,0,23,190917,190940,nan,0.0,nan,0.0
overture,caracas,t_test,max,5.9,0,0,23,190917,190940,nan,0.0,nan,0.0
overture,caracas,t_test,max,6.0,0,0,23,190917,190940,nan,0.0,nan,0.0
overture,caracas,t_test,p75,0.0,23,190917,0,0,190940,0.0001204566879648057,1.0,0.00024088435979744766,0.0
overture,caracas,t_test,p75,0.1,23,190917,0,0,190940,0.0001204566879648057,1.0,0.00024088435979744766,0.0
overture,caracas,t_test,p75,0.2,23,190917,0,0,190940,0.0001204566879648057,1.0,0.00024088435979744766,0.0
overture,caracas,t_test,p75,0.3,23,190917,0,0,190940,0.0001204566879648057,1.0,0.00024088435979744766,0.0
overture,caracas,t_test,p75,0.4,23,190917,0,0,190940,0.0001204566879648057,1.0,0.00024088435979744766,0.0
overture,caracas,t_test,p75,0.5,23,190917,0,0,190940,0.0001204566879648057,1.0,0.00024088435979744766,0.0
overture,caracas,t_test,p75,0.6,23,190917,0,0,190940,0.0001204566879648057,1.0,0.00024088435979744766,0.0
overture,caracas,t_test,p75,0.7,23,190917,0,0,190940,0.0001204566879648057,1.0,0.00024088435979744766,0.0
overture,caracas,t_test,p75,0.8,23,190916,0,1,190940,0.00012045731882957384,1.0,0.00024088562122307055,1.261881519060921e-09
overture,caracas,t_test,p75,0.9,23,190915,0,2,190940,0.00012045794970095005,1.0,0.00024088688266190477,2.5237762542390854e-09
overture,caracas,t_test,p75,1.0,23,190898,0,19,190940,0.00012046867552547913,1.0,0.0002409083291436233,2.3978009352444723e-08
overture,caracas,t_test,p75,1.1,23,190606,0,311,190940,0.00012065320596551416,1.0,0.0002412773010511298,3.930832736957346e-07
overture,caracas,t_test,p75,1.2,23,189178,0,1739,190940,0.0001215638395145903,1.0,0.00024309812708747303,2.214567407176344e-06
overture,caracas,t_test,p75,1.3,23,183897,0,7020,190940,0.00012505437146585472,1.0,0.00025007746965092446,9.196432491594568e-06
overture,caracas,t_test,p75,1.4,21,171733,2,19184,190940,0.00012226789477974312,0.9130434782608695,0.00024450304755584275,3.6228012729317903e-06
overture,caracas,t_test,p75,1.5,20,150669,3,40248,190940,0.00013272368918766466,0.8695652173913043,0.0002654068687297627,2.453616852642883e-05
overture,caracas,t_test,p75,1.6,19,123527,4,67390,190940,0.00015378887216097647,0.8260869565217391,0.00030752049462243766,6.666801832629046e-05
overture,caracas,t_test,p75,1.7,10,93732,13,97185,190940,0.00010667576966567813,0.43478260869565216,0.00021329920546045967,-2.756171419972016e-05
overture,caracas,t_test,p75,1.8,6,66435,17,124482,190940,9.030568474285456e-05,0.2608695652173913,0.0001805488685604237,-6.029565981839141e-05
overture,caracas,t_test,p75,1.9,4,44229,19,146688,190940,9.043022178011891e-05,0.17391304347826086,0.00018076644974692697,-6.003617864885058e-05
overture,caracas,t_test,p75,2.0,3,28534,20,162383,190940,0.00010512667764656412,0.13043478260869565,0.0002100840336134454,-3.0642705735759616e-05
overture,caracas,t_test,p75,2.1,1,17474,22,173443,190940,5.7224606580829754e-05,0.043478260869565216,0.00011429877700308607,-0.00012632832790966908
overture,caracas,t_test,p75,2.2,1,10472,22,180445,190940,9.548362455838824e-05,0.043478260869565216,0.00019054878048780486,-4.984866221320806e-05
overture,caracas,t_test,p75,2.3,1,6047,22,184870,190940,0.00016534391534391533,0.043478260869565216,0.00032943501894251357,8.945581344976595e-05
overture,caracas,t_test,p75,2.4,1,3462,22,187455,190940,0.00028876696505919725,0.043478260869565216,0.0005737234652897304,0.0003344796413844529
overture,caracas,t_test,p75,2.5,1,1972,22,188945,190940,0.0005068423720223011,0.043478260869565216,0.001002004008016032,0.0007640486365071566
overture,caracas,t_test,p75,2.6,1,1102,22,189815,190940,0.0009066183136899365,0.043478260869565216,0.0017761989342806395,0.0015405700871408182
overture,caracas,t_test,p75,2.7,1,675,22,190242,190940,0.0014792899408284023,0.043478260869565216,0.0028612303290414874,0.0026288564902724634
overture,caracas,t_test,p75,2.8,1,443,22,190474,190940,0.0022522522522522522,0.043478260869565216,0.004282655246252677,0.004054535667417122
overture,caracas,t_test,p75,2.9,0,295,23,190622,190940,0.0,0.0,nan,-0.00022353878195224488
overture,caracas,t_test,p75,3.0,0,207,23,190710,190940,0.0,0.0,nan,-0.00021686906036237315
overture,caracas,t_test,p75,3.1,0,145,23,190772,190940,0.0,0.0,nan,-0.00020797443195116276
overture,caracas,t_test,p75,3.2,0,105,23,190812,190940,0.0,0.0,nan,-0.00019766331708164953
overture,caracas,t_test,p75,3.3,0,81,23,190836,190940,0.0,0.0,nan,-0.00018766966988012577
overture,caracas,t_test,p75,3.4,0,55,23,190862,190940,0.0,0.0,nan,-0.0001699036786975252
overture,caracas,t_test,p75,3.5,0,36,23,190881,190940,0.0,0.0,nan,-0.0001470196038585139
overture,caracas,t_test,p75,3.6,0,32,23,190885,190940,0.0,0.0,nan,-0.0001401874320344751
overture,caracas,t_test,p75,3.7,0,18,23,190899,190940,0.0,0.0,nan,-0.00010577803539040063
overture,caracas,t_test,p75,3.8,0,13,23,190904,190940,0.0,0.0,nan,-8.700406611669042e-05
overture,caracas,t_test,p75,3.9,0,11,23,190906,190940,0.0,0.0,nan,-7.794863830854763e-05
overture,caracas,t_test,p75,4.0,0,10,23,190907,190940,0.0,0.0,nan,-7.30093831678225e-05
overture,caracas,t_test,p75,4.1,0,8,23,190909,190940,0.0,0.0,nan,-6.217505890582817e-05
overture,caracas,t_test,p75,4.2,0,6,23,190911,190940,0.0,0.0,nan,-4.984663063660282e-05
overture,caracas,t_test,p75,4.3,0,5,23,190912,190940,0.0,0.0,nan,-4.302209720632431e-05
overture,caracas,t_test,p75,4.4,0,0,23,190917,190940,nan,0.0,nan,0.0
overture,caracas,t_test,p75,4.5,0,0,23,190917,190940,nan,0.0,nan,0.0
overture,caracas,t_test,p75,4.6,0,0,23,190917,190940,nan,0.0,nan,0.0
overture,caracas,t_test,p75,4.7,0,0,23,190917,190940,nan,0.0,nan,0.0
overture,caracas,t_test,p75,4.8,0,0,23,190917,190940,nan,0.0,nan,0.0
overture,caracas,t_test,p75,4.9,0,0,23,190917,190940,nan,0.0,nan,0.0
overture,caracas,t_test,p75,5.0,0,0,23,190917,190940,nan,0.0,nan,0.0
overture,caracas,t_test,p75,5.1,0,0,23,190917,190940,nan,0.0,nan,0.0
overture,caracas,t_test,p75,5.2,0,0,23,190917,190940,nan,0.0,nan,0.0
overture,caracas,t_test,p75,5.3,0,0,23,190917,190940,nan,0.0,nan,0.0
overture,caracas,t_test,p75,5.4,0,0,23,190917,190940,nan,0.0,nan,0.0
overture,caracas,t_test,p75,5.5,0,0,23,190917,190940,nan,0.0,nan,0.0
overture,caracas,t_test,p75,5.6,0,0,23,190917,190940,nan,0.0,nan,0.0
overture,caracas,t_test,p75,5.7,0,0,23,190917,190940,nan,0.0,nan,0.0
overture,caracas,t_test,p75,5.8,0,0,23,190917,190940,nan,0.0,nan,0.0
overture,caracas,t_test,p75,5.9,0,0,23,190917,190940,nan,0.0,nan,0.0
overture,caracas,t_test,p75,6.0,0,0,23,190917,190940,nan,0.0,nan,0.0
overture,caracas,t_test,p90,0.0,23,190917,0,0,190940,0.0001204566879648057,1.0,0.00024088435979744766,0.0
overture,caracas,t_test,p90,0.1,23,190917,0,0,190940,0.0001204566879648057,1.0,0.00024088435979744766,0.0
overture,caracas,t_test,p90,0.2,23,190917,0,0,190940,0.0001204566879648057,1.0,0.00024088435979744766,0.0
overture,caracas,t_test,p90,0.3,23,190917,0,0,190940,0.0001204566879648057,1.0,0.00024088435979744766,0.0
overture,caracas,t_test,p90,0.4,23,190917,0,0,190940,0.0001204566879648057,1.0,0.00024088435979744766,0.0
overture,caracas,t_test,p90,0.5,23,190917,0,0,190940,0.0001204566879648057,1.0,0.00024088435979744766,0.0
overture,caracas,t_test,p90,0.6,23,190917,0,0,190940,0.0001204566879648057,1.0,0.00024088435979744766,0.0
overture,caracas,t_test,p90,0.7,23,190917,0,0,190940,0.0001204566879648057,1.0,0.00024088435979744766,0.0
overture,caracas,t_test,p90,0.8,23,190916,0,1,190940,0.00012045731882957384,1.0,0.00024088562122307055,1.261881519060921e-09
overture,caracas,t_test,p90,0.9,23,190915,0,2,190940,0.00012045794970095005,1.0,0.00024088688266190477,2.5237762542390854e-09
overture,caracas,t_test,p90,1.0,23,190898,0,19,190940,0.00012046867552547913,1.0,0.0002409083291436233,2.3978009352444723e-08
overture,caracas,t_test,p90,1.1,23,190640,0,277,190940,0.00012063169046957197,1.0,0.00024123428044009525,3.5004711377003405e-07
overture,caracas,t_test,p90,1.2,23,189364,0,1553,190940,0.00012144444972463791,1.0,0.0002428594055224117,1.9757595615514256e-06
overture,caracas,t_test,p90,1.3,23,184586,0,6331,190940,0.00012458764198928547,1.0,0.00024914424368473507,8.262869233255815e-06
overture,caracas,t_test,p90,1.4,21,173385,2,17532,190940,0.00012110307601813086,0.9130434782608695,0.0002421740308714229,1.2929160993267396e-06
overture,caracas,t_test,p90,1.5,21,153586,2,37331,190940,0.00013671251961173644,0.9130434782608695,0.0002733841046670572,3.25146279976714e-05
overture,caracas,t_test,p90,1.6,19,127460,4,63457,190940,0.00014904415629240895,0.8260869565217391,0.0002980345406346567,5.7178395462183034e-05
overture,caracas,t_test,p90,1.7,12,98176,11,92741,190940,0.0001222145272334705,0.5217391304347826,0.0002443718117115191,3.5157019831800857e-06
overture,caracas,t_test,p90,1.8,9,70767,14,120150,190940,0.0001271617497456765,0.391304347826087,0.00025424087910846195,1.3408996461325955e-05
overture,caracas,t_test,p90,1.9,4,47871,19,143046,190940,8.355091383812011e-05,0.17391304347826086,0.00016702158754018957,-7.3793874297961e-05
overture,caracas,t_test,p90,2.0,4,31221,19,159696,190940,0.00012810248198558846,0.17391304347826086,0.0002560163850486431,1.52840121240856e-05
overture,caracas,t_test,p90,2.1,2,19662,21,171255,190940,0.0001017087062652563,0.08695652173913043,0.00020317976329557573,-3.746117183248076e-05
overture,caracas,t_test,p90,2.2,1,12012,22,178905,190940,8.324315325064514e-05,0.043478260869565216,0.0001661681621801263,-7.430271053334236e-05
overture,caracas,t_test,p90,2.3,1,7015,22,183902,190940,0.00014253135689851768,0.043478260869565216,0.0002841312686461145,4.40156487888534e-05
overture,caracas,t_test,p90,2.4,1,4113,22,186804,190940,0.00024307243558580456,0.043478260869565216,0.00048344210780759,0.0002439265485374115
overture,caracas,t_test,p90,2.5,1,2360,22,188557,190940,0.00042354934349851756,0.043478260869565216,0.0008389261744966443,0.0006004803148074951
overture,caracas,t_test,p90,2.6,1,1346,22,189571,190940,0.0007423904974016332,0.043478260869565216,0.00145985401459854,0.0012232749255186991
overture,caracas,t_test,p90,2.7,1,826,22,190091,190940,0.0012091898428053204,0.043478260869565216,0.0023529411764705885,0.0021190433252597425
overture,caracas,t_test,p90,2.8,1,532,22,190385,190940,0.001876172607879925,0.043478260869565216,0.003597122302158273,0.003366952356632208
overture,caracas,t_test,p90,2.9,1,384,22,190533,190940,0.0025974025974025974,0.043478260869565216,0.004901960784313725,0.004675691245983745
overture,caracas,t_test,p90,3.0,0,256,23,190661,190940,0.0,0.0,nan,-0.0002211020087776459
overture,caracas,t_test,p90,3.1,0,186,23,190731,190940,0.0,0.0,nan,-0.00021444735538716844
overture,caracas,t_test,p90,3.2,0,133,23,190784,190940,0.0,0.0,nan,-0.0002054362915478918
overture,caracas,t_test,p90,3.3,0,99,23,190818,190940,0.0,0.0,nan,-0.00019553350649671681
overture,caracas,t_test,p90,3.4,0,75,23,190842,190940,0.0,0.0,nan,-0.00018440648117603846
overture,caracas,t_test,p90,3.5,0,49,23,190868,190940,0.0,0.0,nan,-0.00016398182227484262
overture,caracas,t_test,p90,3.6,0,40,23,190877,190940,0.0,0.0,nan,-0.0001529842739521732
overture,caracas,t_test,p90,3.7,0,26,23,190891,190940,0.0,0.0,nan,-0.00012784793053197303
overture,caracas,t_test,p90,3.8,0,20,23,190897,190940,0.0,0.0,nan,-0.00011206529002049803
overture,caracas,t_test,p90,3.9,0,15,23,190902,190940,0.0,0.0,nan,-9.510643056107253e-05
overture,caracas,t_test,p90,4.0,0,10,23,190907,190940,0.0,0.0,nan,-7.30093831678225e-05
overture,caracas,t_test,p90,4.1,0,9,23,190908,190940,0.0,0.0,nan,-6.776147870093015e-05
overture,caracas,t_test,p90,4.2,0,8,23,190909,190940,0.0,0.0,nan,-6.217505890582817e-05
overture,caracas,t_test,p90,4.3,0,5,23,190912,190940,0.0,0.0,nan,-4.302209720632431e-05
overture,caracas,t_test,p90,4.4,0,0,23,190917,190940,nan,0.0,nan,0.0
overture,caracas,t_test,p90,4.5,0,0,23,190917,190940,nan,0.0,nan,0.0
overture,caracas,t_test,p90,4.6,0,0,23,190917,190940,nan,0.0,nan,0.0
overture,caracas,t_test,p90,4.7,0,0,23,190917,190940,nan,0.0,nan,0.0
overture,caracas,t_test,p90,4.8,0,0,23,190917,190940,nan,0.0,nan,0.0
overture,caracas,t_test,p90,4.9,0,0,23,190917,190940,nan,0.0,nan,0.0
overture,caracas,t_test,p90,5.0,0,0,23,190917,190940,nan,0.0,nan,0.0
overture,caracas,t_test,p90,5.1,0,0,23,190917,190940,nan,0.0,nan,0.0
overture,caracas,t_test,p90,5.2,0,0,23,190917,190940,nan,0.0,nan,0.0
overture,caracas,t_test,p90,5.3,0,0,23,190917,190940,nan,0.0,nan,0.0
overture,caracas,t_test,p90,5.4,0,0,23,190917,190940,nan,0.0,nan,0.0
overture,caracas,t_test,p90,5.5,0,0,23,190917,190940,nan,0.0,nan,0.0
overture,caracas,t_test,p90,5.6,0,0,23,190917,190940,nan,0.0,nan,0.0
overture,caracas,t_test,p90,5.7,0,0,23,190917,190940,nan,0.0,nan,0.0
overture,caracas,t_test,p90,5.8,0,0,23,190917,190940,nan,0.0,nan,0.0
overture,caracas,t_test,p90,5.9,0,0,23,190917,190940,nan,0.0,nan,0.0
overture,caracas,t_test,p90,6.0,0,0,23,190917,190940,nan,0.0,nan,0.0
overture,caracas,t_test,frac50,0.0,23,190917,0,0,190940,0.0001204566879648057,1.0,0.00024088435979744766,0.0
overture,caracas,t_test,frac50,0.1,23,190917,0,0,190940,0.0001204566879648057,1.0,0.00024088435979744766,0.0
overture,caracas,t_test,frac50,0.2,23,190917,0,0,190940,0.0001204566879648057,1.0,0.00024088435979744766,0.0
overture,caracas,t_test,frac50,0.3,23,190917,0,0,190940,0.0001204566879648057,1.0,0.00024088435979744766,0.0
overture,caracas,t_test,frac50,0.4,23,190917,0,0,190940,0.0001204566879648057,1.0,0.00024088435979744766,0.0
overture,caracas,t_test,frac50,0.5,23,190917,0,0,190940,0.0001204566879648057,1.0,0.00024088435979744766,0.0
overture,caracas,t_test,frac50,0.6,23,190917,0,0,190940,0.0001204566879648057,1.0,0.00024088435979744766,0.0
overture,caracas,t_test,frac50,0.7,23,190917,0,0,190940,0.0001204566879648057,1.0,0.00024088435979744766,0.0
overture,caracas,t_test,frac50,0.8,23,190916,0,1,190940,0.00012045731882957384,1.0,0.00024088562122307055,1.261881519060921e-09
overture,caracas,t_test,frac50,0.9,23,190915,0,2,190940,0.00012045794970095005,1.0,0.00024088688266190477,2.5237762542390854e-09
overture,caracas,t_test,frac50,1.0,23,190898,0,19,190940,0.00012046867552547913,1.0,0.0002409083291436233,2.3978009352444723e-08
overture,caracas,t_test,frac50,1.1,23,190604,0,313,190940,0.00012065447182193498,1.0,0.00024127983215316024,3.9561529050061056e-07
overture,caracas,t_test,frac50,1.2,23,189118,0,1799,190940,0.00012160240244050734,1.0,0.00024317523418832337,2.2917023766571694e-06
overture,caracas,t_test,frac50,1.3,22,183635,1,7282,190940,0.00011978851881496485,0.9565217391304348,0.0002395470383275261,-1.3364929050798223e-06
overture,caracas,t_test,frac50,1.4,21,171334,2,19583,190940,0.00012255259548889732,0.9130434782608695,0.0002450722963274166,4.192262316935184e-06
overture,caracas,t_test,frac50,1.5,19,150040,4,40877,190940,0.00012661686403348018,0.8260869565217391,0.0002531949201103397,1.2321431991645041e-05
overture,caracas,t_test,frac50,1.6,13,122805,10,68112,190940,0.00010584767705059519,0.5652173913043478,0.00021165571755358553,-2.9219589296106795e-05
overture,caracas,t_test,frac50,1.7,10,93446,13,97471,190940,0.00010700222564629344,0.43478260869565216,0.00021395179666021245,-2.6908784933282265e-05
overture,caracas,t_test,frac50,1.8,4,66272,19,124645,190940,6.03536725209729e-05,0.17391304347826086,0.00012066547006742183,-0.00012019327594863743
overture,caracas,t_test,frac50,1.9,4,44309,19,146608,190940,9.026696454764967e-05,0.17391304347826086,0.0001804402742692169,-6.036265867101803e-05
overture,caracas,t_test,frac50,2.0,2,28429,21,162488,190940,7.034574935809503e-05,0.08695652173913043,0.00014057777465382722,-0.00010016497722249005
overture,caracas,t_test,frac50,2.1,1,17691,22,173226,190940,5.652272213429799e-05,0.043478260869565216,0.00011289867344058707,-0.00012773264883270447
overture,caracas,t_test,frac50,2.2,1,10656,22,180261,190940,9.38350380031904e-05,0.043478260869565216,0.00018726591760299626,-5.31414122911771e-05
overture,caracas,t_test,frac50,2.3,1,6172,22,184745,190940,0.00016199578810950914,0.043478260869565216,0.0003227888960619755,8.278967910265784e-05
overture,caracas,t_test,frac50,2.4,1,3570,22,187347,190940,0.0002800336040324839,0.043478260869565216,0.0005564830272676685,0.0003171873153378137
overture,caracas,t_test,frac50,2.5,1,2023,22,188894,190940,0.0004940711462450593,0.043478260869565216,0.0009770395701025891,0.0007390091228120078
overture,caracas,t_test,frac50,2.6,1,1152,22,189765,190940,0.0008673026886383347,0.043478260869565216,0.0017006802721088433,0.0014648246313510264
overture,caracas,t_test,frac50,2.7,1,699,22,190218,190940,0.0014285714285714286,0.043478260869565216,0.0027662517289073307,0.002533593223201967
overture,caracas,t_test,frac50,2.8,0,451,23,190466,190940,0.0,0.0,nan,-0.00022927604180786508
overture,caracas,t_test,frac50,2.9,0,310,23,190607,190940,0.0,0.0,nan,-0.00022432402330722058
overture,caracas,t_test,frac50,3.0,0,223,23,190694,190940,0.0,0.0,nan,-0.000218436658778597
overture,caracas,t_test,frac50,3.1,0,147,23,190770,190940,0.0,0.0,nan,-0.00020836261943253735
overture,caracas,t_test,frac50,3.2,0,105,23,190812,190940,0.0,0.0,nan,-0.00019766331708164953
overture,caracas,t_test,frac50,3.3,0,81,23,190836,190940,0.0,0.0,nan,-0.00018766966988012577
overture,caracas,t_test,frac50,3.4,0,57,23,190860,190940,0.0,0.0,nan,-0.00017168024974055545
overture,caracas,t_test,frac50,3.5,0,39,23,190878,190940,0.0,0.0,nan,-0.00015156525341759658
overture,caracas,t_test,frac50,3.6,0,35,23,190882,190940,0.0,0.0,nan,-0.00014539989951053726
overture,caracas,t_test,frac50,3.7,0,20,23,190897,190940,0.0,0.0,nan,-0.00011206529002049803
overture,caracas,t_test,frac50,3.8,0,14,23,190903,190940,0.0,0.0,nan,-9.116472306517499e-05
overture,caracas,t_test,frac50,3.9,0,13,23,190904,190940,0.0,0.0,nan,-8.700406611669042e-05
overture,caracas,t_test,frac50,4.0,0,8,23,190909,190940,0.0,0.0,nan,-6.217505890582817e-05
overture,caracas,t_test,frac50,4.1,0,6,23,190911,190940,0.0,0.0,nan,-4.984663063660282e-05
overture,caracas,t_test,frac50,4.2,0,6,23,190911,190940,0.0,0.0,nan,-4.984663063660282e-05
overture,caracas,t_test,frac50,4.3,0,5,23,190912,190940,0.0,0.0,nan,-4.302209720632431e-05
overture,caracas,t_test,frac50,4.4,0,0,23,190917,190940,nan,0.0,nan,0.0
overture,caracas,t_test,frac50,4.5,0,0,23,190917,190940,nan,0.0,nan,0.0
overture,caracas,t_test,frac50,4.6,0,0,23,190917,190940,nan,0.0,nan,0.0
overture,caracas,t_test,frac50,4.7,0,0,23,190917,190940,nan,0.0,nan,0.0
overture,caracas,t_test,frac50,4.8,0,0,23,190917,190940,nan,0.0,nan,0.0
overture,caracas,t_test,frac50,4.9,0,0,23,190917,190940,nan,0.0,nan,0.0
overture,caracas,t_test,frac50,5.0,0,0,23,190917,190940,nan,0.0,nan,0.0
overture,caracas,t_test,frac50,5.1,0,0,23,190917,190940,nan,0.0,nan,0.0
overture,caracas,t_test,frac50,5.2,0,0,23,190917,190940,nan,0.0,nan,0.0
overture,caracas,t_test,frac50,5.3,0,0,23,190917,190940,nan,0.0,nan,0.0
overture,caracas,t_test,frac50,5.4,0,0,23,190917,190940,nan,0.0,nan,0.0
overture,caracas,t_test,frac50,5.5,0,0,23,190917,190940,nan,0.0,nan,0.0
overture,caracas,t_test,frac50,5.6,0,0,23,190917,190940,nan,0.0,nan,0.0
overture,caracas,t_test,frac50,5.7,0,0,23,190917,190940,nan,0.0,nan,0.0
overture,caracas,t_test,frac50,5.8,0,0,23,190917,190940,nan,0.0,nan,0.0
overture,caracas,t_test,frac50,5.9,0,0,23,190917,190940,nan,0.0,nan,0.0
overture,caracas,t_test,frac50,6.0,0,0,23,190917,190940,nan,0.0,nan,0.0
overture,la_guaira,t_test,mean,0.0,18,19180,0,0,19198,0.0009375976664235858,1.0,0.0018734388009991672,0.0
overture,la_guaira,t_test,mean,0.1,18,19180,0,0,19198,0.0009375976664235858,1.0,0.0018734388009991672,0.0
overture,la_guaira,t_test,mean,0.2,18,19180,0,0,19198,0.0009375976664235858,1.0,0.0018734388009991672,0.0
overture,la_guaira,t_test,mean,0.3,18,19180,0,0,19198,0.0009375976664235858,1.0,0.0018734388009991672,0.0
overture,la_guaira,t_test,mean,0.4,18,19180,0,0,19198,0.0009375976664235858,1.0,0.0018734388009991672,0.0
overture,la_guaira,t_test,mean,0.5,18,19180,0,0,19198,0.0009375976664235858,1.0,0.0018734388009991672,0.0
overture,la_guaira,t_test,mean,0.6,18,19180,0,0,19198,0.0009375976664235858,1.0,0.0018734388009991672,0.0
overture,la_guaira,t_test,mean,0.7,18,19180,0,0,19198,0.0009375976664235858,1.0,0.0018734388009991672,0.0
overture,la_guaira,t_test,mean,0.8,18,19180,0,0,19198,0.0009375976664235858,1.0,0.0018734388009991672,0.0
overture,la_guaira,t_test,mean,0.9,18,19178,0,2,19198,0.000937695353198583,1.0,0.00187363380868117,1.955568846242935e-07
overture,la_guaira,t_test,mean,1.0,18,19090,0,90,19198,0.0009420138162026376,1.0,0.001882254522639339,8.840549395404966e-06
overture,la_guaira,t_test,mean,1.1,18,18755,0,425,19198,0.0009588238427528897,1.0,0.001915810760470438,4.2491290465741036e-05
overture,la_guaira,t_test,mean,1.2,18,17764,0,1416,19198,0.0010122595883477674,1.0,0.0020224719101123597,0.0001494528120219962
overture,la_guaira,t_test,mean,1.3,18,16030,0,3150,19198,0.0011216350947158525,1.0,0.00224075687787875,0.00036835243233109796
overture,la_guaira,t_test,mean,1.4,15,13801,3,5379,19198,0.0010856977417486972,0.8333333333333334,0.0021685701893884636,0.0002963697802775427
overture,la_guaira,t_test,mean,1.5,14,11411,4,7769,19198,0.001225382932166302,0.7777777777777778,0.0024469107751463777,0.000575743083409819
overture,la_guaira,t_test,mean,1.6,13,9010,5,10170,19198,0.0014407624958439544,0.7222222222222222,0.0028757880765402062,0.001006209208972739
overture,la_guaira,t_test,mean,1.7,13,6829,5,12351,19198,0.001900029231218942,0.7222222222222222,0.003790087463556852,0.0019234097735227097
overture,la_guaira,t_test,mean,1.8,13,4912,5,14268,19198,0.0026395939086294416,0.7222222222222222,0.005259963584867489,0.003397945409009139
overture,la_guaira,t_test,mean,1.9,13,3420,5,15760,19198,0.0037867754150888435,0.7222222222222222,0.00753404810199942,0.005679227675845345
overture,la_guaira,t_test,mean,2.0,12,2384,6,16796,19198,0.005008347245409015,0.6666666666666666,0.009942004971002486,0.008095860158768755
overture,la_guaira,t_test,mean,2.1,12,1645,6,17535,19198,0.00724200362100181,0.6666666666666666,0.014328358208955222,0.01249649577820438
overture,la_guaira,t_test,mean,2.2,11,1197,7,17983,19198,0.009105960264900662,0.6111111111111112,0.017944535073409464,0.01612666781876844
overture,la_guaira,t_test,mean,2.3,10,867,8,18313,19198,0.011402508551881414,0.5555555555555556,0.0223463687150838,0.020546640888811394
overture,la_guaira,t_test,mean,2.4,10,619,8,18561,19198,0.01589825119236884,0.5555555555555556,0.030911901081916535,0.02914200164504498
overture,la_guaira,t_test,mean,2.5,9,437,9,18743,19198,0.020179372197309416,0.5,0.03879310344827586,0.03705744698271104
overture,la_guaira,t_test,mean,2.6,8,322,10,18858,19198,0.024242424242424242,0.4444444444444444,0.04597701149425287,0.04427754346063659
overture,la_guaira,t_test,mean,2.7,8,236,10,18944,19198,0.03278688524590164,0.4444444444444444,0.06106870229007634,0.05942611686860368
overture,la_guaira,t_test,mean,2.8,5,173,13,19007,19198,0.028089887640449437,0.2777777777777778,0.0510204081632653,0.049401554680004386
overture,la_guaira,t_test,mean,2.9,5,133,13,19047,19198,0.036231884057971016,0.2777777777777778,0.06410256410256411,0.06254749290950111
overture,la_guaira,t_test,mean,3.0,5,79,13,19101,19198,0.05952380952380952,0.2777777777777778,0.0980392156862745,0.09664418271129754
overture,la_guaira,t_test,mean,3.1,2,56,16,19124,19198,0.034482758620689655,0.1111111111111111,0.05263157894736842,0.051273885350296096
overture,la_guaira,t_test,mean,3.2,1,39,17,19141,19198,0.025,0.05555555555555555,0.03448275862068966,0.03323249799465999
overture,la_guaira,t_test,mean,3.3,1,30,17,19150,19198,0.03225806451612903,0.05555555555555555,0.04081632653061224,0.03967704925361506
overture,la_guaira,t_test,mean,3.4,1,26,17,19154,19198,0.037037037037037035,0.05555555555555555,0.04444444444444444,0.04336812146406908
overture,la_guaira,t_test,mean,3.5,1,19,17,19161,19198,0.05,0.05555555555555555,0.052631578947368425,0.051695654798790056
overture,la_guaira,t_test,mean,3.6,0,15,18,19165,19198,0.0,0.0,nan,-0.0008530886549374648
overture,la_guaira,t_test,mean,3.7,0,8,18,19172,19198,0.0,0.0,nan,-0.0005773162810908662
overture,la_guaira,t_test,mean,3.8,0,5,18,19175,19198,0.0,0.0,nan,-0.00040781740655509996
overture,la_guaira,t_test,mean,3.9,0,4,18,19176,19198,0.0,0.0,nan,-0.0003410608889217509
overture,la_guaira,t_test,mean,4.0,0,2,18,19178,19198,0.0,0.0,nan,-0.00018755470360531067
overture,la_guaira,t_test,mean,4.1,0,2,18,19178,19198,0.0,0.0,nan,-0.00018755470360531067
overture,la_guaira,t_test,mean,4.2,0,2,18,19178,19198,0.0,0.0,nan,-0.00018755470360531067
overture,la_guaira,t_test,mean,4.3,0,1,18,19179,19198,0.0,0.0,nan,-9.870423267722082e-05
overture,la_guaira,t_test,mean,4.4,0,0,18,19180,19198,nan,0.0,nan,0.0
overture,la_guaira,t_test,mean,4.5,0,0,18,19180,19198,nan,0.0,nan,0.0
overture,la_guaira,t_test,mean,4.6,0,0,18,19180,19198,nan,0.0,nan,0.0
overture,la_guaira,t_test,mean,4.7,0,0,18,19180,19198,nan,0.0,nan,0.0
overture,la_guaira,t_test,mean,4.8,0,0,18,19180,19198,nan,0.0,nan,0.0
overture,la_guaira,t_test,mean,4.9,0,0,18,19180,19198,nan,0.0,nan,0.0
overture,la_guaira,t_test,mean,5.0,0,0,18,19180,19198,nan,0.0,nan,0.0
overture,la_guaira,t_test,mean,5.1,0,0,18,19180,19198,nan,0.0,nan,0.0
overture,la_guaira,t_test,mean,5.2,0,0,18,19180,19198,nan,0.0,nan,0.0
overture,la_guaira,t_test,mean,5.3,0,0,18,19180,19198,nan,0.0,nan,0.0
overture,la_guaira,t_test,mean,5.4,0,0,18,19180,19198,nan,0.0,nan,0.0
overture,la_guaira,t_test,mean,5.5,0,0,18,19180,19198,nan,0.0,nan,0.0
overture,la_guaira,t_test,mean,5.6,0,0,18,19180,19198,nan,0.0,nan,0.0
overture,la_guaira,t_test,mean,5.7,0,0,18,19180,19198,nan,0.0,nan,0.0
overture,la_guaira,t_test,mean,5.8,0,0,18,19180,19198,nan,0.0,nan,0.0
overture,la_guaira,t_test,mean,5.9,0,0,18,19180,19198,nan,0.0,nan,0.0
overture,la_guaira,t_test,mean,6.0,0,0,18,19180,19198,nan,0.0,nan,0.0
overture,la_guaira,t_test,max,0.0,18,19180,0,0,19198,0.0009375976664235858,1.0,0.0018734388009991672,0.0
overture,la_guaira,t_test,max,0.1,18,19180,0,0,19198,0.0009375976664235858,1.0,0.0018734388009991672,0.0
overture,la_guaira,t_test,max,0.2,18,19180,0,0,19198,0.0009375976664235858,1.0,0.0018734388009991672,0.0
overture,la_guaira,t_test,max,0.3,18,19180,0,0,19198,0.0009375976664235858,1.0,0.0018734388009991672,0.0
overture,la_guaira,t_test,max,0.4,18,19180,0,0,19198,0.0009375976664235858,1.0,0.0018734388009991672,0.0
overture,la_guaira,t_test,max,0.5,18,19180,0,0,19198,0.0009375976664235858,1.0,0.0018734388009991672,0.0
overture,la_guaira,t_test,max,0.6,18,19180,0,0,19198,0.0009375976664235858,1.0,0.0018734388009991672,0.0
overture,la_guaira,t_test,max,0.7,18,19180,0,0,19198,0.0009375976664235858,1.0,0.0018734388009991672,0.0
overture,la_guaira,t_test,max,0.8,18,19180,0,0,19198,0.0009375976664235858,1.0,0.0018734388009991672,0.0
overture,la_guaira,t_test,max,0.9,18,19178,0,2,19198,0.000937695353198583,1.0,0.00187363380868117,1.955568846242935e-07
overture,la_guaira,t_test,max,1.0,18,19118,0,62,19198,0.0009406354515050167,1.0,0.001879502975879712,6.0812534583959295e-06
overture,la_guaira,t_test,max,1.1,18,18831,0,349,19198,0.0009549578226961642,1.0,0.0019080934965813325,3.4752292908668974e-05
overture,la_guaira,t_test,max,1.2,18,18060,0,1120,19198,0.0009956853634251576,1.0,0.001989389920424403,0.00011627766136549355
overture,la_guaira,t_test,max,1.3,18,16584,0,2596,19198,0.0010842067220816769,1.0,0.0021660649819494585,0.00029345022710361044
overture,la_guaira,t_test,max,1.4,18,14606,0,4574,19198,0.0012308533916849016,1.0,0.002458680508127305,0.000586889608111935
overture,la_guaira,t_test,max,1.5,15,12335,3,6845,19198,0.0012145748987854252,0.8333333333333334,0.0024256144890038808,0.0005541859512181074
overture,la_guaira,t_test,max,1.6,14,10084,4,9096,19198,0.0013864131511190335,0.7777777777777778,0.00276789244760775,0.0008977141552996939
overture,la_guaira,t_test,max,1.7,13,7844,5,11336,19198,0.0016545755377370497,0.7222222222222222,0.0033015873015873015,0.0014333598155265997
overture,la_guaira,t_test,max,1.8,13,5931,5,13249,19198,0.002187079407806191,0.7222222222222222,0.004360952700436095,0.0024960853254965467
overture,la_guaira,t_test,max,1.9,13,4322,5,14858,19198,0.0029988465974625142,0.7222222222222222,0.005972892258212726,0.004113132039129446
overture,la_guaira,t_test,max,2.0,13,3124,5,16056,19198,0.004144086707044948,0.7222222222222222,0.008240887480190175,0.00638830153611626
overture,la_guaira,t_test,max,2.1,13,2194,5,16986,19198,0.0058903488898957865,0.7222222222222222,0.011685393258426966,0.00984367753353046
overture,la_guaira,t_test,max,2.2,13,1628,5,17552,19198,0.007921998781230956,0.7222222222222222,0.015672091621458707,0.0138429185207633
overture,la_guaira,t_test,max,2.3,11,1195,7,17985,19198,0.00912106135986733,0.6111111111111112,0.017973856209150325,0.016156087571502047
overture,la_guaira,t_test,max,2.4,10,908,8,18272,19198,0.010893246187363835,0.5555555555555556,0.021367521367521368,0.01956436897729001
overture,la_guaira,t_test,max,2.5,10,654,8,18526,19198,0.015060240963855422,0.5555555555555556,0.02932551319648094,0.02755010814796438
overture,la_guaira,t_test,max,2.6,10,504,8,18676,19198,0.019455252918287938,0.5555555555555556,0.03759398496240601,0.03584718218014058
overture,la_guaira,t_test,max,2.7,10,374,8,18806,19198,0.026041666666666668,0.5555555555555556,0.04975124378109454,0.04804607405306762
overture,la_guaira,t_test,max,2.8,7,299,11,18881,19198,0.02287581699346405,0.3888888888888889,0.04320987654320988,0.041512377889607294
overture,la_guaira,t_test,max,2.9,6,220,12,18960,19198,0.02654867256637168,0.3333333333333333,0.049180327868852465,0.04752601270781034
overture,la_guaira,t_test,max,3.0,6,171,12,19009,19198,0.03389830508474576,0.3333333333333333,0.061538461538461535,0.059938382302662144
overture,la_guaira,t_test,max,3.1,6,102,12,19078,19198,0.05555555555555555,0.3333333333333333,0.09523809523809525,0.09378152095598581
overture,la_guaira,t_test,max,3.2,5,78,13,19102,19198,0.060240963855421686,0.2777777777777778,0.09900990099009901,0.09761933047865694
overture,la_guaira,t_test,max,3.3,4,58,14,19122,19198,0.06451612903225806,0.2222222222222222,0.09999999999999999,0.09869014767785439
overture,la_guaira,t_test,max,3.4,2,49,16,19131,19198,0.0392156862745098,0.1111111111111111,0.05797101449275362,0.05666353700337344
overture,la_guaira,t_test,max,3.5,2,38,16,19142,19198,0.05,0.1111111111111111,0.06896551724137932,0.0677599087805834
overture,la_guaira,t_test,max,3.6,2,34,16,19146,19198,0.05555555555555555,0.1111111111111111,0.07407407407407407,0.07291509721886717
overture,la_guaira,t_test,max,3.7,2,19,16,19161,19198,0.09523809523809523,0.1111111111111111,0.10256410256410256,0.10165702719111197
overture,la_guaira,t_test,max,3.8,1,14,17,19166,19198,0.06666666666666667,0.05555555555555555,0.0606060606060606,0.059804674293877966
overture,la_guaira,t_test,max,3.9,1,11,17,19169,19198,0.08333333333333333,0.05555555555555555,0.06666666666666667,0.06596606823877983
overture,la_guaira,t_test,max,4.0,1,10,17,19170,19198,0.09090909090909091,0.05555555555555555,0.06896551724137931,0.06830281874950193
overture,la_guaira,t_test,max,4.1,1,6,17,19174,19198,0.14285714285714285,0.05555555555555555,0.08,0.0795166959211125
overture,la_guaira,t_test,max,4.2,0,5,18,19175,19198,0.0,0.0,nan,-0.00040781740655509996
overture,la_guaira,t_test,max,4.3,0,4,18,19176,19198,0.0,0.0,nan,-0.0003410608889217509
overture,la_guaira,t_test,max,4.4,0,4,18,19176,19198,0.0,0.0,nan,-0.0003410608889217509
overture,la_guaira,t_test,max,4.5,0,3,18,19177,19198,0.0,0.0,nan,-0.00026795682923970454
overture,la_guaira,t_test,max,4.6,0,3,18,19177,19198,0.0,0.0,nan,-0.00026795682923970454
overture,la_guaira,t_test,max,4.7,0,2,18,19178,19198,0.0,0.0,nan,-0.00018755470360531067
overture,la_guaira,t_test,max,4.8,0,2,18,19178,19198,0.0,0.0,nan,-0.00018755470360531067
overture,la_guaira,t_test,max,4.9,0,2,18,19178,19198,0.0,0.0,nan,-0.00018755470360531067
overture,la_guaira,t_test,max,5.0,0,1,18,19179,19198,0.0,0.0,nan,-9.870423267722082e-05
overture,la_guaira,t_test,max,5.1,0,1,18,19179,19198,0.0,0.0,nan,-9.870423267722082e-05
overture,la_guaira,t_test,max,5.2,0,1,18,19179,19198,0.0,0.0,nan,-9.870423267722082e-05
overture,la_guaira,t_test,max,5.3,0,1,18,19179,19198,0.0,0.0,nan,-9.870423267722082e-05
overture,la_guaira,t_test,max,5.4,0,1,18,19179,19198,0.0,0.0,nan,-9.870423267722082e-05
overture,la_guaira,t_test,max,5.5,0,1,18,19179,19198,0.0,0.0,nan,-9.870423267722082e-05
overture,la_guaira,t_test,max,5.6,0,1,18,19179,19198,0.0,0.0,nan,-9.870423267722082e-05
overture,la_guaira,t_test,max,5.7,0,1,18,19179,19198,0.0,0.0,nan,-9.870423267722082e-05
overture,la_guaira,t_test,max,5.8,0,1,18,19179,19198,0.0,0.0,nan,-9.870423267722082e-05
overture,la_guaira,t_test,max,5.9,0,1,18,19179,19198,0.0,0.0,nan,-9.870423267722082e-05
overture,la_guaira,t_test,max,6.0,0,1,18,19179,19198,0.0,0.0,nan,-9.870423267722082e-05
overture,la_guaira,t_test,p75,0.0,18,19180,0,0,19198,0.0009375976664235858,1.0,0.0018734388009991672,0.0
overture,la_guaira,t_test,p75,0.1,18,19180,0,0,19198,0.0009375976664235858,1.0,0.0018734388009991672,0.0
overture,la_guaira,t_test,p75,0.2,18,19180,0,0,19198,0.0009375976664235858,1.0,0.0018734388009991672,0.0
overture,la_guaira,t_test,p75,0.3,18,19180,0,0,19198,0.0009375976664235858,1.0,0.0018734388009991672,0.0
overture,la_guaira,t_test,p75,0.4,18,19180,0,0,19198,0.0009375976664235858,1.0,0.0018734388009991672,0.0
overture,la_guaira,t_test,p75,0.5,18,19180,0,0,19198,0.0009375976664235858,1.0,0.0018734388009991672,0.0
overture,la_guaira,t_test,p75,0.6,18,19180,0,0,19198,0.0009375976664235858,1.0,0.0018734388009991672,0.0
overture,la_guaira,t_test,p75,0.7,18,19180,0,0,19198,0.0009375976664235858,1.0,0.0018734388009991672,0.0
overture,la_guaira,t_test,p75,0.8,18,19180,0,0,19198,0.0009375976664235858,1.0,0.0018734388009991672,0.0
overture,la_guaira,t_test,p75,0.9,18,19178,0,2,19198,0.000937695353198583,1.0,0.00187363380868117,1.955568846242935e-07
overture,la_guaira,t_test,p75,1.0,18,19109,0,71,19198,0.000941078057196633,1.0,0.0018803865238965788,6.967289811861993e-06
overture,la_guaira,t_test,p75,1.1,18,18793,0,387,19198,0.0009568869278613577,1.0,0.0019119443411758459,3.861398242020032e-05
overture,la_guaira,t_test,p75,1.2,18,17924,0,1256,19198,0.0010032326385018392,1.0,0.0020044543429844097,0.00013138450654483265
overture,la_guaira,t_test,p75,1.3,18,16323,0,2857,19198,0.0011015237745548008,1.0,0.0022006235099944985,0.0003281060625911916
overture,la_guaira,t_test,p75,1.4,17,14211,1,4969,19198,0.0011948271014900196,0.9444444444444444,0.0023866348448687348,0.0005147729250043635
overture,la_guaira,t_test,p75,1.5,14,11881,4,7299,19198,0.001176965111391341,0.7777777777777778,0.0023503735415092756,0.0004789082329136621
overture,la_guaira,t_test,p75,1.6,13,9536,5,9644,19198,0.0013613990993821341,0.7222222222222222,0.0027176753423225667,0.0008475945435513677
overture,la_guaira,t_test,p75,1.7,13,7309,5,11871,19198,0.0017754711827369571,0.7222222222222222,0.0035422343324250684,0.0016747703913085057
overture,la_guaira,t_test,p75,1.8,13,5390,5,13790,19198,0.0024060707014621507,0.7222222222222222,0.004796163069544364,0.0029326752527125354
overture,la_guaira,t_test,p75,1.9,13,3856,5,15324,19198,0.0033600413543551306,0.7222222222222222,0.006688963210702342,0.004831469565369277
overture,la_guaira,t_test,p75,2.0,13,2726,5,16454,19198,0.004746257758305951,0.7222222222222222,0.009430540442509974,0.007581712321732044
overture,la_guaira,t_test,p75,2.1,12,1881,6,17299,19198,0.006339144215530904,0.6666666666666666,0.012558869701726845,0.010721252194544428
overture,la_guaira,t_test,p75,2.2,11,1381,7,17799,19198,0.007902298850574713,0.6111111111111112,0.015602836879432628,0.013777085131138416
overture,la_guaira,t_test,p75,2.3,10,1012,8,18168,19198,0.009784735812133072,0.5555555555555556,0.019230769230769232,0.017420129972569715
overture,la_guaira,t_test,p75,2.4,10,743,8,18437,19198,0.013280212483399735,0.5555555555555556,0.02594033722438392,0.024153155256839278
overture,la_guaira,t_test,p75,2.5,10,529,8,18651,19198,0.01855287569573284,0.5555555555555556,0.03590664272890485,0.03415402193878874
overture,la_guaira,t_test,p75,2.6,10,392,8,18788,19198,0.024875621890547265,0.5555555555555556,0.04761904761904762,0.04590661235719428
overture,la_guaira,t_test,p75,2.7,8,293,10,18887,19198,0.026578073089700997,0.4444444444444444,0.050156739811912224,0.04847312248683388
overture,la_guaira,t_test,p75,2.8,7,222,11,18958,19198,0.03056768558951965,0.3888888888888889,0.05668016194331983,0.055037305156133275
overture,la_guaira,t_test,p75,2.9,6,170,12,19010,19198,0.03409090909090909,0.3333333333333333,0.06185567010309277,0.06025697161649347
overture,la_guaira,t_test,p75,3.0,5,112,13,19068,19198,0.042735042735042736,0.2777777777777778,0.07407407407407407,0.07256683818236229
overture,la_guaira,t_test,p75,3.1,5,74,13,19106,19198,0.06329113924050633,0.2777777777777778,0.10309278350515465,0.10172091287227272
overture,la_guaira,t_test,p75,3.2,4,56,14,19124,19198,0.06666666666666667,0.2222222222222222,0.10256410256410256,0.10126771904199666
overture,la_guaira,t_test,p75,3.3,2,40,16,19140,19198,0.047619047619047616,0.1111111111111111,0.06666666666666667,0.06543992878795292
overture,la_guaira,t_test,p75,3.4,2,32,16,19148,19198,0.058823529411764705,0.1111111111111111,0.07692307692307691,0.07578991286479472
overture,la_guaira,t_test,p75,3.5,1,26,17,19154,19198,0.037037037037037035,0.05555555555555555,0.04444444444444444,0.04336812146406908
overture,la_guaira,t_test,p75,3.6,1,19,17,19161,19198,0.05,0.05555555555555555,0.052631578947368425,0.051695654798790056
overture,la_guaira,t_test,p75,3.7,0,10,18,19170,19198,0.0,0.0,nan,-0.0006701614345226954
overture,la_guaira,t_test,p75,3.8,0,7,18,19173,19198,0.0,0.0,nan,-0.0005253305205743952
overture,la_guaira,t_test,p75,3.9,0,7,18,19173,19198,0.0,0.0,nan,-0.0005253305205743952
overture,la_guaira,t_test,p75,4.0,0,7,18,19173,19198,0.0,0.0,nan,-0.0005253305205743952
overture,la_guaira,t_test,p75,4.1,0,5,18,19175,19198,0.0,0.0,nan,-0.00040781740655509996
overture,la_guaira,t_test,p75,4.2,0,3,18,19177,19198,0.0,0.0,nan,-0.00026795682923970454
overture,la_guaira,t_test,p75,4.3,0,3,18,19177,19198,0.0,0.0,nan,-0.00026795682923970454
overture,la_guaira,t_test,p75,4.4,0,2,18,19178,19198,0.0,0.0,nan,-0.00018755470360531067
overture,la_guaira,t_test,p75,4.5,0,2,18,19178,19198,0.0,0.0,nan,-0.00018755470360531067
overture,la_guaira,t_test,p75,4.6,0,1,18,19179,19198,0.0,0.0,nan,-9.870423267722082e-05
overture,la_guaira,t_test,p75,4.7,0,1,18,19179,19198,0.0,0.0,nan,-9.870423267722082e-05
overture,la_guaira,t_test,p75,4.8,0,0,18,19180,19198,nan,0.0,nan,0.0
overture,la_guaira,t_test,p75,4.9,0,0,18,19180,19198,nan,0.0,nan,0.0
overture,la_guaira,t_test,p75,5.0,0,0,18,19180,19198,nan,0.0,nan,0.0
overture,la_guaira,t_test,p75,5.1,0,0,18,19180,19198,nan,0.0,nan,0.0
overture,la_guaira,t_test,p75,5.2,0,0,18,19180,19198,nan,0.0,nan,0.0
overture,la_guaira,t_test,p75,5.3,0,0,18,19180,19198,nan,0.0,nan,0.0
overture,la_guaira,t_test,p75,5.4,0,0,18,19180,19198,nan,0.0,nan,0.0
overture,la_guaira,t_test,p75,5.5,0,0,18,19180,19198,nan,0.0,nan,0.0
overture,la_guaira,t_test,p75,5.6,0,0,18,19180,19198,nan,0.0,nan,0.0
overture,la_guaira,t_test,p75,5.7,0,0,18,19180,19198,nan,0.0,nan,0.0
overture,la_guaira,t_test,p75,5.8,0,0,18,19180,19198,nan,0.0,nan,0.0
overture,la_guaira,t_test,p75,5.9,0,0,18,19180,19198,nan,0.0,nan,0.0
overture,la_guaira,t_test,p75,6.0,0,0,18,19180,19198,nan,0.0,nan,0.0
overture,la_guaira,t_test,p90,0.0,18,19180,0,0,19198,0.0009375976664235858,1.0,0.0018734388009991672,0.0
overture,la_guaira,t_test,p90,0.1,18,19180,0,0,19198,0.0009375976664235858,1.0,0.0018734388009991672,0.0
overture,la_guaira,t_test,p90,0.2,18,19180,0,0,19198,0.0009375976664235858,1.0,0.0018734388009991672,0.0
overture,la_guaira,t_test,p90,0.3,18,19180,0,0,19198,0.0009375976664235858,1.0,0.0018734388009991672,0.0
overture,la_guaira,t_test,p90,0.4,18,19180,0,0,19198,0.0009375976664235858,1.0,0.0018734388009991672,0.0
overture,la_guaira,t_test,p90,0.5,18,19180,0,0,19198,0.0009375976664235858,1.0,0.0018734388009991672,0.0
overture,la_guaira,t_test,p90,0.6,18,19180,0,0,19198,0.0009375976664235858,1.0,0.0018734388009991672,0.0
overture,la_guaira,t_test,p90,0.7,18,19180,0,0,19198,0.0009375976664235858,1.0,0.0018734388009991672,0.0
overture,la_guaira,t_test,p90,0.8,18,19180,0,0,19198,0.0009375976664235858,1.0,0.0018734388009991672,0.0
overture,la_guaira,t_test,p90,0.9,18,19178,0,2,19198,0.000937695353198583,1.0,0.00187363380868117,1.955568846242935e-07
overture,la_guaira,t_test,p90,1.0,18,19114,0,66,19198,0.0009408321137361488,1.0,0.0018798955613577024,6.474944575203546e-06
overture,la_guaira,t_test,p90,1.1,18,18821,0,359,19198,0.0009554647274271458,1.0,0.0019091053720103938,3.5767018028212934e-05
overture,la_guaira,t_test,p90,1.2,18,18009,0,1171,19198,0.000998502246630055,1.0,0.00199501246882793,0.00012191604336521747
overture,la_guaira,t_test,p90,1.3,18,16500,0,2680,19198,0.0010897203051216855,1.0,0.002177068214804064,0.0003044844423220203
overture,la_guaira,t_test,p90,1.4,17,14445,1,4735,19198,0.001175494399114922,0.9444444444444444,0.0023480662983425414,0.0004760936682467969
overture,la_guaira,t_test,p90,1.5,15,12165,3,7015,19198,0.0012315270935960591,0.8333333333333334,0.002459419576979833,0.0005880925404555836
overture,la_guaira,t_test,p90,1.6,13,9867,5,9313,19198,0.0013157894736842105,0.7222222222222222,0.0026267932915740554,0.0007564239568683661
overture,la_guaira,t_test,p90,1.7,13,7621,5,11559,19198,0.0017029080429656798,0.7222222222222222,0.0033978044955567167,0.0015298823135552369
overture,la_guaira,t_test,p90,1.8,13,5711,5,13469,19198,0.0022711390635918936,0.7222222222222222,0.004528039010797631,0.0026637013353548685
overture,la_guaira,t_test,p90,1.9,13,4132,5,15048,19198,0.0031363088057901087,0.7222222222222222,0.006245496036512131,0.004386598845756411
overture,la_guaira,t_test,p90,2.0,13,2960,5,16220,19198,0.004372687521022536,0.7222222222222222,0.008692744901370779,0.006841586699558831
overture,la_guaira,t_test,p90,2.1,13,2058,5,17122,19198,0.006277160791887977,0.7222222222222222,0.012446146481570127,0.010606827378201006
overture,la_guaira,t_test,p90,2.2,12,1524,6,17656,19198,0.0078125,0.6666666666666666,0.015444015444015444,0.013615777021704668
overture,la_guaira,t_test,p90,2.3,10,1122,8,18058,19198,0.0088339222614841,0.5555555555555556,0.01739130434782609,0.015574207462850142
overture,la_guaira,t_test,p90,2.4,10,839,8,18341,19198,0.011778563015312132,0.5555555555555556,0.02306805074971165,0.021270845694819452
overture,la_guaira,t_test,p90,2.5,10,596,8,18584,19198,0.0165016501650165,0.5555555555555556,0.03205128205128205,0.030285331604579274
overture,la_guaira,t_test,p90,2.6,10,443,8,18737,19198,0.02207505518763797,0.5555555555555556,0.042462845010615716,0.040732776051277085
overture,la_guaira,t_test,p90,2.7,10,344,8,18836,19198,0.02824858757062147,0.5555555555555556,0.053763440860215055,0.0520719010137864
overture,la_guaira,t_test,p90,2.8,7,261,11,18919,19198,0.026119402985074626,0.3888888888888889,0.04895104895104895,0.04727694682337006
overture,la_guaira,t_test,p90,2.9,6,197,12,18983,19198,0.029556650246305417,0.3333333333333333,0.05429864253393664,0.0526668948989944
overture,la_guaira,t_test,p90,3.0,6,142,12,19038,19198,0.04054054054054054,0.3333333333333333,0.07228915662650603,0.0707355557371447
overture,la_guaira,t_test,p90,3.1,6,91,12,19089,19198,0.061855670103092786,0.3333333333333333,0.10434782608695653,0.10292894090488357
overture,la_guaira,t_test,p90,3.2,5,69,13,19111,19198,0.06756756756756757,0.2777777777777778,0.10869565217391305,0.10734925876867628
overture,la_guaira,t_test,p90,3.3,2,52,16,19128,19198,0.037037037037037035,0.1111111111111111,0.05555555555555555,0.05422542149890684
overture,la_guaira,t_test,p90,3.4,2,41,16,19139,19198,0.046511627906976744,0.1111111111111111,0.06557377049180327,0.06433695587117089
overture,la_guaira,t_test,p90,3.5,2,34,16,19146,19198,0.05555555555555555,0.1111111111111111,0.07407407407407407,0.07291509721886717
overture,la_guaira,t_test,p90,3.6,2,28,16,19152,19198,0.06666666666666667,0.1111111111111111,0.08333333333333334,0.08225774208403712
overture,la_guaira,t_test,p90,3.7,1,14,17,19166,19198,0.06666666666666667,0.05555555555555555,0.0606060606060606,0.059804674293877966
overture,la_guaira,t_test,p90,3.8,1,8,17,19172,19198,0.1111111111111111,0.05555555555555555,0.07407407407407407,0.0734949480909084
overture,la_guaira,t_test,p90,3.9,0,8,18,19172,19198,0.0,0.0,nan,-0.0005773162810908662
overture,la_guaira,t_test,p90,4.0,0,7,18,19173,19198,0.0,0.0,nan,-0.0005253305205743952
overture,la_guaira,t_test,p90,4.1,0,6,18,19174,19198,0.0,0.0,nan,-0.0004690187086551398
overture,la_guaira,t_test,p90,4.2,0,5,18,19175,19198,0.0,0.0,nan,-0.00040781740655509996
overture,la_guaira,t_test,p90,4.3,0,4,18,19176,19198,0.0,0.0,nan,-0.0003410608889217509
overture,la_guaira,t_test,p90,4.4,0,3,18,19177,19198,0.0,0.0,nan,-0.00026795682923970454
overture,la_guaira,t_test,p90,4.5,0,3,18,19177,19198,0.0,0.0,nan,-0.00026795682923970454
overture,la_guaira,t_test,p90,4.6,0,3,18,19177,19198,0.0,0.0,nan,-0.00026795682923970454
overture,la_guaira,t_test,p90,4.7,0,2,18,19178,19198,0.0,0.0,nan,-0.00018755470360531067
overture,la_guaira,t_test,p90,4.8,0,2,18,19178,19198,0.0,0.0,nan,-0.00018755470360531067
overture,la_guaira,t_test,p90,4.9,0,1,18,19179,19198,0.0,0.0,nan,-9.870423267722082e-05
overture,la_guaira,t_test,p90,5.0,0,1,18,19179,19198,0.0,0.0,nan,-9.870423267722082e-05
overture,la_guaira,t_test,p90,5.1,0,1,18,19179,19198,0.0,0.0,nan,-9.870423267722082e-05
overture,la_guaira,t_test,p90,5.2,0,1,18,19179,19198,0.0,0.0,nan,-9.870423267722082e-05
overture,la_guaira,t_test,p90,5.3,0,1,18,19179,19198,0.0,0.0,nan,-9.870423267722082e-05
overture,la_guaira,t_test,p90,5.4,0,1,18,19179,19198,0.0,0.0,nan,-9.870423267722082e-05
overture,la_guaira,t_test,p90,5.5,0,1,18,19179,19198,0.0,0.0,nan,-9.870423267722082e-05
overture,la_guaira,t_test,p90,5.6,0,1,18,19179,19198,0.0,0.0,nan,-9.870423267722082e-05
overture,la_guaira,t_test,p90,5.7,0,1,18,19179,19198,0.0,0.0,nan,-9.870423267722082e-05
overture,la_guaira,t_test,p90,5.8,0,1,18,19179,19198,0.0,0.0,nan,-9.870423267722082e-05
overture,la_guaira,t_test,p90,5.9,0,0,18,19180,19198,nan,0.0,nan,0.0
overture,la_guaira,t_test,p90,6.0,0,0,18,19180,19198,nan,0.0,nan,0.0
overture,la_guaira,t_test,frac50,0.0,18,19180,0,0,19198,0.0009375976664235858,1.0,0.0018734388009991672,0.0
overture,la_guaira,t_test,frac50,0.1,18,19180,0,0,19198,0.0009375976664235858,1.0,0.0018734388009991672,0.0
overture,la_guaira,t_test,frac50,0.2,18,19180,0,0,19198,0.0009375976664235858,1.0,0.0018734388009991672,0.0
overture,la_guaira,t_test,frac50,0.3,18,19180,0,0,19198,0.0009375976664235858,1.0,0.0018734388009991672,0.0
overture,la_guaira,t_test,frac50,0.4,18,19180,0,0,19198,0.0009375976664235858,1.0,0.0018734388009991672,0.0
overture,la_guaira,t_test,frac50,0.5,18,19180,0,0,19198,0.0009375976664235858,1.0,0.0018734388009991672,0.0
overture,la_guaira,t_test,frac50,0.6,18,19180,0,0,19198,0.0009375976664235858,1.0,0.0018734388009991672,0.0
overture,la_guaira,t_test,frac50,0.7,18,19180,0,0,19198,0.0009375976664235858,1.0,0.0018734388009991672,0.0
overture,la_guaira,t_test,frac50,0.8,18,19180,0,0,19198,0.0009375976664235858,1.0,0.0018734388009991672,0.0
overture,la_guaira,t_test,frac50,0.9,18,19178,0,2,19198,0.000937695353198583,1.0,0.00187363380868117,1.955568846242935e-07
overture,la_guaira,t_test,frac50,1.0,18,19115,0,65,19198,0.0009407829404693462,1.0,0.0018797973996135973,6.376506378149709e-06
overture,la_guaira,t_test,frac50,1.1,18,18797,0,383,19198,0.0009566834972096731,1.0,0.0019115382573142888,3.820675492883121e-05
overture,la_guaira,t_test,frac50,1.2,18,17957,0,1223,19198,0.0010013908205841447,1.0,0.0020007780803645864,0.00012769789131480473
overture,la_guaira,t_test,frac50,1.3,18,16364,0,2816,19198,0.0010987669393236479,1.0,0.002195121951219512,0.00032258901306929323
overture,la_guaira,t_test,frac50,1.4,15,14284,3,4896,19198,0.0010490244073012099,0.8333333333333334,0.0020954110498009357,0.00022299092579005581
overture,la_guaira,t_test,frac50,1.5,14,11946,4,7234,19198,0.0011705685618729096,0.7777777777777778,0.0023376189681081983,0.00046611433645612295
overture,la_guaira,t_test,frac50,1.6,13,9658,5,9522,19198,0.0013442250025850482,0.7222222222222222,0.0026834554649602647,0.0008132660260973007
overture,la_guaira,t_test,frac50,1.7,13,7397,5,11783,19198,0.0017543859649122807,0.7222222222222222,0.0035002692514808833,0.0016326721709385551
overture,la_guaira,t_test,frac50,1.8,13,5480,5,13700,19198,0.0023666484616785,0.7222222222222222,0.004717837053166394,0.0028541009899106452
overture,la_guaira,t_test,frac50,1.9,13,3889,5,15291,19198,0.0033316248077908763,0.7222222222222222,0.0066326530612244895,0.004774981226291389
overture,la_guaira,t_test,frac50,2.0,12,2761,6,16419,19198,0.00432744320230797,0.6666666666666666,0.008599068434252958,0.006748540017079486
overture,la_guaira,t_test,frac50,2.1,12,1896,6,17284,19198,0.006289308176100629,0.6666666666666666,0.012461059190031154,0.010623123306199581
overture,la_guaira,t_test,frac50,2.2,11,1390,7,17790,19198,0.007851534618129907,0.6111111111111112,0.015503875968992246,0.013677790646984071
overture,la_guaira,t_test,frac50,2.3,10,1021,8,18159,19198,0.009699321047526674,0.5555555555555556,0.019065776930409915,0.017254558918882553
overture,la_guaira,t_test,frac50,2.4,10,750,8,18430,19198,0.013157894736842105,0.5555555555555556,0.025706940874035987,0.023918945495122017
overture,la_guaira,t_test,frac50,2.5,10,524,8,18656,19198,0.018726591760299626,0.5555555555555556,0.03623188405797101,0.03448038546155135
overture,la_guaira,t_test,frac50,2.6,9,400,9,18780,19198,0.022004889975550123,0.5,0.04215456674473068,0.04043103956067527
overture,la_guaira,t_test,frac50,2.7,8,296,10,18884,19198,0.02631578947368421,0.4444444444444444,0.04968944099378882,0.04800405521996144
overture,la_guaira,t_test,frac50,2.8,7,232,11,18948,19198,0.029288702928870293,0.3888888888888889,0.054474708171206226,0.05282296526371313
overture,la_guaira,t_test,frac50,2.9,5,167,13,19013,19198,0.029069767441860465,0.2777777777777778,0.052631578947368425,0.051020643549733014
overture,la_guaira,t_test,frac50,3.0,4,124,14,19056,19198,0.03125,0.2222222222222222,0.0547945205479452,0.053238037379822516
overture,la_guaira,t_test,frac50,3.1,2,71,16,19109,19198,0.0273972602739726,0.1111111111111111,0.04395604395604396,0.04251572182824087
overture,la_guaira,t_test,frac50,3.2,2,54,16,19126,19198,0.03571428571428571,0.1111111111111111,0.05405405405405406,0.05270978601982687
overture,la_guaira,t_test,frac50,3.3,1,40,17,19140,19198,0.024390243902439025,0.05555555555555555,0.03389830508474577,0.03263773353398563
overture,la_guaira,t_test,frac50,3.4,1,30,17,19150,19198,0.03225806451612903,0.05555555555555555,0.04081632653061224,0.03967704925361506
overture,la_guaira,t_test,frac50,3.5,1,26,17,19154,19198,0.037037037037037035,0.05555555555555555,0.04444444444444444,0.04336812146406908
overture,la_guaira,t_test,frac50,3.6,0,19,18,19161,19198,0.0,0.0,nan,-0.0009638662876167609
overture,la_guaira,t_test,frac50,3.7,0,11,18,19169,19198,0.0,0.0,nan,-0.0007117872690916178
overture,la_guaira,t_test,frac50,3.8,0,8,18,19172,19198,0.0,0.0,nan,-0.0005773162810908662
overture,la_guaira,t_test,frac50,3.9,0,5,18,19175,19198,0.0,0.0,nan,-0.00040781740655509996
overture,la_guaira,t_test,frac50,4.0,0,5,18,19175,19198,0.0,0.0,nan,-0.00040781740655509996
overture,la_guaira,t_test,frac50,4.1,0,4,18,19176,19198,0.0,0.0,nan,-0.0003410608889217509
overture,la_guaira,t_test,frac50,4.2,0,3,18,19177,19198,0.0,0.0,nan,-0.00026795682923970454
overture,la_guaira,t_test,frac50,4.3,0,3,18,19177,19198,0.0,0.0,nan,-0.00026795682923970454
overture,la_guaira,t_test,frac50,4.4,0,3,18,19177,19198,0.0,0.0,nan,-0.00026795682923970454
overture,la_guaira,t_test,frac50,4.5,0,1,18,19179,19198,0.0,0.0,nan,-9.870423267722082e-05
overture,la_guaira,t_test,frac50,4.6,0,1,18,19179,19198,0.0,0.0,nan,-9.870423267722082e-05
overture,la_guaira,t_test,frac50,4.7,0,0,18,19180,19198,nan,0.0,nan,0.0
overture,la_guaira,t_test,frac50,4.8,0,0,18,19180,19198,nan,0.0,nan,0.0
overture,la_guaira,t_test,frac50,4.9,0,0,18,19180,19198,nan,0.0,nan,0.0
overture,la_guaira,t_test,frac50,5.0,0,0,18,19180,19198,nan,0.0,nan,0.0
overture,la_guaira,t_test,frac50,5.1,0,0,18,19180,19198,nan,0.0,nan,0.0
overture,la_guaira,t_test,frac50,5.2,0,0,18,19180,19198,nan,0.0,nan,0.0
overture,la_guaira,t_test,frac50,5.3,0,0,18,19180,19198,nan,0.0,nan,0.0
overture,la_guaira,t_test,frac50,5.4,0,0,18,19180,19198,nan,0.0,nan,0.0
overture,la_guaira,t_test,frac50,5.5,0,0,18,19180,19198,nan,0.0,nan,0.0
overture,la_guaira,t_test,frac50,5.6,0,0,18,19180,19198,nan,0.0,nan,0.0
overture,la_guaira,t_test,frac50,5.7,0,0,18,19180,19198,nan,0.0,nan,0.0
overture,la_guaira,t_test,frac50,5.8,0,0,18,19180,19198,nan,0.0,nan,0.0
overture,la_guaira,t_test,frac50,5.9,0,0,18,19180,19198,nan,0.0,nan,0.0
overture,la_guaira,t_test,frac50,6.0,0,0,18,19180,19198,nan,0.0,nan,0.0
overture,catia_la_mar,t_test,mean,0.0,186,33043,0,0,33229,0.005597520238346023,1.0,0.011132724824180758,0.0
overture,catia_la_mar,t_test,mean,0.1,186,33043,0,0,33229,0.005597520238346023,1.0,0.011132724824180758,0.0
overture,catia_la_mar,t_test,mean,0.2,186,33043,0,0,33229,0.005597520238346023,1.0,0.011132724824180758,0.0
overture,catia_la_mar,t_test,mean,0.3,186,33043,0,0,33229,0.005597520238346023,1.0,0.011132724824180758,0.0
overture,catia_la_mar,t_test,mean,0.4,186,33043,0,0,33229,0.005597520238346023,1.0,0.011132724824180758,0.0
overture,catia_la_mar,t_test,mean,0.5,186,33043,0,0,33229,0.005597520238346023,1.0,0.011132724824180758,0.0
overture,catia_la_mar,t_test,mean,0.6,186,33043,0,0,33229,0.005597520238346023,1.0,0.011132724824180758,0.0
overture,catia_la_mar,t_test,mean,0.7,186,33043,0,0,33229,0.005597520238346023,1.0,0.011132724824180758,0.0
overture,catia_la_mar,t_test,mean,0.8,186,33043,0,0,33229,0.005597520238346023,1.0,0.011132724824180758,0.0
overture,catia_la_mar,t_test,mean,0.9,186,33002,0,41,33229,0.0056044353380740024,1.0,0.01114640139030383,1.3907953331276027e-05
overture,catia_la_mar,t_test,mean,1.0,186,32703,0,340,33229,0.00565538629937061,1.0,0.011247165532879817,0.0001163768093270689
overture,catia_la_mar,t_test,mean,1.1,186,32030,0,1013,33229,0.005773528681400546,1.0,0.011480772791802976,0.00035393575296853685
overture,catia_la_mar,t_test,mean,1.2,186,30771,0,2272,33229,0.006008334140905127,1.0,0.01194489933532415,0.0008259115658697539
overture,catia_la_mar,t_test,mean,1.3,186,28546,0,4497,33229,0.00647361826534874,1.0,0.012863960163220141,0.001760508156317981
overture,catia_la_mar,t_test,mean,1.4,183,25471,3,7572,33229,0.007133390504404771,0.9838709677419355,0.014164086687306501,0.003083905642907461
overture,catia_la_mar,t_test,mean,1.5,182,21919,4,11124,33229,0.008234921496764852,0.978494623655914,0.016332391080001795,0.005289502741553658
overture,catia_la_mar,t_test,mean,1.6,182,18169,4,14874,33229,0.00991771565582257,0.978494623655914,0.019636402869935805,0.008649553766100987
overture,catia_la_mar,t_test,mean,1.7,179,14946,7,18097,33229,0.011834710743801652,0.9623655913978495,0.02338188230683822,0.012460643398478738
overture,catia_la_mar,t_test,mean,1.8,175,12125,11,20918,33229,0.014227642276422764,0.9408602150537635,0.02803139516258209,0.017192729760956683
overture,catia_la_mar,t_test,mean,1.9,169,9726,17,23317,33229,0.01707933299646286,0.9086021505376344,0.03352841979962305,0.022790365592114156
overture,catia_la_mar,t_test,mean,2.0,162,7805,24,25238,33229,0.020333877243629974,0.8709677419354839,0.03973997301606771,0.029118882806583788
overture,catia_la_mar,t_test,mean,2.1,151,6164,35,26879,33229,0.02391132224861441,0.8118279569892473,0.04645439163205661,0.03597082562065598
overture,catia_la_mar,t_test,mean,2.2,141,4837,45,28206,33229,0.028324628364805142,0.7580645161290323,0.05460883036405887,0.044295043193010634
overture,catia_la_mar,t_test,mean,2.3,133,3871,53,29172,33229,0.033216783216783216,0.7150537634408602,0.06348448687350836,0.053357229752729815
overture,catia_la_mar,t_test,mean,2.4,122,3099,64,29944,33229,0.03787643588947532,0.6559139784946236,0.07161725858526563,0.06168627351447051
overture,catia_la_mar,t_test,mean,2.5,113,2416,73,30627,33229,0.04468169236852511,0.6075268817204301,0.08324125230202577,0.07358046843233271
overture,catia_la_mar,t_test,mean,2.6,104,1846,82,31197,33229,0.05333333333333334,0.5591397849462365,0.09737827715355805,0.08805805589680572
overture,catia_la_mar,t_test,mean,2.7,91,1409,95,31634,33229,0.06066666666666667,0.489247311827957,0.10794780545670225,0.09897358195080289
overture,catia_la_mar,t_test,mean,2.8,74,1096,112,31947,33229,0.06324786324786325,0.3978494623655914,0.10914454277286136,0.10045544832603426
overture,catia_la_mar,t_test,mean,2.9,61,843,125,32200,33229,0.06747787610619468,0.3279569892473118,0.11192660550458716,0.10360384136117437
overture,catia_la_mar,t_test,mean,3.0,54,640,132,32403,33229,0.07780979827089338,0.2903225806451613,0.12272727272727275,0.11491300247121365
overture,catia_la_mar,t_test,mean,3.1,48,491,138,32552,33229,0.08905380333951762,0.25806451612903225,0.13241379310344828,0.12513232760931847
overture,catia_la_mar,t_test,mean,3.2,39,394,147,32649,33229,0.09006928406466513,0.20967741935483872,0.1260096930533118,0.11911136373938495
overture,catia_la_mar,t_test,mean,3.3,31,296,155,32747,33229,0.09480122324159021,0.16666666666666666,0.1208576998050682,0.11453903267465378
overture,catia_la_mar,t_test,mean,3.4,24,227,162,32816,33229,0.09561752988047809,0.12903225806451613,0.10983981693363844,0.10407895201043738
overture,catia_la_mar,t_test,mean,3.5,20,177,166,32866,33229,0.10152284263959391,0.10752688172043011,0.10443864229765014,0.0992518783257335
overture,catia_la_mar,t_test,mean,3.6,19,139,167,32904,33229,0.12025316455696203,0.10215053763440861,0.11046511627906977,0.1058675694688731
overture,catia_la_mar,t_test,mean,3.7,16,116,170,32927,33229,0.12121212121212122,0.08602150537634409,0.10062893081761007,0.09643004309489109
overture,catia_la_mar,t_test,mean,3.8,13,84,173,32959,33229,0.13402061855670103,0.06989247311827956,0.09187279151943463,0.0883747309778699
overture,catia_la_mar,t_test,mean,3.9,13,67,173,32976,33229,0.1625,0.06989247311827956,0.09774436090225563,0.09469626708761265
overture,catia_la_mar,t_test,mean,4.0,7,49,179,32994,33229,0.125,0.03763440860215054,0.05785123966942149,0.05540418119076138
overture,catia_la_mar,t_test,mean,4.1,5,40,181,33003,33229,0.1111111111111111,0.026881720430107527,0.04329004329004329,0.04119904026014014
overture,catia_la_mar,t_test,mean,4.2,5,32,181,33011,33229,0.13513513513513514,0.026881720430107527,0.044843049327354265,0.04306556937975011
overture,catia_la_mar,t_test,mean,4.3,4,15,182,33028,33229,0.21052631578947367,0.021505376344086023,0.03902439024390244,0.038026256756731255
overture,catia_la_mar,t_test,mean,4.4,3,14,183,33029,33229,0.17647058823529413,0.016129032258064516,0.029556650246305414,0.028645990607431487
overture,catia_la_mar,t_test,mean,4.5,3,11,183,33032,33229,0.21428571428571427,0.016129032258064516,0.03,0.029239260596039488
overture,catia_la_mar,t_test,mean,4.6,2,8,184,33035,33229,0.2,0.010752688172043012,0.020408163265306128,0.019848324608217588
overture,catia_la_mar,t_test,mean,4.7,2,7,184,33036,33229,0.2222222222222222,0.010752688172043012,0.020512820512820513,0.020006463560151053
overture,catia_la_mar,t_test,mean,4.8,2,5,184,33038,33229,0.2857142857142857,0.010752688172043012,0.02072538860103627,0.020327604638158882
overture,catia_la_mar,t_test,mean,4.9,2,5,184,33038,33229,0.2857142857142857,0.010752688172043012,0.02072538860103627,0.020327604638158882
overture,catia_la_mar,t_test,mean,5.0,2,5,184,33038,33229,0.2857142857142857,0.010752688172043012,0.02072538860103627,0.020327604638158882
overture,catia_la_mar,t_test,mean,5.1,2,3,184,33040,33229,0.4,0.010752688172043012,0.020942408376963356,0.020655397841327427
overture,catia_la_mar,t_test,mean,5.2,2,3,184,33040,33229,0.4,0.010752688172043012,0.020942408376963356,0.020655397841327427
overture,catia_la_mar,t_test,mean,5.3,2,2,184,33041,33229,0.5,0.010752688172043012,0.02105263157894737,0.020821853916214345
overture,catia_la_mar,t_test,mean,5.4,2,2,184,33041,33229,0.5,0.010752688172043012,0.02105263157894737,0.020821853916214345
overture,catia_la_mar,t_test,mean,5.5,2,2,184,33041,33229,0.5,0.010752688172043012,0.02105263157894737,0.020821853916214345
overture,catia_la_mar,t_test,mean,5.6,2,2,184,33041,33229,0.5,0.010752688172043012,0.02105263157894737,0.020821853916214345
overture,catia_la_mar,t_test,mean,5.7,2,1,184,33042,33229,0.6666666666666666,0.010752688172043012,0.021164021164021166,0.020990052021231893
overture,catia_la_mar,t_test,mean,5.8,2,1,184,33042,33229,0.6666666666666666,0.010752688172043012,0.021164021164021166,0.020990052021231893
overture,catia_la_mar,t_test,mean,5.9,1,1,185,33042,33229,0.5,0.005376344086021506,0.010638297872340427,0.01052045464297083
overture,catia_la_mar,t_test,mean,6.0,1,1,185,33042,33229,0.5,0.005376344086021506,0.010638297872340427,0.01052045464297083
overture,catia_la_mar,t_test,max,0.0,186,33043,0,0,33229,0.005597520238346023,1.0,0.011132724824180758,0.0
overture,catia_la_mar,t_test,max,0.1,186,33043,0,0,33229,0.005597520238346023,1.0,0.011132724824180758,0.0
overture,catia_la_mar,t_test,max,0.2,186,33043,0,0,33229,0.005597520238346023,1.0,0.011132724824180758,0.0
overture,catia_la_mar,t_test,max,0.3,186,33043,0,0,33229,0.005597520238346023,1.0,0.011132724824180758,0.0
overture,catia_la_mar,t_test,max,0.4,186,33043,0,0,33229,0.005597520238346023,1.0,0.011132724824180758,0.0
overture,catia_la_mar,t_test,max,0.5,186,33043,0,0,33229,0.005597520238346023,1.0,0.011132724824180758,0.0
overture,catia_la_mar,t_test,max,0.6,186,33043,0,0,33229,0.005597520238346023,1.0,0.011132724824180758,0.0
overture,catia_la_mar,t_test,max,0.7,186,33043,0,0,33229,0.005597520238346023,1.0,0.011132724824180758,0.0
overture,catia_la_mar,t_test,max,0.8,186,33043,0,0,33229,0.005597520238346023,1.0,0.011132724824180758,0.0
overture,catia_la_mar,t_test,max,0.9,186,33013,0,30,33229,0.005602578390915389,1.0,0.01114272877040587,1.0173198364858203e-05
overture,catia_la_mar,t_test,max,1.0,186,32791,0,252,33229,0.005640294750886982,1.0,0.011217320507794832,8.602688253995806e-05
overture,catia_la_mar,t_test,max,1.1,186,32223,0,820,33229,0.00573914653337036,1.0,0.011412793373216752,0.000284806463910129
overture,catia_la_mar,t_test,max,1.2,186,31161,0,1882,33229,0.005933582160972342,1.0,0.01179716487489297,0.0006756789016283288
overture,catia_la_mar,t_test,max,1.3,186,29243,0,3800,33229,0.006320296306364471,1.0,0.012561202093533683,0.0014526333520012138
overture,catia_la_mar,t_test,max,1.4,185,26484,1,6559,33229,0.0069368930218605875,0.9946236559139785,0.013777695028858686,0.0026900995376219917
overture,catia_la_mar,t_test,max,1.5,184,23164,2,9879,33229,0.00788076066472503,0.989247311827957,0.015636950794595057,0.004581272036393764
overture,catia_la_mar,t_test,max,1.6,183,19585,3,13458,33229,0.009257385673816268,0.9838709677419355,0.01834218703016939,0.007332826524634982
overture,catia_la_mar,t_test,max,1.7,183,16336,3,16707,33229,0.011078152430534536,0.9838709677419355,0.021909607901825803,0.010960555006186194
overture,catia_la_mar,t_test,max,1.8,178,13490,8,19553,33229,0.01302311969563945,0.956989247311828,0.02569654973292912,0.014815443501480362
overture,catia_la_mar,t_test,max,1.9,174,10961,12,22082,33229,0.015626403233048945,0.9354838709677419,0.030739333981097076,0.019947872248812427
overture,catia_la_mar,t_test,max,2.0,169,8995,17,24048,33229,0.01844172850283719,0.9086021505376344,0.036149732620320854,0.02545671528155376
overture,catia_la_mar,t_test,max,2.1,164,7290,22,25753,33229,0.022001609873893213,0.8817204301075269,0.04293193717277487,0.03236292992365926
overture,catia_la_mar,t_test,max,2.2,155,5787,31,27256,33229,0.026085493099966342,0.8333333333333334,0.050587467362924285,0.040168260369507505
overture,catia_la_mar,t_test,max,2.3,147,4652,39,28391,33229,0.030631381537820378,0.7903225806451613,0.058976930792377126,0.04872472143932272
overture,catia_la_mar,t_test,max,2.4,140,3804,46,29239,33229,0.035496957403651115,0.7526881720430108,0.06779661016949153,0.057722859958446227
overture,catia_la_mar,t_test,max,2.5,132,3128,54,29915,33229,0.04049079754601227,0.7096774193548387,0.07661056297156124,0.066726467202521
overture,catia_la_mar,t_test,max,2.6,123,2486,63,30557,33229,0.047144499808355694,0.6612903225806451,0.08801431127012523,0.07838338113276659
overture,catia_la_mar,t_test,max,2.7,112,1950,74,31093,33229,0.05431619786614937,0.6021505376344086,0.09964412811387902,0.09030266410112875
overture,catia_la_mar,t_test,max,2.8,100,1502,86,31541,33229,0.062421972534332085,0.5376344086021505,0.11185682326621924,0.10285808096459967
overture,catia_la_mar,t_test,max,2.9,87,1224,99,31819,33229,0.06636155606407322,0.46774193548387094,0.11623246492985972,0.10748215434991336
overture,catia_la_mar,t_test,max,3.0,77,950,109,32093,33229,0.07497565725413827,0.41397849462365593,0.12695795548227534,0.118603723661722
overture,catia_la_mar,t_test,max,3.1,68,760,118,32283,33229,0.0821256038647343,0.3655913978494624,0.1341222879684418,0.12613382958642447
overture,catia_la_mar,t_test,max,3.2,61,624,125,32419,33229,0.08905109489051095,0.3279569892473118,0.14006888633754308,0.1324304868727641
overture,catia_la_mar,t_test,max,3.3,52,498,134,32545,33229,0.09454545454545454,0.27956989247311825,0.14130434782608695,0.1340600159723213
overture,catia_la_mar,t_test,max,3.4,48,396,138,32647,33229,0.10810810810810811,0.25806451612903225,0.1523809523809524,0.14564019185808066
overture,catia_la_mar,t_test,max,3.5,43,333,143,32710,33229,0.11436170212765957,0.23118279569892472,0.15302491103202848,0.14663326216280517
overture,catia_la_mar,t_test,max,3.6,37,265,149,32778,33229,0.12251655629139073,0.1989247311827957,0.15163934426229508,0.14572083126752391
overture,catia_la_mar,t_test,max,3.7,31,231,155,32812,33229,0.1183206106870229,0.16666666666666666,0.13839285714285715,0.13271465362934323
overture,catia_la_mar,t_test,max,3.8,28,177,158,32866,33229,0.13658536585365855,0.15053763440860216,0.14322250639386191,0.13816394024935405
overture,catia_la_mar,t_test,max,3.9,26,145,160,32898,33229,0.15204678362573099,0.13978494623655913,0.1456582633053221,0.14105230202776214
overture,catia_la_mar,t_test,max,4.0,19,128,167,32915,33229,0.1292517006802721,0.10215053763440861,0.11411411411411412,0.10971436273118057
overture,catia_la_mar,t_test,max,4.1,17,114,169,32929,33229,0.1297709923664122,0.0913978494623656,0.10725552050473186,0.10310618328654537
overture,catia_la_mar,t_test,max,4.2,14,95,172,32948,33229,0.12844036697247707,0.07526881720430108,0.09491525423728815,0.09115584530927666
overture,catia_la_mar,t_test,max,4.3,11,55,175,32988,33229,0.16666666666666666,0.05913978494623656,0.0873015873015873,0.0846176547665435
overture,catia_la_mar,t_test,max,4.4,6,41,180,33002,33229,0.1276595744680851,0.03225806451612903,0.051502145922746774,0.04935537451553666
overture,catia_la_mar,t_test,max,4.5,6,31,180,33012,33229,0.16216216216216217,0.03225806451612903,0.053811659192825115,0.05205086919777534
overture,catia_la_mar,t_test,max,4.6,5,22,181,33021,33229,0.18518518518518517,0.026881720430107527,0.046948356807511735,0.04559396909871296
overture,catia_la_mar,t_test,max,4.7,5,19,181,33024,33229,0.20833333333333334,0.026881720430107527,0.047619047619047616,0.04639897881554435
overture,catia_la_mar,t_test,max,4.8,5,17,181,33026,33229,0.22727272727272727,0.026881720430107527,0.04807692307692307,0.046948423454487125
overture,catia_la_mar,t_test,max,4.9,5,17,181,33026,33229,0.22727272727272727,0.026881720430107527,0.04807692307692307,0.046948423454487125
overture,catia_la_mar,t_test,max,5.0,3,16,183,33027,33229,0.15789473684210525,0.016129032258064516,0.02926829268292683,0.028260025860866362
overture,catia_la_mar,t_test,max,5.1,3,14,183,33029,33229,0.17647058823529413,0.016129032258064516,0.029556650246305414,0.028645990607431487
overture,catia_la_mar,t_test,max,5.2,3,12,183,33031,33229,0.2,0.016129032258064516,0.029850746268656716,0.029039556607069066
overture,catia_la_mar,t_test,max,5.3,3,10,183,33033,33229,0.23076923076923078,0.016129032258064516,0.03015075376884422,0.02944095064345976
overture,catia_la_mar,t_test,max,5.4,3,9,183,33034,33229,0.25,0.016129032258064516,0.030303030303030304,0.029644656524411585
overture,catia_la_mar,t_test,max,5.5,3,9,183,33034,33229,0.25,0.016129032258064516,0.030303030303030304,0.029644656524411585
overture,catia_la_mar,t_test,max,5.6,3,8,183,33035,33229,0.2727272727272727,0.016129032258064516,0.030456852791878174,0.029850408612261667
overture,catia_la_mar,t_test,max,5.7,2,3,184,33040,33229,0.4,0.010752688172043012,0.020942408376963356,0.020655397841327427
overture,catia_la_mar,t_test,max,5.8,2,3,184,33040,33229,0.4,0.010752688172043012,0.020942408376963356,0.020655397841327427
overture,catia_la_mar,t_test,max,5.9,2,3,184,33040,33229,0.4,0.010752688172043012,0.020942408376963356,0.020655397841327427
overture,catia_la_mar,t_test,max,6.0,2,2,184,33041,33229,0.5,0.010752688172043012,0.02105263157894737,0.020821853916214345
overture,catia_la_mar,t_test,p75,0.0,186,33043,0,0,33229,0.005597520238346023,1.0,0.011132724824180758,0.0
overture,catia_la_mar,t_test,p75,0.1,186,33043,0,0,33229,0.005597520238346023,1.0,0.011132724824180758,0.0
overture,catia_la_mar,t_test,p75,0.2,186,33043,0,0,33229,0.005597520238346023,1.0,0.011132724824180758,0.0
overture,catia_la_mar,t_test,p75,0.3,186,33043,0,0,33229,0.005597520238346023,1.0,0.011132724824180758,0.0
overture,catia_la_mar,t_test,p75,0.4,186,33043,0,0,33229,0.005597520238346023,1.0,0.011132724824180758,0.0
overture,catia_la_mar,t_test,p75,0.5,186,33043,0,0,33229,0.005597520238346023,1.0,0.011132724824180758,0.0
overture,catia_la_mar,t_test,p75,0.6,186,33043,0,0,33229,0.005597520238346023,1.0,0.011132724824180758,0.0
overture,catia_la_mar,t_test,p75,0.7,186,33043,0,0,33229,0.005597520238346023,1.0,0.011132724824180758,0.0
overture,catia_la_mar,t_test,p75,0.8,186,33043,0,0,33229,0.005597520238346023,1.0,0.011132724824180758,0.0
overture,catia_la_mar,t_test,p75,0.9,186,33008,0,35,33229,0.005603422305235886,1.0,0.011144397843019772,1.1870509134264023e-05
overture,catia_la_mar,t_test,p75,1.0,186,32754,0,289,33229,0.005646630236794172,1.0,0.011229849664915777,9.876800229163926e-05
overture,catia_la_mar,t_test,p75,1.1,186,32146,0,897,33229,0.005752814549053569,1.0,0.01143981794698321,0.0003122881641590051
overture,catia_la_mar,t_test,p75,1.2,186,30970,0,2073,33229,0.005969957632558737,1.0,0.0118690574947355,0.0007487872639120551
overture,catia_la_mar,t_test,p75,1.3,186,28894,0,4149,33229,0.006396148555708391,1.0,0.012710995694662748,0.0016049586578615082
overture,catia_la_mar,t_test,p75,1.4,185,26006,1,7037,33229,0.007063495093734489,0.9946236559139785,0.01402737233195587,0.0029440005777246077
overture,catia_la_mar,t_test,p75,1.5,184,22542,2,10501,33229,0.008096453401390478,0.989247311827957,0.016061452513966484,0.005012958248696285
overture,catia_la_mar,t_test,p75,1.6,182,18885,4,14158,33229,0.009545287669795982,0.978494623655914,0.01890614449696151,0.007906920561766577
overture,catia_la_mar,t_test,p75,1.7,180,15664,6,17379,33229,0.011360767482958849,0.967741935483871,0.022457891453524642,0.011520222658180179
overture,catia_la_mar,t_test,p75,1.8,177,12782,9,20261,33229,0.013658461301026313,0.9516129032258065,0.02693039178394827,0.01607113079836585
overture,catia_la_mar,t_test,p75,1.9,172,10357,14,22686,33229,0.01633583436223763,0.9247311827956989,0.03210452636490901,0.021338558071812907
overture,catia_la_mar,t_test,p75,2.0,165,8362,21,24681,33229,0.01935029905007623,0.8870967741935484,0.03787444049122002,0.027216571417482394
overture,catia_la_mar,t_test,p75,2.1,161,6721,25,26322,33229,0.023394362104039522,0.8655913978494624,0.04555744199207696,0.03503894758449105
overture,catia_la_mar,t_test,p75,2.2,151,5300,35,27743,33229,0.027701339203815813,0.8118279569892473,0.05357459641653362,0.043216800344893835
overture,catia_la_mar,t_test,p75,2.3,143,4218,43,28825,33229,0.03279064434762669,0.7688172043010753,0.06289861447107983,0.05272766126381402
overture,catia_la_mar,t_test,p75,2.4,130,3430,56,29613,33229,0.03651685393258427,0.6989247311827957,0.06940736785904965,0.059400162956989286
overture,catia_la_mar,t_test,p75,2.5,120,2757,66,30286,33229,0.04171011470281543,0.6451612903225806,0.07835455435847209,0.06856025671207434
overture,catia_la_mar,t_test,p75,2.6,112,2128,74,30915,33229,0.05,0.6021505376344086,0.09233305853256389,0.08285276132293035
overture,catia_la_mar,t_test,p75,2.7,104,1641,82,31402,33229,0.05959885386819484,0.5591397849462365,0.10771620921802175,0.09859698631491128
overture,catia_la_mar,t_test,p75,2.8,90,1287,96,31756,33229,0.06535947712418301,0.4838709677419355,0.11516314779270635,0.10634924088885458
overture,catia_la_mar,t_test,p75,2.9,77,1025,109,32018,33229,0.06987295825771325,0.41397849462365593,0.11956521739130435,0.11105053461029177
overture,catia_la_mar,t_test,p75,3.0,62,774,124,32269,33229,0.07416267942583732,0.3333333333333333,0.12133072407045009,0.11320986633618081
overture,catia_la_mar,t_test,p75,3.1,56,606,130,32437,33229,0.08459214501510574,0.3010752688172043,0.1320754716981132,0.12442334807679326
overture,catia_la_mar,t_test,p75,3.2,48,478,138,32565,33229,0.09125475285171103,0.25806451612903225,0.1348314606741573,0.12761641802953477
overture,catia_la_mar,t_test,p75,3.3,43,383,143,32660,33229,0.10093896713615023,0.23118279569892472,0.14052287581699346,0.13377269017502413
overture,catia_la_mar,t_test,p75,3.4,37,299,149,32744,33229,0.11011904761904762,0.1989247311827957,0.1417624521072797,0.1355331009829775
overture,catia_la_mar,t_test,p75,3.5,30,240,156,32803,33229,0.1111111111111111,0.16129032258064516,0.13157894736842105,0.12578408268305086
overture,catia_la_mar,t_test,p75,3.6,24,193,162,32850,33229,0.11059907834101383,0.12903225806451613,0.11910669975186104,0.11376438397083094
overture,catia_la_mar,t_test,p75,3.7,20,158,166,32885,33229,0.11235955056179775,0.10752688172043011,0.10989010989010989,0.10499038168979888
overture,catia_la_mar,t_test,p75,3.8,19,127,167,32916,33229,0.13013698630136986,0.10215053763440861,0.11445783132530121,0.11007663160532605
overture,catia_la_mar,t_test,p75,3.9,15,108,171,32935,33229,0.12195121951219512,0.08064516129032258,0.0970873786407767,0.09304573809150077
overture,catia_la_mar,t_test,p75,4.0,14,83,172,32960,33229,0.14432989690721648,0.07526881720430108,0.0989399293286219,0.09546909104807684
overture,catia_la_mar,t_test,p75,4.1,13,69,173,32974,33229,0.15853658536585366,0.06989247311827956,0.09701492537313433,0.09391125591952179
overture,catia_la_mar,t_test,p75,4.2,11,49,175,32994,33229,0.18333333333333332,0.05913978494623656,0.08943089430894309,0.08693778003816721
overture,catia_la_mar,t_test,p75,4.3,8,28,178,33015,33229,0.2222222222222222,0.043010752688172046,0.07207207207207207,0.07038443685198599
overture,catia_la_mar,t_test,p75,4.4,5,23,181,33020,33229,0.17857142857142858,0.026881720430107527,0.04672897196261682,0.0453305992882262
overture,catia_la_mar,t_test,p75,4.5,5,20,181,33023,33229,0.2,0.026881720430107527,0.047393364928909956,0.046128123902550396
overture,catia_la_mar,t_test,p75,4.6,5,15,181,33028,33229,0.25,0.026881720430107527,0.048543689320388356,0.04750842896197059
overture,catia_la_mar,t_test,p75,4.7,3,11,183,33032,33229,0.21428571428571427,0.016129032258064516,0.03,0.029239260596039488
overture,catia_la_mar,t_test,p75,4.8,3,7,183,33036,33229,0.3,0.016129032258064516,0.030612244897959183,0.030058237893542575
overture,catia_la_mar,t_test,p75,4.9,3,7,183,33036,33229,0.3,0.016129032258064516,0.030612244897959183,0.030058237893542575
overture,catia_la_mar,t_test,p75,5.0,2,5,184,33038,33229,0.2857142857142857,0.010752688172043012,0.02072538860103627,0.020327604638158882
overture,catia_la_mar,t_test,p75,5.1,2,5,184,33038,33229,0.2857142857142857,0.010752688172043012,0.02072538860103627,0.020327604638158882
overture,catia_la_mar,t_test,p75,5.2,2,4,184,33039,33229,0.3333333333333333,0.010752688172043012,0.020833333333333336,0.020490656872594947
overture,catia_la_mar,t_test,p75,5.3,2,3,184,33040,33229,0.4,0.010752688172043012,0.020942408376963356,0.020655397841327427
overture,catia_la_mar,t_test,p75,5.4,2,3,184,33040,33229,0.4,0.010752688172043012,0.020942408376963356,0.020655397841327427
overture,catia_la_mar,t_test,p75,5.5,2,2,184,33041,33229,0.5,0.010752688172043012,0.02105263157894737,0.020821853916214345
overture,catia_la_mar,t_test,p75,5.6,2,2,184,33041,33229,0.5,0.010752688172043012,0.02105263157894737,0.020821853916214345
overture,catia_la_mar,t_test,p75,5.7,2,1,184,33042,33229,0.6666666666666666,0.010752688172043012,0.021164021164021166,0.020990052021231893
overture,catia_la_mar,t_test,p75,5.8,2,1,184,33042,33229,0.6666666666666666,0.010752688172043012,0.021164021164021166,0.020990052021231893
overture,catia_la_mar,t_test,p75,5.9,2,1,184,33042,33229,0.6666666666666666,0.010752688172043012,0.021164021164021166,0.020990052021231893
overture,catia_la_mar,t_test,p75,6.0,2,1,184,33042,33229,0.6666666666666666,0.010752688172043012,0.021164021164021166,0.020990052021231893
overture,catia_la_mar,t_test,p90,0.0,186,33043,0,0,33229,0.005597520238346023,1.0,0.011132724824180758,0.0
overture,catia_la_mar,t_test,p90,0.1,186,33043,0,0,33229,0.005597520238346023,1.0,0.011132724824180758,0.0
overture,catia_la_mar,t_test,p90,0.2,186,33043,0,0,33229,0.005597520238346023,1.0,0.011132724824180758,0.0
overture,catia_la_mar,t_test,p90,0.3,186,33043,0,0,33229,0.005597520238346023,1.0,0.011132724824180758,0.0
overture,catia_la_mar,t_test,p90,0.4,186,33043,0,0,33229,0.005597520238346023,1.0,0.011132724824180758,0.0
overture,catia_la_mar,t_test,p90,0.5,186,33043,0,0,33229,0.005597520238346023,1.0,0.011132724824180758,0.0
overture,catia_la_mar,t_test,p90,0.6,186,33043,0,0,33229,0.005597520238346023,1.0,0.011132724824180758,0.0
overture,catia_la_mar,t_test,p90,0.7,186,33043,0,0,33229,0.005597520238346023,1.0,0.011132724824180758,0.0
overture,catia_la_mar,t_test,p90,0.8,186,33043,0,0,33229,0.005597520238346023,1.0,0.011132724824180758,0.0
overture,catia_la_mar,t_test,p90,0.9,186,33012,0,31,33229,0.005602747153442979,1.0,0.011143062544931704,1.0512619847692693e-05
overture,catia_la_mar,t_test,p90,1.0,186,32774,0,269,33229,0.005643203883495145,1.0,0.01122307367404815,9.187737849026325e-05
overture,catia_la_mar,t_test,p90,1.1,186,32196,0,847,33229,0.005743931813970725,1.0,0.011422254974207813,0.0002944281108751697
overture,catia_la_mar,t_test,p90,1.2,186,31089,0,1954,33229,0.005947242206235012,1.0,0.01182416324973777,0.0007031338403291971
overture,catia_la_mar,t_test,p90,1.3,186,29113,0,3930,33229,0.006348339533772483,1.0,0.012616584704086824,0.00150895203007995
overture,catia_la_mar,t_test,p90,1.4,185,26323,1,6720,33229,0.006979025199939641,0.9946236559139785,0.013860792687495318,0.0027746030215106713
overture,catia_la_mar,t_test,p90,1.5,184,22916,2,10127,33229,0.007965367965367965,0.989247311827957,0.015803487073778235,0.004750627114139209
overture,catia_la_mar,t_test,p90,1.6,183,19298,3,13745,33229,0.00939376828704892,0.9838709677419355,0.018609854070269997,0.007605023670287806
overture,catia_la_mar,t_test,p90,1.7,181,16053,5,16990,33229,0.011149439448071948,0.9731182795698925,0.022046285018270405,0.011100925597227954
overture,catia_la_mar,t_test,p90,1.8,178,13212,8,19831,33229,0.013293502613890963,0.956989247311828,0.026222746022392458,0.015350580768425527
overture,catia_la_mar,t_test,p90,1.9,174,10726,12,22317,33229,0.015963302752293577,0.9354838709677419,0.031390943532383184,0.020610597725976936
overture,catia_la_mar,t_test,p90,2.0,168,8717,18,24326,33229,0.018908272369161507,0.9032258064516129,0.037041120052915884,0.026364734990776652
overture,catia_la_mar,t_test,p90,2.1,162,7039,24,26004,33229,0.022496875433967504,0.8709677419354839,0.04386083660484635,0.033311210637316735
overture,catia_la_mar,t_test,p90,2.2,153,5593,33,27450,33229,0.026627218934911243,0.8225806451612904,0.05158462575859744,0.04118724495570577
overture,catia_la_mar,t_test,p90,2.3,145,4478,41,28565,33229,0.03136491455764655,0.7795698924731183,0.06030359742150135,0.05008052170027753
overture,catia_la_mar,t_test,p90,2.4,138,3672,48,29371,33229,0.03622047244094488,0.7419354838709677,0.06906906906906908,0.059025150571195326
overture,catia_la_mar,t_test,p90,2.5,130,2963,56,30080,33229,0.04203039120594892,0.6989247311827957,0.07929246721561452,0.06946602268427035
overture,catia_la_mar,t_test,p90,2.6,116,2330,70,30713,33229,0.047424366312346686,0.6236559139784946,0.08814589665653495,0.07855931847756265
overture,catia_la_mar,t_test,p90,2.7,109,1822,77,31221,33229,0.056447436561367165,0.5860215053763441,0.10297590930562114,0.09372149876325554
overture,catia_la_mar,t_test,p90,2.8,95,1408,91,31635,33229,0.06320691949434465,0.510752688172043,0.11249259917110717,0.10356211092067226
overture,catia_la_mar,t_test,p90,2.9,84,1152,102,31891,33229,0.06796116504854369,0.45161290322580644,0.1181434599156118,0.10947804880362884
overture,catia_la_mar,t_test,p90,3.0,71,876,115,32167,33229,0.07497360084477296,0.3817204301075269,0.12533097969991172,0.11706922316131708
overture,catia_la_mar,t_test,p90,3.1,64,689,122,32354,33229,0.0849933598937583,0.34408602150537637,0.13631522896698617,0.12849126582231796
overture,catia_la_mar,t_test,p90,3.2,55,560,131,32483,33229,0.08943089430894309,0.2956989247311828,0.1373283395755306,0.1298490062528876
overture,catia_la_mar,t_test,p90,3.3,51,448,135,32595,33229,0.10220440881763528,0.27419354838709675,0.14890510948905109,0.1419071743444233
overture,catia_la_mar,t_test,p90,3.4,46,353,140,32690,33229,0.11528822055137844,0.24731182795698925,0.15726495726495726,0.1507806651520386
overture,catia_la_mar,t_test,p90,3.5,38,283,148,32760,33229,0.11838006230529595,0.20430107526881722,0.14990138067061146,0.14383288165713895
overture,catia_la_mar,t_test,p90,3.6,30,236,156,32807,33229,0.11278195488721804,0.16129032258064516,0.1327433628318584,0.12699178234376496
overture,catia_la_mar,t_test,p90,3.7,26,200,160,32843,33229,0.11504424778761062,0.13978494623655913,0.1262135922330097,0.12081454175999486
overture,catia_la_mar,t_test,p90,3.8,21,152,165,32891,33229,0.12138728323699421,0.11290322580645161,0.11699164345403898,0.11220212973525201
overture,catia_la_mar,t_test,p90,3.9,17,137,169,32906,33229,0.11038961038961038,0.0913978494623656,0.09999999999999999,0.09541311598733386
overture,catia_la_mar,t_test,p90,4.0,15,107,171,32936,33229,0.12295081967213115,0.08064516129032258,0.0974025974025974,0.09338229261171697
overture,catia_la_mar,t_test,p90,4.1,15,94,171,32949,33229,0.13761467889908258,0.08064516129032258,0.1016949152542373,0.09796366669272373
overture,catia_la_mar,t_test,p90,4.2,13,73,173,32970,33229,0.1511627906976744,0.06989247311827956,0.09558823529411764,0.09237560035777939
overture,catia_la_mar,t_test,p90,4.3,9,41,177,33002,33229,0.18,0.04838709677419355,0.07627118644067796,0.07407504930053098
overture,catia_la_mar,t_test,p90,4.4,6,34,180,33009,33229,0.15,0.03225806451612903,0.053097345132743355,0.051217405389349255
overture,catia_la_mar,t_test,p90,4.5,5,24,181,33019,33229,0.1724137931034483,0.026881720430107527,0.046511627906976744,0.045069655665786176
overture,catia_la_mar,t_test,p90,4.6,5,20,181,33023,33229,0.2,0.026881720430107527,0.047393364928909956,0.046128123902550396
overture,catia_la_mar,t_test,p90,4.7,5,18,181,33025,33229,0.21739130434782608,0.026881720430107527,0.04784688995215311,0.046672399786334015
overture,catia_la_mar,t_test,p90,4.8,5,14,181,33029,33229,0.2631578947368421,0.026881720430107527,0.04878048780487806,0.047792487652614166
overture,catia_la_mar,t_test,p90,4.9,4,12,182,33031,33229,0.25,0.021505376344086023,0.03960396039603961,0.038751586939235784
overture,catia_la_mar,t_test,p90,5.0,3,10,183,33033,33229,0.23076923076923078,0.016129032258064516,0.03015075376884422,0.02944095064345976
overture,catia_la_mar,t_test,p90,5.1,3,8,183,33035,33229,0.2727272727272727,0.016129032258064516,0.030456852791878174,0.029850408612261667
overture,catia_la_mar,t_test,p90,5.2,3,6,183,33037,33229,0.3333333333333333,0.016129032258064516,0.03076923076923077,0.03026817598361775
overture,catia_la_mar,t_test,p90,5.3,3,5,183,33038,33229,0.375,0.016129032258064516,0.030927835051546393,0.030480255142822862
overture,catia_la_mar,t_test,p90,5.4,3,4,183,33039,33229,0.42857142857142855,0.016129032258064516,0.031088082901554404,0.03069450829277547
overture,catia_la_mar,t_test,p90,5.5,2,4,184,33039,33229,0.3333333333333333,0.010752688172043012,0.020833333333333336,0.020490656872594947
overture,catia_la_mar,t_test,p90,5.6,2,2,184,33041,33229,0.5,0.010752688172043012,0.02105263157894737,0.020821853916214345
overture,catia_la_mar,t_test,p90,5.7,2,1,184,33042,33229,0.6666666666666666,0.010752688172043012,0.021164021164021166,0.020990052021231893
overture,catia_la_mar,t_test,p90,5.8,2,1,184,33042,33229,0.6666666666666666,0.010752688172043012,0.021164021164021166,0.020990052021231893
overture,catia_la_mar,t_test,p90,5.9,2,1,184,33042,33229,0.6666666666666666,0.010752688172043012,0.021164021164021166,0.020990052021231893
overture,catia_la_mar,t_test,p90,6.0,2,1,184,33042,33229,0.6666666666666666,0.010752688172043012,0.021164021164021166,0.020990052021231893
overture,catia_la_mar,t_test,frac50,0.0,186,33043,0,0,33229,0.005597520238346023,1.0,0.011132724824180758,0.0
overture,catia_la_mar,t_test,frac50,0.1,186,33043,0,0,33229,0.005597520238346023,1.0,0.011132724824180758,0.0
overture,catia_la_mar,t_test,frac50,0.2,186,33043,0,0,33229,0.005597520238346023,1.0,0.011132724824180758,0.0
overture,catia_la_mar,t_test,frac50,0.3,186,33043,0,0,33229,0.005597520238346023,1.0,0.011132724824180758,0.0
overture,catia_la_mar,t_test,frac50,0.4,186,33043,0,0,33229,0.005597520238346023,1.0,0.011132724824180758,0.0
overture,catia_la_mar,t_test,frac50,0.5,186,33043,0,0,33229,0.005597520238346023,1.0,0.011132724824180758,0.0
overture,catia_la_mar,t_test,frac50,0.6,186,33043,0,0,33229,0.005597520238346023,1.0,0.011132724824180758,0.0
overture,catia_la_mar,t_test,frac50,0.7,186,33043,0,0,33229,0.005597520238346023,1.0,0.011132724824180758,0.0
overture,catia_la_mar,t_test,frac50,0.8,186,33043,0,0,33229,0.005597520238346023,1.0,0.011132724824180758,0.0
overture,catia_la_mar,t_test,frac50,0.9,186,33006,0,37,33229,0.005603759942154736,1.0,0.011145065612079813,1.2549575816398634e-05
overture,catia_la_mar,t_test,frac50,1.0,186,32760,0,283,33229,0.005645601894008377,1.0,0.011227816008692503,9.66999417121359e-05
overture,catia_la_mar,t_test,frac50,1.1,186,32151,0,892,33229,0.005751925039428518,1.0,0.011438059219629187,0.0003104996878090188
overture,catia_la_mar,t_test,frac50,1.2,186,31012,0,2031,33229,0.005961920635938201,1.0,0.011853173591639052,0.0007326347606864972
overture,catia_la_mar,t_test,frac50,1.3,186,28966,0,4077,33229,0.006380351262349067,1.0,0.012679800940759425,0.0015732366937470698
overture,catia_la_mar,t_test,frac50,1.4,184,26072,2,6971,33229,0.007007921998781231,0.989247311827957,0.013917252855305953,0.002832447558166357
overture,catia_la_mar,t_test,frac50,1.5,183,22632,3,10411,33229,0.00802103879026956,0.9838709677419355,0.01591235163688535,0.004861829264342335
overture,catia_la_mar,t_test,frac50,1.6,182,18983,4,14060,33229,0.009496477954604747,0.978494623655914,0.018810397395483437,0.007809550481312815
overture,catia_la_mar,t_test,frac50,1.7,181,15727,5,17316,33229,0.01137792305758109,0.9731182795698925,0.022492854479930408,0.011555060579660678
overture,catia_la_mar,t_test,frac50,1.8,176,12847,10,20196,33229,0.013514551178683868,0.946236559139785,0.026648497236732533,0.015785326533024155
overture,catia_la_mar,t_test,frac50,1.9,171,10364,15,22679,33229,0.016231608922638825,0.9193548387096774,0.031900009327488106,0.021131658533026086
overture,catia_la_mar,t_test,frac50,2.0,163,8424,23,24619,33229,0.01898218236869687,0.8763440860215054,0.0371594665450815,0.02649206861984376
overture,catia_la_mar,t_test,frac50,2.1,154,6765,32,26278,33229,0.022257551669316374,0.8279569892473119,0.04334975369458127,0.03280542910370548
overture,catia_la_mar,t_test,frac50,2.2,144,5334,42,27709,33229,0.02628696604600219,0.7741935483870968,0.05084745762711864,0.04045810727800839
overture,catia_la_mar,t_test,frac50,2.3,138,4242,48,28801,33229,0.031506849315068496,0.7419354838709677,0.060446780551905395,0.050247386552186524
overture,catia_la_mar,t_test,frac50,2.4,130,3451,56,29592,33229,0.03630270874057526,0.6989247311827957,0.06902044066896734,0.059006127598039575
overture,catia_la_mar,t_test,frac50,2.5,116,2770,70,30273,33229,0.040194040194040194,0.6236559139784946,0.07552083333333334,0.06569454123747452
overture,catia_la_mar,t_test,frac50,2.6,107,2161,79,30882,33229,0.04717813051146384,0.5752688172043011,0.08720456397718011,0.07766157411864914
overture,catia_la_mar,t_test,frac50,2.7,97,1656,89,31387,33229,0.05533371363377068,0.521505376344086,0.1000515729757607,0.0908499305765867
overture,catia_la_mar,t_test,frac50,2.8,83,1266,103,31777,33229,0.061527057079318014,0.44623655913978494,0.10814332247557004,0.09928159736937019
overture,catia_la_mar,t_test,frac50,2.9,67,1015,119,32028,33229,0.06192236598890943,0.3602150537634409,0.1056782334384858,0.09705249714678547
overture,catia_la_mar,t_test,frac50,3.0,59,774,127,32269,33229,0.07082833133253301,0.3172043010752688,0.11579980372914621,0.10763323022997469
overture,catia_la_mar,t_test,frac50,3.1,50,599,136,32444,33229,0.07704160246533127,0.26881720430107525,0.11976047904191617,0.11203402520441556
overture,catia_la_mar,t_test,frac50,3.2,45,483,141,32560,33229,0.08522727272727272,0.24193548387096775,0.12605042016806722,0.11875486897283308
overture,catia_la_mar,t_test,frac50,3.3,38,374,148,32669,33229,0.09223300970873786,0.20430107526881722,0.1270903010033445,0.12030524080979572
overture,catia_la_mar,t_test,frac50,3.4,30,293,156,32750,33229,0.09287925696594428,0.16129032258064516,0.11787819253438114,0.111566653695304
overture,catia_la_mar,t_test,frac50,3.5,21,231,165,32812,33229,0.08333333333333333,0.11290322580645161,0.0958904109589041,0.09002930592304713
overture,catia_la_mar,t_test,frac50,3.6,20,183,166,32860,33229,0.09852216748768473,0.10752688172043011,0.10282776349614396,0.09755555495030716
overture,catia_la_mar,t_test,frac50,3.7,18,159,168,32884,33229,0.1016949152542373,0.0967741935483871,0.09917355371900828,0.09422918749082129
overture,catia_la_mar,t_test,frac50,3.8,16,121,170,32922,33229,0.11678832116788321,0.08602150537634409,0.09907120743034055,0.09477286235549147
overture,catia_la_mar,t_test,frac50,3.9,12,96,174,32947,33229,0.1111111111111111,0.06451612903225806,0.08163265306122448,0.07784030465149824
overture,catia_la_mar,t_test,frac50,4.0,12,81,174,32962,33229,0.12903225806451613,0.06451612903225806,0.08602150537634408,0.08259805473948215
overture,catia_la_mar,t_test,frac50,4.1,11,73,175,32970,33229,0.13095238095238096,0.05913978494623656,0.08148148148148149,0.07827119084642443
overture,catia_la_mar,t_test,frac50,4.2,9,56,177,32987,33229,0.13846153846153847,0.04838709677419355,0.07171314741035856,0.06901411312893661
overture,catia_la_mar,t_test,frac50,4.3,7,30,179,33013,33229,0.1891891891891892,0.03763440860215054,0.06278026905829596,0.061036169015800563
overture,catia_la_mar,t_test,frac50,4.4,4,23,182,33020,33229,0.14814814814814814,0.021505376344086023,0.03755868544600939,0.036190954015947296
overture,catia_la_mar,t_test,frac50,4.5,2,18,184,33025,33229,0.1,0.010752688172043012,0.01941747572815534,0.018350523726130108
overture,catia_la_mar,t_test,frac50,4.6,2,11,184,33032,33229,0.15384615384615385,0.010752688172043012,0.020100502512562818,0.019383343914382404
overture,catia_la_mar,t_test,frac50,4.7,2,9,184,33034,33229,0.18181818181818182,0.010752688172043012,0.020304568527918784,0.01969177414747468
overture,catia_la_mar,t_test,frac50,4.8,2,7,184,33036,33229,0.2222222222222222,0.010752688172043012,0.020512820512820513,0.020006463560151053
overture,catia_la_mar,t_test,frac50,4.9,2,6,184,33037,33229,0.25,0.010752688172043012,0.02061855670103093,0.020166215303903768
overture,catia_la_mar,t_test,frac50,5.0,2,5,184,33038,33229,0.2857142857142857,0.010752688172043012,0.02072538860103627,0.020327604638158882
overture,catia_la_mar,t_test,frac50,5.1,2,5,184,33038,33229,0.2857142857142857,0.010752688172043012,0.02072538860103627,0.020327604638158882
overture,catia_la_mar,t_test,frac50,5.2,2,5,184,33038,33229,0.2857142857142857,0.010752688172043012,0.02072538860103627,0.020327604638158882
overture,catia_la_mar,t_test,frac50,5.3,2,3,184,33040,33229,0.4,0.010752688172043012,0.020942408376963356,0.020655397841327427
overture,catia_la_mar,t_test,frac50,5.4,2,3,184,33040,33229,0.4,0.010752688172043012,0.020942408376963356,0.020655397841327427
overture,catia_la_mar,t_test,frac50,5.5,2,2,184,33041,33229,0.5,0.010752688172043012,0.02105263157894737,0.020821853916214345
overture,catia_la_mar,t_test,frac50,5.6,2,2,184,33041,33229,0.5,0.010752688172043012,0.02105263157894737,0.020821853916214345
overture,catia_la_mar,t_test,frac50,5.7,1,1,185,33042,33229,0.5,0.005376344086021506,0.010638297872340427,0.01052045464297083
overture,catia_la_mar,t_test,frac50,5.8,1,1,185,33042,33229,0.5,0.005376344086021506,0.010638297872340427,0.01052045464297083
overture,catia_la_mar,t_test,frac50,5.9,1,1,185,33042,33229,0.5,0.005376344086021506,0.010638297872340427,0.01052045464297083
overture,catia_la_mar,t_test,frac50,6.0,1,1,185,33042,33229,0.5,0.005376344086021506,0.010638297872340427,0.01052045464297083
overture,caraballeda,t_test,mean,0.0,160,11416,0,0,11576,0.013821700069108501,1.0,0.027266530334014997,0.0
overture,caraballeda,t_test,mean,0.1,160,11416,0,0,11576,0.013821700069108501,1.0,0.027266530334014997,0.0
overture,caraballeda,t_test,mean,0.2,160,11416,0,0,11576,0.013821700069108501,1.0,0.027266530334014997,0.0
overture,caraballeda,t_test,mean,0.3,160,11416,0,0,11576,0.013821700069108501,1.0,0.027266530334014997,0.0
overture,caraballeda,t_test,mean,0.4,160,11416,0,0,11576,0.013821700069108501,1.0,0.027266530334014997,0.0
overture,caraballeda,t_test,mean,0.5,160,11416,0,0,11576,0.013821700069108501,1.0,0.027266530334014997,0.0
overture,caraballeda,t_test,mean,0.6,160,11416,0,0,11576,0.013821700069108501,1.0,0.027266530334014997,0.0
overture,caraballeda,t_test,mean,0.7,160,11416,0,0,11576,0.013821700069108501,1.0,0.027266530334014997,0.0
overture,caraballeda,t_test,mean,0.8,160,11416,0,0,11576,0.013821700069108501,1.0,0.027266530334014997,0.0
overture,caraballeda,t_test,mean,0.9,160,11416,0,0,11576,0.013821700069108501,1.0,0.027266530334014997,0.0
overture,caraballeda,t_test,mean,1.0,160,11415,0,1,11576,0.013822894168466522,1.0,0.027268853855986364,2.4216673845667395e-06
overture,caraballeda,t_test,mean,1.1,160,11384,0,32,11576,0.01386001386001386,1.0,0.027341079972658923,7.769853067217097e-05
overture,caraballeda,t_test,mean,1.2,160,11287,0,129,11576,0.013977461343583472,1.0,0.027569570087016458,0.00031583878241944573
overture,caraballeda,t_test,mean,1.3,160,10990,0,426,11576,0.014349775784753363,1.0,0.028293545534924847,0.001070380669829618
overture,caraballeda,t_test,mean,1.4,160,10412,0,1004,11576,0.01513431706394249,1.0,0.029817368617219533,0.002658489252580542
overture,caraballeda,t_test,mean,1.5,159,9562,1,1854,11576,0.016356341940129616,0.99375,0.032182977431434064,0.005126620833883706
overture,caraballeda,t_test,mean,1.6,158,8455,2,2961,11576,0.018344363171949377,0.9875,0.03601960560811581,0.009128089035710166
overture,caraballeda,t_test,mean,1.7,156,7106,4,4310,11576,0.021481685486091986,0.975,0.042037186742118024,0.015406414720273083
overture,caraballeda,t_test,mean,1.8,152,5772,8,5644,11576,0.025658338960162053,0.95,0.049967126890203814,0.023688310912115672
overture,caraballeda,t_test,mean,1.9,147,4573,13,6843,11576,0.03114406779661017,0.91875,0.06024590163934426,0.03442938293736261
overture,caraballeda,t_test,mean,2.0,136,3522,24,7894,11576,0.037178786221979225,0.85,0.07124148768989,0.04597415627092945
overture,caraballeda,t_test,mean,2.1,129,2662,31,8754,11576,0.04621999283410964,0.80625,0.08742799051169096,0.06292862953735025
overture,caraballeda,t_test,mean,2.2,117,2110,43,9306,11576,0.052537045352492144,0.73125,0.09803100125680772,0.07415297115018595
overture,caraballeda,t_test,mean,2.3,106,1713,54,9703,11576,0.058273776800439804,0.6625,0.10712481051035878,0.08384676656205109
overture,caraballeda,t_test,mean,2.4,93,1440,67,9976,11576,0.060665362035225046,0.58125,0.10986414648552863,0.08701120517021267
overture,caraballeda,t_test,mean,2.5,85,1216,75,10200,11576,0.06533435818601076,0.53125,0.11635865845311431,0.09405793425595353
overture,caraballeda,t_test,mean,2.6,74,1038,86,10378,11576,0.06654676258992806,0.4625,0.11635220125786164,0.09446891716738151
overture,caraballeda,t_test,mean,2.7,69,888,91,10528,11576,0.07210031347962383,0.43125,0.1235452103849597,0.10228393954698824
overture,caraballeda,t_test,mean,2.8,60,745,100,10671,11576,0.07453416149068323,0.375,0.12435233160621761,0.10368323247724745
overture,caraballeda,t_test,mean,2.9,54,625,106,10791,11576,0.07952871870397643,0.3375,0.12872467222884387,0.10878670253683576
overture,caraballeda,t_test,mean,3.0,46,526,114,10890,11576,0.08041958041958042,0.2875,0.12568306010928962,0.10637985803667661
overture,caraballeda,t_test,mean,3.1,42,440,118,10976,11576,0.08713692946058091,0.2625,0.1308411214953271,0.11242022042577088
overture,caraballeda,t_test,mean,3.2,40,372,120,11044,11576,0.0970873786407767,0.25,0.13986013986013984,0.12238598429002097
overture,caraballeda,t_test,mean,3.3,36,315,124,11101,11576,0.10256410256410256,0.225,0.14090019569471626,0.1242719303203748
overture,caraballeda,t_test,mean,3.4,32,283,128,11133,11576,0.10158730158730159,0.2,0.13473684210526313,0.11857868020304771
overture,caraballeda,t_test,mean,3.5,31,240,129,11176,11576,0.11439114391143912,0.19375,0.14385150812064967,0.12870726497469792
overture,caraballeda,t_test,mean,3.6,28,219,132,11197,11576,0.11336032388663968,0.175,0.1375921375921376,0.12287733853266312
overture,caraballeda,t_test,mean,3.7,26,197,134,11219,11576,0.11659192825112108,0.1625,0.13577023498694518,0.1216326994705508
overture,caraballeda,t_test,mean,3.8,23,174,137,11242,11576,0.116751269035533,0.14375,0.12885154061624648,0.11535701859056091
overture,caraballeda,t_test,mean,3.9,22,153,138,11263,11576,0.12571428571428572,0.1375,0.13134328358208958,0.11861557944091695
overture,caraballeda,t_test,mean,4.0,21,127,139,11289,11576,0.14189189189189189,0.13125,0.13636363636363638,0.12473735435104774
overture,caraballeda,t_test,mean,4.1,19,106,141,11310,11576,0.152,0.11875,0.13333333333333333,0.12269664576148508
overture,caraballeda,t_test,mean,4.2,14,91,146,11325,11576,0.13333333333333333,0.0875,0.10566037735849056,0.0957561535114969
overture,caraballeda,t_test,mean,4.3,13,81,147,11335,11576,0.13829787234042554,0.08125,0.10236220472440945,0.09308424368708507
overture,caraballeda,t_test,mean,4.4,12,71,148,11345,11576,0.14457831325301204,0.075,0.09876543209876544,0.09017487747665984
overture,caraballeda,t_test,mean,4.5,12,56,148,11360,11576,0.17647058823529413,0.075,0.10526315789473684,0.09782515678675278
overture,caraballeda,t_test,mean,4.6,8,45,152,11371,11576,0.1509433962264151,0.05,0.07511737089201878,0.06871159230424709
overture,caraballeda,t_test,mean,4.7,8,38,152,11378,11576,0.17391304347826086,0.05,0.07766990291262137,0.0719411832218224
overture,caraballeda,t_test,mean,4.8,7,28,153,11388,11576,0.2,0.04375,0.07179487179487178,0.06716649154987997
overture,caraballeda,t_test,mean,4.9,6,21,154,11395,11576,0.2222222222222222,0.0375,0.06417112299465241,0.06042098779633198
overture,caraballeda,t_test,mean,5.0,5,20,155,11396,11576,0.2,0.03125,0.05405405405405406,0.05050713361704716
overture,caraballeda,t_test,mean,5.1,3,19,157,11397,11576,0.13636363636363635,0.01875,0.03296703296703297,0.02972484893742642
overture,caraballeda,t_test,mean,5.2,2,16,158,11400,11576,0.1111111111111111,0.0125,0.022471910112359553,0.019731668003386715
overture,caraballeda,t_test,mean,5.3,2,16,158,11400,11576,0.1111111111111111,0.0125,0.022471910112359553,0.019731668003386715
overture,caraballeda,t_test,mean,5.4,2,15,158,11401,11576,0.11764705882352941,0.0125,0.02259887005649717,0.019996946433395835
overture,caraballeda,t_test,mean,5.5,2,9,158,11407,11576,0.18181818181818182,0.0125,0.023391812865497078,0.021652084843148803
overture,caraballeda,t_test,mean,5.6,2,9,158,11407,11576,0.18181818181818182,0.0125,0.023391812865497078,0.021652084843148803
overture,caraballeda,t_test,mean,5.7,0,8,160,11408,11576,0.0,0.0,nan,-0.001318087455104272
overture,caraballeda,t_test,mean,5.8,0,3,160,11413,11576,0.0,0.0,nan,-0.000509033218666008
overture,caraballeda,t_test,mean,5.9,0,3,160,11413,11576,0.0,0.0,nan,-0.000509033218666008
overture,caraballeda,t_test,mean,6.0,0,2,160,11414,11576,0.0,0.0,nan,-0.00034139305435476104
overture,caraballeda,t_test,max,0.0,160,11416,0,0,11576,0.013821700069108501,1.0,0.027266530334014997,0.0
overture,caraballeda,t_test,max,0.1,160,11416,0,0,11576,0.013821700069108501,1.0,0.027266530334014997,0.0
overture,caraballeda,t_test,max,0.2,160,11416,0,0,11576,0.013821700069108501,1.0,0.027266530334014997,0.0
overture,caraballeda,t_test,max,0.3,160,11416,0,0,11576,0.013821700069108501,1.0,0.027266530334014997,0.0
overture,caraballeda,t_test,max,0.4,160,11416,0,0,11576,0.013821700069108501,1.0,0.027266530334014997,0.0
overture,caraballeda,t_test,max,0.5,160,11416,0,0,11576,0.013821700069108501,1.0,0.027266530334014997,0.0
overture,caraballeda,t_test,max,0.6,160,11416,0,0,11576,0.013821700069108501,1.0,0.027266530334014997,0.0
overture,caraballeda,t_test,max,0.7,160,11416,0,0,11576,0.013821700069108501,1.0,0.027266530334014997,0.0
overture,caraballeda,t_test,max,0.8,160,11416,0,0,11576,0.013821700069108501,1.0,0.027266530334014997,0.0
overture,caraballeda,t_test,max,0.9,160,11416,0,0,11576,0.013821700069108501,1.0,0.027266530334014997,0.0
overture,caraballeda,t_test,max,1.0,160,11416,0,0,11576,0.013821700069108501,1.0,0.027266530334014997,0.0
overture,caraballeda,t_test,max,1.1,160,11392,0,24,11576,0.013850415512465374,1.0,0.027322404371584695,5.8234108882269864e-05
overture,caraballeda,t_test,max,1.2,160,11307,0,109,11576,0.013953082759222116,1.0,0.027522146727444744,0.00026641265401445994
overture,caraballeda,t_test,max,1.3,160,11073,0,343,11576,0.014243746105225673,1.0,0.028087422101290265,0.0008555562297182896
overture,caraballeda,t_test,max,1.4,160,10602,0,814,11576,0.014867125069689648,1.0,0.029298663248489287,0.0021179089889755793
overture,caraballeda,t_test,max,1.5,160,9877,0,1539,11576,0.015941018232539603,1.0,0.031381778954594486,0.004288825804351723
overture,caraballeda,t_test,max,1.6,158,8905,2,2511,11576,0.017433520909191216,0.9875,0.03426217066030576,0.007296528172145484
overture,caraballeda,t_test,max,1.7,157,7638,3,3778,11576,0.020141116100064145,0.98125,0.03947203016970459,0.012729432806340915
overture,caraballeda,t_test,max,1.8,156,6399,4,5017,11576,0.02379862700228833,0.975,0.04646314221891289,0.02001860508408518
overture,caraballeda,t_test,max,1.9,151,5220,9,6196,11576,0.028113945261590022,0.94375,0.05460133791357802,0.028523273429332172
overture,caraballeda,t_test,max,2.0,144,4181,16,7235,11576,0.03329479768786127,0.9,0.06421404682274247,0.03858539021766589
overture,caraballeda,t_test,max,2.1,140,3241,20,8175,11576,0.041407867494824016,0.875,0.07907370799209262,0.054107505792722055
overture,caraballeda,t_test,max,2.2,132,2549,28,8867,11576,0.04923535994032078,0.825,0.09292502639915523,0.068628741457562
overture,caraballeda,t_test,max,2.3,125,2078,35,9338,11576,0.05674080798910577,0.78125,0.10579771476936099,0.08214302546785046
overture,caraballeda,t_test,max,2.4,119,1741,41,9675,11576,0.06397849462365592,0.74375,0.11782178217821782,0.09478048403743668
overture,caraballeda,t_test,max,2.5,102,1454,58,9962,11576,0.06555269922879177,0.6375,0.11888111888111888,0.09622721632245713
overture,caraballeda,t_test,max,2.6,94,1244,66,10172,11576,0.07025411061285501,0.5875,0.12550066755674233,0.10336192567379006
overture,caraballeda,t_test,max,2.7,86,1093,74,10323,11576,0.0729431721798134,0.5375,0.128454070201643,0.10671121519403824
overture,caraballeda,t_test,max,2.8,79,943,81,10473,11576,0.07729941291585127,0.49375,0.13367174280879862,0.11245817544927261
overture,caraballeda,t_test,max,2.9,73,825,87,10591,11576,0.08129175946547884,0.45625,0.13799621928166353,0.11728514801947316
overture,caraballeda,t_test,max,3.0,66,700,94,10716,11576,0.08616187989556136,0.4125,0.14254859611231102,0.12248239874985035
overture,caraballeda,t_test,max,3.1,62,572,98,10844,11576,0.09779179810725552,0.3875,0.1561712846347607,0.1371250972357484
overture,caraballeda,t_test,max,3.2,56,495,104,10921,11576,0.10163339382940109,0.35,0.15752461322081576,0.13908144504691589
overture,caraballeda,t_test,max,3.3,50,426,110,10990,11576,0.10504201680672269,0.3125,0.15723270440251572,0.13942826201772948
overture,caraballeda,t_test,max,3.4,44,367,116,11049,11576,0.1070559610705596,0.275,0.15411558669001751,0.13694296224856592
overture,caraballeda,t_test,max,3.5,42,314,118,11102,11576,0.11797752808988764,0.2625,0.16279069767441862,0.14651316472149445
overture,caraballeda,t_test,max,3.6,40,289,120,11127,11576,0.12158054711246201,0.25,0.16359918200409,0.14774856247560755
overture,caraballeda,t_test,max,3.7,37,260,123,11156,11576,0.12457912457912458,0.23125,0.16192560175054707,0.146594004610419
overture,caraballeda,t_test,max,3.8,33,233,127,11183,11576,0.12406015037593984,0.20625,0.15492957746478875,0.14008669785500613
overture,caraballeda,t_test,max,3.9,32,206,128,11210,11576,0.13445378151260504,0.2,0.16080402010050251,0.14669854127750673
overture,caraballeda,t_test,max,4.0,26,179,134,11237,11576,0.12682926829268293,0.1625,0.14246575342465756,0.12894192766681667
overture,caraballeda,t_test,max,4.1,26,154,134,11262,11576,0.14444444444444443,0.1625,0.15294117647058822,0.14036057593135265
overture,caraballeda,t_test,max,4.2,26,135,134,11281,11576,0.16149068322981366,0.1625,0.161993769470405,0.15021165950218712
overture,caraballeda,t_test,max,4.3,23,120,137,11296,11576,0.16083916083916083,0.14375,0.1518151815181518,0.14060329866126495
overture,caraballeda,t_test,max,4.4,20,94,140,11322,11576,0.17543859649122806,0.125,0.145985401459854,0.1360488673651142
overture,caraballeda,t_test,max,4.5,17,80,143,11336,11576,0.17525773195876287,0.10625,0.13229571984435798,0.12314707376921795
overture,caraballeda,t_test,max,4.6,13,63,147,11353,11576,0.17105263157894737,0.08125,0.11016949152542373,0.1021769704419007
overture,caraballeda,t_test,max,4.7,11,53,149,11363,11576,0.171875,0.06875,0.09821428571428573,0.09103517762961892
overture,caraballeda,t_test,max,4.8,9,45,151,11371,11576,0.16666666666666666,0.05625,0.08411214953271029,0.07767855400685388
overture,caraballeda,t_test,max,4.9,8,37,152,11379,11576,0.17777777777777778,0.05,0.07804878048780486,0.07242016721216821
overture,caraballeda,t_test,max,5.0,7,28,153,11388,11576,0.2,0.04375,0.07179487179487178,0.06716649154987997
overture,caraballeda,t_test,max,5.1,6,25,154,11391,11576,0.1935483870967742,0.0375,0.06282722513089005,0.05860353205857346
overture,caraballeda,t_test,max,5.2,6,21,154,11395,11576,0.2222222222222222,0.0375,0.06417112299465241,0.06042098779633198
overture,caraballeda,t_test,max,5.3,5,19,155,11397,11576,0.20833333333333334,0.03125,0.05434782608695652,0.05092578631524569
overture,caraballeda,t_test,max,5.4,5,17,155,11399,11576,0.22727272727272727,0.03125,0.05494505494505494,0.05177655691611999
overture,caraballeda,t_test,max,5.5,5,17,155,11399,11576,0.22727272727272727,0.03125,0.05494505494505494,0.05177655691611999
overture,caraballeda,t_test,max,5.6,5,17,155,11399,11576,0.22727272727272727,0.03125,0.05494505494505494,0.05177655691611999
overture,caraballeda,t_test,max,5.7,5,15,155,11401,11576,0.25,0.03125,0.05555555555555555,0.052645767542173726
overture,caraballeda,t_test,max,5.8,3,8,157,11408,11576,0.2727272727272727,0.01875,0.03508771929824561,0.033368826342028785
overture,caraballeda,t_test,max,5.9,1,6,159,11410,11576,0.14285714285714285,0.00625,0.011976047904191616,0.010829891162497484
overture,caraballeda,t_test,max,6.0,0,6,160,11410,11576,0.0,0.0,nan,-0.0010001583583963479
overture,caraballeda,t_test,p75,0.0,160,11416,0,0,11576,0.013821700069108501,1.0,0.027266530334014997,0.0
overture,caraballeda,t_test,p75,0.1,160,11416,0,0,11576,0.013821700069108501,1.0,0.027266530334014997,0.0
overture,caraballeda,t_test,p75,0.2,160,11416,0,0,11576,0.013821700069108501,1.0,0.027266530334014997,0.0
overture,caraballeda,t_test,p75,0.3,160,11416,0,0,11576,0.013821700069108501,1.0,0.027266530334014997,0.0
overture,caraballeda,t_test,p75,0.4,160,11416,0,0,11576,0.013821700069108501,1.0,0.027266530334014997,0.0
overture,caraballeda,t_test,p75,0.5,160,11416,0,0,11576,0.013821700069108501,1.0,0.027266530334014997,0.0
overture,caraballeda,t_test,p75,0.6,160,11416,0,0,11576,0.013821700069108501,1.0,0.027266530334014997,0.0
overture,caraballeda,t_test,p75,0.7,160,11416,0,0,11576,0.013821700069108501,1.0,0.027266530334014997,0.0
overture,caraballeda,t_test,p75,0.8,160,11416,0,0,11576,0.013821700069108501,1.0,0.027266530334014997,0.0
overture,caraballeda,t_test,p75,0.9,160,11416,0,0,11576,0.013821700069108501,1.0,0.027266530334014997,0.0
overture,caraballeda,t_test,p75,1.0,160,11415,0,1,11576,0.013822894168466522,1.0,0.027268853855986364,2.4216673845667395e-06
overture,caraballeda,t_test,p75,1.1,160,11389,0,27,11576,0.013854013334487835,1.0,0.027329404731403197,6.553015136306794e-05
overture,caraballeda,t_test,p75,1.2,160,11297,0,119,11576,0.01396526141223706,1.0,0.02754583799604029,0.00029110445335383346
overture,caraballeda,t_test,p75,1.3,160,11031,0,385,11576,0.014297203109641676,1.0,0.02819134877984318,0.000963870081078382
overture,caraballeda,t_test,p75,1.4,160,10511,0,905,11576,0.014993908724580639,1.0,0.029544825039239216,0.0023744529329314456
overture,caraballeda,t_test,p75,1.5,159,9715,1,1701,11576,0.01610289649584768,0.99375,0.03169224636236795,0.004615187028142713
overture,caraballeda,t_test,p75,1.6,158,8671,2,2745,11576,0.017895571412390985,0.9875,0.03515407720547336,0.008226065545048719
overture,caraballeda,t_test,p75,1.7,157,7396,3,4020,11576,0.020786442473189462,0.98125,0.040710488785167906,0.01402005103608749
overture,caraballeda,t_test,p75,1.8,153,6084,7,5332,11576,0.024531024531024532,0.95625,0.04783492261997811,0.021461357909239132
overture,caraballeda,t_test,p75,1.9,151,4907,9,6509,11576,0.02985369711348359,0.94375,0.057876581065542346,0.03193657811529079
overture,caraballeda,t_test,p75,2.0,142,3833,18,7583,11576,0.03572327044025157,0.8875,0.0686819830713422,0.04325773971150417
overture,caraballeda,t_test,p75,2.1,135,2922,25,8494,11576,0.04416094210009813,0.84375,0.083929126515387,0.05921611288941637
overture,caraballeda,t_test,p75,2.2,126,2323,34,9093,11576,0.051449571253572884,0.7875,0.09658873131467996,0.07252241680837072
overture,caraballeda,t_test,p75,2.3,117,1903,43,9513,11576,0.057920792079207924,0.73125,0.10733944954128441,0.0838732976321388
overture,caraballeda,t_test,p75,2.4,106,1578,54,9838,11576,0.06294536817102138,0.6625,0.11496746203904556,0.09204631613267383
overture,caraballeda,t_test,p75,2.5,91,1332,69,10084,11576,0.06394940267041462,0.56875,0.114971572962729,0.092418747350227
overture,caraballeda,t_test,p75,2.6,84,1137,76,10279,11576,0.0687960687960688,0.525,0.1216509775524982,0.09964569802925745
overture,caraballeda,t_test,p75,2.7,76,980,84,10436,11576,0.07196969696969698,0.475,0.125,0.10347799351544715
overture,caraballeda,t_test,p75,2.8,66,851,94,10565,11576,0.07197382769901854,0.4125,0.12256267409470753,0.10141292297825069
overture,caraballeda,t_test,p75,2.9,60,708,100,10708,11576,0.078125,0.375,0.12931034482758622,0.10892495671048459
overture,caraballeda,t_test,p75,3.0,57,594,103,10822,11576,0.08755760368663594,0.35625,0.1405672009864365,0.12106386446089996
overture,caraballeda,t_test,p75,3.1,52,502,108,10914,11576,0.09386281588447654,0.325,0.14565826330532214,0.12693200184372586
overture,caraballeda,t_test,p75,3.2,47,428,113,10988,11576,0.09894736842105263,0.29375,0.14803149606299212,0.13004239619045818
overture,caraballeda,t_test,p75,3.3,43,367,117,11049,11576,0.1048780487804878,0.26875,0.15087719298245614,0.13365083684855292
overture,caraballeda,t_test,p75,3.4,36,314,124,11102,11576,0.10285714285714286,0.225,0.1411764705882353,0.12456869759796642
overture,caraballeda,t_test,p75,3.5,35,273,125,11143,11576,0.11363636363636363,0.21875,0.14957264957264957,0.13381442554702433
overture,caraballeda,t_test,p75,3.6,33,244,127,11172,11576,0.11913357400722022,0.20625,0.15102974828375287,0.135888574652439
overture,caraballeda,t_test,p75,3.7,30,222,130,11194,11576,0.11904761904761904,0.1875,0.145631067961165,0.13093686229277832
overture,caraballeda,t_test,p75,3.8,28,199,132,11217,11576,0.12334801762114538,0.175,0.14470284237726097,0.1306059621461971
overture,caraballeda,t_test,p75,3.9,27,171,133,11245,11576,0.13636363636363635,0.16875,0.15083798882681562,0.13765374255546967
overture,caraballeda,t_test,p75,4.0,24,153,136,11263,11576,0.13559322033898305,0.15,0.142433234421365,0.12979883843607082
overture,caraballeda,t_test,p75,4.1,22,133,138,11283,11576,0.14193548387096774,0.1375,0.1396825396825397,0.1278188632243861
overture,caraballeda,t_test,p75,4.2,21,113,139,11303,11576,0.15671641791044777,0.13125,0.14285714285714288,0.13191987773117603
overture,caraballeda,t_test,p75,4.3,19,100,141,11316,11576,0.15966386554621848,0.11875,0.13620071684587812,0.12589452892947217
overture,caraballeda,t_test,p75,4.4,15,84,145,11332,11576,0.15151515151515152,0.09375,0.11583011583011583,0.1063878558734486
overture,caraballeda,t_test,p75,4.5,12,67,148,11349,11576,0.1518987341772152,0.075,0.10041841004184102,0.09212281095972485
overture,caraballeda,t_test,p75,4.6,12,54,148,11362,11576,0.18181818181818182,0.075,0.10619469026548671,0.09892040865399758
overture,caraballeda,t_test,p75,4.7,9,44,151,11372,11576,0.16981132075471697,0.05625,0.08450704225352113,0.07816629695090087
overture,caraballeda,t_test,p75,4.8,8,39,152,11377,11576,0.1702127659574468,0.05,0.07729468599033816,0.07146672758853705
overture,caraballeda,t_test,p75,4.9,7,28,153,11388,11576,0.2,0.04375,0.07179487179487178,0.06716649154987997
overture,caraballeda,t_test,p75,5.0,6,23,154,11393,11576,0.20689655172413793,0.0375,0.06349206349206349,0.059502869753934616
overture,caraballeda,t_test,p75,5.1,6,19,154,11397,11576,0.24,0.0375,0.06486486486486487,0.06135848066142655
overture,caraballeda,t_test,p75,5.2,4,18,156,11398,11576,0.18181818181818182,0.025,0.04395604395604396,0.04075070292676966
overture,caraballeda,t_test,p75,5.3,4,17,156,11399,11576,0.19047619047619047,0.025,0.044198895027624314,0.041123542998546155
overture,caraballeda,t_test,p75,5.4,3,16,157,11400,11576,0.15789473684210525,0.01875,0.0335195530726257,0.030675345494541133
overture,caraballeda,t_test,p75,5.5,3,15,157,11401,11576,0.16666666666666666,0.01875,0.033707865168539325,0.03099912009530472
overture,caraballeda,t_test,p75,5.6,2,13,158,11403,11576,0.13333333333333333,0.0125,0.022857142857142857,0.02053636813459167
overture,caraballeda,t_test,p75,5.7,2,11,158,11405,11576,0.15384615384615385,0.0125,0.023121387283236993,0.021087942484519832
overture,caraballeda,t_test,p75,5.8,0,7,160,11409,11576,0.0,0.0,nan,-0.0011600495506797414
overture,caraballeda,t_test,p75,5.9,0,5,160,11411,11576,0.0,0.0,nan,-0.0008383810861178767
overture,caraballeda,t_test,p75,6.0,0,5,160,11411,11576,0.0,0.0,nan,-0.0008383810861178767
overture,caraballeda,t_test,p90,0.0,160,11416,0,0,11576,0.013821700069108501,1.0,0.027266530334014997,0.0
overture,caraballeda,t_test,p90,0.1,160,11416,0,0,11576,0.013821700069108501,1.0,0.027266530334014997,0.0
overture,caraballeda,t_test,p90,0.2,160,11416,0,0,11576,0.013821700069108501,1.0,0.027266530334014997,0.0
overture,caraballeda,t_test,p90,0.3,160,11416,0,0,11576,0.013821700069108501,1.0,0.027266530334014997,0.0
overture,caraballeda,t_test,p90,0.4,160,11416,0,0,11576,0.013821700069108501,1.0,0.027266530334014997,0.0
overture,caraballeda,t_test,p90,0.5,160,11416,0,0,11576,0.013821700069108501,1.0,0.027266530334014997,0.0
overture,caraballeda,t_test,p90,0.6,160,11416,0,0,11576,0.013821700069108501,1.0,0.027266530334014997,0.0
overture,caraballeda,t_test,p90,0.7,160,11416,0,0,11576,0.013821700069108501,1.0,0.027266530334014997,0.0
overture,caraballeda,t_test,p90,0.8,160,11416,0,0,11576,0.013821700069108501,1.0,0.027266530334014997,0.0
overture,caraballeda,t_test,p90,0.9,160,11416,0,0,11576,0.013821700069108501,1.0,0.027266530334014997,0.0
overture,caraballeda,t_test,p90,1.0,160,11416,0,0,11576,0.013821700069108501,1.0,0.027266530334014997,0.0
overture,caraballeda,t_test,p90,1.1,160,11392,0,24,11576,0.013850415512465374,1.0,0.027322404371584695,5.8234108882269864e-05
overture,caraballeda,t_test,p90,1.2,160,11302,0,114,11576,0.013959169429418949,1.0,0.02753398726553089,0.00027875324432708815
overture,caraballeda,t_test,p90,1.3,160,11055,0,361,11576,0.014266607222469906,1.0,0.02813186813186813,0.0009018785493121006
overture,caraballeda,t_test,p90,1.4,160,10566,0,850,11576,0.014917024053701287,1.0,0.029395553922469227,0.002218886351382048
overture,caraballeda,t_test,p90,1.5,160,9820,0,1596,11576,0.01603206412825651,1.0,0.031558185404339245,0.004472661696108426
overture,caraballeda,t_test,p90,1.6,158,8814,2,2602,11576,0.01761034329023629,0.9875,0.034603591765221195,0.007652357145679801
overture,caraballeda,t_test,p90,1.7,157,7552,3,3864,11576,0.020365806200544817,0.98125,0.039903418477570216,0.01317899495788224
overture,caraballeda,t_test,p90,1.8,155,6275,5,5141,11576,0.02410575427682737,0.96875,0.04704097116843702,0.020625034353502086
overture,caraballeda,t_test,p90,1.9,151,5099,9,6317,11576,0.028761904761904763,0.94375,0.05582255083179298,0.029796003554612913
overture,caraballeda,t_test,p90,2.0,144,4043,16,7373,11576,0.034392166228803436,0.9,0.06625258799171842,0.04071061630551207
overture,caraballeda,t_test,p90,2.1,135,3110,25,8306,11576,0.04160246533127889,0.84375,0.07929515418502203,0.054383410443724876
overture,caraballeda,t_test,p90,2.2,129,2463,31,8953,11576,0.04976851851851852,0.80625,0.09375,0.06952391462187073
overture,caraballeda,t_test,p90,2.3,123,2007,37,9409,11576,0.057746478873239436,0.76875,0.1074235807860262,0.0838680101473471
overture,caraballeda,t_test,p90,2.4,113,1667,47,9749,11576,0.06348314606741573,0.70625,0.11649484536082474,0.09350287648301558
overture,caraballeda,t_test,p90,2.5,99,1409,61,10007,11576,0.0656498673740053,0.61875,0.11870503597122303,0.09611537278245318
overture,caraballeda,t_test,p90,2.6,91,1212,69,10204,11576,0.06983883346124328,0.56875,0.12440191387559808,0.10230037082758392
overture,caraballeda,t_test,p90,2.7,79,1046,81,10370,11576,0.07022222222222223,0.49375,0.12295719844357979,0.10120508489055571
overture,caraballeda,t_test,p90,2.8,74,910,86,10506,11576,0.07520325203252033,0.4625,0.1293706293706294,0.10816530611234693
overture,caraballeda,t_test,p90,2.9,69,776,91,10640,11576,0.08165680473372781,0.43125,0.1373134328358209,0.11678535096643086
overture,caraballeda,t_test,p90,3.0,62,652,98,10764,11576,0.08683473389355742,0.3875,0.14187643020594964,0.12204983666607973
overture,caraballeda,t_test,p90,3.1,55,534,105,10882,11576,0.0933786078098472,0.34375,0.14686248331108145,0.1279046407285867
overture,caraballeda,t_test,p90,3.2,52,460,108,10956,11576,0.1015625,0.325,0.15476190476190477,0.1365767976602691
overture,caraballeda,t_test,p90,3.3,46,399,114,11017,11576,0.10337078651685393,0.2875,0.15206611570247933,0.13446745993342457
overture,caraballeda,t_test,p90,3.4,42,348,118,11068,11576,0.1076923076923077,0.2625,0.15272727272727274,0.13578724767702682
overture,caraballeda,t_test,p90,3.5,39,300,121,11116,11576,0.11504424778761062,0.24375,0.15631262525050102,0.14016511101732837
overture,caraballeda,t_test,p90,3.6,36,267,124,11149,11576,0.1188118811881188,0.225,0.15550755939524838,0.13994871101071724
overture,caraballeda,t_test,p90,3.7,34,243,126,11173,11576,0.12274368231046931,0.2125,0.15560640732265446,0.14054685726886912
overture,caraballeda,t_test,p90,3.8,30,212,130,11204,11576,0.12396694214876033,0.1875,0.14925373134328357,0.13485683916826985
overture,caraballeda,t_test,p90,3.9,27,187,133,11229,11576,0.1261682242990654,0.16875,0.14438502673796788,0.13063396280261444
overture,caraballeda,t_test,p90,4.0,26,158,134,11258,11576,0.14130434782608695,0.1625,0.1511627906976744,0.1384235167452395
overture,caraballeda,t_test,p90,4.1,25,145,135,11271,11576,0.14705882352941177,0.15625,0.15151515151515152,0.13925771706571322
overture,caraballeda,t_test,p90,4.2,23,125,137,11291,11576,0.1554054054054054,0.14375,0.14935064935064932,0.13789919864651992
overture,caraballeda,t_test,p90,4.3,22,109,138,11307,11576,0.16793893129770993,0.1375,0.1512027491408935,0.140506977493584
overture,caraballeda,t_test,p90,4.4,18,91,142,11325,11576,0.1651376146788991,0.1125,0.1338289962825279,0.12401690903469419
overture,caraballeda,t_test,p90,4.5,14,72,146,11344,11576,0.16279069767441862,0.0875,0.11382113821138212,0.10517357781926079
overture,caraballeda,t_test,p90,4.6,13,60,147,11356,11576,0.1780821917808219,0.08125,0.11158798283261803,0.1038263955168735
overture,caraballeda,t_test,p90,4.7,9,50,151,11366,11576,0.15254237288135594,0.05625,0.0821917808219178,0.07530529388013535
overture,caraballeda,t_test,p90,4.8,9,41,151,11375,11576,0.18,0.05625,0.08571428571428572,0.07965680590983344
overture,caraballeda,t_test,p90,4.9,7,32,153,11384,11576,0.1794871794871795,0.04375,0.07035175879396985,0.06528790857317844
overture,caraballeda,t_test,p90,5.0,7,26,153,11390,11576,0.21212121212121213,0.04375,0.07253886010362694,0.06813431144338822
overture,caraballeda,t_test,p90,5.1,6,25,154,11391,11576,0.1935483870967742,0.0375,0.06282722513089005,0.05860353205857346
overture,caraballeda,t_test,p90,5.2,6,19,154,11397,11576,0.24,0.0375,0.06486486486486487,0.06135848066142655
overture,caraballeda,t_test,p90,5.3,5,19,155,11397,11576,0.20833333333333334,0.03125,0.05434782608695652,0.05092578631524569
overture,caraballeda,t_test,p90,5.4,5,17,155,11399,11576,0.22727272727272727,0.03125,0.05494505494505494,0.05177655691611999
overture,caraballeda,t_test,p90,5.5,4,16,156,11400,11576,0.2,0.025,0.04444444444444445,0.04150042363090948
overture,caraballeda,t_test,p90,5.6,4,15,156,11401,11576,0.21052631578947367,0.025,0.0446927374301676,0.04188141086454935
overture,caraballeda,t_test,p90,5.7,4,12,156,11404,11576,0.25,0.025,0.045454545454545456,0.04304969452667517
overture,caraballeda,t_test,p90,5.8,2,7,158,11409,11576,0.2222222222222222,0.0125,0.023668639053254437,0.02222922971705135
overture,caraballeda,t_test,p90,5.9,0,6,160,11410,11576,0.0,0.0,nan,-0.0010001583583963479
overture,caraballeda,t_test,p90,6.0,0,5,160,11411,11576,0.0,0.0,nan,-0.0008383810861178767
overture,caraballeda,t_test,frac50,0.0,160,11416,0,0,11576,0.013821700069108501,1.0,0.027266530334014997,0.0
overture,caraballeda,t_test,frac50,0.1,160,11416,0,0,11576,0.013821700069108501,1.0,0.027266530334014997,0.0
overture,caraballeda,t_test,frac50,0.2,160,11416,0,0,11576,0.013821700069108501,1.0,0.027266530334014997,0.0
overture,caraballeda,t_test,frac50,0.3,160,11416,0,0,11576,0.013821700069108501,1.0,0.027266530334014997,0.0
overture,caraballeda,t_test,frac50,0.4,160,11416,0,0,11576,0.013821700069108501,1.0,0.027266530334014997,0.0
overture,caraballeda,t_test,frac50,0.5,160,11416,0,0,11576,0.013821700069108501,1.0,0.027266530334014997,0.0
overture,caraballeda,t_test,frac50,0.6,160,11416,0,0,11576,0.013821700069108501,1.0,0.027266530334014997,0.0
overture,caraballeda,t_test,frac50,0.7,160,11416,0,0,11576,0.013821700069108501,1.0,0.027266530334014997,0.0
overture,caraballeda,t_test,frac50,0.8,160,11416,0,0,11576,0.013821700069108501,1.0,0.027266530334014997,0.0
overture,caraballeda,t_test,frac50,0.9,160,11416,0,0,11576,0.013821700069108501,1.0,0.027266530334014997,0.0
overture,caraballeda,t_test,frac50,1.0,160,11416,0,0,11576,0.013821700069108501,1.0,0.027266530334014997,0.0
overture,caraballeda,t_test,frac50,1.1,160,11389,0,27,11576,0.013854013334487835,1.0,0.027329404731403197,6.553015136306794e-05
overture,caraballeda,t_test,frac50,1.2,160,11298,0,118,11576,0.0139640425903299,1.0,0.027543467033912895,0.00028863336139356216
overture,caraballeda,t_test,frac50,1.3,160,11040,0,376,11576,0.014285714285714285,1.0,0.028169014084507043,0.0009405925733211811
overture,caraballeda,t_test,frac50,1.4,159,10526,1,890,11576,0.014880673841834348,0.99375,0.029322268326417704,0.002145124420950335
overture,caraballeda,t_test,frac50,1.5,159,9749,1,1667,11576,0.01604763827210335,0.99375,0.031585220500595944,0.00450364505524812
overture,caraballeda,t_test,frac50,1.6,158,8716,2,2700,11576,0.01780482307865675,0.9875,0.03497896834181979,0.008043570467109261
overture,caraballeda,t_test,frac50,1.7,156,7403,4,4013,11576,0.020637650482868104,0.975,0.04041974349008939,0.013720764444167987
overture,caraballeda,t_test,frac50,1.8,154,6128,6,5288,11576,0.02451448583253741,0.9625,0.04781123874573114,0.021432160853881988
overture,caraballeda,t_test,frac50,1.9,148,4925,12,6491,11576,0.029174058742361522,0.925,0.05656411236384483,0.03058555227811429
overture,caraballeda,t_test,frac50,2.0,140,3873,20,7543,11576,0.0348866184899078,0.875,0.06709801102324467,0.041620936773911266
overture,caraballeda,t_test,frac50,2.1,127,2944,33,8472,11576,0.04135460761966786,0.79375,0.07861343237387806,0.053751227095409
overture,caraballeda,t_test,frac50,2.2,121,2315,39,9101,11576,0.04967159277504105,0.75625,0.09322033898305083,0.06907240612937256
overture,caraballeda,t_test,frac50,2.3,107,1886,53,9530,11576,0.05368790767686904,0.66875,0.09939619136089177,0.07574536239269744
overture,caraballeda,t_test,frac50,2.4,100,1585,60,9831,11576,0.05934718100890208,0.625,0.10840108401084012,0.0853086578680909
overture,caraballeda,t_test,frac50,2.5,87,1316,73,10100,11576,0.06200997861724875,0.54375,0.11132437619961613,0.08871202122291105
overture,caraballeda,t_test,frac50,2.6,77,1132,83,10284,11576,0.06368899917287014,0.48125,0.11249086924762601,0.09028228024359099
overture,caraballeda,t_test,frac50,2.7,70,981,90,10435,11576,0.06660323501427212,0.4375,0.11560693641618497,0.09386783544419973
overture,caraballeda,t_test,frac50,2.8,61,826,99,10590,11576,0.06877113866967305,0.38125,0.11652340019102195,0.09533709714375366
overture,caraballeda,t_test,frac50,2.9,54,707,106,10709,11576,0.07095926412614981,0.3375,0.11726384364820848,0.09662990200783786
overture,caraballeda,t_test,frac50,3.0,48,599,112,10817,11576,0.07418856259659969,0.3,0.11895910780669146,0.09899032183765037
overture,caraballeda,t_test,frac50,3.1,45,493,115,10923,11576,0.08364312267657993,0.28125,0.12893982808022925,0.10997626673518805
overture,caraballeda,t_test,frac50,3.2,43,417,117,10999,11576,0.09347826086956522,0.26875,0.13870967741935483,0.12067505746865054
overture,caraballeda,t_test,frac50,3.3,39,370,121,11046,11576,0.09535452322738386,0.24375,0.13708260105448156,0.1195886406529023
overture,caraballeda,t_test,frac50,3.4,34,321,126,11095,11576,0.09577464788732394,0.2125,0.1320388349514563,0.11517841875226724
overture,caraballeda,t_test,frac50,3.5,32,274,128,11142,11576,0.10457516339869281,0.2,0.13733905579399142,0.12139044379529236
overture,caraballeda,t_test,frac50,3.6,30,248,130,11168,11576,0.1079136690647482,0.1875,0.136986301369863,0.12157400596788738
overture,caraballeda,t_test,frac50,3.7,27,220,133,11196,11576,0.10931174089068826,0.16875,0.1326781326781327,0.11787948860977103
overture,caraballeda,t_test,frac50,3.8,25,196,135,11220,11576,0.11312217194570136,0.15625,0.13123359580052493,0.11707624611266983
overture,caraballeda,t_test,frac50,3.9,24,174,136,11242,11576,0.12121212121212122,0.15,0.13407821229050276,0.12063375063222155
overture,caraballeda,t_test,frac50,4.0,22,152,138,11264,11576,0.12643678160919541,0.1375,0.1317365269461078,0.1190499183353026
overture,caraballeda,t_test,frac50,4.1,21,128,139,11288,11576,0.14093959731543623,0.13125,0.13592233009708737,0.12424886039854229
overture,caraballeda,t_test,frac50,4.2,21,114,139,11302,11576,0.15555555555555556,0.13125,0.1423728813559322,0.1313845752316369
overture,caraballeda,t_test,frac50,4.3,17,101,143,11315,11576,0.1440677966101695,0.10625,0.12230215827338128,0.11188139234201498
overture,caraballeda,t_test,frac50,4.4,14,83,146,11333,11576,0.14432989690721648,0.0875,0.10894941634241245,0.09955461835493576
overture,caraballeda,t_test,frac50,4.5,13,68,147,11348,11576,0.16049382716049382,0.08125,0.1078838174273859,0.09951749269871671
overture,caraballeda,t_test,frac50,4.6,11,57,149,11359,11576,0.16176470588235295,0.06875,0.09649122807017545,0.08898030538270474
overture,caraballeda,t_test,frac50,4.7,8,46,152,11370,11576,0.14814814814814814,0.05,0.07476635514018692,0.06826711068039074
overture,caraballeda,t_test,frac50,4.8,6,36,154,11380,11576,0.14285714285714285,0.0375,0.059405940594059396,0.053968494291395566
overture,caraballeda,t_test,frac50,4.9,6,29,154,11387,11576,0.17142857142857143,0.0375,0.061538461538461535,0.05685893897031793
overture,caraballeda,t_test,frac50,5.0,6,25,154,11391,11576,0.1935483870967742,0.0375,0.06282722513089005,0.05860353205857346
overture,caraballeda,t_test,frac50,5.1,5,22,155,11394,11576,0.18518518518518517,0.03125,0.053475935828877004,0.04968294194257992
overture,caraballeda,t_test,frac50,5.2,3,19,157,11397,11576,0.13636363636363635,0.01875,0.03296703296703297,0.02972484893742642
overture,caraballeda,t_test,frac50,5.3,2,16,158,11400,11576,0.1111111111111111,0.0125,0.022471910112359553,0.019731668003386715
overture,caraballeda,t_test,frac50,5.4,2,15,158,11401,11576,0.11764705882352941,0.0125,0.02259887005649717,0.019996946433395835
overture,caraballeda,t_test,frac50,5.5,2,14,158,11402,11576,0.125,0.0125,0.022727272727272728,0.020265163443978357
overture,caraballeda,t_test,frac50,5.6,2,14,158,11402,11576,0.125,0.0125,0.022727272727272728,0.020265163443978357
overture,caraballeda,t_test,frac50,5.7,2,12,158,11404,11576,0.14285714285714285,0.0125,0.022988505747126436,0.020810610704646453
overture,caraballeda,t_test,frac50,5.8,0,7,160,11409,11576,0.0,0.0,nan,-0.0011600495506797414
overture,caraballeda,t_test,frac50,5.9,0,6,160,11410,11576,0.0,0.0,nan,-0.0010001583583963479
overture,caraballeda,t_test,frac50,6.0,0,6,160,11410,11576,0.0,0.0,nan,-0.0010001583583963479
overture,moron,t_test,mean,0.0,0,20325,0,0,20325,0.0,nan,nan,0.0
overture,moron,t_test,mean,0.1,0,20325,0,0,20325,0.0,nan,nan,0.0
overture,moron,t_test,mean,0.2,0,20325,0,0,20325,0.0,nan,nan,0.0
overture,moron,t_test,mean,0.3,0,20325,0,0,20325,0.0,nan,nan,0.0
overture,moron,t_test,mean,0.4,0,20325,0,0,20325,0.0,nan,nan,0.0
overture,moron,t_test,mean,0.5,0,20325,0,0,20325,0.0,nan,nan,0.0
overture,moron,t_test,mean,0.6,0,20325,0,0,20325,0.0,nan,nan,0.0
overture,moron,t_test,mean,0.7,0,20325,0,0,20325,0.0,nan,nan,0.0
overture,moron,t_test,mean,0.8,0,20325,0,0,20325,0.0,nan,nan,0.0
overture,moron,t_test,mean,0.9,0,20323,0,2,20325,0.0,nan,nan,2.3543056330000986e-17
overture,moron,t_test,mean,1.0,0,20322,0,3,20325,0.0,nan,nan,-2.019624645832973e-17
overture,moron,t_test,mean,1.1,0,20315,0,10,20325,0.0,nan,nan,6.616888794003645e-18
overture,moron,t_test,mean,1.2,0,20291,0,34,20325,0.0,nan,nan,-4.409236665143048e-17
overture,moron,t_test,mean,1.3,0,20152,0,173,20325,0.0,nan,nan,-1.7496156534948693e-17
overture,moron,t_test,mean,1.4,0,19734,0,591,20325,0.0,nan,nan,1.7866755168353403e-17
overture,moron,t_test,mean,1.5,0,18716,0,1609,20325,0.0,nan,nan,0.0
overture,moron,t_test,mean,1.6,0,16920,0,3405,20325,0.0,nan,nan,6.668227829641344e-17
overture,moron,t_test,mean,1.7,0,14657,0,5668,20325,0.0,nan,nan,0.0
overture,moron,t_test,mean,1.8,0,11885,0,8440,20325,0.0,nan,nan,-9.493177524403159e-17
overture,moron,t_test,mean,1.9,0,9175,0,11150,20325,0.0,nan,nan,0.0
overture,moron,t_test,mean,2.0,0,6761,0,13564,20325,0.0,nan,nan,0.0
overture,moron,t_test,mean,2.1,0,4856,0,15469,20325,0.0,nan,nan,0.0
overture,moron,t_test,mean,2.2,0,3318,0,17007,20325,0.0,nan,nan,0.0
overture,moron,t_test,mean,2.3,0,2153,0,18172,20325,0.0,nan,nan,0.0
overture,moron,t_test,mean,2.4,0,1337,0,18988,20325,0.0,nan,nan,0.0
overture,moron,t_test,mean,2.5,0,876,0,19449,20325,0.0,nan,nan,0.0
overture,moron,t_test,mean,2.6,0,588,0,19737,20325,0.0,nan,nan,0.0
overture,moron,t_test,mean,2.7,0,408,0,19917,20325,0.0,nan,nan,0.0
overture,moron,t_test,mean,2.8,0,292,0,20033,20325,0.0,nan,nan,0.0
overture,moron,t_test,mean,2.9,0,197,0,20128,20325,0.0,nan,nan,0.0
overture,moron,t_test,mean,3.0,0,129,0,20196,20325,0.0,nan,nan,0.0
overture,moron,t_test,mean,3.1,0,91,0,20234,20325,0.0,nan,nan,0.0
overture,moron,t_test,mean,3.2,0,62,0,20263,20325,0.0,nan,nan,0.0
overture,moron,t_test,mean,3.3,0,48,0,20277,20325,0.0,nan,nan,0.0
overture,moron,t_test,mean,3.4,0,38,0,20287,20325,0.0,nan,nan,0.0
overture,moron,t_test,mean,3.5,0,37,0,20288,20325,0.0,nan,nan,0.0
overture,moron,t_test,mean,3.6,0,32,0,20293,20325,0.0,nan,nan,0.0
overture,moron,t_test,mean,3.7,0,29,0,20296,20325,0.0,nan,nan,0.0
overture,moron,t_test,mean,3.8,0,25,0,20300,20325,0.0,nan,nan,0.0
overture,moron,t_test,mean,3.9,0,23,0,20302,20325,0.0,nan,nan,0.0
overture,moron,t_test,mean,4.0,0,20,0,20305,20325,0.0,nan,nan,0.0
overture,moron,t_test,mean,4.1,0,17,0,20308,20325,0.0,nan,nan,0.0
overture,moron,t_test,mean,4.2,0,16,0,20309,20325,0.0,nan,nan,0.0
overture,moron,t_test,mean,4.3,0,14,0,20311,20325,0.0,nan,nan,0.0
overture,moron,t_test,mean,4.4,0,10,0,20315,20325,0.0,nan,nan,0.0
overture,moron,t_test,mean,4.5,0,8,0,20317,20325,0.0,nan,nan,0.0
overture,moron,t_test,mean,4.6,0,7,0,20318,20325,0.0,nan,nan,0.0
overture,moron,t_test,mean,4.7,0,7,0,20318,20325,0.0,nan,nan,0.0
overture,moron,t_test,mean,4.8,0,5,0,20320,20325,0.0,nan,nan,0.0
overture,moron,t_test,mean,4.9,0,5,0,20320,20325,0.0,nan,nan,0.0
overture,moron,t_test,mean,5.0,0,3,0,20322,20325,0.0,nan,nan,0.0
overture,moron,t_test,mean,5.1,0,3,0,20322,20325,0.0,nan,nan,0.0
overture,moron,t_test,mean,5.2,0,2,0,20323,20325,0.0,nan,nan,0.0
overture,moron,t_test,mean,5.3,0,2,0,20323,20325,0.0,nan,nan,0.0
overture,moron,t_test,mean,5.4,0,2,0,20323,20325,0.0,nan,nan,0.0
overture,moron,t_test,mean,5.5,0,2,0,20323,20325,0.0,nan,nan,0.0
overture,moron,t_test,mean,5.6,0,1,0,20324,20325,0.0,nan,nan,0.0
overture,moron,t_test,mean,5.7,0,1,0,20324,20325,0.0,nan,nan,0.0
overture,moron,t_test,mean,5.8,0,1,0,20324,20325,0.0,nan,nan,0.0
overture,moron,t_test,mean,5.9,0,0,0,20325,20325,nan,nan,nan,nan
overture,moron,t_test,mean,6.0,0,0,0,20325,20325,nan,nan,nan,nan
overture,moron,t_test,max,0.0,0,20325,0,0,20325,0.0,nan,nan,0.0
overture,moron,t_test,max,0.1,0,20325,0,0,20325,0.0,nan,nan,0.0
overture,moron,t_test,max,0.2,0,20325,0,0,20325,0.0,nan,nan,0.0
overture,moron,t_test,max,0.3,0,20325,0,0,20325,0.0,nan,nan,0.0
overture,moron,t_test,max,0.4,0,20325,0,0,20325,0.0,nan,nan,0.0
overture,moron,t_test,max,0.5,0,20325,0,0,20325,0.0,nan,nan,0.0
overture,moron,t_test,max,0.6,0,20325,0,0,20325,0.0,nan,nan,0.0
overture,moron,t_test,max,0.7,0,20325,0,0,20325,0.0,nan,nan,0.0
overture,moron,t_test,max,0.8,0,20325,0,0,20325,0.0,nan,nan,0.0
overture,moron,t_test,max,0.9,0,20324,0,1,20325,0.0,nan,nan,-4.3742933570065455e-17
overture,moron,t_test,max,1.0,0,20322,0,3,20325,0.0,nan,nan,-2.019624645832973e-17
overture,moron,t_test,max,1.1,0,20316,0,9,20325,0.0,nan,nan,5.0437735073006803e-17
overture,moron,t_test,max,1.2,0,20296,0,29,20325,0.0,nan,nan,-4.733875833619824e-17
overture,moron,t_test,max,1.3,0,20194,0,131,20325,0.0,nan,nan,4.27764305687878e-17
overture,moron,t_test,max,1.4,0,19885,0,440,20325,0.0,nan,nan,-3.9008378289315025e-17
overture,moron,t_test,max,1.5,0,19064,0,1261,20325,0.0,nan,nan,2.2193613921041924e-17
overture,moron,t_test,max,1.6,0,17551,0,2774,20325,0.0,nan,nan,0.0
overture,moron,t_test,max,1.7,0,15579,0,4746,20325,0.0,nan,nan,0.0
overture,moron,t_test,max,1.8,0,13036,0,7289,20325,0.0,nan,nan,0.0
overture,moron,t_test,max,1.9,0,10437,0,9888,20325,0.0,nan,nan,0.0
overture,moron,t_test,max,2.0,0,8042,0,12283,20325,0.0,nan,nan,2.8059292434103836e-16
overture,moron,t_test,max,2.1,0,5900,0,14425,20325,0.0,nan,nan,3.824624233136661e-16
overture,moron,t_test,max,2.2,0,4307,0,16018,20325,0.0,nan,nan,0.0
overture,moron,t_test,max,2.3,0,2868,0,17457,20325,0.0,nan,nan,0.0
overture,moron,t_test,max,2.4,0,1907,0,18418,20325,0.0,nan,nan,0.0
overture,moron,t_test,max,2.5,0,1320,0,19005,20325,0.0,nan,nan,0.0
overture,moron,t_test,max,2.6,0,872,0,19453,20325,0.0,nan,nan,0.0
overture,moron,t_test,max,2.7,0,627,0,19698,20325,0.0,nan,nan,0.0
overture,moron,t_test,max,2.8,0,428,0,19897,20325,0.0,nan,nan,0.0
overture,moron,t_test,max,2.9,0,320,0,20005,20325,0.0,nan,nan,0.0
overture,moron,t_test,max,3.0,0,225,0,20100,20325,0.0,nan,nan,0.0
overture,moron,t_test,max,3.1,0,160,0,20165,20325,0.0,nan,nan,0.0
overture,moron,t_test,max,3.2,0,125,0,20200,20325,0.0,nan,nan,0.0
overture,moron,t_test,max,3.3,0,92,0,20233,20325,0.0,nan,nan,0.0
overture,moron,t_test,max,3.4,0,77,0,20248,20325,0.0,nan,nan,0.0
overture,moron,t_test,max,3.5,0,56,0,20269,20325,0.0,nan,nan,0.0
overture,moron,t_test,max,3.6,0,50,0,20275,20325,0.0,nan,nan,0.0
overture,moron,t_test,max,3.7,0,46,0,20279,20325,0.0,nan,nan,0.0
overture,moron,t_test,max,3.8,0,38,0,20287,20325,0.0,nan,nan,0.0
overture,moron,t_test,max,3.9,0,37,0,20288,20325,0.0,nan,nan,0.0
overture,moron,t_test,max,4.0,0,30,0,20295,20325,0.0,nan,nan,0.0
overture,moron,t_test,max,4.1,0,29,0,20296,20325,0.0,nan,nan,0.0
overture,moron,t_test,max,4.2,0,27,0,20298,20325,0.0,nan,nan,0.0
overture,moron,t_test,max,4.3,0,25,0,20300,20325,0.0,nan,nan,0.0
overture,moron,t_test,max,4.4,0,20,0,20305,20325,0.0,nan,nan,0.0
overture,moron,t_test,max,4.5,0,18,0,20307,20325,0.0,nan,nan,0.0
overture,moron,t_test,max,4.6,0,12,0,20313,20325,0.0,nan,nan,0.0
overture,moron,t_test,max,4.7,0,10,0,20315,20325,0.0,nan,nan,0.0
overture,moron,t_test,max,4.8,0,10,0,20315,20325,0.0,nan,nan,0.0
overture,moron,t_test,max,4.9,0,10,0,20315,20325,0.0,nan,nan,0.0
overture,moron,t_test,max,5.0,0,9,0,20316,20325,0.0,nan,nan,0.0
overture,moron,t_test,max,5.1,0,8,0,20317,20325,0.0,nan,nan,0.0
overture,moron,t_test,max,5.2,0,7,0,20318,20325,0.0,nan,nan,0.0
overture,moron,t_test,max,5.3,0,6,0,20319,20325,0.0,nan,nan,0.0
overture,moron,t_test,max,5.4,0,6,0,20319,20325,0.0,nan,nan,0.0
overture,moron,t_test,max,5.5,0,6,0,20319,20325,0.0,nan,nan,0.0
overture,moron,t_test,max,5.6,0,3,0,20322,20325,0.0,nan,nan,0.0
overture,moron,t_test,max,5.7,0,3,0,20322,20325,0.0,nan,nan,0.0
overture,moron,t_test,max,5.8,0,3,0,20322,20325,0.0,nan,nan,0.0
overture,moron,t_test,max,5.9,0,3,0,20322,20325,0.0,nan,nan,0.0
overture,moron,t_test,max,6.0,0,3,0,20322,20325,0.0,nan,nan,0.0
overture,moron,t_test,p75,0.0,0,20325,0,0,20325,0.0,nan,nan,0.0
overture,moron,t_test,p75,0.1,0,20325,0,0,20325,0.0,nan,nan,0.0
overture,moron,t_test,p75,0.2,0,20325,0,0,20325,0.0,nan,nan,0.0
overture,moron,t_test,p75,0.3,0,20325,0,0,20325,0.0,nan,nan,0.0
overture,moron,t_test,p75,0.4,0,20325,0,0,20325,0.0,nan,nan,0.0
overture,moron,t_test,p75,0.5,0,20325,0,0,20325,0.0,nan,nan,0.0
overture,moron,t_test,p75,0.6,0,20325,0,0,20325,0.0,nan,nan,0.0
overture,moron,t_test,p75,0.7,0,20325,0,0,20325,0.0,nan,nan,0.0
overture,moron,t_test,p75,0.8,0,20325,0,0,20325,0.0,nan,nan,0.0
overture,moron,t_test,p75,0.9,0,20324,0,1,20325,0.0,nan,nan,-4.3742933570065455e-17
overture,moron,t_test,p75,1.0,0,20322,0,3,20325,0.0,nan,nan,-2.019624645832973e-17
overture,moron,t_test,p75,1.1,0,20316,0,9,20325,0.0,nan,nan,5.0437735073006803e-17
overture,moron,t_test,p75,1.2,0,20293,0,32,20325,0.0,nan,nan,4.365365633774546e-17
overture,moron,t_test,p75,1.3,0,20171,0,154,20325,0.0,nan,nan,3.670731979742208e-17
overture,moron,t_test,p75,1.4,0,19833,0,492,20325,0.0,nan,nan,1.7777570034401555e-17
overture,moron,t_test,p75,1.5,0,18896,0,1429,20325,0.0,nan,nan,0.0
overture,moron,t_test,p75,1.6,0,17267,0,3058,20325,0.0,nan,nan,3.267111104347354e-17
overture,moron,t_test,p75,1.7,0,15118,0,5207,20325,0.0,nan,nan,7.463051652171685e-17
overture,moron,t_test,p75,1.8,0,12453,0,7872,20325,0.0,nan,nan,9.060179464990887e-17
overture,moron,t_test,p75,1.9,0,9806,0,10519,20325,0.0,nan,nan,0.0
overture,moron,t_test,p75,2.0,0,7368,0,12957,20325,0.0,nan,nan,0.0
overture,moron,t_test,p75,2.1,0,5384,0,14941,20325,0.0,nan,nan,-4.1911744010970123e-16
overture,moron,t_test,p75,2.2,0,3772,0,16553,20325,0.0,nan,nan,0.0
overture,moron,t_test,p75,2.3,0,2479,0,17846,20325,0.0,nan,nan,0.0
overture,moron,t_test,p75,2.4,0,1604,0,18721,20325,0.0,nan,nan,0.0
overture,moron,t_test,p75,2.5,0,1079,0,19246,20325,0.0,nan,nan,0.0
overture,moron,t_test,p75,2.6,0,714,0,19611,20325,0.0,nan,nan,0.0
overture,moron,t_test,p75,2.7,0,496,0,19829,20325,0.0,nan,nan,0.0
overture,moron,t_test,p75,2.8,0,349,0,19976,20325,0.0,nan,nan,0.0
overture,moron,t_test,p75,2.9,0,254,0,20071,20325,0.0,nan,nan,0.0
overture,moron,t_test,p75,3.0,0,168,0,20157,20325,0.0,nan,nan,0.0
overture,moron,t_test,p75,3.1,0,126,0,20199,20325,0.0,nan,nan,0.0
overture,moron,t_test,p75,3.2,0,84,0,20241,20325,0.0,nan,nan,0.0
overture,moron,t_test,p75,3.3,0,65,0,20260,20325,0.0,nan,nan,0.0
overture,moron,t_test,p75,3.4,0,51,0,20274,20325,0.0,nan,nan,0.0
overture,moron,t_test,p75,3.5,0,39,0,20286,20325,0.0,nan,nan,0.0
overture,moron,t_test,p75,3.6,0,36,0,20289,20325,0.0,nan,nan,0.0
overture,moron,t_test,p75,3.7,0,33,0,20292,20325,0.0,nan,nan,0.0
overture,moron,t_test,p75,3.8,0,30,0,20295,20325,0.0,nan,nan,0.0
overture,moron,t_test,p75,3.9,0,27,0,20298,20325,0.0,nan,nan,0.0
overture,moron,t_test,p75,4.0,0,24,0,20301,20325,0.0,nan,nan,0.0
overture,moron,t_test,p75,4.1,0,24,0,20301,20325,0.0,nan,nan,0.0
overture,moron,t_test,p75,4.2,0,20,0,20305,20325,0.0,nan,nan,0.0
overture,moron,t_test,p75,4.3,0,17,0,20308,20325,0.0,nan,nan,0.0
overture,moron,t_test,p75,4.4,0,15,0,20310,20325,0.0,nan,nan,0.0
overture,moron,t_test,p75,4.5,0,12,0,20313,20325,0.0,nan,nan,0.0
overture,moron,t_test,p75,4.6,0,8,0,20317,20325,0.0,nan,nan,0.0
overture,moron,t_test,p75,4.7,0,8,0,20317,20325,0.0,nan,nan,0.0
overture,moron,t_test,p75,4.8,0,8,0,20317,20325,0.0,nan,nan,0.0
overture,moron,t_test,p75,4.9,0,8,0,20317,20325,0.0,nan,nan,0.0
overture,moron,t_test,p75,5.0,0,7,0,20318,20325,0.0,nan,nan,0.0
overture,moron,t_test,p75,5.1,0,6,0,20319,20325,0.0,nan,nan,0.0
overture,moron,t_test,p75,5.2,0,4,0,20321,20325,0.0,nan,nan,0.0
overture,moron,t_test,p75,5.3,0,3,0,20322,20325,0.0,nan,nan,0.0
overture,moron,t_test,p75,5.4,0,3,0,20322,20325,0.0,nan,nan,0.0
overture,moron,t_test,p75,5.5,0,3,0,20322,20325,0.0,nan,nan,0.0
overture,moron,t_test,p75,5.6,0,1,0,20324,20325,0.0,nan,nan,0.0
overture,moron,t_test,p75,5.7,0,1,0,20324,20325,0.0,nan,nan,0.0
overture,moron,t_test,p75,5.8,0,1,0,20324,20325,0.0,nan,nan,0.0
overture,moron,t_test,p75,5.9,0,1,0,20324,20325,0.0,nan,nan,0.0
overture,moron,t_test,p75,6.0,0,1,0,20324,20325,0.0,nan,nan,0.0
overture,moron,t_test,p90,0.0,0,20325,0,0,20325,0.0,nan,nan,0.0
overture,moron,t_test,p90,0.1,0,20325,0,0,20325,0.0,nan,nan,0.0
overture,moron,t_test,p90,0.2,0,20325,0,0,20325,0.0,nan,nan,0.0
overture,moron,t_test,p90,0.3,0,20325,0,0,20325,0.0,nan,nan,0.0
overture,moron,t_test,p90,0.4,0,20325,0,0,20325,0.0,nan,nan,0.0
overture,moron,t_test,p90,0.5,0,20325,0,0,20325,0.0,nan,nan,0.0
overture,moron,t_test,p90,0.6,0,20325,0,0,20325,0.0,nan,nan,0.0
overture,moron,t_test,p90,0.7,0,20325,0,0,20325,0.0,nan,nan,0.0
overture,moron,t_test,p90,0.8,0,20325,0,0,20325,0.0,nan,nan,0.0
overture,moron,t_test,p90,0.9,0,20324,0,1,20325,0.0,nan,nan,-4.3742933570065455e-17
overture,moron,t_test,p90,1.0,0,20322,0,3,20325,0.0,nan,nan,-2.019624645832973e-17
overture,moron,t_test,p90,1.1,0,20316,0,9,20325,0.0,nan,nan,5.0437735073006803e-17
overture,moron,t_test,p90,1.2,0,20295,0,30,20325,0.0,nan,nan,1.9978808990693716e-17
overture,moron,t_test,p90,1.3,0,20187,0,138,20325,0.0,nan,nan,-4.1917972535863996e-17
overture,moron,t_test,p90,1.4,0,19860,0,465,20325,0.0,nan,nan,-2.4854761585558936e-17
overture,moron,t_test,p90,1.5,0,19002,0,1323,20325,0.0,nan,nan,-2.968803675337636e-17
overture,moron,t_test,p90,1.6,0,17461,0,2864,20325,0.0,nan,nan,-6.461623897688079e-17
overture,moron,t_test,p90,1.7,0,15430,0,4895,20325,0.0,nan,nan,7.31214613593853e-17
overture,moron,t_test,p90,1.8,0,12824,0,7501,20325,0.0,nan,nan,-8.798067286145628e-17
overture,moron,t_test,p90,1.9,0,10186,0,10139,20325,0.0,nan,nan,1.1076616422298402e-16
overture,moron,t_test,p90,2.0,0,7763,0,12562,20325,0.0,nan,nan,2.906773538001585e-16
overture,moron,t_test,p90,2.1,0,5707,0,14618,20325,0.0,nan,nan,3.9539658271432103e-16
overture,moron,t_test,p90,2.2,0,4087,0,16238,20325,0.0,nan,nan,0.0
overture,moron,t_test,p90,2.3,0,2693,0,17632,20325,0.0,nan,nan,0.0
overture,moron,t_test,p90,2.4,0,1789,0,18536,20325,0.0,nan,nan,0.0
overture,moron,t_test,p90,2.5,0,1209,0,19116,20325,0.0,nan,nan,0.0
overture,moron,t_test,p90,2.6,0,801,0,19524,20325,0.0,nan,nan,0.0
overture,moron,t_test,p90,2.7,0,565,0,19760,20325,0.0,nan,nan,0.0
overture,moron,t_test,p90,2.8,0,395,0,19930,20325,0.0,nan,nan,0.0
overture,moron,t_test,p90,2.9,0,286,0,20039,20325,0.0,nan,nan,0.0
overture,moron,t_test,p90,3.0,0,203,0,20122,20325,0.0,nan,nan,0.0
overture,moron,t_test,p90,3.1,0,143,0,20182,20325,0.0,nan,nan,0.0
overture,moron,t_test,p90,3.2,0,105,0,20220,20325,0.0,nan,nan,0.0
overture,moron,t_test,p90,3.3,0,79,0,20246,20325,0.0,nan,nan,0.0
overture,moron,t_test,p90,3.4,0,65,0,20260,20325,0.0,nan,nan,0.0
overture,moron,t_test,p90,3.5,0,47,0,20278,20325,0.0,nan,nan,0.0
overture,moron,t_test,p90,3.6,0,43,0,20282,20325,0.0,nan,nan,0.0
overture,moron,t_test,p90,3.7,0,38,0,20287,20325,0.0,nan,nan,0.0
overture,moron,t_test,p90,3.8,0,34,0,20291,20325,0.0,nan,nan,0.0
overture,moron,t_test,p90,3.9,0,30,0,20295,20325,0.0,nan,nan,0.0
overture,moron,t_test,p90,4.0,0,27,0,20298,20325,0.0,nan,nan,0.0
overture,moron,t_test,p90,4.1,0,25,0,20300,20325,0.0,nan,nan,0.0
overture,moron,t_test,p90,4.2,0,23,0,20302,20325,0.0,nan,nan,0.0
overture,moron,t_test,p90,4.3,0,20,0,20305,20325,0.0,nan,nan,0.0
overture,moron,t_test,p90,4.4,0,18,0,20307,20325,0.0,nan,nan,0.0
overture,moron,t_test,p90,4.5,0,16,0,20309,20325,0.0,nan,nan,0.0
overture,moron,t_test,p90,4.6,0,10,0,20315,20325,0.0,nan,nan,0.0
overture,moron,t_test,p90,4.7,0,9,0,20316,20325,0.0,nan,nan,0.0
overture,moron,t_test,p90,4.8,0,8,0,20317,20325,0.0,nan,nan,0.0
overture,moron,t_test,p90,4.9,0,8,0,20317,20325,0.0,nan,nan,0.0
overture,moron,t_test,p90,5.0,0,8,0,20317,20325,0.0,nan,nan,0.0
overture,moron,t_test,p90,5.1,0,7,0,20318,20325,0.0,nan,nan,0.0
overture,moron,t_test,p90,5.2,0,5,0,20320,20325,0.0,nan,nan,0.0
overture,moron,t_test,p90,5.3,0,5,0,20320,20325,0.0,nan,nan,0.0
overture,moron,t_test,p90,5.4,0,4,0,20321,20325,0.0,nan,nan,0.0
overture,moron,t_test,p90,5.5,0,3,0,20322,20325,0.0,nan,nan,0.0
overture,moron,t_test,p90,5.6,0,3,0,20322,20325,0.0,nan,nan,0.0
overture,moron,t_test,p90,5.7,0,3,0,20322,20325,0.0,nan,nan,0.0
overture,moron,t_test,p90,5.8,0,3,0,20322,20325,0.0,nan,nan,0.0
overture,moron,t_test,p90,5.9,0,3,0,20322,20325,0.0,nan,nan,0.0
overture,moron,t_test,p90,6.0,0,3,0,20322,20325,0.0,nan,nan,0.0
overture,moron,t_test,frac50,0.0,0,20325,0,0,20325,0.0,nan,nan,0.0
overture,moron,t_test,frac50,0.1,0,20325,0,0,20325,0.0,nan,nan,0.0
overture,moron,t_test,frac50,0.2,0,20325,0,0,20325,0.0,nan,nan,0.0
overture,moron,t_test,frac50,0.3,0,20325,0,0,20325,0.0,nan,nan,0.0
overture,moron,t_test,frac50,0.4,0,20325,0,0,20325,0.0,nan,nan,0.0
overture,moron,t_test,frac50,0.5,0,20325,0,0,20325,0.0,nan,nan,0.0
overture,moron,t_test,frac50,0.6,0,20325,0,0,20325,0.0,nan,nan,0.0
overture,moron,t_test,frac50,0.7,0,20325,0,0,20325,0.0,nan,nan,0.0
overture,moron,t_test,frac50,0.8,0,20325,0,0,20325,0.0,nan,nan,0.0
overture,moron,t_test,frac50,0.9,0,20324,0,1,20325,0.0,nan,nan,-4.3742933570065455e-17
overture,moron,t_test,frac50,1.0,0,20322,0,3,20325,0.0,nan,nan,-2.019624645832973e-17
overture,moron,t_test,frac50,1.1,0,20316,0,9,20325,0.0,nan,nan,5.0437735073006803e-17
overture,moron,t_test,frac50,1.2,0,20295,0,30,20325,0.0,nan,nan,1.9978808990693716e-17
overture,moron,t_test,frac50,1.3,0,20176,0,149,20325,0.0,nan,nan,3.320315416015778e-17
overture,moron,t_test,frac50,1.4,0,19840,0,485,20325,0.0,nan,nan,-1.066277862375865e-17
overture,moron,t_test,frac50,1.5,0,18924,0,1401,20325,0.0,nan,nan,0.0
overture,moron,t_test,frac50,1.6,0,17285,0,3040,20325,0.0,nan,nan,3.263708848062815e-17
overture,moron,t_test,frac50,1.7,0,15157,0,5168,20325,0.0,nan,nan,0.0
overture,moron,t_test,frac50,1.8,0,12489,0,7836,20325,0.0,nan,nan,-9.034063165788417e-17
overture,moron,t_test,frac50,1.9,0,9856,0,10469,20325,0.0,nan,nan,0.0
overture,moron,t_test,frac50,2.0,0,7429,0,12896,20325,0.0,nan,nan,0.0
overture,moron,t_test,frac50,2.1,0,5393,0,14932,20325,0.0,nan,nan,0.0
overture,moron,t_test,frac50,2.2,0,3833,0,16492,20325,0.0,nan,nan,0.0
overture,moron,t_test,frac50,2.3,0,2484,0,17841,20325,0.0,nan,nan,0.0
overture,moron,t_test,frac50,2.4,0,1605,0,18720,20325,0.0,nan,nan,0.0
overture,moron,t_test,frac50,2.5,0,1075,0,19250,20325,0.0,nan,nan,0.0
overture,moron,t_test,frac50,2.6,0,696,0,19629,20325,0.0,nan,nan,0.0
overture,moron,t_test,frac50,2.7,0,505,0,19820,20325,0.0,nan,nan,0.0
overture,moron,t_test,frac50,2.8,0,343,0,19982,20325,0.0,nan,nan,0.0
overture,moron,t_test,frac50,2.9,0,240,0,20085,20325,0.0,nan,nan,0.0
overture,moron,t_test,frac50,3.0,0,166,0,20159,20325,0.0,nan,nan,0.0
overture,moron,t_test,frac50,3.1,0,115,0,20210,20325,0.0,nan,nan,0.0
overture,moron,t_test,frac50,3.2,0,79,0,20246,20325,0.0,nan,nan,0.0
overture,moron,t_test,frac50,3.3,0,62,0,20263,20325,0.0,nan,nan,0.0
overture,moron,t_test,frac50,3.4,0,50,0,20275,20325,0.0,nan,nan,0.0
overture,moron,t_test,frac50,3.5,0,37,0,20288,20325,0.0,nan,nan,0.0
overture,moron,t_test,frac50,3.6,0,31,0,20294,20325,0.0,nan,nan,0.0
overture,moron,t_test,frac50,3.7,0,30,0,20295,20325,0.0,nan,nan,0.0
overture,moron,t_test,frac50,3.8,0,26,0,20299,20325,0.0,nan,nan,0.0
overture,moron,t_test,frac50,3.9,0,25,0,20300,20325,0.0,nan,nan,0.0
overture,moron,t_test,frac50,4.0,0,22,0,20303,20325,0.0,nan,nan,0.0
overture,moron,t_test,frac50,4.1,0,20,0,20305,20325,0.0,nan,nan,0.0
overture,moron,t_test,frac50,4.2,0,20,0,20305,20325,0.0,nan,nan,0.0
overture,moron,t_test,frac50,4.3,0,19,0,20306,20325,0.0,nan,nan,0.0
overture,moron,t_test,frac50,4.4,0,15,0,20310,20325,0.0,nan,nan,0.0
overture,moron,t_test,frac50,4.5,0,10,0,20315,20325,0.0,nan,nan,0.0
overture,moron,t_test,frac50,4.6,0,8,0,20317,20325,0.0,nan,nan,0.0
overture,moron,t_test,frac50,4.7,0,8,0,20317,20325,0.0,nan,nan,0.0
overture,moron,t_test,frac50,4.8,0,6,0,20319,20325,0.0,nan,nan,0.0
overture,moron,t_test,frac50,4.9,0,6,0,20319,20325,0.0,nan,nan,0.0
overture,moron,t_test,frac50,5.0,0,4,0,20321,20325,0.0,nan,nan,0.0
overture,moron,t_test,frac50,5.1,0,4,0,20321,20325,0.0,nan,nan,0.0
overture,moron,t_test,frac50,5.2,0,3,0,20322,20325,0.0,nan,nan,0.0
overture,moron,t_test,frac50,5.3,0,2,0,20323,20325,0.0,nan,nan,0.0
overture,moron,t_test,frac50,5.4,0,2,0,20323,20325,0.0,nan,nan,0.0
overture,moron,t_test,frac50,5.5,0,2,0,20323,20325,0.0,nan,nan,0.0
overture,moron,t_test,frac50,5.6,0,1,0,20324,20325,0.0,nan,nan,0.0
overture,moron,t_test,frac50,5.7,0,1,0,20324,20325,0.0,nan,nan,0.0
overture,moron,t_test,frac50,5.8,0,1,0,20324,20325,0.0,nan,nan,0.0
overture,moron,t_test,frac50,5.9,0,1,0,20324,20325,0.0,nan,nan,0.0
overture,moron,t_test,frac50,6.0,0,0,0,20325,20325,nan,nan,nan,nan
overture,el_junquito,t_test,mean,0.0,6,59159,0,0,59165,0.00010141130736077073,1.0,0.00020280204830068786,0.0
overture,el_junquito,t_test,mean,0.1,6,59159,0,0,59165,0.00010141130736077073,1.0,0.00020280204830068786,0.0
overture,el_junquito,t_test,mean,0.2,6,59159,0,0,59165,0.00010141130736077073,1.0,0.00020280204830068786,0.0
overture,el_junquito,t_test,mean,0.3,6,59159,0,0,59165,0.00010141130736077073,1.0,0.00020280204830068786,0.0
overture,el_junquito,t_test,mean,0.4,6,59159,0,0,59165,0.00010141130736077073,1.0,0.00020280204830068786,0.0
overture,el_junquito,t_test,mean,0.5,6,59159,0,0,59165,0.00010141130736077073,1.0,0.00020280204830068786,0.0
overture,el_junquito,t_test,mean,0.6,6,59159,0,0,59165,0.00010141130736077073,1.0,0.00020280204830068786,0.0
overture,el_junquito,t_test,mean,0.7,6,59159,0,0,59165,0.00010141130736077073,1.0,0.00020280204830068786,0.0
overture,el_junquito,t_test,mean,0.8,6,59159,0,0,59165,0.00010141130736077073,1.0,0.00020280204830068786,0.0
overture,el_junquito,t_test,mean,0.9,6,59153,0,6,59165,0.0001014215926570767,1.0,0.00020282261472154146,2.0572678729620312e-08
overture,el_junquito,t_test,mean,1.0,6,59136,0,23,59165,0.00010145074566298062,1.0,0.0002028809089064719,7.888460112894526e-08
overture,el_junquito,t_test,mean,1.1,6,58898,0,261,59165,0.00010186065462447372,1.0,0.0002037005601765405,8.98785270483853e-07
overture,el_junquito,t_test,mean,1.2,6,57894,0,1265,59165,0.00010362694300518135,1.0,0.0002072324111491037,4.431710895329109e-06
overture,el_junquito,t_test,mean,1.3,6,55000,0,4159,59165,0.00010907900956259317,1.0,0.00021813422525994328,1.5336842134470238e-05
overture,el_junquito,t_test,mean,1.4,6,49385,0,9774,59165,0.00012147962179344415,1.0,0.0002429297325748527,4.0139893964459584e-05
overture,el_junquito,t_test,mean,1.5,6,41250,0,17909,59165,0.00014543339150668993,1.0,0.00029082448742184086,8.804922136822412e-05
overture,el_junquito,t_test,mean,1.6,6,31595,0,27564,59165,0.00018986740925920067,1.0,0.0003796627329389059,0.00017691449576040925
overture,el_junquito,t_test,mean,1.7,6,22379,0,36780,59165,0.0002680366316729953,1.0,0.0005359296145772855,0.00033322891742795346
overture,el_junquito,t_test,mean,1.8,6,14815,0,44344,59165,0.0004048309830645705,1.0,0.0008093343225197274,0.0006067167895388196
overture,el_junquito,t_test,mean,1.9,5,9160,1,49999,59165,0.0005455537370430987,0.8333333333333334,0.0010903936321011885,0.0008878836763439279
overture,el_junquito,t_test,mean,2.0,3,5273,3,53886,59165,0.0005686125852918878,0.5,0.001135933358576297,0.0009335302627989067
overture,el_junquito,t_test,mean,2.1,3,2831,3,56328,59165,0.001058574453069866,0.5,0.002112676056338028,0.0019106686481912276
overture,el_junquito,t_test,mean,2.2,3,1536,3,57623,59165,0.001949317738791423,0.5,0.0038834951456310674,0.003682204125490762
overture,el_junquito,t_test,mean,2.3,3,826,3,58333,59165,0.0036188178528347406,0.5,0.007185628742514971,0.006985670206722909
overture,el_junquito,t_test,mean,2.4,2,431,4,58728,59165,0.004618937644341801,0.3333333333333333,0.009111617312072893,0.008913349880960758
overture,el_junquito,t_test,mean,2.5,2,242,4,58917,59165,0.00819672131147541,0.3333333333333333,0.016,0.01580517383920281
overture,el_junquito,t_test,mean,2.6,2,134,4,59025,59165,0.014705882352941176,0.3333333333333333,0.028169014084507043,0.027980196666557797
overture,el_junquito,t_test,mean,2.7,2,57,4,59102,59165,0.03389830508474576,0.3333333333333333,0.061538461538461535,0.061365658461407506
overture,el_junquito,t_test,mean,2.8,0,20,6,59139,59165,0.0,0.0,nan,-0.00015604174098949672
overture,el_junquito,t_test,mean,2.9,0,14,6,59145,59165,0.0,0.0,nan,-0.00014199599027470844
overture,el_junquito,t_test,mean,3.0,0,10,6,59149,59165,0.0,0.0,nan,-0.0001267802052407297
overture,el_junquito,t_test,mean,3.1,0,8,6,59151,59165,0.0,0.0,nan,-0.0001159120712792724
overture,el_junquito,t_test,mean,3.2,0,6,6,59153,59165,0.0,0.0,nan,-0.00010142159232353506
overture,el_junquito,t_test,mean,3.3,0,5,6,59154,59165,0.0,0.0,nan,-9.220059826030302e-05
overture,el_junquito,t_test,mean,3.4,0,5,6,59154,59165,0.0,0.0,nan,-9.220059826030302e-05
overture,el_junquito,t_test,mean,3.5,0,4,6,59155,59165,0.0,0.0,nan,-8.113562851587154e-05
overture,el_junquito,t_test,mean,3.6,0,3,6,59156,59165,0.0,0.0,nan,-6.761210910643473e-05
overture,el_junquito,t_test,mean,3.7,0,3,6,59156,59165,0.0,0.0,nan,-6.761210910643473e-05
overture,el_junquito,t_test,mean,3.8,0,3,6,59156,59165,0.0,0.0,nan,-6.761210910643473e-05
overture,el_junquito,t_test,mean,3.9,0,3,6,59156,59165,0.0,0.0,nan,-6.761210910643473e-05
overture,el_junquito,t_test,mean,4.0,0,3,6,59156,59165,0.0,0.0,nan,-6.761210910643473e-05
overture,el_junquito,t_test,mean,4.1,0,2,6,59157,59165,0.0,0.0,nan,-5.0708224981013775e-05
overture,el_junquito,t_test,mean,4.2,0,2,6,59157,59165,0.0,0.0,nan,-5.0708224981013775e-05
overture,el_junquito,t_test,mean,4.3,0,2,6,59157,59165,0.0,0.0,nan,-5.0708224981013775e-05
overture,el_junquito,t_test,mean,4.4,0,2,6,59157,59165,0.0,0.0,nan,-5.0708224981013775e-05
overture,el_junquito,t_test,mean,4.5,0,2,6,59157,59165,0.0,0.0,nan,-5.0708224981013775e-05
overture,el_junquito,t_test,mean,4.6,0,1,6,59158,59165,0.0,0.0,nan,-2.8975499331466362e-05
overture,el_junquito,t_test,mean,4.7,0,1,6,59158,59165,0.0,0.0,nan,-2.8975499331466362e-05
overture,el_junquito,t_test,mean,4.8,0,1,6,59158,59165,0.0,0.0,nan,-2.8975499331466362e-05
overture,el_junquito,t_test,mean,4.9,0,1,6,59158,59165,0.0,0.0,nan,-2.8975499331466362e-05
overture,el_junquito,t_test,mean,5.0,0,1,6,59158,59165,0.0,0.0,nan,-2.8975499331466362e-05
overture,el_junquito,t_test,mean,5.1,0,1,6,59158,59165,0.0,0.0,nan,-2.8975499331466362e-05
overture,el_junquito,t_test,mean,5.2,0,1,6,59158,59165,0.0,0.0,nan,-2.8975499331466362e-05
overture,el_junquito,t_test,mean,5.3,0,0,6,59159,59165,nan,0.0,nan,0.0
overture,el_junquito,t_test,mean,5.4,0,0,6,59159,59165,nan,0.0,nan,0.0
overture,el_junquito,t_test,mean,5.5,0,0,6,59159,59165,nan,0.0,nan,0.0
overture,el_junquito,t_test,mean,5.6,0,0,6,59159,59165,nan,0.0,nan,0.0
overture,el_junquito,t_test,mean,5.7,0,0,6,59159,59165,nan,0.0,nan,0.0
overture,el_junquito,t_test,mean,5.8,0,0,6,59159,59165,nan,0.0,nan,0.0
overture,el_junquito,t_test,mean,5.9,0,0,6,59159,59165,nan,0.0,nan,0.0
overture,el_junquito,t_test,mean,6.0,0,0,6,59159,59165,nan,0.0,nan,0.0
overture,el_junquito,t_test,max,0.0,6,59159,0,0,59165,0.00010141130736077073,1.0,0.00020280204830068786,0.0
overture,el_junquito,t_test,max,0.1,6,59159,0,0,59165,0.00010141130736077073,1.0,0.00020280204830068786,0.0
overture,el_junquito,t_test,max,0.2,6,59159,0,0,59165,0.00010141130736077073,1.0,0.00020280204830068786,0.0
overture,el_junquito,t_test,max,0.3,6,59159,0,0,59165,0.00010141130736077073,1.0,0.00020280204830068786,0.0
overture,el_junquito,t_test,max,0.4,6,59159,0,0,59165,0.00010141130736077073,1.0,0.00020280204830068786,0.0
overture,el_junquito,t_test,max,0.5,6,59159,0,0,59165,0.00010141130736077073,1.0,0.00020280204830068786,0.0
overture,el_junquito,t_test,max,0.6,6,59159,0,0,59165,0.00010141130736077073,1.0,0.00020280204830068786,0.0
overture,el_junquito,t_test,max,0.7,6,59159,0,0,59165,0.00010141130736077073,1.0,0.00020280204830068786,0.0
overture,el_junquito,t_test,max,0.8,6,59159,0,0,59165,0.00010141130736077073,1.0,0.00020280204830068786,0.0
overture,el_junquito,t_test,max,0.9,6,59156,0,3,59165,0.00010141644974814916,1.0,0.00020281233098972418,1.0285817815718458e-08
overture,el_junquito,t_test,max,1.0,6,59143,0,16,59165,0.0001014387394545977,1.0,0.0002028569013608317,5.486975059710982e-08
overture,el_junquito,t_test,max,1.1,6,58965,0,194,59165,0.00010174492547184209,1.0,0.00020346914899028432,6.673036716795096e-07
overture,el_junquito,t_test,max,1.2,6,58236,0,923,59165,0.00010301844030081384,1.0,0.00020601565718994644,3.2145867092358725e-06
overture,el_junquito,t_test,max,1.3,6,55948,0,3211,59165,0.00010723093970046824,1.0,0.0002144388849177984,1.1640377402581795e-05
overture,el_junquito,t_test,max,1.4,6,51400,0,7759,59165,0.00011671789285297436,1.0,0.00023340854275266475,3.0615807149939955e-05
overture,el_junquito,t_test,max,1.5,6,44324,0,14835,59165,0.00013534852244529664,1.0,0.00027066041140382533,6.787901024359368e-05
overture,el_junquito,t_test,max,1.6,6,35556,0,23603,59165,0.00016871941960519654,1.0,0.00033738191632928474,0.0001346208154888079
overture,el_junquito,t_test,max,1.7,6,26233,0,32926,59165,0.00022866725103853043,1.0,0.0004572299485616308,0.00025450530975840944
overture,el_junquito,t_test,max,1.8,6,18427,0,40732,59165,0.00032550317365594313,1.0,0.0006507945116329518,0.0004481287559039525
overture,el_junquito,t_test,max,1.9,6,12071,0,47088,59165,0.0004968121222157821,1.0,0.0009931308449888274,0.0007905692106568806
overture,el_junquito,t_test,max,2.0,3,7309,3,51850,59165,0.00041028446389496716,0.5,0.0008198961464881114,0.0006173649381536496
overture,el_junquito,t_test,max,2.1,3,4147,3,55012,59165,0.0007228915662650603,0.5,0.0014436958614051974,0.0012414174848895273
overture,el_junquito,t_test,max,2.2,3,2389,3,56770,59165,0.001254180602006689,0.5,0.0025020850708924107,0.0023002353080246824
overture,el_junquito,t_test,max,2.3,3,1336,3,57823,59165,0.0022404779686333084,0.5,0.004460966542750929,0.004259908864476346
overture,el_junquito,t_test,max,2.4,2,765,4,58394,59165,0.002607561929595828,0.3333333333333333,0.005174644243208279,0.00497439701981181
overture,el_junquito,t_test,max,2.5,2,415,4,58744,59165,0.004796163069544364,0.3333333333333333,0.00945626477541371,0.009258170208527414
overture,el_junquito,t_test,max,2.6,2,242,4,58917,59165,0.00819672131147541,0.3333333333333333,0.016,0.01580517383920281
overture,el_junquito,t_test,max,2.7,2,120,4,59039,59165,0.01639344262295082,0.3333333333333333,0.03125,0.0310626895885561
overture,el_junquito,t_test,max,2.8,2,49,4,59110,59165,0.0392156862745098,0.3333333333333333,0.07017543859649122,0.07000667004165978
overture,el_junquito,t_test,max,2.9,2,37,4,59122,59165,0.05128205128205128,0.3333333333333333,0.08888888888888889,0.08872870598587669
overture,el_junquito,t_test,max,3.0,0,22,6,59137,59165,0.0,0.0,nan,-0.00015938602581098513
overture,el_junquito,t_test,max,3.1,0,18,6,59141,59165,0.0,0.0,nan,-0.00015214010417859697
overture,el_junquito,t_test,max,3.2,0,15,6,59144,59165,0.0,0.0,nan,-0.00014489428769190436
overture,el_junquito,t_test,max,3.3,0,10,6,59149,59165,0.0,0.0,nan,-0.0001267802052407297
overture,el_junquito,t_test,max,3.4,0,5,6,59154,59165,0.0,0.0,nan,-9.220059826030302e-05
overture,el_junquito,t_test,max,3.5,0,5,6,59154,59165,0.0,0.0,nan,-9.220059826030302e-05
overture,el_junquito,t_test,max,3.6,0,5,6,59154,59165,0.0,0.0,nan,-9.220059826030302e-05
overture,el_junquito,t_test,max,3.7,0,5,6,59154,59165,0.0,0.0,nan,-9.220059826030302e-05
overture,el_junquito,t_test,max,3.8,0,5,6,59154,59165,0.0,0.0,nan,-9.220059826030302e-05
overture,el_junquito,t_test,max,3.9,0,5,6,59154,59165,0.0,0.0,nan,-9.220059826030302e-05
overture,el_junquito,t_test,max,4.0,0,5,6,59154,59165,0.0,0.0,nan,-9.220059826030302e-05
overture,el_junquito,t_test,max,4.1,0,4,6,59155,59165,0.0,0.0,nan,-8.113562851587154e-05
overture,el_junquito,t_test,max,4.2,0,4,6,59155,59165,0.0,0.0,nan,-8.113562851587154e-05
overture,el_junquito,t_test,max,4.3,0,4,6,59155,59165,0.0,0.0,nan,-8.113562851587154e-05
overture,el_junquito,t_test,max,4.4,0,3,6,59156,59165,0.0,0.0,nan,-6.761210910643473e-05
overture,el_junquito,t_test,max,4.5,0,3,6,59156,59165,0.0,0.0,nan,-6.761210910643473e-05
overture,el_junquito,t_test,max,4.6,0,3,6,59156,59165,0.0,0.0,nan,-6.761210910643473e-05
overture,el_junquito,t_test,max,4.7,0,2,6,59157,59165,0.0,0.0,nan,-5.0708224981013775e-05
overture,el_junquito,t_test,max,4.8,0,2,6,59157,59165,0.0,0.0,nan,-5.0708224981013775e-05
overture,el_junquito,t_test,max,4.9,0,2,6,59157,59165,0.0,0.0,nan,-5.0708224981013775e-05
overture,el_junquito,t_test,max,5.0,0,2,6,59157,59165,0.0,0.0,nan,-5.0708224981013775e-05
overture,el_junquito,t_test,max,5.1,0,2,6,59157,59165,0.0,0.0,nan,-5.0708224981013775e-05
overture,el_junquito,t_test,max,5.2,0,2,6,59157,59165,0.0,0.0,nan,-5.0708224981013775e-05
overture,el_junquito,t_test,max,5.3,0,1,6,59158,59165,0.0,0.0,nan,-2.8975499331466362e-05
overture,el_junquito,t_test,max,5.4,0,1,6,59158,59165,0.0,0.0,nan,-2.8975499331466362e-05
overture,el_junquito,t_test,max,5.5,0,1,6,59158,59165,0.0,0.0,nan,-2.8975499331466362e-05
overture,el_junquito,t_test,max,5.6,0,1,6,59158,59165,0.0,0.0,nan,-2.8975499331466362e-05
overture,el_junquito,t_test,max,5.7,0,1,6,59158,59165,0.0,0.0,nan,-2.8975499331466362e-05
overture,el_junquito,t_test,max,5.8,0,1,6,59158,59165,0.0,0.0,nan,-2.8975499331466362e-05
overture,el_junquito,t_test,max,5.9,0,1,6,59158,59165,0.0,0.0,nan,-2.8975499331466362e-05
overture,el_junquito,t_test,max,6.0,0,1,6,59158,59165,0.0,0.0,nan,-2.8975499331466362e-05
overture,el_junquito,t_test,p75,0.0,6,59159,0,0,59165,0.00010141130736077073,1.0,0.00020280204830068786,0.0
overture,el_junquito,t_test,p75,0.1,6,59159,0,0,59165,0.00010141130736077073,1.0,0.00020280204830068786,0.0
overture,el_junquito,t_test,p75,0.2,6,59159,0,0,59165,0.00010141130736077073,1.0,0.00020280204830068786,0.0
overture,el_junquito,t_test,p75,0.3,6,59159,0,0,59165,0.00010141130736077073,1.0,0.00020280204830068786,0.0
overture,el_junquito,t_test,p75,0.4,6,59159,0,0,59165,0.00010141130736077073,1.0,0.00020280204830068786,0.0
overture,el_junquito,t_test,p75,0.5,6,59159,0,0,59165,0.00010141130736077073,1.0,0.00020280204830068786,0.0
overture,el_junquito,t_test,p75,0.6,6,59159,0,0,59165,0.00010141130736077073,1.0,0.00020280204830068786,0.0
overture,el_junquito,t_test,p75,0.7,6,59159,0,0,59165,0.00010141130736077073,1.0,0.00020280204830068786,0.0
overture,el_junquito,t_test,p75,0.8,6,59159,0,0,59165,0.00010141130736077073,1.0,0.00020280204830068786,0.0
overture,el_junquito,t_test,p75,0.9,6,59155,0,4,59165,0.00010141816399317117,1.0,0.00020281575878445756,1.3714655509035451e-08
overture,el_junquito,t_test,p75,1.0,6,59141,0,18,59165,0.00010144216950986525,1.0,0.0002028637600797931,6.173055643050332e-08
overture,el_junquito,t_test,p75,1.1,6,58944,0,215,59165,0.00010178117048346055,1.0,0.00020354162426216158,7.398009959483117e-07
overture,el_junquito,t_test,p75,1.2,6,58078,0,1081,59165,0.00010329867089043454,1.0,0.0002065760027543467,3.7751027723935183e-06
overture,el_junquito,t_test,p75,1.3,6,55514,0,3645,59165,0.00010806916426512968,1.0,0.00021611497316572414,1.3316975638116541e-05
overture,el_junquito,t_test,p75,1.4,6,50502,0,8657,59165,0.00011879306248515087,1.0,0.00023755790473928021,3.4766431656415485e-05
overture,el_junquito,t_test,p75,1.5,6,42908,0,16251,59165,0.00013981451274642308,1.0,0.00027958993476234854,7.681125050245766e-05
overture,el_junquito,t_test,p75,1.6,6,33589,0,25570,59165,0.0001785980056556035,1.0,0.0003571322282074938,0.00015437713631548055
overture,el_junquito,t_test,p75,1.7,6,24276,0,34883,59165,0.00024709661477637757,1.0,0.0004940711462450594,0.0002913577152594937
overture,el_junquito,t_test,p75,1.8,6,16591,0,42568,59165,0.00036151111646683137,1.0,0.0007227609468168405,0.0005201170816117726
overture,el_junquito,t_test,p75,1.9,6,10523,0,48636,59165,0.000569854687054801,1.0,0.0011390602752728999,0.0009365430180628945
overture,el_junquito,t_test,p75,2.0,3,6225,3,52934,59165,0.0004816955684007707,0.5,0.0009624639076034649,0.0007599904972309044
overture,el_junquito,t_test,p75,2.1,3,3425,3,55734,59165,0.0008751458576429405,0.5,0.0017472335468841002,0.001545078139885891
overture,el_junquito,t_test,p75,2.2,3,1887,3,57272,59165,0.0015873015873015873,0.5,0.0031645569620253164,0.002962975247640152
overture,el_junquito,t_test,p75,2.3,3,1047,3,58112,59165,0.002857142857142857,0.5,0.005681818181818181,0.005481253373857131
overture,el_junquito,t_test,p75,2.4,2,581,4,58578,59165,0.003430531732418525,0.3333333333333333,0.006791171477079796,0.006591738301465117
overture,el_junquito,t_test,p75,2.5,2,310,4,58849,59165,0.00641025641025641,0.3333333333333333,0.012578616352201259,0.01238208456175183
overture,el_junquito,t_test,p75,2.6,2,174,4,58985,59165,0.011363636363636364,0.3333333333333333,0.02197802197802198,0.021786158876548063
overture,el_junquito,t_test,p75,2.7,2,85,4,59074,59165,0.022988505747126436,0.3333333333333333,0.04301075268817204,0.04282914168855204
overture,el_junquito,t_test,p75,2.8,1,29,5,59130,59165,0.03333333333333333,0.16666666666666666,0.05555555555555555,0.05539589966073063
overture,el_junquito,t_test,p75,2.9,0,22,6,59137,59165,0.0,0.0,nan,-0.00015938602581098513
overture,el_junquito,t_test,p75,3.0,0,13,6,59146,59165,0.0,0.0,nan,-0.00013879262846196942
overture,el_junquito,t_test,p75,3.1,0,12,6,59147,59165,0.0,0.0,nan,-0.0001352333627206897
overture,el_junquito,t_test,p75,3.2,0,6,6,59153,59165,0.0,0.0,nan,-0.00010142159232353506
overture,el_junquito,t_test,p75,3.3,0,6,6,59153,59165,0.0,0.0,nan,-0.00010142159232353506
overture,el_junquito,t_test,p75,3.4,0,5,6,59154,59165,0.0,0.0,nan,-9.220059826030302e-05
overture,el_junquito,t_test,p75,3.5,0,5,6,59154,59165,0.0,0.0,nan,-9.220059826030302e-05
overture,el_junquito,t_test,p75,3.6,0,5,6,59154,59165,0.0,0.0,nan,-9.220059826030302e-05
overture,el_junquito,t_test,p75,3.7,0,3,6,59156,59165,0.0,0.0,nan,-6.761210910643473e-05
overture,el_junquito,t_test,p75,3.8,0,3,6,59156,59165,0.0,0.0,nan,-6.761210910643473e-05
overture,el_junquito,t_test,p75,3.9,0,3,6,59156,59165,0.0,0.0,nan,-6.761210910643473e-05
overture,el_junquito,t_test,p75,4.0,0,3,6,59156,59165,0.0,0.0,nan,-6.761210910643473e-05
overture,el_junquito,t_test,p75,4.1,0,3,6,59156,59165,0.0,0.0,nan,-6.761210910643473e-05
overture,el_junquito,t_test,p75,4.2,0,3,6,59156,59165,0.0,0.0,nan,-6.761210910643473e-05
overture,el_junquito,t_test,p75,4.3,0,3,6,59156,59165,0.0,0.0,nan,-6.761210910643473e-05
overture,el_junquito,t_test,p75,4.4,0,2,6,59157,59165,0.0,0.0,nan,-5.0708224981013775e-05
overture,el_junquito,t_test,p75,4.5,0,2,6,59157,59165,0.0,0.0,nan,-5.0708224981013775e-05
overture,el_junquito,t_test,p75,4.6,0,2,6,59157,59165,0.0,0.0,nan,-5.0708224981013775e-05
overture,el_junquito,t_test,p75,4.7,0,2,6,59157,59165,0.0,0.0,nan,-5.0708224981013775e-05
overture,el_junquito,t_test,p75,4.8,0,2,6,59157,59165,0.0,0.0,nan,-5.0708224981013775e-05
overture,el_junquito,t_test,p75,4.9,0,1,6,59158,59165,0.0,0.0,nan,-2.8975499331466362e-05
overture,el_junquito,t_test,p75,5.0,0,1,6,59158,59165,0.0,0.0,nan,-2.8975499331466362e-05
overture,el_junquito,t_test,p75,5.1,0,1,6,59158,59165,0.0,0.0,nan,-2.8975499331466362e-05
overture,el_junquito,t_test,p75,5.2,0,1,6,59158,59165,0.0,0.0,nan,-2.8975499331466362e-05
overture,el_junquito,t_test,p75,5.3,0,1,6,59158,59165,0.0,0.0,nan,-2.8975499331466362e-05
overture,el_junquito,t_test,p75,5.4,0,1,6,59158,59165,0.0,0.0,nan,-2.8975499331466362e-05
overture,el_junquito,t_test,p75,5.5,0,1,6,59158,59165,0.0,0.0,nan,-2.8975499331466362e-05
overture,el_junquito,t_test,p75,5.6,0,1,6,59158,59165,0.0,0.0,nan,-2.8975499331466362e-05
overture,el_junquito,t_test,p75,5.7,0,1,6,59158,59165,0.0,0.0,nan,-2.8975499331466362e-05
overture,el_junquito,t_test,p75,5.8,0,0,6,59159,59165,nan,0.0,nan,0.0
overture,el_junquito,t_test,p75,5.9,0,0,6,59159,59165,nan,0.0,nan,0.0
overture,el_junquito,t_test,p75,6.0,0,0,6,59159,59165,nan,0.0,nan,0.0
overture,el_junquito,t_test,p90,0.0,6,59159,0,0,59165,0.00010141130736077073,1.0,0.00020280204830068786,0.0
overture,el_junquito,t_test,p90,0.1,6,59159,0,0,59165,0.00010141130736077073,1.0,0.00020280204830068786,0.0
overture,el_junquito,t_test,p90,0.2,6,59159,0,0,59165,0.00010141130736077073,1.0,0.00020280204830068786,0.0
overture,el_junquito,t_test,p90,0.3,6,59159,0,0,59165,0.00010141130736077073,1.0,0.00020280204830068786,0.0
overture,el_junquito,t_test,p90,0.4,6,59159,0,0,59165,0.00010141130736077073,1.0,0.00020280204830068786,0.0
overture,el_junquito,t_test,p90,0.5,6,59159,0,0,59165,0.00010141130736077073,1.0,0.00020280204830068786,0.0
overture,el_junquito,t_test,p90,0.6,6,59159,0,0,59165,0.00010141130736077073,1.0,0.00020280204830068786,0.0
overture,el_junquito,t_test,p90,0.7,6,59159,0,0,59165,0.00010141130736077073,1.0,0.00020280204830068786,0.0
overture,el_junquito,t_test,p90,0.8,6,59159,0,0,59165,0.00010141130736077073,1.0,0.00020280204830068786,0.0
overture,el_junquito,t_test,p90,0.9,6,59156,0,3,59165,0.00010141644974814916,1.0,0.00020281233098972418,1.0285817815718458e-08
overture,el_junquito,t_test,p90,1.0,6,59142,0,17,59165,0.00010144045445323595,1.0,0.00020286033066233897,5.83000955226977e-08
overture,el_junquito,t_test,p90,1.1,6,58960,0,199,59165,0.00010175355289488858,1.0,0.00020348640032557823,6.845602560709798e-07
overture,el_junquito,t_test,p90,1.2,6,58179,0,980,59165,0.0001031193606599639,1.0,0.00020621745630767643,3.4164472293110226e-06
overture,el_junquito,t_test,p90,1.3,6,55796,0,3363,59165,0.00010752302784846421,1.0,0.00021502293577981653,1.2224605975243046e-05
overture,el_junquito,t_test,p90,1.4,6,51082,0,8077,59165,0.00011744440964610085,1.0,0.00023486123615297296,3.2068942559382465e-05
overture,el_junquito,t_test,p90,1.5,6,43783,0,15376,59165,0.0001370207129644431,1.0,0.0002740038817216577,7.122349784900313e-05
overture,el_junquito,t_test,p90,1.6,6,34787,0,24372,59165,0.0001724484810162964,1.0,0.00034483749533032555,0.00014207866282738704
overture,el_junquito,t_test,p90,1.7,6,25453,0,33706,59165,0.00023567304293177266,1.0,0.0004712350284704496,0.00026851465032077084
overture,el_junquito,t_test,p90,1.8,6,17674,0,41485,59165,0.00033936651583710406,1.0,0.0006785027705529797,0.00047584544315957964
overture,el_junquito,t_test,p90,1.9,6,11409,0,47750,59165,0.0005256241787122207,1.0,0.0010506960861570791,0.0008481519579235935
overture,el_junquito,t_test,p90,2.0,3,6830,3,52329,59165,0.00043904580711254205,0.5,0.000877321245796169,0.0006748133189890363
overture,el_junquito,t_test,p90,2.1,3,3859,3,55300,59165,0.0007767995857068876,0.5,0.0015511892450879008,0.0013489544206834543
overture,el_junquito,t_test,p90,2.2,3,2151,3,57008,59165,0.001392757660167131,0.5,0.002777777777777778,0.002576039586963559
overture,el_junquito,t_test,p90,2.3,3,1215,3,57944,59165,0.0024630541871921183,0.5,0.004901960784313725,0.0047010812097267604
overture,el_junquito,t_test,p90,2.4,2,675,4,58484,59165,0.0029542097488921715,0.3333333333333333,0.005856515373352856,0.005656611719376932
overture,el_junquito,t_test,p90,2.5,2,367,4,58792,59165,0.005420054200542005,0.3333333333333333,0.010666666666666668,0.010469178625778452
overture,el_junquito,t_test,p90,2.6,2,212,4,58947,59165,0.009345794392523364,0.3333333333333333,0.01818181818181818,0.017988075979997485
overture,el_junquito,t_test,p90,2.7,2,104,4,59055,59165,0.018867924528301886,0.3333333333333333,0.03571428571428571,0.03552914866976338
overture,el_junquito,t_test,p90,2.8,2,42,4,59117,59165,0.045454545454545456,0.3333333333333333,0.08,0.07983576549769708
overture,el_junquito,t_test,p90,2.9,0,30,6,59129,59165,0.0,0.0,nan,-0.0001690474179747794
overture,el_junquito,t_test,p90,3.0,0,17,6,59142,59165,0.0,0.0,nan,-0.00014993484437813887
overture,el_junquito,t_test,p90,3.1,0,15,6,59144,59165,0.0,0.0,nan,-0.00014489428769190436
overture,el_junquito,t_test,p90,3.2,0,10,6,59149,59165,0.0,0.0,nan,-0.0001267802052407297
overture,el_junquito,t_test,p90,3.3,0,6,6,59153,59165,0.0,0.0,nan,-0.00010142159232353506
overture,el_junquito,t_test,p90,3.4,0,5,6,59154,59165,0.0,0.0,nan,-9.220059826030302e-05
overture,el_junquito,t_test,p90,3.5,0,5,6,59154,59165,0.0,0.0,nan,-9.220059826030302e-05
overture,el_junquito,t_test,p90,3.6,0,5,6,59154,59165,0.0,0.0,nan,-9.220059826030302e-05
overture,el_junquito,t_test,p90,3.7,0,5,6,59154,59165,0.0,0.0,nan,-9.220059826030302e-05
overture,el_junquito,t_test,p90,3.8,0,5,6,59154,59165,0.0,0.0,nan,-9.220059826030302e-05
overture,el_junquito,t_test,p90,3.9,0,4,6,59155,59165,0.0,0.0,nan,-8.113562851587154e-05
overture,el_junquito,t_test,p90,4.0,0,4,6,59155,59165,0.0,0.0,nan,-8.113562851587154e-05
overture,el_junquito,t_test,p90,4.1,0,4,6,59155,59165,0.0,0.0,nan,-8.113562851587154e-05
overture,el_junquito,t_test,p90,4.2,0,3,6,59156,59165,0.0,0.0,nan,-6.761210910643473e-05
overture,el_junquito,t_test,p90,4.3,0,3,6,59156,59165,0.0,0.0,nan,-6.761210910643473e-05
overture,el_junquito,t_test,p90,4.4,0,3,6,59156,59165,0.0,0.0,nan,-6.761210910643473e-05
overture,el_junquito,t_test,p90,4.5,0,3,6,59156,59165,0.0,0.0,nan,-6.761210910643473e-05
overture,el_junquito,t_test,p90,4.6,0,2,6,59157,59165,0.0,0.0,nan,-5.0708224981013775e-05
overture,el_junquito,t_test,p90,4.7,0,2,6,59157,59165,0.0,0.0,nan,-5.0708224981013775e-05
overture,el_junquito,t_test,p90,4.8,0,2,6,59157,59165,0.0,0.0,nan,-5.0708224981013775e-05
overture,el_junquito,t_test,p90,4.9,0,2,6,59157,59165,0.0,0.0,nan,-5.0708224981013775e-05
overture,el_junquito,t_test,p90,5.0,0,2,6,59157,59165,0.0,0.0,nan,-5.0708224981013775e-05
overture,el_junquito,t_test,p90,5.1,0,1,6,59158,59165,0.0,0.0,nan,-2.8975499331466362e-05
overture,el_junquito,t_test,p90,5.2,0,1,6,59158,59165,0.0,0.0,nan,-2.8975499331466362e-05
overture,el_junquito,t_test,p90,5.3,0,1,6,59158,59165,0.0,0.0,nan,-2.8975499331466362e-05
overture,el_junquito,t_test,p90,5.4,0,1,6,59158,59165,0.0,0.0,nan,-2.8975499331466362e-05
overture,el_junquito,t_test,p90,5.5,0,1,6,59158,59165,0.0,0.0,nan,-2.8975499331466362e-05
overture,el_junquito,t_test,p90,5.6,0,1,6,59158,59165,0.0,0.0,nan,-2.8975499331466362e-05
overture,el_junquito,t_test,p90,5.7,0,1,6,59158,59165,0.0,0.0,nan,-2.8975499331466362e-05
overture,el_junquito,t_test,p90,5.8,0,1,6,59158,59165,0.0,0.0,nan,-2.8975499331466362e-05
overture,el_junquito,t_test,p90,5.9,0,1,6,59158,59165,0.0,0.0,nan,-2.8975499331466362e-05
overture,el_junquito,t_test,p90,6.0,0,1,6,59158,59165,0.0,0.0,nan,-2.8975499331466362e-05
overture,el_junquito,t_test,frac50,0.0,6,59159,0,0,59165,0.00010141130736077073,1.0,0.00020280204830068786,0.0
overture,el_junquito,t_test,frac50,0.1,6,59159,0,0,59165,0.00010141130736077073,1.0,0.00020280204830068786,0.0
overture,el_junquito,t_test,frac50,0.2,6,59159,0,0,59165,0.00010141130736077073,1.0,0.00020280204830068786,0.0
overture,el_junquito,t_test,frac50,0.3,6,59159,0,0,59165,0.00010141130736077073,1.0,0.00020280204830068786,0.0
overture,el_junquito,t_test,frac50,0.4,6,59159,0,0,59165,0.00010141130736077073,1.0,0.00020280204830068786,0.0
overture,el_junquito,t_test,frac50,0.5,6,59159,0,0,59165,0.00010141130736077073,1.0,0.00020280204830068786,0.0
overture,el_junquito,t_test,frac50,0.6,6,59159,0,0,59165,0.00010141130736077073,1.0,0.00020280204830068786,0.0
overture,el_junquito,t_test,frac50,0.7,6,59159,0,0,59165,0.00010141130736077073,1.0,0.00020280204830068786,0.0
overture,el_junquito,t_test,frac50,0.8,6,59159,0,0,59165,0.00010141130736077073,1.0,0.00020280204830068786,0.0
overture,el_junquito,t_test,frac50,0.9,6,59155,0,4,59165,0.00010141816399317117,1.0,0.00020281575878445756,1.3714655509035451e-08
overture,el_junquito,t_test,frac50,1.0,6,59140,0,19,59165,0.00010144388462448855,1.0,0.0002028671896131999,6.516113343726121e-08
overture,el_junquito,t_test,frac50,1.1,6,58941,0,218,59165,0.0001017863504504046,1.0,0.00020355198208742555,7.5016197285215e-07
overture,el_junquito,t_test,frac50,1.2,6,58107,0,1052,59165,0.00010324712198647463,1.0,0.0002064729262375471,3.6719948921166524e-06
overture,el_junquito,t_test,frac50,1.3,6,55559,0,3600,59165,0.00010798164312066948,1.0,0.00021593996868870453,1.3141917912091256e-05
overture,el_junquito,t_test,frac50,1.4,6,50581,0,8578,59165,0.00011860754739359914,1.0,0.00023718696262328782,3.439537667466817e-05
overture,el_junquito,t_test,frac50,1.5,6,43023,0,16136,59165,0.00013944084222268703,1.0,0.00027884280237016387,7.606389078802758e-05
overture,el_junquito,t_test,frac50,1.6,6,33841,0,25318,59165,0.00017726829556533814,1.0,0.00035447375417245144,0.0001517178534556397
overture,el_junquito,t_test,frac50,1.7,6,24428,0,34731,59165,0.0002455594663174265,1.0,0.0004909983633387889,0.00028828399756270027
overture,el_junquito,t_test,frac50,1.8,6,16823,0,42336,59165,0.0003565274229009448,1.0,0.0007128007128007129,0.0005101538179852438
overture,el_junquito,t_test,frac50,1.9,6,10751,0,48408,59165,0.0005577763316909919,1.0,0.0011149307813806558,0.0009124061866933841
overture,el_junquito,t_test,frac50,2.0,3,6382,3,52777,59165,0.00046985121378230227,0.5,0.0009388202159286497,0.0007363372208090333
overture,el_junquito,t_test,frac50,2.1,3,3524,3,55635,59165,0.0008505812305075135,0.5,0.0016982734220209452,0.0014960981827733218
overture,el_junquito,t_test,frac50,2.2,3,1989,3,57170,59165,0.0015060240963855422,0.5,0.003003003003003003,0.002801355937297367
overture,el_junquito,t_test,frac50,2.3,3,1083,3,58076,59165,0.0027624309392265192,0.5,0.005494505494505494,0.005293865105781828
overture,el_junquito,t_test,frac50,2.4,2,602,4,58557,59165,0.0033112582781456954,0.3333333333333333,0.006557377049180328,0.006357826238222657
overture,el_junquito,t_test,frac50,2.5,2,330,4,58829,59165,0.006024096385542169,0.3333333333333333,0.011834319526627219,0.011637415745082612
overture,el_junquito,t_test,frac50,2.6,2,191,4,58968,59165,0.010362694300518135,0.3333333333333333,0.020100502512562814,0.019907711145895374
overture,el_junquito,t_test,frac50,2.7,2,89,4,59070,59165,0.02197802197802198,0.3333333333333333,0.04123711340206186,0.0410546482666958
overture,el_junquito,t_test,frac50,2.8,1,29,5,59130,59165,0.03333333333333333,0.16666666666666666,0.05555555555555555,0.05539589966073063
overture,el_junquito,t_test,frac50,2.9,0,22,6,59137,59165,0.0,0.0,nan,-0.00015938602581098513
overture,el_junquito,t_test,frac50,3.0,0,11,6,59148,59165,0.0,0.0,nan,-0.00013125538826645934
overture,el_junquito,t_test,frac50,3.1,0,11,6,59148,59165,0.0,0.0,nan,-0.00013125538826645934
overture,el_junquito,t_test,frac50,3.2,0,8,6,59151,59165,0.0,0.0,nan,-0.0001159120712792724
overture,el_junquito,t_test,frac50,3.3,0,7,6,59152,59165,0.0,0.0,nan,-0.00010922410573784522
overture,el_junquito,t_test,frac50,3.4,0,5,6,59154,59165,0.0,0.0,nan,-9.220059826030302e-05
overture,el_junquito,t_test,frac50,3.5,0,5,6,59154,59165,0.0,0.0,nan,-9.220059826030302e-05
overture,el_junquito,t_test,frac50,3.6,0,4,6,59155,59165,0.0,0.0,nan,-8.113562851587154e-05
overture,el_junquito,t_test,frac50,3.7,0,3,6,59156,59165,0.0,0.0,nan,-6.761210910643473e-05
overture,el_junquito,t_test,frac50,3.8,0,3,6,59156,59165,0.0,0.0,nan,-6.761210910643473e-05
overture,el_junquito,t_test,frac50,3.9,0,3,6,59156,59165,0.0,0.0,nan,-6.761210910643473e-05
overture,el_junquito,t_test,frac50,4.0,0,3,6,59156,59165,0.0,0.0,nan,-6.761210910643473e-05
overture,el_junquito,t_test,frac50,4.1,0,3,6,59156,59165,0.0,0.0,nan,-6.761210910643473e-05
overture,el_junquito,t_test,frac50,4.2,0,3,6,59156,59165,0.0,0.0,nan,-6.761210910643473e-05
overture,el_junquito,t_test,frac50,4.3,0,3,6,59156,59165,0.0,0.0,nan,-6.761210910643473e-05
overture,el_junquito,t_test,frac50,4.4,0,3,6,59156,59165,0.0,0.0,nan,-6.761210910643473e-05
overture,el_junquito,t_test,frac50,4.5,0,3,6,59156,59165,0.0,0.0,nan,-6.761210910643473e-05
overture,el_junquito,t_test,frac50,4.6,0,3,6,59156,59165,0.0,0.0,nan,-6.761210910643473e-05
overture,el_junquito,t_test,frac50,4.7,0,2,6,59157,59165,0.0,0.0,nan,-5.0708224981013775e-05
overture,el_junquito,t_test,frac50,4.8,0,2,6,59157,59165,0.0,0.0,nan,-5.0708224981013775e-05
overture,el_junquito,t_test,frac50,4.9,0,2,6,59157,59165,0.0,0.0,nan,-5.0708224981013775e-05
overture,el_junquito,t_test,frac50,5.0,0,2,6,59157,59165,0.0,0.0,nan,-5.0708224981013775e-05
overture,el_junquito,t_test,frac50,5.1,0,2,6,59157,59165,0.0,0.0,nan,-5.0708224981013775e-05
overture,el_junquito,t_test,frac50,5.2,0,2,6,59157,59165,0.0,0.0,nan,-5.0708224981013775e-05
overture,el_junquito,t_test,frac50,5.3,0,0,6,59159,59165,nan,0.0,nan,0.0
overture,el_junquito,t_test,frac50,5.4,0,0,6,59159,59165,nan,0.0,nan,0.0
overture,el_junquito,t_test,frac50,5.5,0,0,6,59159,59165,nan,0.0,nan,0.0
overture,el_junquito,t_test,frac50,5.6,0,0,6,59159,59165,nan,0.0,nan,0.0
overture,el_junquito,t_test,frac50,5.7,0,0,6,59159,59165,nan,0.0,nan,0.0
overture,el_junquito,t_test,frac50,5.8,0,0,6,59159,59165,nan,0.0,nan,0.0
overture,el_junquito,t_test,frac50,5.9,0,0,6,59159,59165,nan,0.0,nan,0.0
overture,el_junquito,t_test,frac50,6.0,0,0,6,59159,59165,nan,0.0,nan,0.0
overture,GLOBAL,bdpm,mean,0.0,398,447842,2,116017,564259,0.0008879171872211315,0.995,0.0017742510699001424,0.0003582339543715097
overture,GLOBAL,bdpm,mean,0.1,381,194006,19,369853,564259,0.0019600076136778695,0.9525,0.003911965377566265,0.0025006262816049977
overture,GLOBAL,bdpm,mean,0.2,367,89920,33,473939,564259,0.004064815532690199,0.9175,0.008093773087653135,0.006691683541613582
overture,GLOBAL,bdpm,mean,0.3,355,51621,45,512238,564259,0.00683007541942435,0.8875,0.013555827096380021,0.012165983292487158
overture,GLOBAL,bdpm,mean,0.4,338,33517,62,530342,564259,0.009983754246049328,0.845,0.019734345351043642,0.018358837417784317
overture,GLOBAL,bdpm,mean,0.5,306,22814,94,541045,564259,0.013235294117647059,0.765,0.02602040816326531,0.024661101174684816
overture,GLOBAL,bdpm,mean,0.6,210,14233,190,549626,564259,0.01453991553001454,0.525,0.028296166543151653,0.026953770417369363
overture,GLOBAL,bdpm,mean,0.7,101,6067,299,557792,564259,0.01637483787289235,0.2525,0.03075517661388551,0.029462961467949723
overture,GLOBAL,bdpm,mean,0.8,12,759,388,563100,564259,0.01556420233463035,0.03,0.02049530315969257,0.019580092444409284
overture,GLOBAL,bdpm,mean,0.9,0,9,400,563850,564259,0.0,0.0,nan,-3.11992564345147e-05
overture,GLOBAL,bdpm,mean,1.0,0,0,400,563859,564259,nan,0.0,nan,0.0
overture,GLOBAL,bdpm,mean,1.1,0,0,400,563859,564259,nan,0.0,nan,0.0
overture,GLOBAL,bdpm,mean,1.2,0,0,400,563859,564259,nan,0.0,nan,0.0
overture,GLOBAL,bdpm,mean,1.3,0,0,400,563859,564259,nan,0.0,nan,0.0
overture,GLOBAL,bdpm,mean,1.4,0,0,400,563859,564259,nan,0.0,nan,0.0
overture,GLOBAL,bdpm,mean,1.5,0,0,400,563859,564259,nan,0.0,nan,0.0
overture,GLOBAL,bdpm,mean,1.6,0,0,400,563859,564259,nan,0.0,nan,0.0
overture,GLOBAL,bdpm,mean,1.7,0,0,400,563859,564259,nan,0.0,nan,0.0
overture,GLOBAL,bdpm,mean,1.8,0,0,400,563859,564259,nan,0.0,nan,0.0
overture,GLOBAL,bdpm,mean,1.9,0,0,400,563859,564259,nan,0.0,nan,0.0
overture,GLOBAL,bdpm,mean,2.0,0,0,400,563859,564259,nan,0.0,nan,0.0
overture,GLOBAL,bdpm,mean,2.1,0,0,400,563859,564259,nan,0.0,nan,0.0
overture,GLOBAL,bdpm,mean,2.2,0,0,400,563859,564259,nan,0.0,nan,0.0
overture,GLOBAL,bdpm,mean,2.3,0,0,400,563859,564259,nan,0.0,nan,0.0
overture,GLOBAL,bdpm,mean,2.4,0,0,400,563859,564259,nan,0.0,nan,0.0
overture,GLOBAL,bdpm,mean,2.5,0,0,400,563859,564259,nan,0.0,nan,0.0
overture,GLOBAL,bdpm,mean,2.6,0,0,400,563859,564259,nan,0.0,nan,0.0
overture,GLOBAL,bdpm,mean,2.7,0,0,400,563859,564259,nan,0.0,nan,0.0
overture,GLOBAL,bdpm,mean,2.8,0,0,400,563859,564259,nan,0.0,nan,0.0
overture,GLOBAL,bdpm,mean,2.9,0,0,400,563859,564259,nan,0.0,nan,0.0
overture,GLOBAL,bdpm,mean,3.0,0,0,400,563859,564259,nan,0.0,nan,0.0
overture,GLOBAL,bdpm,mean,3.1,0,0,400,563859,564259,nan,0.0,nan,0.0
overture,GLOBAL,bdpm,mean,3.2,0,0,400,563859,564259,nan,0.0,nan,0.0
overture,GLOBAL,bdpm,mean,3.3,0,0,400,563859,564259,nan,0.0,nan,0.0
overture,GLOBAL,bdpm,mean,3.4,0,0,400,563859,564259,nan,0.0,nan,0.0
overture,GLOBAL,bdpm,mean,3.5,0,0,400,563859,564259,nan,0.0,nan,0.0
overture,GLOBAL,bdpm,mean,3.6,0,0,400,563859,564259,nan,0.0,nan,0.0
overture,GLOBAL,bdpm,mean,3.7,0,0,400,563859,564259,nan,0.0,nan,0.0
overture,GLOBAL,bdpm,mean,3.8,0,0,400,563859,564259,nan,0.0,nan,0.0
overture,GLOBAL,bdpm,mean,3.9,0,0,400,563859,564259,nan,0.0,nan,0.0
overture,GLOBAL,bdpm,mean,4.0,0,0,400,563859,564259,nan,0.0,nan,0.0
overture,GLOBAL,bdpm,mean,4.1,0,0,400,563859,564259,nan,0.0,nan,0.0
overture,GLOBAL,bdpm,mean,4.2,0,0,400,563859,564259,nan,0.0,nan,0.0
overture,GLOBAL,bdpm,mean,4.3,0,0,400,563859,564259,nan,0.0,nan,0.0
overture,GLOBAL,bdpm,mean,4.4,0,0,400,563859,564259,nan,0.0,nan,0.0
overture,GLOBAL,bdpm,mean,4.5,0,0,400,563859,564259,nan,0.0,nan,0.0
overture,GLOBAL,bdpm,mean,4.6,0,0,400,563859,564259,nan,0.0,nan,0.0
overture,GLOBAL,bdpm,mean,4.7,0,0,400,563859,564259,nan,0.0,nan,0.0
overture,GLOBAL,bdpm,mean,4.8,0,0,400,563859,564259,nan,0.0,nan,0.0
overture,GLOBAL,bdpm,mean,4.9,0,0,400,563859,564259,nan,0.0,nan,0.0
overture,GLOBAL,bdpm,mean,5.0,0,0,400,563859,564259,nan,0.0,nan,0.0
overture,GLOBAL,bdpm,mean,5.1,0,0,400,563859,564259,nan,0.0,nan,0.0
overture,GLOBAL,bdpm,mean,5.2,0,0,400,563859,564259,nan,0.0,nan,0.0
overture,GLOBAL,bdpm,mean,5.3,0,0,400,563859,564259,nan,0.0,nan,0.0
overture,GLOBAL,bdpm,mean,5.4,0,0,400,563859,564259,nan,0.0,nan,0.0
overture,GLOBAL,bdpm,mean,5.5,0,0,400,563859,564259,nan,0.0,nan,0.0
overture,GLOBAL,bdpm,mean,5.6,0,0,400,563859,564259,nan,0.0,nan,0.0
overture,GLOBAL,bdpm,mean,5.7,0,0,400,563859,564259,nan,0.0,nan,0.0
overture,GLOBAL,bdpm,mean,5.8,0,0,400,563859,564259,nan,0.0,nan,0.0
overture,GLOBAL,bdpm,mean,5.9,0,0,400,563859,564259,nan,0.0,nan,0.0
overture,GLOBAL,bdpm,mean,6.0,0,0,400,563859,564259,nan,0.0,nan,0.0
overture,GLOBAL,bdpm,max,0.0,400,464069,0,99790,564259,0.0008611984868742586,1.0,0.0017209149244195676,0.00030477797055153096
overture,GLOBAL,bdpm,max,0.1,387,217490,13,346369,564259,0.0017762315434855446,0.9675,0.0035459530779697363,0.002133782292503672
overture,GLOBAL,bdpm,max,0.2,371,102563,29,461296,564259,0.0036042512678026695,0.9275,0.007180598834846227,0.005776456466042881
overture,GLOBAL,bdpm,max,0.3,362,58099,38,505760,564259,0.006192162296231676,0.905,0.012300164795025569,0.01090737023577838
overture,GLOBAL,bdpm,max,0.4,347,37139,53,526720,564259,0.009256789201301819,0.8675,0.018318112231431136,0.016939055028860183
overture,GLOBAL,bdpm,max,0.5,322,25272,78,538587,564259,0.012581073689145893,0.805,0.024774948064938063,0.023411658600492307
overture,GLOBAL,bdpm,max,0.6,257,16405,143,547454,564259,0.015424318809266594,0.6425,0.0301254249208768,0.028780723145122315
overture,GLOBAL,bdpm,max,0.7,150,7980,250,555879,564259,0.01845018450184502,0.375,0.035169988276670575,0.03386444560510354
overture,GLOBAL,bdpm,max,0.8,37,1410,363,562449,564259,0.025570145127850726,0.0925,0.0400649702219816,0.038997544595263535
overture,GLOBAL,bdpm,max,0.9,0,19,400,563840,564259,0.0,0.0,nan,-6.429526514417176e-05
overture,GLOBAL,bdpm,max,1.0,0,0,400,563859,564259,nan,0.0,nan,0.0
overture,GLOBAL,bdpm,max,1.1,0,0,400,563859,564259,nan,0.0,nan,0.0
overture,GLOBAL,bdpm,max,1.2,0,0,400,563859,564259,nan,0.0,nan,0.0
overture,GLOBAL,bdpm,max,1.3,0,0,400,563859,564259,nan,0.0,nan,0.0
overture,GLOBAL,bdpm,max,1.4,0,0,400,563859,564259,nan,0.0,nan,0.0
overture,GLOBAL,bdpm,max,1.5,0,0,400,563859,564259,nan,0.0,nan,0.0
overture,GLOBAL,bdpm,max,1.6,0,0,400,563859,564259,nan,0.0,nan,0.0
overture,GLOBAL,bdpm,max,1.7,0,0,400,563859,564259,nan,0.0,nan,0.0
overture,GLOBAL,bdpm,max,1.8,0,0,400,563859,564259,nan,0.0,nan,0.0
overture,GLOBAL,bdpm,max,1.9,0,0,400,563859,564259,nan,0.0,nan,0.0
overture,GLOBAL,bdpm,max,2.0,0,0,400,563859,564259,nan,0.0,nan,0.0
overture,GLOBAL,bdpm,max,2.1,0,0,400,563859,564259,nan,0.0,nan,0.0
overture,GLOBAL,bdpm,max,2.2,0,0,400,563859,564259,nan,0.0,nan,0.0
overture,GLOBAL,bdpm,max,2.3,0,0,400,563859,564259,nan,0.0,nan,0.0
overture,GLOBAL,bdpm,max,2.4,0,0,400,563859,564259,nan,0.0,nan,0.0
overture,GLOBAL,bdpm,max,2.5,0,0,400,563859,564259,nan,0.0,nan,0.0
overture,GLOBAL,bdpm,max,2.6,0,0,400,563859,564259,nan,0.0,nan,0.0
overture,GLOBAL,bdpm,max,2.7,0,0,400,563859,564259,nan,0.0,nan,0.0
overture,GLOBAL,bdpm,max,2.8,0,0,400,563859,564259,nan,0.0,nan,0.0
overture,GLOBAL,bdpm,max,2.9,0,0,400,563859,564259,nan,0.0,nan,0.0
overture,GLOBAL,bdpm,max,3.0,0,0,400,563859,564259,nan,0.0,nan,0.0
overture,GLOBAL,bdpm,max,3.1,0,0,400,563859,564259,nan,0.0,nan,0.0
overture,GLOBAL,bdpm,max,3.2,0,0,400,563859,564259,nan,0.0,nan,0.0
overture,GLOBAL,bdpm,max,3.3,0,0,400,563859,564259,nan,0.0,nan,0.0
overture,GLOBAL,bdpm,max,3.4,0,0,400,563859,564259,nan,0.0,nan,0.0
overture,GLOBAL,bdpm,max,3.5,0,0,400,563859,564259,nan,0.0,nan,0.0
overture,GLOBAL,bdpm,max,3.6,0,0,400,563859,564259,nan,0.0,nan,0.0
overture,GLOBAL,bdpm,max,3.7,0,0,400,563859,564259,nan,0.0,nan,0.0
overture,GLOBAL,bdpm,max,3.8,0,0,400,563859,564259,nan,0.0,nan,0.0
overture,GLOBAL,bdpm,max,3.9,0,0,400,563859,564259,nan,0.0,nan,0.0
overture,GLOBAL,bdpm,max,4.0,0,0,400,563859,564259,nan,0.0,nan,0.0
overture,GLOBAL,bdpm,max,4.1,0,0,400,563859,564259,nan,0.0,nan,0.0
overture,GLOBAL,bdpm,max,4.2,0,0,400,563859,564259,nan,0.0,nan,0.0
overture,GLOBAL,bdpm,max,4.3,0,0,400,563859,564259,nan,0.0,nan,0.0
overture,GLOBAL,bdpm,max,4.4,0,0,400,563859,564259,nan,0.0,nan,0.0
overture,GLOBAL,bdpm,max,4.5,0,0,400,563859,564259,nan,0.0,nan,0.0
overture,GLOBAL,bdpm,max,4.6,0,0,400,563859,564259,nan,0.0,nan,0.0
overture,GLOBAL,bdpm,max,4.7,0,0,400,563859,564259,nan,0.0,nan,0.0
overture,GLOBAL,bdpm,max,4.8,0,0,400,563859,564259,nan,0.0,nan,0.0
overture,GLOBAL,bdpm,max,4.9,0,0,400,563859,564259,nan,0.0,nan,0.0
overture,GLOBAL,bdpm,max,5.0,0,0,400,563859,564259,nan,0.0,nan,0.0
overture,GLOBAL,bdpm,max,5.1,0,0,400,563859,564259,nan,0.0,nan,0.0
overture,GLOBAL,bdpm,max,5.2,0,0,400,563859,564259,nan,0.0,nan,0.0
overture,GLOBAL,bdpm,max,5.3,0,0,400,563859,564259,nan,0.0,nan,0.0
overture,GLOBAL,bdpm,max,5.4,0,0,400,563859,564259,nan,0.0,nan,0.0
overture,GLOBAL,bdpm,max,5.5,0,0,400,563859,564259,nan,0.0,nan,0.0
overture,GLOBAL,bdpm,max,5.6,0,0,400,563859,564259,nan,0.0,nan,0.0
overture,GLOBAL,bdpm,max,5.7,0,0,400,563859,564259,nan,0.0,nan,0.0
overture,GLOBAL,bdpm,max,5.8,0,0,400,563859,564259,nan,0.0,nan,0.0
overture,GLOBAL,bdpm,max,5.9,0,0,400,563859,564259,nan,0.0,nan,0.0
overture,GLOBAL,bdpm,max,6.0,0,0,400,563859,564259,nan,0.0,nan,0.0
overture,GLOBAL,bdpm,p75,0.0,398,456829,2,107030,564259,0.0008704647800764171,0.995,0.001739407858365,0.0003233164651050666
overture,GLOBAL,bdpm,p75,0.1,385,205395,15,358464,564259,0.0018709301195451453,0.9625,0.0037346008342225238,0.0023228496995567967
overture,GLOBAL,bdpm,p75,0.2,369,95715,31,468144,564259,0.003840389659048333,0.9225,0.007648936611251607,0.006245844365544961
overture,GLOBAL,bdpm,p75,0.3,357,54610,43,509249,564259,0.006494805974493787,0.8925,0.012895768237397727,0.011504415431785955
overture,GLOBAL,bdpm,p75,0.4,346,35291,54,528568,564259,0.00970901029828549,0.865,0.01920248633349058,0.017825426895227724
overture,GLOBAL,bdpm,p75,0.5,314,24001,86,539858,564259,0.012913839193913222,0.785,0.025409670240744486,0.024048371495145115
overture,GLOBAL,bdpm,p75,0.6,240,15291,160,548568,564259,0.015452965037666602,0.6,0.030129935346180404,0.028787534794346484
overture,GLOBAL,bdpm,p75,0.7,128,6916,272,556943,564259,0.018171493469619535,0.32,0.03439011284255776,0.033092906027803834
overture,GLOBAL,bdpm,p75,0.8,21,1009,379,562850,564259,0.020388349514563107,0.0525,0.029370629370629373,0.028378405118118386
overture,GLOBAL,bdpm,p75,0.9,0,11,400,563848,564259,0.0,0.0,nan,-3.794712123832464e-05
overture,GLOBAL,bdpm,p75,1.0,0,0,400,563859,564259,nan,0.0,nan,0.0
overture,GLOBAL,bdpm,p75,1.1,0,0,400,563859,564259,nan,0.0,nan,0.0
overture,GLOBAL,bdpm,p75,1.2,0,0,400,563859,564259,nan,0.0,nan,0.0
overture,GLOBAL,bdpm,p75,1.3,0,0,400,563859,564259,nan,0.0,nan,0.0
overture,GLOBAL,bdpm,p75,1.4,0,0,400,563859,564259,nan,0.0,nan,0.0
overture,GLOBAL,bdpm,p75,1.5,0,0,400,563859,564259,nan,0.0,nan,0.0
overture,GLOBAL,bdpm,p75,1.6,0,0,400,563859,564259,nan,0.0,nan,0.0
overture,GLOBAL,bdpm,p75,1.7,0,0,400,563859,564259,nan,0.0,nan,0.0
overture,GLOBAL,bdpm,p75,1.8,0,0,400,563859,564259,nan,0.0,nan,0.0
overture,GLOBAL,bdpm,p75,1.9,0,0,400,563859,564259,nan,0.0,nan,0.0
overture,GLOBAL,bdpm,p75,2.0,0,0,400,563859,564259,nan,0.0,nan,0.0
overture,GLOBAL,bdpm,p75,2.1,0,0,400,563859,564259,nan,0.0,nan,0.0
overture,GLOBAL,bdpm,p75,2.2,0,0,400,563859,564259,nan,0.0,nan,0.0
overture,GLOBAL,bdpm,p75,2.3,0,0,400,563859,564259,nan,0.0,nan,0.0
overture,GLOBAL,bdpm,p75,2.4,0,0,400,563859,564259,nan,0.0,nan,0.0
overture,GLOBAL,bdpm,p75,2.5,0,0,400,563859,564259,nan,0.0,nan,0.0
overture,GLOBAL,bdpm,p75,2.6,0,0,400,563859,564259,nan,0.0,nan,0.0
overture,GLOBAL,bdpm,p75,2.7,0,0,400,563859,564259,nan,0.0,nan,0.0
overture,GLOBAL,bdpm,p75,2.8,0,0,400,563859,564259,nan,0.0,nan,0.0
overture,GLOBAL,bdpm,p75,2.9,0,0,400,563859,564259,nan,0.0,nan,0.0
overture,GLOBAL,bdpm,p75,3.0,0,0,400,563859,564259,nan,0.0,nan,0.0
overture,GLOBAL,bdpm,p75,3.1,0,0,400,563859,564259,nan,0.0,nan,0.0
overture,GLOBAL,bdpm,p75,3.2,0,0,400,563859,564259,nan,0.0,nan,0.0
overture,GLOBAL,bdpm,p75,3.3,0,0,400,563859,564259,nan,0.0,nan,0.0
overture,GLOBAL,bdpm,p75,3.4,0,0,400,563859,564259,nan,0.0,nan,0.0
overture,GLOBAL,bdpm,p75,3.5,0,0,400,563859,564259,nan,0.0,nan,0.0
overture,GLOBAL,bdpm,p75,3.6,0,0,400,563859,564259,nan,0.0,nan,0.0
overture,GLOBAL,bdpm,p75,3.7,0,0,400,563859,564259,nan,0.0,nan,0.0
overture,GLOBAL,bdpm,p75,3.8,0,0,400,563859,564259,nan,0.0,nan,0.0
overture,GLOBAL,bdpm,p75,3.9,0,0,400,563859,564259,nan,0.0,nan,0.0
overture,GLOBAL,bdpm,p75,4.0,0,0,400,563859,564259,nan,0.0,nan,0.0
overture,GLOBAL,bdpm,p75,4.1,0,0,400,563859,564259,nan,0.0,nan,0.0
overture,GLOBAL,bdpm,p75,4.2,0,0,400,563859,564259,nan,0.0,nan,0.0
overture,GLOBAL,bdpm,p75,4.3,0,0,400,563859,564259,nan,0.0,nan,0.0
overture,GLOBAL,bdpm,p75,4.4,0,0,400,563859,564259,nan,0.0,nan,0.0
overture,GLOBAL,bdpm,p75,4.5,0,0,400,563859,564259,nan,0.0,nan,0.0
overture,GLOBAL,bdpm,p75,4.6,0,0,400,563859,564259,nan,0.0,nan,0.0
overture,GLOBAL,bdpm,p75,4.7,0,0,400,563859,564259,nan,0.0,nan,0.0
overture,GLOBAL,bdpm,p75,4.8,0,0,400,563859,564259,nan,0.0,nan,0.0
overture,GLOBAL,bdpm,p75,4.9,0,0,400,563859,564259,nan,0.0,nan,0.0
overture,GLOBAL,bdpm,p75,5.0,0,0,400,563859,564259,nan,0.0,nan,0.0
overture,GLOBAL,bdpm,p75,5.1,0,0,400,563859,564259,nan,0.0,nan,0.0
overture,GLOBAL,bdpm,p75,5.2,0,0,400,563859,564259,nan,0.0,nan,0.0
overture,GLOBAL,bdpm,p75,5.3,0,0,400,563859,564259,nan,0.0,nan,0.0
overture,GLOBAL,bdpm,p75,5.4,0,0,400,563859,564259,nan,0.0,nan,0.0
overture,GLOBAL,bdpm,p75,5.5,0,0,400,563859,564259,nan,0.0,nan,0.0
overture,GLOBAL,bdpm,p75,5.6,0,0,400,563859,564259,nan,0.0,nan,0.0
overture,GLOBAL,bdpm,p75,5.7,0,0,400,563859,564259,nan,0.0,nan,0.0
overture,GLOBAL,bdpm,p75,5.8,0,0,400,563859,564259,nan,0.0,nan,0.0
overture,GLOBAL,bdpm,p75,5.9,0,0,400,563859,564259,nan,0.0,nan,0.0
overture,GLOBAL,bdpm,p75,6.0,0,0,400,563859,564259,nan,0.0,nan,0.0
overture,GLOBAL,bdpm,p90,0.0,399,461326,1,102533,564259,0.00086415073907629,0.9975,0.0017268055179875575,0.0003106841721942715
overture,GLOBAL,bdpm,p90,0.1,385,212491,15,351368,564259,0.0018085646103835097,0.9625,0.0036103452802940792,0.0021983266260197244
overture,GLOBAL,bdpm,p90,0.2,370,99762,30,464097,564259,0.0036951224383813368,0.925,0.0073608403294473405,0.005957105144620244
overture,GLOBAL,bdpm,p90,0.3,360,56585,40,507274,564259,0.006321889542541048,0.9,0.01255558461940884,0.011163402460352459
overture,GLOBAL,bdpm,p90,0.4,347,36348,53,527511,564259,0.00945632920016351,0.8675,0.01870872085186683,0.017330526474689908
overture,GLOBAL,bdpm,p90,0.5,315,24782,85,539077,564259,0.012551300952305056,0.7875,0.024708789269325803,0.02334582324320628
overture,GLOBAL,bdpm,p90,0.6,250,15943,150,547916,564259,0.015438769838819243,0.625,0.030133188694027608,0.028789411384571428
overture,GLOBAL,bdpm,p90,0.7,142,7531,258,556328,564259,0.018506451192493157,0.355,0.03517899170073083,0.03387710223424672
overture,GLOBAL,bdpm,p90,0.8,31,1185,369,562674,564259,0.02549342105263158,0.0775,0.038366336633663366,0.03733932126297774
overture,GLOBAL,bdpm,p90,0.9,0,14,400,563845,564259,0.0,0.0,nan,-4.7946842130912684e-05
overture,GLOBAL,bdpm,p90,1.0,0,0,400,563859,564259,nan,0.0,nan,0.0
overture,GLOBAL,bdpm,p90,1.1,0,0,400,563859,564259,nan,0.0,nan,0.0
overture,GLOBAL,bdpm,p90,1.2,0,0,400,563859,564259,nan,0.0,nan,0.0
overture,GLOBAL,bdpm,p90,1.3,0,0,400,563859,564259,nan,0.0,nan,0.0
overture,GLOBAL,bdpm,p90,1.4,0,0,400,563859,564259,nan,0.0,nan,0.0
overture,GLOBAL,bdpm,p90,1.5,0,0,400,563859,564259,nan,0.0,nan,0.0
overture,GLOBAL,bdpm,p90,1.6,0,0,400,563859,564259,nan,0.0,nan,0.0
overture,GLOBAL,bdpm,p90,1.7,0,0,400,563859,564259,nan,0.0,nan,0.0
overture,GLOBAL,bdpm,p90,1.8,0,0,400,563859,564259,nan,0.0,nan,0.0
overture,GLOBAL,bdpm,p90,1.9,0,0,400,563859,564259,nan,0.0,nan,0.0
overture,GLOBAL,bdpm,p90,2.0,0,0,400,563859,564259,nan,0.0,nan,0.0
overture,GLOBAL,bdpm,p90,2.1,0,0,400,563859,564259,nan,0.0,nan,0.0
overture,GLOBAL,bdpm,p90,2.2,0,0,400,563859,564259,nan,0.0,nan,0.0
overture,GLOBAL,bdpm,p90,2.3,0,0,400,563859,564259,nan,0.0,nan,0.0
overture,GLOBAL,bdpm,p90,2.4,0,0,400,563859,564259,nan,0.0,nan,0.0
overture,GLOBAL,bdpm,p90,2.5,0,0,400,563859,564259,nan,0.0,nan,0.0
overture,GLOBAL,bdpm,p90,2.6,0,0,400,563859,564259,nan,0.0,nan,0.0
overture,GLOBAL,bdpm,p90,2.7,0,0,400,563859,564259,nan,0.0,nan,0.0
overture,GLOBAL,bdpm,p90,2.8,0,0,400,563859,564259,nan,0.0,nan,0.0
overture,GLOBAL,bdpm,p90,2.9,0,0,400,563859,564259,nan,0.0,nan,0.0
overture,GLOBAL,bdpm,p90,3.0,0,0,400,563859,564259,nan,0.0,nan,0.0
overture,GLOBAL,bdpm,p90,3.1,0,0,400,563859,564259,nan,0.0,nan,0.0
overture,GLOBAL,bdpm,p90,3.2,0,0,400,563859,564259,nan,0.0,nan,0.0
overture,GLOBAL,bdpm,p90,3.3,0,0,400,563859,564259,nan,0.0,nan,0.0
overture,GLOBAL,bdpm,p90,3.4,0,0,400,563859,564259,nan,0.0,nan,0.0
overture,GLOBAL,bdpm,p90,3.5,0,0,400,563859,564259,nan,0.0,nan,0.0
overture,GLOBAL,bdpm,p90,3.6,0,0,400,563859,564259,nan,0.0,nan,0.0
overture,GLOBAL,bdpm,p90,3.7,0,0,400,563859,564259,nan,0.0,nan,0.0
overture,GLOBAL,bdpm,p90,3.8,0,0,400,563859,564259,nan,0.0,nan,0.0
overture,GLOBAL,bdpm,p90,3.9,0,0,400,563859,564259,nan,0.0,nan,0.0
overture,GLOBAL,bdpm,p90,4.0,0,0,400,563859,564259,nan,0.0,nan,0.0
overture,GLOBAL,bdpm,p90,4.1,0,0,400,563859,564259,nan,0.0,nan,0.0
overture,GLOBAL,bdpm,p90,4.2,0,0,400,563859,564259,nan,0.0,nan,0.0
overture,GLOBAL,bdpm,p90,4.3,0,0,400,563859,564259,nan,0.0,nan,0.0
overture,GLOBAL,bdpm,p90,4.4,0,0,400,563859,564259,nan,0.0,nan,0.0
overture,GLOBAL,bdpm,p90,4.5,0,0,400,563859,564259,nan,0.0,nan,0.0
overture,GLOBAL,bdpm,p90,4.6,0,0,400,563859,564259,nan,0.0,nan,0.0
overture,GLOBAL,bdpm,p90,4.7,0,0,400,563859,564259,nan,0.0,nan,0.0
overture,GLOBAL,bdpm,p90,4.8,0,0,400,563859,564259,nan,0.0,nan,0.0
overture,GLOBAL,bdpm,p90,4.9,0,0,400,563859,564259,nan,0.0,nan,0.0
overture,GLOBAL,bdpm,p90,5.0,0,0,400,563859,564259,nan,0.0,nan,0.0
overture,GLOBAL,bdpm,p90,5.1,0,0,400,563859,564259,nan,0.0,nan,0.0
overture,GLOBAL,bdpm,p90,5.2,0,0,400,563859,564259,nan,0.0,nan,0.0
overture,GLOBAL,bdpm,p90,5.3,0,0,400,563859,564259,nan,0.0,nan,0.0
overture,GLOBAL,bdpm,p90,5.4,0,0,400,563859,564259,nan,0.0,nan,0.0
overture,GLOBAL,bdpm,p90,5.5,0,0,400,563859,564259,nan,0.0,nan,0.0
overture,GLOBAL,bdpm,p90,5.6,0,0,400,563859,564259,nan,0.0,nan,0.0
overture,GLOBAL,bdpm,p90,5.7,0,0,400,563859,564259,nan,0.0,nan,0.0
overture,GLOBAL,bdpm,p90,5.8,0,0,400,563859,564259,nan,0.0,nan,0.0
overture,GLOBAL,bdpm,p90,5.9,0,0,400,563859,564259,nan,0.0,nan,0.0
overture,GLOBAL,bdpm,p90,6.0,0,0,400,563859,564259,nan,0.0,nan,0.0
overture,GLOBAL,bdpm,frac50,0.0,400,460152,0,103707,564259,0.0008685229898035401,1.0,0.0017355386244120863,0.00031943279345387376
overture,GLOBAL,bdpm,frac50,0.1,384,210559,16,353300,564259,0.0018203969792787624,0.96,0.003633903181084777,0.002221942212441383
overture,GLOBAL,bdpm,frac50,0.2,368,98884,32,464975,564259,0.003707733849191956,0.92,0.007385702243808453,0.005982051804769122
overture,GLOBAL,bdpm,frac50,0.3,358,56310,42,507549,564259,0.0063174984118020755,0.895,0.012546435830938531,0.011154288307051122
overture,GLOBAL,bdpm,frac50,0.4,343,36192,57,527667,564259,0.009388257834952785,0.8575,0.01857316908081765,0.017194849505302978
overture,GLOBAL,bdpm,frac50,0.5,310,24627,90,539232,564259,0.012431326943898624,0.775,0.024470142479377986,0.023106980349626657
overture,GLOBAL,bdpm,frac50,0.6,234,15868,166,547991,564259,0.01453235622903987,0.585,0.0283601987637862,0.02701414856430122
overture,GLOBAL,bdpm,frac50,0.7,129,7443,271,556416,564259,0.017036450079239304,0.3225,0.03236327145007526,0.03105844609025999
overture,GLOBAL,bdpm,frac50,0.8,24,1220,376,562639,564259,0.01929260450160772,0.06,0.029197080291970805,0.02815445727915102
overture,GLOBAL,bdpm,frac50,0.9,0,16,400,563843,564259,0.0,0.0,nan,-5.453330589522869e-05
overture,GLOBAL,bdpm,frac50,1.0,0,0,400,563859,564259,nan,0.0,nan,0.0
overture,GLOBAL,bdpm,frac50,1.1,0,0,400,563859,564259,nan,0.0,nan,0.0
overture,GLOBAL,bdpm,frac50,1.2,0,0,400,563859,564259,nan,0.0,nan,0.0
overture,GLOBAL,bdpm,frac50,1.3,0,0,400,563859,564259,nan,0.0,nan,0.0
overture,GLOBAL,bdpm,frac50,1.4,0,0,400,563859,564259,nan,0.0,nan,0.0
overture,GLOBAL,bdpm,frac50,1.5,0,0,400,563859,564259,nan,0.0,nan,0.0
overture,GLOBAL,bdpm,frac50,1.6,0,0,400,563859,564259,nan,0.0,nan,0.0
overture,GLOBAL,bdpm,frac50,1.7,0,0,400,563859,564259,nan,0.0,nan,0.0
overture,GLOBAL,bdpm,frac50,1.8,0,0,400,563859,564259,nan,0.0,nan,0.0
overture,GLOBAL,bdpm,frac50,1.9,0,0,400,563859,564259,nan,0.0,nan,0.0
overture,GLOBAL,bdpm,frac50,2.0,0,0,400,563859,564259,nan,0.0,nan,0.0
overture,GLOBAL,bdpm,frac50,2.1,0,0,400,563859,564259,nan,0.0,nan,0.0
overture,GLOBAL,bdpm,frac50,2.2,0,0,400,563859,564259,nan,0.0,nan,0.0
overture,GLOBAL,bdpm,frac50,2.3,0,0,400,563859,564259,nan,0.0,nan,0.0
overture,GLOBAL,bdpm,frac50,2.4,0,0,400,563859,564259,nan,0.0,nan,0.0
overture,GLOBAL,bdpm,frac50,2.5,0,0,400,563859,564259,nan,0.0,nan,0.0
overture,GLOBAL,bdpm,frac50,2.6,0,0,400,563859,564259,nan,0.0,nan,0.0
overture,GLOBAL,bdpm,frac50,2.7,0,0,400,563859,564259,nan,0.0,nan,0.0
overture,GLOBAL,bdpm,frac50,2.8,0,0,400,563859,564259,nan,0.0,nan,0.0
overture,GLOBAL,bdpm,frac50,2.9,0,0,400,563859,564259,nan,0.0,nan,0.0
overture,GLOBAL,bdpm,frac50,3.0,0,0,400,563859,564259,nan,0.0,nan,0.0
overture,GLOBAL,bdpm,frac50,3.1,0,0,400,563859,564259,nan,0.0,nan,0.0
overture,GLOBAL,bdpm,frac50,3.2,0,0,400,563859,564259,nan,0.0,nan,0.0
overture,GLOBAL,bdpm,frac50,3.3,0,0,400,563859,564259,nan,0.0,nan,0.0
overture,GLOBAL,bdpm,frac50,3.4,0,0,400,563859,564259,nan,0.0,nan,0.0
overture,GLOBAL,bdpm,frac50,3.5,0,0,400,563859,564259,nan,0.0,nan,0.0
overture,GLOBAL,bdpm,frac50,3.6,0,0,400,563859,564259,nan,0.0,nan,0.0
overture,GLOBAL,bdpm,frac50,3.7,0,0,400,563859,564259,nan,0.0,nan,0.0
overture,GLOBAL,bdpm,frac50,3.8,0,0,400,563859,564259,nan,0.0,nan,0.0
overture,GLOBAL,bdpm,frac50,3.9,0,0,400,563859,564259,nan,0.0,nan,0.0
overture,GLOBAL,bdpm,frac50,4.0,0,0,400,563859,564259,nan,0.0,nan,0.0
overture,GLOBAL,bdpm,frac50,4.1,0,0,400,563859,564259,nan,0.0,nan,0.0
overture,GLOBAL,bdpm,frac50,4.2,0,0,400,563859,564259,nan,0.0,nan,0.0
overture,GLOBAL,bdpm,frac50,4.3,0,0,400,563859,564259,nan,0.0,nan,0.0
overture,GLOBAL,bdpm,frac50,4.4,0,0,400,563859,564259,nan,0.0,nan,0.0
overture,GLOBAL,bdpm,frac50,4.5,0,0,400,563859,564259,nan,0.0,nan,0.0
overture,GLOBAL,bdpm,frac50,4.6,0,0,400,563859,564259,nan,0.0,nan,0.0
overture,GLOBAL,bdpm,frac50,4.7,0,0,400,563859,564259,nan,0.0,nan,0.0
overture,GLOBAL,bdpm,frac50,4.8,0,0,400,563859,564259,nan,0.0,nan,0.0
overture,GLOBAL,bdpm,frac50,4.9,0,0,400,563859,564259,nan,0.0,nan,0.0
overture,GLOBAL,bdpm,frac50,5.0,0,0,400,563859,564259,nan,0.0,nan,0.0
overture,GLOBAL,bdpm,frac50,5.1,0,0,400,563859,564259,nan,0.0,nan,0.0
overture,GLOBAL,bdpm,frac50,5.2,0,0,400,563859,564259,nan,0.0,nan,0.0
overture,GLOBAL,bdpm,frac50,5.3,0,0,400,563859,564259,nan,0.0,nan,0.0
overture,GLOBAL,bdpm,frac50,5.4,0,0,400,563859,564259,nan,0.0,nan,0.0
overture,GLOBAL,bdpm,frac50,5.5,0,0,400,563859,564259,nan,0.0,nan,0.0
overture,GLOBAL,bdpm,frac50,5.6,0,0,400,563859,564259,nan,0.0,nan,0.0
overture,GLOBAL,bdpm,frac50,5.7,0,0,400,563859,564259,nan,0.0,nan,0.0
overture,GLOBAL,bdpm,frac50,5.8,0,0,400,563859,564259,nan,0.0,nan,0.0
overture,GLOBAL,bdpm,frac50,5.9,0,0,400,563859,564259,nan,0.0,nan,0.0
overture,GLOBAL,bdpm,frac50,6.0,0,0,400,563859,564259,nan,0.0,nan,0.0
overture,COASTAL4,bdpm,mean,0.0,370,110134,0,12664,123168,0.0033482950843408384,1.0,0.0066742428342082,0.0006903723527191958
overture,COASTAL4,bdpm,mean,0.1,370,72810,0,49988,123168,0.005056026236676688,1.0,0.010061182868796736,0.004107909277188431
overture,COASTAL4,bdpm,mean,0.2,365,46153,5,76645,123168,0.007846425039769551,0.9864864864864865,0.01556901552636069,0.009665987417265882
overture,COASTAL4,bdpm,mean,0.3,355,32424,15,90374,123168,0.01083010464016596,0.9594594594594594,0.021418443995293975,0.015569951181661478
overture,COASTAL4,bdpm,mean,0.4,338,24199,32,98599,123168,0.013775115132249256,0.9135135135135135,0.02714096438752158,0.021348519237809636
overture,COASTAL4,bdpm,mean,0.5,306,18101,64,104697,123168,0.016624110392785354,0.827027027027027,0.03259306598498163,0.02686160627673572
overture,COASTAL4,bdpm,mean,0.6,210,12096,160,110702,123168,0.017064846416382253,0.5675675675675675,0.03313348059324708,0.02746096691987986
overture,COASTAL4,bdpm,mean,0.7,101,5357,269,117441,123168,0.018504946866984243,0.27297297297297296,0.03466026080988332,0.029197923500081473
overture,COASTAL4,bdpm,mean,0.8,12,683,358,122115,123168,0.017266187050359712,0.032432432432432434,0.022535211267605635,0.018687732292511285
overture,COASTAL4,bdpm,mean,0.9,0,1,370,122797,123168,0.0,0.0,nan,-1.6194477991968195e-05
overture,COASTAL4,bdpm,mean,1.0,0,0,370,122798,123168,nan,0.0,nan,0.0
overture,COASTAL4,bdpm,mean,1.1,0,0,370,122798,123168,nan,0.0,nan,0.0
overture,COASTAL4,bdpm,mean,1.2,0,0,370,122798,123168,nan,0.0,nan,0.0
overture,COASTAL4,bdpm,mean,1.3,0,0,370,122798,123168,nan,0.0,nan,0.0
overture,COASTAL4,bdpm,mean,1.4,0,0,370,122798,123168,nan,0.0,nan,0.0
overture,COASTAL4,bdpm,mean,1.5,0,0,370,122798,123168,nan,0.0,nan,0.0
overture,COASTAL4,bdpm,mean,1.6,0,0,370,122798,123168,nan,0.0,nan,0.0
overture,COASTAL4,bdpm,mean,1.7,0,0,370,122798,123168,nan,0.0,nan,0.0
overture,COASTAL4,bdpm,mean,1.8,0,0,370,122798,123168,nan,0.0,nan,0.0
overture,COASTAL4,bdpm,mean,1.9,0,0,370,122798,123168,nan,0.0,nan,0.0
overture,COASTAL4,bdpm,mean,2.0,0,0,370,122798,123168,nan,0.0,nan,0.0
overture,COASTAL4,bdpm,mean,2.1,0,0,370,122798,123168,nan,0.0,nan,0.0
overture,COASTAL4,bdpm,mean,2.2,0,0,370,122798,123168,nan,0.0,nan,0.0
overture,COASTAL4,bdpm,mean,2.3,0,0,370,122798,123168,nan,0.0,nan,0.0
overture,COASTAL4,bdpm,mean,2.4,0,0,370,122798,123168,nan,0.0,nan,0.0
overture,COASTAL4,bdpm,mean,2.5,0,0,370,122798,123168,nan,0.0,nan,0.0
overture,COASTAL4,bdpm,mean,2.6,0,0,370,122798,123168,nan,0.0,nan,0.0
overture,COASTAL4,bdpm,mean,2.7,0,0,370,122798,123168,nan,0.0,nan,0.0
overture,COASTAL4,bdpm,mean,2.8,0,0,370,122798,123168,nan,0.0,nan,0.0
overture,COASTAL4,bdpm,mean,2.9,0,0,370,122798,123168,nan,0.0,nan,0.0
overture,COASTAL4,bdpm,mean,3.0,0,0,370,122798,123168,nan,0.0,nan,0.0
overture,COASTAL4,bdpm,mean,3.1,0,0,370,122798,123168,nan,0.0,nan,0.0
overture,COASTAL4,bdpm,mean,3.2,0,0,370,122798,123168,nan,0.0,nan,0.0
overture,COASTAL4,bdpm,mean,3.3,0,0,370,122798,123168,nan,0.0,nan,0.0
overture,COASTAL4,bdpm,mean,3.4,0,0,370,122798,123168,nan,0.0,nan,0.0
overture,COASTAL4,bdpm,mean,3.5,0,0,370,122798,123168,nan,0.0,nan,0.0
overture,COASTAL4,bdpm,mean,3.6,0,0,370,122798,123168,nan,0.0,nan,0.0
overture,COASTAL4,bdpm,mean,3.7,0,0,370,122798,123168,nan,0.0,nan,0.0
overture,COASTAL4,bdpm,mean,3.8,0,0,370,122798,123168,nan,0.0,nan,0.0
overture,COASTAL4,bdpm,mean,3.9,0,0,370,122798,123168,nan,0.0,nan,0.0
overture,COASTAL4,bdpm,mean,4.0,0,0,370,122798,123168,nan,0.0,nan,0.0
overture,COASTAL4,bdpm,mean,4.1,0,0,370,122798,123168,nan,0.0,nan,0.0
overture,COASTAL4,bdpm,mean,4.2,0,0,370,122798,123168,nan,0.0,nan,0.0
overture,COASTAL4,bdpm,mean,4.3,0,0,370,122798,123168,nan,0.0,nan,0.0
overture,COASTAL4,bdpm,mean,4.4,0,0,370,122798,123168,nan,0.0,nan,0.0
overture,COASTAL4,bdpm,mean,4.5,0,0,370,122798,123168,nan,0.0,nan,0.0
overture,COASTAL4,bdpm,mean,4.6,0,0,370,122798,123168,nan,0.0,nan,0.0
overture,COASTAL4,bdpm,mean,4.7,0,0,370,122798,123168,nan,0.0,nan,0.0
overture,COASTAL4,bdpm,mean,4.8,0,0,370,122798,123168,nan,0.0,nan,0.0
overture,COASTAL4,bdpm,mean,4.9,0,0,370,122798,123168,nan,0.0,nan,0.0
overture,COASTAL4,bdpm,mean,5.0,0,0,370,122798,123168,nan,0.0,nan,0.0
overture,COASTAL4,bdpm,mean,5.1,0,0,370,122798,123168,nan,0.0,nan,0.0
overture,COASTAL4,bdpm,mean,5.2,0,0,370,122798,123168,nan,0.0,nan,0.0
overture,COASTAL4,bdpm,mean,5.3,0,0,370,122798,123168,nan,0.0,nan,0.0
overture,COASTAL4,bdpm,mean,5.4,0,0,370,122798,123168,nan,0.0,nan,0.0
overture,COASTAL4,bdpm,mean,5.5,0,0,370,122798,123168,nan,0.0,nan,0.0
overture,COASTAL4,bdpm,mean,5.6,0,0,370,122798,123168,nan,0.0,nan,0.0
overture,COASTAL4,bdpm,mean,5.7,0,0,370,122798,123168,nan,0.0,nan,0.0
overture,COASTAL4,bdpm,mean,5.8,0,0,370,122798,123168,nan,0.0,nan,0.0
overture,COASTAL4,bdpm,mean,5.9,0,0,370,122798,123168,nan,0.0,nan,0.0
overture,COASTAL4,bdpm,mean,6.0,0,0,370,122798,123168,nan,0.0,nan,0.0
overture,COASTAL4,bdpm,max,0.0,370,112099,0,10699,123168,0.003289795410290836,1.0,0.006558016288694512,0.0005730945999131033
overture,COASTAL4,bdpm,max,0.1,370,77376,0,45422,123168,0.004759087284233273,1.0,0.009473091300117774,0.003514510034652413
overture,COASTAL4,bdpm,max,0.2,366,49618,4,73180,123168,0.007322343149807939,0.9891891891891892,0.014537077491361164,0.00862460684334687
overture,COASTAL4,bdpm,max,0.3,361,34764,9,88034,123168,0.010277580071174377,0.9756756756756757,0.02034089308353289,0.014481566099689397
overture,COASTAL4,bdpm,max,0.4,347,25817,23,96981,123168,0.01326249808897722,0.9378378378378378,0.026155121730609784,0.02035141361961441
overture,COASTAL4,bdpm,max,0.5,322,19491,48,103307,123168,0.016251955786604756,0.8702702702702703,0.031908041420997874,0.026164444199874688
overture,COASTAL4,bdpm,max,0.6,257,13528,113,109270,123168,0.018643453028654333,0.6945945945945946,0.03631225715294949,0.030640526660631922
overture,COASTAL4,bdpm,max,0.7,150,6820,220,115978,123168,0.021520803443328552,0.40540540540540543,0.04087193460490463,0.035368523222483406
overture,COASTAL4,bdpm,max,0.8,37,1277,333,121521,123168,0.02815829528158295,0.1,0.043942992874109264,0.03943989221757303
overture,COASTAL4,bdpm,max,0.9,0,4,370,122794,123168,0.0,0.0,nan,-6.426139166006717e-05
overture,COASTAL4,bdpm,max,1.0,0,0,370,122798,123168,nan,0.0,nan,0.0
overture,COASTAL4,bdpm,max,1.1,0,0,370,122798,123168,nan,0.0,nan,0.0
overture,COASTAL4,bdpm,max,1.2,0,0,370,122798,123168,nan,0.0,nan,0.0
overture,COASTAL4,bdpm,max,1.3,0,0,370,122798,123168,nan,0.0,nan,0.0
overture,COASTAL4,bdpm,max,1.4,0,0,370,122798,123168,nan,0.0,nan,0.0
overture,COASTAL4,bdpm,max,1.5,0,0,370,122798,123168,nan,0.0,nan,0.0
overture,COASTAL4,bdpm,max,1.6,0,0,370,122798,123168,nan,0.0,nan,0.0
overture,COASTAL4,bdpm,max,1.7,0,0,370,122798,123168,nan,0.0,nan,0.0
overture,COASTAL4,bdpm,max,1.8,0,0,370,122798,123168,nan,0.0,nan,0.0
overture,COASTAL4,bdpm,max,1.9,0,0,370,122798,123168,nan,0.0,nan,0.0
overture,COASTAL4,bdpm,max,2.0,0,0,370,122798,123168,nan,0.0,nan,0.0
overture,COASTAL4,bdpm,max,2.1,0,0,370,122798,123168,nan,0.0,nan,0.0
overture,COASTAL4,bdpm,max,2.2,0,0,370,122798,123168,nan,0.0,nan,0.0
overture,COASTAL4,bdpm,max,2.3,0,0,370,122798,123168,nan,0.0,nan,0.0
overture,COASTAL4,bdpm,max,2.4,0,0,370,122798,123168,nan,0.0,nan,0.0
overture,COASTAL4,bdpm,max,2.5,0,0,370,122798,123168,nan,0.0,nan,0.0
overture,COASTAL4,bdpm,max,2.6,0,0,370,122798,123168,nan,0.0,nan,0.0
overture,COASTAL4,bdpm,max,2.7,0,0,370,122798,123168,nan,0.0,nan,0.0
overture,COASTAL4,bdpm,max,2.8,0,0,370,122798,123168,nan,0.0,nan,0.0
overture,COASTAL4,bdpm,max,2.9,0,0,370,122798,123168,nan,0.0,nan,0.0
overture,COASTAL4,bdpm,max,3.0,0,0,370,122798,123168,nan,0.0,nan,0.0
overture,COASTAL4,bdpm,max,3.1,0,0,370,122798,123168,nan,0.0,nan,0.0
overture,COASTAL4,bdpm,max,3.2,0,0,370,122798,123168,nan,0.0,nan,0.0
overture,COASTAL4,bdpm,max,3.3,0,0,370,122798,123168,nan,0.0,nan,0.0
overture,COASTAL4,bdpm,max,3.4,0,0,370,122798,123168,nan,0.0,nan,0.0
overture,COASTAL4,bdpm,max,3.5,0,0,370,122798,123168,nan,0.0,nan,0.0
overture,COASTAL4,bdpm,max,3.6,0,0,370,122798,123168,nan,0.0,nan,0.0
overture,COASTAL4,bdpm,max,3.7,0,0,370,122798,123168,nan,0.0,nan,0.0
overture,COASTAL4,bdpm,max,3.8,0,0,370,122798,123168,nan,0.0,nan,0.0
overture,COASTAL4,bdpm,max,3.9,0,0,370,122798,123168,nan,0.0,nan,0.0
overture,COASTAL4,bdpm,max,4.0,0,0,370,122798,123168,nan,0.0,nan,0.0
overture,COASTAL4,bdpm,max,4.1,0,0,370,122798,123168,nan,0.0,nan,0.0
overture,COASTAL4,bdpm,max,4.2,0,0,370,122798,123168,nan,0.0,nan,0.0
overture,COASTAL4,bdpm,max,4.3,0,0,370,122798,123168,nan,0.0,nan,0.0
overture,COASTAL4,bdpm,max,4.4,0,0,370,122798,123168,nan,0.0,nan,0.0
overture,COASTAL4,bdpm,max,4.5,0,0,370,122798,123168,nan,0.0,nan,0.0
overture,COASTAL4,bdpm,max,4.6,0,0,370,122798,123168,nan,0.0,nan,0.0
overture,COASTAL4,bdpm,max,4.7,0,0,370,122798,123168,nan,0.0,nan,0.0
overture,COASTAL4,bdpm,max,4.8,0,0,370,122798,123168,nan,0.0,nan,0.0
overture,COASTAL4,bdpm,max,4.9,0,0,370,122798,123168,nan,0.0,nan,0.0
overture,COASTAL4,bdpm,max,5.0,0,0,370,122798,123168,nan,0.0,nan,0.0
overture,COASTAL4,bdpm,max,5.1,0,0,370,122798,123168,nan,0.0,nan,0.0
overture,COASTAL4,bdpm,max,5.2,0,0,370,122798,123168,nan,0.0,nan,0.0
overture,COASTAL4,bdpm,max,5.3,0,0,370,122798,123168,nan,0.0,nan,0.0
overture,COASTAL4,bdpm,max,5.4,0,0,370,122798,123168,nan,0.0,nan,0.0
overture,COASTAL4,bdpm,max,5.5,0,0,370,122798,123168,nan,0.0,nan,0.0
overture,COASTAL4,bdpm,max,5.6,0,0,370,122798,123168,nan,0.0,nan,0.0
overture,COASTAL4,bdpm,max,5.7,0,0,370,122798,123168,nan,0.0,nan,0.0
overture,COASTAL4,bdpm,max,5.8,0,0,370,122798,123168,nan,0.0,nan,0.0
overture,COASTAL4,bdpm,max,5.9,0,0,370,122798,123168,nan,0.0,nan,0.0
overture,COASTAL4,bdpm,max,6.0,0,0,370,122798,123168,nan,0.0,nan,0.0
overture,COASTAL4,bdpm,p75,0.0,370,111293,0,11505,123168,0.003313541638680673,1.0,0.006605196683120152,0.000620701725848816
overture,COASTAL4,bdpm,p75,0.1,370,75116,0,47682,123168,0.004901571152266646,1.0,0.009755325880615905,0.0037992921162350456
overture,COASTAL4,bdpm,p75,0.2,366,47865,4,74933,123168,0.007588480437892641,0.9891891891891892,0.015061418489331495,0.009153680963420752
overture,COASTAL4,bdpm,p75,0.3,357,33566,13,89232,123168,0.010523833387377295,0.9648648648648649,0.020820575627679118,0.014966292863447207
overture,COASTAL4,bdpm,p75,0.4,346,25044,24,97754,123168,0.013627412367073651,0.9351351351351351,0.02686335403726708,0.021066345610059423
overture,COASTAL4,bdpm,p75,0.5,314,18794,56,104004,123168,0.016432907682646013,0.8486486486486486,0.032241503234418316,0.026503788303094893
overture,COASTAL4,bdpm,p75,0.6,240,12810,130,109988,123168,0.01839080459770115,0.6486486486486487,0.03576751117734724,0.03010096603480807
overture,COASTAL4,bdpm,p75,0.7,128,6048,242,116750,123168,0.02072538860103627,0.34594594594594597,0.03910785212343416,0.033630022176423344
overture,COASTAL4,bdpm,p75,0.8,21,908,349,121890,123168,0.022604951560818085,0.05675675675675676,0.032332563510392605,0.02815679325425247
overture,COASTAL4,bdpm,p75,0.9,0,1,370,122797,123168,0.0,0.0,nan,-1.6194477991968195e-05
overture,COASTAL4,bdpm,p75,1.0,0,0,370,122798,123168,nan,0.0,nan,0.0
overture,COASTAL4,bdpm,p75,1.1,0,0,370,122798,123168,nan,0.0,nan,0.0
overture,COASTAL4,bdpm,p75,1.2,0,0,370,122798,123168,nan,0.0,nan,0.0
overture,COASTAL4,bdpm,p75,1.3,0,0,370,122798,123168,nan,0.0,nan,0.0
overture,COASTAL4,bdpm,p75,1.4,0,0,370,122798,123168,nan,0.0,nan,0.0
overture,COASTAL4,bdpm,p75,1.5,0,0,370,122798,123168,nan,0.0,nan,0.0
overture,COASTAL4,bdpm,p75,1.6,0,0,370,122798,123168,nan,0.0,nan,0.0
overture,COASTAL4,bdpm,p75,1.7,0,0,370,122798,123168,nan,0.0,nan,0.0
overture,COASTAL4,bdpm,p75,1.8,0,0,370,122798,123168,nan,0.0,nan,0.0
overture,COASTAL4,bdpm,p75,1.9,0,0,370,122798,123168,nan,0.0,nan,0.0
overture,COASTAL4,bdpm,p75,2.0,0,0,370,122798,123168,nan,0.0,nan,0.0
overture,COASTAL4,bdpm,p75,2.1,0,0,370,122798,123168,nan,0.0,nan,0.0
overture,COASTAL4,bdpm,p75,2.2,0,0,370,122798,123168,nan,0.0,nan,0.0
overture,COASTAL4,bdpm,p75,2.3,0,0,370,122798,123168,nan,0.0,nan,0.0
overture,COASTAL4,bdpm,p75,2.4,0,0,370,122798,123168,nan,0.0,nan,0.0
overture,COASTAL4,bdpm,p75,2.5,0,0,370,122798,123168,nan,0.0,nan,0.0
overture,COASTAL4,bdpm,p75,2.6,0,0,370,122798,123168,nan,0.0,nan,0.0
overture,COASTAL4,bdpm,p75,2.7,0,0,370,122798,123168,nan,0.0,nan,0.0
overture,COASTAL4,bdpm,p75,2.8,0,0,370,122798,123168,nan,0.0,nan,0.0
overture,COASTAL4,bdpm,p75,2.9,0,0,370,122798,123168,nan,0.0,nan,0.0
overture,COASTAL4,bdpm,p75,3.0,0,0,370,122798,123168,nan,0.0,nan,0.0
overture,COASTAL4,bdpm,p75,3.1,0,0,370,122798,123168,nan,0.0,nan,0.0
overture,COASTAL4,bdpm,p75,3.2,0,0,370,122798,123168,nan,0.0,nan,0.0
overture,COASTAL4,bdpm,p75,3.3,0,0,370,122798,123168,nan,0.0,nan,0.0
overture,COASTAL4,bdpm,p75,3.4,0,0,370,122798,123168,nan,0.0,nan,0.0
overture,COASTAL4,bdpm,p75,3.5,0,0,370,122798,123168,nan,0.0,nan,0.0
overture,COASTAL4,bdpm,p75,3.6,0,0,370,122798,123168,nan,0.0,nan,0.0
overture,COASTAL4,bdpm,p75,3.7,0,0,370,122798,123168,nan,0.0,nan,0.0
overture,COASTAL4,bdpm,p75,3.8,0,0,370,122798,123168,nan,0.0,nan,0.0
overture,COASTAL4,bdpm,p75,3.9,0,0,370,122798,123168,nan,0.0,nan,0.0
overture,COASTAL4,bdpm,p75,4.0,0,0,370,122798,123168,nan,0.0,nan,0.0
overture,COASTAL4,bdpm,p75,4.1,0,0,370,122798,123168,nan,0.0,nan,0.0
overture,COASTAL4,bdpm,p75,4.2,0,0,370,122798,123168,nan,0.0,nan,0.0
overture,COASTAL4,bdpm,p75,4.3,0,0,370,122798,123168,nan,0.0,nan,0.0
overture,COASTAL4,bdpm,p75,4.4,0,0,370,122798,123168,nan,0.0,nan,0.0
overture,COASTAL4,bdpm,p75,4.5,0,0,370,122798,123168,nan,0.0,nan,0.0
overture,COASTAL4,bdpm,p75,4.6,0,0,370,122798,123168,nan,0.0,nan,0.0
overture,COASTAL4,bdpm,p75,4.7,0,0,370,122798,123168,nan,0.0,nan,0.0
overture,COASTAL4,bdpm,p75,4.8,0,0,370,122798,123168,nan,0.0,nan,0.0
overture,COASTAL4,bdpm,p75,4.9,0,0,370,122798,123168,nan,0.0,nan,0.0
overture,COASTAL4,bdpm,p75,5.0,0,0,370,122798,123168,nan,0.0,nan,0.0
overture,COASTAL4,bdpm,p75,5.1,0,0,370,122798,123168,nan,0.0,nan,0.0
overture,COASTAL4,bdpm,p75,5.2,0,0,370,122798,123168,nan,0.0,nan,0.0
overture,COASTAL4,bdpm,p75,5.3,0,0,370,122798,123168,nan,0.0,nan,0.0
overture,COASTAL4,bdpm,p75,5.4,0,0,370,122798,123168,nan,0.0,nan,0.0
overture,COASTAL4,bdpm,p75,5.5,0,0,370,122798,123168,nan,0.0,nan,0.0
overture,COASTAL4,bdpm,p75,5.6,0,0,370,122798,123168,nan,0.0,nan,0.0
overture,COASTAL4,bdpm,p75,5.7,0,0,370,122798,123168,nan,0.0,nan,0.0
overture,COASTAL4,bdpm,p75,5.8,0,0,370,122798,123168,nan,0.0,nan,0.0
overture,COASTAL4,bdpm,p75,5.9,0,0,370,122798,123168,nan,0.0,nan,0.0
overture,COASTAL4,bdpm,p75,6.0,0,0,370,122798,123168,nan,0.0,nan,0.0
overture,COASTAL4,bdpm,p90,0.0,370,111791,0,11007,123168,0.003298829361364467,1.0,0.006575965733886662,0.0005912063936703895
overture,COASTAL4,bdpm,p90,0.1,370,76476,0,46322,123168,0.004814824454103011,1.0,0.00958350600911728,0.0036259214249161243
overture,COASTAL4,bdpm,p90,0.2,366,48915,4,73883,123168,0.00742679734583308,0.9891891891891892,0.014742905480252162,0.008832293002730607
overture,COASTAL4,bdpm,p90,0.3,360,34247,10,88551,123168,0.010402519721443638,0.972972972972973,0.02058495582811562,0.014728007888971995
overture,COASTAL4,bdpm,p90,0.4,347,25528,23,97270,123168,0.013410628019323672,0.9378378378378378,0.02644313202514765,0.02064204921405469
overture,COASTAL4,bdpm,p90,0.5,315,19223,55,103575,123168,0.016122428088852492,0.8513513513513513,0.03164556962025317,0.025901906003763474
overture,COASTAL4,bdpm,p90,0.6,250,13247,120,109551,123168,0.018522634659553974,0.6756756756756757,0.036056825557077954,0.03038677287579412
overture,COASTAL4,bdpm,p90,0.7,142,6520,228,116278,123168,0.021314920444311016,0.3837837837837838,0.040386803185438,0.034893483869161725
overture,COASTAL4,bdpm,p90,0.8,31,1072,339,121726,123168,0.028105167724388033,0.08378378378378379,0.042090970807875085,0.03776195551788913
overture,COASTAL4,bdpm,p90,0.9,0,2,370,122796,123168,0.0,0.0,nan,-3.2302409169375977e-05
overture,COASTAL4,bdpm,p90,1.0,0,0,370,122798,123168,nan,0.0,nan,0.0
overture,COASTAL4,bdpm,p90,1.1,0,0,370,122798,123168,nan,0.0,nan,0.0
overture,COASTAL4,bdpm,p90,1.2,0,0,370,122798,123168,nan,0.0,nan,0.0
overture,COASTAL4,bdpm,p90,1.3,0,0,370,122798,123168,nan,0.0,nan,0.0
overture,COASTAL4,bdpm,p90,1.4,0,0,370,122798,123168,nan,0.0,nan,0.0
overture,COASTAL4,bdpm,p90,1.5,0,0,370,122798,123168,nan,0.0,nan,0.0
overture,COASTAL4,bdpm,p90,1.6,0,0,370,122798,123168,nan,0.0,nan,0.0
overture,COASTAL4,bdpm,p90,1.7,0,0,370,122798,123168,nan,0.0,nan,0.0
overture,COASTAL4,bdpm,p90,1.8,0,0,370,122798,123168,nan,0.0,nan,0.0
overture,COASTAL4,bdpm,p90,1.9,0,0,370,122798,123168,nan,0.0,nan,0.0
overture,COASTAL4,bdpm,p90,2.0,0,0,370,122798,123168,nan,0.0,nan,0.0
overture,COASTAL4,bdpm,p90,2.1,0,0,370,122798,123168,nan,0.0,nan,0.0
overture,COASTAL4,bdpm,p90,2.2,0,0,370,122798,123168,nan,0.0,nan,0.0
overture,COASTAL4,bdpm,p90,2.3,0,0,370,122798,123168,nan,0.0,nan,0.0
overture,COASTAL4,bdpm,p90,2.4,0,0,370,122798,123168,nan,0.0,nan,0.0
overture,COASTAL4,bdpm,p90,2.5,0,0,370,122798,123168,nan,0.0,nan,0.0
overture,COASTAL4,bdpm,p90,2.6,0,0,370,122798,123168,nan,0.0,nan,0.0
overture,COASTAL4,bdpm,p90,2.7,0,0,370,122798,123168,nan,0.0,nan,0.0
overture,COASTAL4,bdpm,p90,2.8,0,0,370,122798,123168,nan,0.0,nan,0.0
overture,COASTAL4,bdpm,p90,2.9,0,0,370,122798,123168,nan,0.0,nan,0.0
overture,COASTAL4,bdpm,p90,3.0,0,0,370,122798,123168,nan,0.0,nan,0.0
overture,COASTAL4,bdpm,p90,3.1,0,0,370,122798,123168,nan,0.0,nan,0.0
overture,COASTAL4,bdpm,p90,3.2,0,0,370,122798,123168,nan,0.0,nan,0.0
overture,COASTAL4,bdpm,p90,3.3,0,0,370,122798,123168,nan,0.0,nan,0.0
overture,COASTAL4,bdpm,p90,3.4,0,0,370,122798,123168,nan,0.0,nan,0.0
overture,COASTAL4,bdpm,p90,3.5,0,0,370,122798,123168,nan,0.0,nan,0.0
overture,COASTAL4,bdpm,p90,3.6,0,0,370,122798,123168,nan,0.0,nan,0.0
overture,COASTAL4,bdpm,p90,3.7,0,0,370,122798,123168,nan,0.0,nan,0.0
overture,COASTAL4,bdpm,p90,3.8,0,0,370,122798,123168,nan,0.0,nan,0.0
overture,COASTAL4,bdpm,p90,3.9,0,0,370,122798,123168,nan,0.0,nan,0.0
overture,COASTAL4,bdpm,p90,4.0,0,0,370,122798,123168,nan,0.0,nan,0.0
overture,COASTAL4,bdpm,p90,4.1,0,0,370,122798,123168,nan,0.0,nan,0.0
overture,COASTAL4,bdpm,p90,4.2,0,0,370,122798,123168,nan,0.0,nan,0.0
overture,COASTAL4,bdpm,p90,4.3,0,0,370,122798,123168,nan,0.0,nan,0.0
overture,COASTAL4,bdpm,p90,4.4,0,0,370,122798,123168,nan,0.0,nan,0.0
overture,COASTAL4,bdpm,p90,4.5,0,0,370,122798,123168,nan,0.0,nan,0.0
overture,COASTAL4,bdpm,p90,4.6,0,0,370,122798,123168,nan,0.0,nan,0.0
overture,COASTAL4,bdpm,p90,4.7,0,0,370,122798,123168,nan,0.0,nan,0.0
overture,COASTAL4,bdpm,p90,4.8,0,0,370,122798,123168,nan,0.0,nan,0.0
overture,COASTAL4,bdpm,p90,4.9,0,0,370,122798,123168,nan,0.0,nan,0.0
overture,COASTAL4,bdpm,p90,5.0,0,0,370,122798,123168,nan,0.0,nan,0.0
overture,COASTAL4,bdpm,p90,5.1,0,0,370,122798,123168,nan,0.0,nan,0.0
overture,COASTAL4,bdpm,p90,5.2,0,0,370,122798,123168,nan,0.0,nan,0.0
overture,COASTAL4,bdpm,p90,5.3,0,0,370,122798,123168,nan,0.0,nan,0.0
overture,COASTAL4,bdpm,p90,5.4,0,0,370,122798,123168,nan,0.0,nan,0.0
overture,COASTAL4,bdpm,p90,5.5,0,0,370,122798,123168,nan,0.0,nan,0.0
overture,COASTAL4,bdpm,p90,5.6,0,0,370,122798,123168,nan,0.0,nan,0.0
overture,COASTAL4,bdpm,p90,5.7,0,0,370,122798,123168,nan,0.0,nan,0.0
overture,COASTAL4,bdpm,p90,5.8,0,0,370,122798,123168,nan,0.0,nan,0.0
overture,COASTAL4,bdpm,p90,5.9,0,0,370,122798,123168,nan,0.0,nan,0.0
overture,COASTAL4,bdpm,p90,6.0,0,0,370,122798,123168,nan,0.0,nan,0.0
overture,COASTAL4,bdpm,frac50,0.0,370,111758,0,11040,123168,0.0032998002283105023,1.0,0.006577894718128322,0.0005931528250098968
overture,COASTAL4,bdpm,frac50,0.1,370,76302,0,46496,123168,0.004825751252086811,1.0,0.009605150437423743,0.0036477612224261823
overture,COASTAL4,bdpm,frac50,0.2,365,48820,5,73978,123168,0.007420961675307512,0.9864864864864865,0.014731106850973667,0.00882051007789375
overture,COASTAL4,bdpm,frac50,0.3,358,34228,12,88570,123168,0.01035100907881802,0.9675675675675676,0.02048289277949422,0.014625372346385956
overture,COASTAL4,bdpm,frac50,0.4,343,25440,27,97358,123168,0.013303339409688555,0.927027027027027,0.02623026039077735,0.02042820276309282
overture,COASTAL4,bdpm,frac50,0.5,310,19136,60,103662,123168,0.015941581816311837,0.8378378378378378,0.03128784820347194,0.02554257098296142
overture,COASTAL4,bdpm,frac50,0.6,234,13196,136,109602,123168,0.01742367833209233,0.6324324324324324,0.03391304347826087,0.02823114154136767
overture,COASTAL4,bdpm,frac50,0.7,129,6421,241,116377,123168,0.01969465648854962,0.34864864864864864,0.037283236994219655,0.03177713349043455
overture,COASTAL4,bdpm,frac50,0.8,24,1104,346,121694,123168,0.02127659574468085,0.06486486486486487,0.03204272363150868,0.02764369741575866
overture,COASTAL4,bdpm,frac50,0.9,0,3,370,122795,123168,0.0,0.0,nan,-4.832448554383616e-05
overture,COASTAL4,bdpm,frac50,1.0,0,0,370,122798,123168,nan,0.0,nan,0.0
overture,COASTAL4,bdpm,frac50,1.1,0,0,370,122798,123168,nan,0.0,nan,0.0
overture,COASTAL4,bdpm,frac50,1.2,0,0,370,122798,123168,nan,0.0,nan,0.0
overture,COASTAL4,bdpm,frac50,1.3,0,0,370,122798,123168,nan,0.0,nan,0.0
overture,COASTAL4,bdpm,frac50,1.4,0,0,370,122798,123168,nan,0.0,nan,0.0
overture,COASTAL4,bdpm,frac50,1.5,0,0,370,122798,123168,nan,0.0,nan,0.0
overture,COASTAL4,bdpm,frac50,1.6,0,0,370,122798,123168,nan,0.0,nan,0.0
overture,COASTAL4,bdpm,frac50,1.7,0,0,370,122798,123168,nan,0.0,nan,0.0
overture,COASTAL4,bdpm,frac50,1.8,0,0,370,122798,123168,nan,0.0,nan,0.0
overture,COASTAL4,bdpm,frac50,1.9,0,0,370,122798,123168,nan,0.0,nan,0.0
overture,COASTAL4,bdpm,frac50,2.0,0,0,370,122798,123168,nan,0.0,nan,0.0
overture,COASTAL4,bdpm,frac50,2.1,0,0,370,122798,123168,nan,0.0,nan,0.0
overture,COASTAL4,bdpm,frac50,2.2,0,0,370,122798,123168,nan,0.0,nan,0.0
overture,COASTAL4,bdpm,frac50,2.3,0,0,370,122798,123168,nan,0.0,nan,0.0
overture,COASTAL4,bdpm,frac50,2.4,0,0,370,122798,123168,nan,0.0,nan,0.0
overture,COASTAL4,bdpm,frac50,2.5,0,0,370,122798,123168,nan,0.0,nan,0.0
overture,COASTAL4,bdpm,frac50,2.6,0,0,370,122798,123168,nan,0.0,nan,0.0
overture,COASTAL4,bdpm,frac50,2.7,0,0,370,122798,123168,nan,0.0,nan,0.0
overture,COASTAL4,bdpm,frac50,2.8,0,0,370,122798,123168,nan,0.0,nan,0.0
overture,COASTAL4,bdpm,frac50,2.9,0,0,370,122798,123168,nan,0.0,nan,0.0
overture,COASTAL4,bdpm,frac50,3.0,0,0,370,122798,123168,nan,0.0,nan,0.0
overture,COASTAL4,bdpm,frac50,3.1,0,0,370,122798,123168,nan,0.0,nan,0.0
overture,COASTAL4,bdpm,frac50,3.2,0,0,370,122798,123168,nan,0.0,nan,0.0
overture,COASTAL4,bdpm,frac50,3.3,0,0,370,122798,123168,nan,0.0,nan,0.0
overture,COASTAL4,bdpm,frac50,3.4,0,0,370,122798,123168,nan,0.0,nan,0.0
overture,COASTAL4,bdpm,frac50,3.5,0,0,370,122798,123168,nan,0.0,nan,0.0
overture,COASTAL4,bdpm,frac50,3.6,0,0,370,122798,123168,nan,0.0,nan,0.0
overture,COASTAL4,bdpm,frac50,3.7,0,0,370,122798,123168,nan,0.0,nan,0.0
overture,COASTAL4,bdpm,frac50,3.8,0,0,370,122798,123168,nan,0.0,nan,0.0
overture,COASTAL4,bdpm,frac50,3.9,0,0,370,122798,123168,nan,0.0,nan,0.0
overture,COASTAL4,bdpm,frac50,4.0,0,0,370,122798,123168,nan,0.0,nan,0.0
overture,COASTAL4,bdpm,frac50,4.1,0,0,370,122798,123168,nan,0.0,nan,0.0
overture,COASTAL4,bdpm,frac50,4.2,0,0,370,122798,123168,nan,0.0,nan,0.0
overture,COASTAL4,bdpm,frac50,4.3,0,0,370,122798,123168,nan,0.0,nan,0.0
overture,COASTAL4,bdpm,frac50,4.4,0,0,370,122798,123168,nan,0.0,nan,0.0
overture,COASTAL4,bdpm,frac50,4.5,0,0,370,122798,123168,nan,0.0,nan,0.0
overture,COASTAL4,bdpm,frac50,4.6,0,0,370,122798,123168,nan,0.0,nan,0.0
overture,COASTAL4,bdpm,frac50,4.7,0,0,370,122798,123168,nan,0.0,nan,0.0
overture,COASTAL4,bdpm,frac50,4.8,0,0,370,122798,123168,nan,0.0,nan,0.0
overture,COASTAL4,bdpm,frac50,4.9,0,0,370,122798,123168,nan,0.0,nan,0.0
overture,COASTAL4,bdpm,frac50,5.0,0,0,370,122798,123168,nan,0.0,nan,0.0
overture,COASTAL4,bdpm,frac50,5.1,0,0,370,122798,123168,nan,0.0,nan,0.0
overture,COASTAL4,bdpm,frac50,5.2,0,0,370,122798,123168,nan,0.0,nan,0.0
overture,COASTAL4,bdpm,frac50,5.3,0,0,370,122798,123168,nan,0.0,nan,0.0
overture,COASTAL4,bdpm,frac50,5.4,0,0,370,122798,123168,nan,0.0,nan,0.0
overture,COASTAL4,bdpm,frac50,5.5,0,0,370,122798,123168,nan,0.0,nan,0.0
overture,COASTAL4,bdpm,frac50,5.6,0,0,370,122798,123168,nan,0.0,nan,0.0
overture,COASTAL4,bdpm,frac50,5.7,0,0,370,122798,123168,nan,0.0,nan,0.0
overture,COASTAL4,bdpm,frac50,5.8,0,0,370,122798,123168,nan,0.0,nan,0.0
overture,COASTAL4,bdpm,frac50,5.9,0,0,370,122798,123168,nan,0.0,nan,0.0
overture,COASTAL4,bdpm,frac50,6.0,0,0,370,122798,123168,nan,0.0,nan,0.0
overture,caracas,bdpm,mean,0.0,22,164988,1,25929,190940,0.0001333252530149688,0.9565217391304348,0.00026661334399786705,2.573974340197491e-05
overture,caracas,bdpm,mean,0.1,9,59050,14,131867,190940,0.00015238998289845748,0.391304347826087,0.00030466131816796996,6.385710531861671e-05
overture,caracas,bdpm,mean,0.2,2,18396,21,172521,190940,0.00010870746820306555,0.08695652173913043,0.00021714347755279304,-2.3474748278739324e-05
overture,caracas,bdpm,mean,0.3,0,6519,23,184398,190940,0.0,0.0,nan,-0.00024012403178683934
overture,caracas,bdpm,mean,0.4,0,2158,23,188759,190940,0.0,0.0,nan,-0.00023842962984014148
overture,caracas,bdpm,mean,0.5,0,744,23,190173,190940,0.0,0.0,nan,-0.00023374373901072616
overture,caracas,bdpm,mean,0.6,0,236,23,190681,190940,0.0,0.0,nan,-0.00021956772346468418
overture,caracas,bdpm,mean,0.7,0,82,23,190835,190940,0.0,0.0,nan,-0.00018817727872366785
overture,caracas,bdpm,mean,0.8,0,5,23,190912,190940,0.0,0.0,nan,-4.302209720632431e-05
overture,caracas,bdpm,mean,0.9,0,0,23,190917,190940,nan,0.0,nan,0.0
overture,caracas,bdpm,mean,1.0,0,0,23,190917,190940,nan,0.0,nan,0.0
overture,caracas,bdpm,mean,1.1,0,0,23,190917,190940,nan,0.0,nan,0.0
overture,caracas,bdpm,mean,1.2,0,0,23,190917,190940,nan,0.0,nan,0.0
overture,caracas,bdpm,mean,1.3,0,0,23,190917,190940,nan,0.0,nan,0.0
overture,caracas,bdpm,mean,1.4,0,0,23,190917,190940,nan,0.0,nan,0.0
overture,caracas,bdpm,mean,1.5,0,0,23,190917,190940,nan,0.0,nan,0.0
overture,caracas,bdpm,mean,1.6,0,0,23,190917,190940,nan,0.0,nan,0.0
overture,caracas,bdpm,mean,1.7,0,0,23,190917,190940,nan,0.0,nan,0.0
overture,caracas,bdpm,mean,1.8,0,0,23,190917,190940,nan,0.0,nan,0.0
overture,caracas,bdpm,mean,1.9,0,0,23,190917,190940,nan,0.0,nan,0.0
overture,caracas,bdpm,mean,2.0,0,0,23,190917,190940,nan,0.0,nan,0.0
overture,caracas,bdpm,mean,2.1,0,0,23,190917,190940,nan,0.0,nan,0.0
overture,caracas,bdpm,mean,2.2,0,0,23,190917,190940,nan,0.0,nan,0.0
overture,caracas,bdpm,mean,2.3,0,0,23,190917,190940,nan,0.0,nan,0.0
overture,caracas,bdpm,mean,2.4,0,0,23,190917,190940,nan,0.0,nan,0.0
overture,caracas,bdpm,mean,2.5,0,0,23,190917,190940,nan,0.0,nan,0.0
overture,caracas,bdpm,mean,2.6,0,0,23,190917,190940,nan,0.0,nan,0.0
overture,caracas,bdpm,mean,2.7,0,0,23,190917,190940,nan,0.0,nan,0.0
overture,caracas,bdpm,mean,2.8,0,0,23,190917,190940,nan,0.0,nan,0.0
overture,caracas,bdpm,mean,2.9,0,0,23,190917,190940,nan,0.0,nan,0.0
overture,caracas,bdpm,mean,3.0,0,0,23,190917,190940,nan,0.0,nan,0.0
overture,caracas,bdpm,mean,3.1,0,0,23,190917,190940,nan,0.0,nan,0.0
overture,caracas,bdpm,mean,3.2,0,0,23,190917,190940,nan,0.0,nan,0.0
overture,caracas,bdpm,mean,3.3,0,0,23,190917,190940,nan,0.0,nan,0.0
overture,caracas,bdpm,mean,3.4,0,0,23,190917,190940,nan,0.0,nan,0.0
overture,caracas,bdpm,mean,3.5,0,0,23,190917,190940,nan,0.0,nan,0.0
overture,caracas,bdpm,mean,3.6,0,0,23,190917,190940,nan,0.0,nan,0.0
overture,caracas,bdpm,mean,3.7,0,0,23,190917,190940,nan,0.0,nan,0.0
overture,caracas,bdpm,mean,3.8,0,0,23,190917,190940,nan,0.0,nan,0.0
overture,caracas,bdpm,mean,3.9,0,0,23,190917,190940,nan,0.0,nan,0.0
overture,caracas,bdpm,mean,4.0,0,0,23,190917,190940,nan,0.0,nan,0.0
overture,caracas,bdpm,mean,4.1,0,0,23,190917,190940,nan,0.0,nan,0.0
overture,caracas,bdpm,mean,4.2,0,0,23,190917,190940,nan,0.0,nan,0.0
overture,caracas,bdpm,mean,4.3,0,0,23,190917,190940,nan,0.0,nan,0.0
overture,caracas,bdpm,mean,4.4,0,0,23,190917,190940,nan,0.0,nan,0.0
overture,caracas,bdpm,mean,4.5,0,0,23,190917,190940,nan,0.0,nan,0.0
overture,caracas,bdpm,mean,4.6,0,0,23,190917,190940,nan,0.0,nan,0.0
overture,caracas,bdpm,mean,4.7,0,0,23,190917,190940,nan,0.0,nan,0.0
overture,caracas,bdpm,mean,4.8,0,0,23,190917,190940,nan,0.0,nan,0.0
overture,caracas,bdpm,mean,4.9,0,0,23,190917,190940,nan,0.0,nan,0.0
overture,caracas,bdpm,mean,5.0,0,0,23,190917,190940,nan,0.0,nan,0.0
overture,caracas,bdpm,mean,5.1,0,0,23,190917,190940,nan,0.0,nan,0.0
overture,caracas,bdpm,mean,5.2,0,0,23,190917,190940,nan,0.0,nan,0.0
overture,caracas,bdpm,mean,5.3,0,0,23,190917,190940,nan,0.0,nan,0.0
overture,caracas,bdpm,mean,5.4,0,0,23,190917,190940,nan,0.0,nan,0.0
overture,caracas,bdpm,mean,5.5,0,0,23,190917,190940,nan,0.0,nan,0.0
overture,caracas,bdpm,mean,5.6,0,0,23,190917,190940,nan,0.0,nan,0.0
overture,caracas,bdpm,mean,5.7,0,0,23,190917,190940,nan,0.0,nan,0.0
overture,caracas,bdpm,mean,5.8,0,0,23,190917,190940,nan,0.0,nan,0.0
overture,caracas,bdpm,mean,5.9,0,0,23,190917,190940,nan,0.0,nan,0.0
overture,caracas,bdpm,mean,6.0,0,0,23,190917,190940,nan,0.0,nan,0.0
overture,caracas,bdpm,max,0.0,23,169424,0,21493,190940,0.00013573565775729283,1.0,0.00027143447217796657,3.0561153937447554e-05
overture,caracas,bdpm,max,0.1,14,67884,9,123033,190940,0.00020619164040177915,0.6086956521739131,0.00041224363598886944,0.00017145313160846592
overture,caracas,bdpm,max,0.2,5,22696,18,168221,190940,0.0002202546143341703,0.21739130434782608,0.00044006336912515403,0.0001994418322177517
overture,caracas,bdpm,max,0.3,1,8476,22,182441,190940,0.00011796626164916834,0.043478260869565216,0.00023529411764705883,-4.968568785757674e-06
overture,caracas,bdpm,max,0.4,0,2884,23,188033,190940,0.0,0.0,nan,-0.0002390644226911374
overture,caracas,bdpm,max,0.5,0,1015,23,189902,190940,0.0,0.0,nan,-0.00023563072701844167
overture,caracas,bdpm,max,0.6,0,384,23,190533,190940,0.0,0.0,nan,-0.00022735078312273885
overture,caracas,bdpm,max,0.7,0,147,23,190770,190940,0.0,0.0,nan,-0.00020836261943253735
overture,caracas,bdpm,max,0.8,0,6,23,190911,190940,0.0,0.0,nan,-4.984663063660282e-05
overture,caracas,bdpm,max,0.9,0,0,23,190917,190940,nan,0.0,nan,0.0
overture,caracas,bdpm,max,1.0,0,0,23,190917,190940,nan,0.0,nan,0.0
overture,caracas,bdpm,max,1.1,0,0,23,190917,190940,nan,0.0,nan,0.0
overture,caracas,bdpm,max,1.2,0,0,23,190917,190940,nan,0.0,nan,0.0
overture,caracas,bdpm,max,1.3,0,0,23,190917,190940,nan,0.0,nan,0.0
overture,caracas,bdpm,max,1.4,0,0,23,190917,190940,nan,0.0,nan,0.0
overture,caracas,bdpm,max,1.5,0,0,23,190917,190940,nan,0.0,nan,0.0
overture,caracas,bdpm,max,1.6,0,0,23,190917,190940,nan,0.0,nan,0.0
overture,caracas,bdpm,max,1.7,0,0,23,190917,190940,nan,0.0,nan,0.0
overture,caracas,bdpm,max,1.8,0,0,23,190917,190940,nan,0.0,nan,0.0
overture,caracas,bdpm,max,1.9,0,0,23,190917,190940,nan,0.0,nan,0.0
overture,caracas,bdpm,max,2.0,0,0,23,190917,190940,nan,0.0,nan,0.0
overture,caracas,bdpm,max,2.1,0,0,23,190917,190940,nan,0.0,nan,0.0
overture,caracas,bdpm,max,2.2,0,0,23,190917,190940,nan,0.0,nan,0.0
overture,caracas,bdpm,max,2.3,0,0,23,190917,190940,nan,0.0,nan,0.0
overture,caracas,bdpm,max,2.4,0,0,23,190917,190940,nan,0.0,nan,0.0
overture,caracas,bdpm,max,2.5,0,0,23,190917,190940,nan,0.0,nan,0.0
overture,caracas,bdpm,max,2.6,0,0,23,190917,190940,nan,0.0,nan,0.0
overture,caracas,bdpm,max,2.7,0,0,23,190917,190940,nan,0.0,nan,0.0
overture,caracas,bdpm,max,2.8,0,0,23,190917,190940,nan,0.0,nan,0.0
overture,caracas,bdpm,max,2.9,0,0,23,190917,190940,nan,0.0,nan,0.0
overture,caracas,bdpm,max,3.0,0,0,23,190917,190940,nan,0.0,nan,0.0
overture,caracas,bdpm,max,3.1,0,0,23,190917,190940,nan,0.0,nan,0.0
overture,caracas,bdpm,max,3.2,0,0,23,190917,190940,nan,0.0,nan,0.0
overture,caracas,bdpm,max,3.3,0,0,23,190917,190940,nan,0.0,nan,0.0
overture,caracas,bdpm,max,3.4,0,0,23,190917,190940,nan,0.0,nan,0.0
overture,caracas,bdpm,max,3.5,0,0,23,190917,190940,nan,0.0,nan,0.0
overture,caracas,bdpm,max,3.6,0,0,23,190917,190940,nan,0.0,nan,0.0
overture,caracas,bdpm,max,3.7,0,0,23,190917,190940,nan,0.0,nan,0.0
overture,caracas,bdpm,max,3.8,0,0,23,190917,190940,nan,0.0,nan,0.0
overture,caracas,bdpm,max,3.9,0,0,23,190917,190940,nan,0.0,nan,0.0
overture,caracas,bdpm,max,4.0,0,0,23,190917,190940,nan,0.0,nan,0.0
overture,caracas,bdpm,max,4.1,0,0,23,190917,190940,nan,0.0,nan,0.0
overture,caracas,bdpm,max,4.2,0,0,23,190917,190940,nan,0.0,nan,0.0
overture,caracas,bdpm,max,4.3,0,0,23,190917,190940,nan,0.0,nan,0.0
overture,caracas,bdpm,max,4.4,0,0,23,190917,190940,nan,0.0,nan,0.0
overture,caracas,bdpm,max,4.5,0,0,23,190917,190940,nan,0.0,nan,0.0
overture,caracas,bdpm,max,4.6,0,0,23,190917,190940,nan,0.0,nan,0.0
overture,caracas,bdpm,max,4.7,0,0,23,190917,190940,nan,0.0,nan,0.0
overture,caracas,bdpm,max,4.8,0,0,23,190917,190940,nan,0.0,nan,0.0
overture,caracas,bdpm,max,4.9,0,0,23,190917,190940,nan,0.0,nan,0.0
overture,caracas,bdpm,max,5.0,0,0,23,190917,190940,nan,0.0,nan,0.0
overture,caracas,bdpm,max,5.1,0,0,23,190917,190940,nan,0.0,nan,0.0
overture,caracas,bdpm,max,5.2,0,0,23,190917,190940,nan,0.0,nan,0.0
overture,caracas,bdpm,max,5.3,0,0,23,190917,190940,nan,0.0,nan,0.0
overture,caracas,bdpm,max,5.4,0,0,23,190917,190940,nan,0.0,nan,0.0
overture,caracas,bdpm,max,5.5,0,0,23,190917,190940,nan,0.0,nan,0.0
overture,caracas,bdpm,max,5.6,0,0,23,190917,190940,nan,0.0,nan,0.0
overture,caracas,bdpm,max,5.7,0,0,23,190917,190940,nan,0.0,nan,0.0
overture,caracas,bdpm,max,5.8,0,0,23,190917,190940,nan,0.0,nan,0.0
overture,caracas,bdpm,max,5.9,0,0,23,190917,190940,nan,0.0,nan,0.0
overture,caracas,bdpm,max,6.0,0,0,23,190917,190940,nan,0.0,nan,0.0
overture,caracas,bdpm,p75,0.0,22,167487,1,23430,190940,0.00013133622671020662,0.9565217391304348,0.00026263639185349666,2.1761332124144153e-05
overture,caracas,bdpm,p75,0.1,12,63301,11,127616,190940,0.00018953453477168987,0.5217391304347826,0.00037893141341417203,0.0001381387907930495
overture,caracas,bdpm,p75,0.2,3,20307,20,170610,190940,0.00014771048744460856,0.13043478260869565,0.00029508680470171635,5.445904688278909e-05
overture,caracas,bdpm,p75,0.3,0,7373,23,183544,190940,0.0,0.0,nan,-0.0002402218788342953
overture,caracas,bdpm,p75,0.4,0,2495,23,188422,190940,0.0,0.0,nan,-0.00023876981431454175
overture,caracas,bdpm,p75,0.5,0,868,23,190049,190940,0.0,0.0,nan,-0.0002347496065899332
overture,caracas,bdpm,p75,0.6,0,302,23,190615,190940,0.0,0.0,nan,-0.00022391424803336275
overture,caracas,bdpm,p75,0.7,0,103,23,190814,190940,0.0,0.0,nan,-0.00019697591673853676
overture,caracas,bdpm,p75,0.8,0,5,23,190912,190940,0.0,0.0,nan,-4.302209720632431e-05
overture,caracas,bdpm,p75,0.9,0,0,23,190917,190940,nan,0.0,nan,0.0
overture,caracas,bdpm,p75,1.0,0,0,23,190917,190940,nan,0.0,nan,0.0
overture,caracas,bdpm,p75,1.1,0,0,23,190917,190940,nan,0.0,nan,0.0
overture,caracas,bdpm,p75,1.2,0,0,23,190917,190940,nan,0.0,nan,0.0
overture,caracas,bdpm,p75,1.3,0,0,23,190917,190940,nan,0.0,nan,0.0
overture,caracas,bdpm,p75,1.4,0,0,23,190917,190940,nan,0.0,nan,0.0
overture,caracas,bdpm,p75,1.5,0,0,23,190917,190940,nan,0.0,nan,0.0
overture,caracas,bdpm,p75,1.6,0,0,23,190917,190940,nan,0.0,nan,0.0
overture,caracas,bdpm,p75,1.7,0,0,23,190917,190940,nan,0.0,nan,0.0
overture,caracas,bdpm,p75,1.8,0,0,23,190917,190940,nan,0.0,nan,0.0
overture,caracas,bdpm,p75,1.9,0,0,23,190917,190940,nan,0.0,nan,0.0
overture,caracas,bdpm,p75,2.0,0,0,23,190917,190940,nan,0.0,nan,0.0
overture,caracas,bdpm,p75,2.1,0,0,23,190917,190940,nan,0.0,nan,0.0
overture,caracas,bdpm,p75,2.2,0,0,23,190917,190940,nan,0.0,nan,0.0
overture,caracas,bdpm,p75,2.3,0,0,23,190917,190940,nan,0.0,nan,0.0
overture,caracas,bdpm,p75,2.4,0,0,23,190917,190940,nan,0.0,nan,0.0
overture,caracas,bdpm,p75,2.5,0,0,23,190917,190940,nan,0.0,nan,0.0
overture,caracas,bdpm,p75,2.6,0,0,23,190917,190940,nan,0.0,nan,0.0
overture,caracas,bdpm,p75,2.7,0,0,23,190917,190940,nan,0.0,nan,0.0
overture,caracas,bdpm,p75,2.8,0,0,23,190917,190940,nan,0.0,nan,0.0
overture,caracas,bdpm,p75,2.9,0,0,23,190917,190940,nan,0.0,nan,0.0
overture,caracas,bdpm,p75,3.0,0,0,23,190917,190940,nan,0.0,nan,0.0
overture,caracas,bdpm,p75,3.1,0,0,23,190917,190940,nan,0.0,nan,0.0
overture,caracas,bdpm,p75,3.2,0,0,23,190917,190940,nan,0.0,nan,0.0
overture,caracas,bdpm,p75,3.3,0,0,23,190917,190940,nan,0.0,nan,0.0
overture,caracas,bdpm,p75,3.4,0,0,23,190917,190940,nan,0.0,nan,0.0
overture,caracas,bdpm,p75,3.5,0,0,23,190917,190940,nan,0.0,nan,0.0
overture,caracas,bdpm,p75,3.6,0,0,23,190917,190940,nan,0.0,nan,0.0
overture,caracas,bdpm,p75,3.7,0,0,23,190917,190940,nan,0.0,nan,0.0
overture,caracas,bdpm,p75,3.8,0,0,23,190917,190940,nan,0.0,nan,0.0
overture,caracas,bdpm,p75,3.9,0,0,23,190917,190940,nan,0.0,nan,0.0
overture,caracas,bdpm,p75,4.0,0,0,23,190917,190940,nan,0.0,nan,0.0
overture,caracas,bdpm,p75,4.1,0,0,23,190917,190940,nan,0.0,nan,0.0
overture,caracas,bdpm,p75,4.2,0,0,23,190917,190940,nan,0.0,nan,0.0
overture,caracas,bdpm,p75,4.3,0,0,23,190917,190940,nan,0.0,nan,0.0
overture,caracas,bdpm,p75,4.4,0,0,23,190917,190940,nan,0.0,nan,0.0
overture,caracas,bdpm,p75,4.5,0,0,23,190917,190940,nan,0.0,nan,0.0
overture,caracas,bdpm,p75,4.6,0,0,23,190917,190940,nan,0.0,nan,0.0
overture,caracas,bdpm,p75,4.7,0,0,23,190917,190940,nan,0.0,nan,0.0
overture,caracas,bdpm,p75,4.8,0,0,23,190917,190940,nan,0.0,nan,0.0
overture,caracas,bdpm,p75,4.9,0,0,23,190917,190940,nan,0.0,nan,0.0
overture,caracas,bdpm,p75,5.0,0,0,23,190917,190940,nan,0.0,nan,0.0
overture,caracas,bdpm,p75,5.1,0,0,23,190917,190940,nan,0.0,nan,0.0
overture,caracas,bdpm,p75,5.2,0,0,23,190917,190940,nan,0.0,nan,0.0
overture,caracas,bdpm,p75,5.3,0,0,23,190917,190940,nan,0.0,nan,0.0
overture,caracas,bdpm,p75,5.4,0,0,23,190917,190940,nan,0.0,nan,0.0
overture,caracas,bdpm,p75,5.5,0,0,23,190917,190940,nan,0.0,nan,0.0
overture,caracas,bdpm,p75,5.6,0,0,23,190917,190940,nan,0.0,nan,0.0
overture,caracas,bdpm,p75,5.7,0,0,23,190917,190940,nan,0.0,nan,0.0
overture,caracas,bdpm,p75,5.8,0,0,23,190917,190940,nan,0.0,nan,0.0
overture,caracas,bdpm,p75,5.9,0,0,23,190917,190940,nan,0.0,nan,0.0
overture,caracas,bdpm,p75,6.0,0,0,23,190917,190940,nan,0.0,nan,0.0
overture,caracas,bdpm,p90,0.0,23,168733,0,22184,190940,0.00013629145037806064,1.0,0.0002725457550998644,3.1672838499866767e-05
overture,caracas,bdpm,p90,0.1,12,65971,11,124946,190940,0.00018186502583998908,0.5217391304347826,0.00036360330879011,0.0001228034545762016
overture,caracas,bdpm,p90,0.2,4,21691,19,169226,190940,0.00018437427978796957,0.17391304347826086,0.0003683580440187863,0.00012773054183890762
overture,caracas,bdpm,p90,0.3,0,7950,23,182967,190940,0.0,0.0,nan,-0.00024027612318981974
overture,caracas,bdpm,p90,0.4,0,2699,23,188218,190940,0.0,0.0,nan,-0.00023893481376023712
overture,caracas,bdpm,p90,0.5,0,947,23,189970,190940,0.0,0.0,nan,-0.00023525632945689114
overture,caracas,bdpm,p90,0.6,0,346,23,190571,190940,0.0,0.0,nan,-0.00022594813609924248
overture,caracas,bdpm,p90,0.7,0,110,23,190807,190940,0.0,0.0,nan,-0.00019929137341785855
overture,caracas,bdpm,p90,0.8,0,5,23,190912,190940,0.0,0.0,nan,-4.302209720632431e-05
overture,caracas,bdpm,p90,0.9,0,0,23,190917,190940,nan,0.0,nan,0.0
overture,caracas,bdpm,p90,1.0,0,0,23,190917,190940,nan,0.0,nan,0.0
overture,caracas,bdpm,p90,1.1,0,0,23,190917,190940,nan,0.0,nan,0.0
overture,caracas,bdpm,p90,1.2,0,0,23,190917,190940,nan,0.0,nan,0.0
overture,caracas,bdpm,p90,1.3,0,0,23,190917,190940,nan,0.0,nan,0.0
overture,caracas,bdpm,p90,1.4,0,0,23,190917,190940,nan,0.0,nan,0.0
overture,caracas,bdpm,p90,1.5,0,0,23,190917,190940,nan,0.0,nan,0.0
overture,caracas,bdpm,p90,1.6,0,0,23,190917,190940,nan,0.0,nan,0.0
overture,caracas,bdpm,p90,1.7,0,0,23,190917,190940,nan,0.0,nan,0.0
overture,caracas,bdpm,p90,1.8,0,0,23,190917,190940,nan,0.0,nan,0.0
overture,caracas,bdpm,p90,1.9,0,0,23,190917,190940,nan,0.0,nan,0.0
overture,caracas,bdpm,p90,2.0,0,0,23,190917,190940,nan,0.0,nan,0.0
overture,caracas,bdpm,p90,2.1,0,0,23,190917,190940,nan,0.0,nan,0.0
overture,caracas,bdpm,p90,2.2,0,0,23,190917,190940,nan,0.0,nan,0.0
overture,caracas,bdpm,p90,2.3,0,0,23,190917,190940,nan,0.0,nan,0.0
overture,caracas,bdpm,p90,2.4,0,0,23,190917,190940,nan,0.0,nan,0.0
overture,caracas,bdpm,p90,2.5,0,0,23,190917,190940,nan,0.0,nan,0.0
overture,caracas,bdpm,p90,2.6,0,0,23,190917,190940,nan,0.0,nan,0.0
overture,caracas,bdpm,p90,2.7,0,0,23,190917,190940,nan,0.0,nan,0.0
overture,caracas,bdpm,p90,2.8,0,0,23,190917,190940,nan,0.0,nan,0.0
overture,caracas,bdpm,p90,2.9,0,0,23,190917,190940,nan,0.0,nan,0.0
overture,caracas,bdpm,p90,3.0,0,0,23,190917,190940,nan,0.0,nan,0.0
overture,caracas,bdpm,p90,3.1,0,0,23,190917,190940,nan,0.0,nan,0.0
overture,caracas,bdpm,p90,3.2,0,0,23,190917,190940,nan,0.0,nan,0.0
overture,caracas,bdpm,p90,3.3,0,0,23,190917,190940,nan,0.0,nan,0.0
overture,caracas,bdpm,p90,3.4,0,0,23,190917,190940,nan,0.0,nan,0.0
overture,caracas,bdpm,p90,3.5,0,0,23,190917,190940,nan,0.0,nan,0.0
overture,caracas,bdpm,p90,3.6,0,0,23,190917,190940,nan,0.0,nan,0.0
overture,caracas,bdpm,p90,3.7,0,0,23,190917,190940,nan,0.0,nan,0.0
overture,caracas,bdpm,p90,3.8,0,0,23,190917,190940,nan,0.0,nan,0.0
overture,caracas,bdpm,p90,3.9,0,0,23,190917,190940,nan,0.0,nan,0.0
overture,caracas,bdpm,p90,4.0,0,0,23,190917,190940,nan,0.0,nan,0.0
overture,caracas,bdpm,p90,4.1,0,0,23,190917,190940,nan,0.0,nan,0.0
overture,caracas,bdpm,p90,4.2,0,0,23,190917,190940,nan,0.0,nan,0.0
overture,caracas,bdpm,p90,4.3,0,0,23,190917,190940,nan,0.0,nan,0.0
overture,caracas,bdpm,p90,4.4,0,0,23,190917,190940,nan,0.0,nan,0.0
overture,caracas,bdpm,p90,4.5,0,0,23,190917,190940,nan,0.0,nan,0.0
overture,caracas,bdpm,p90,4.6,0,0,23,190917,190940,nan,0.0,nan,0.0
overture,caracas,bdpm,p90,4.7,0,0,23,190917,190940,nan,0.0,nan,0.0
overture,caracas,bdpm,p90,4.8,0,0,23,190917,190940,nan,0.0,nan,0.0
overture,caracas,bdpm,p90,4.9,0,0,23,190917,190940,nan,0.0,nan,0.0
overture,caracas,bdpm,p90,5.0,0,0,23,190917,190940,nan,0.0,nan,0.0
overture,caracas,bdpm,p90,5.1,0,0,23,190917,190940,nan,0.0,nan,0.0
overture,caracas,bdpm,p90,5.2,0,0,23,190917,190940,nan,0.0,nan,0.0
overture,caracas,bdpm,p90,5.3,0,0,23,190917,190940,nan,0.0,nan,0.0
overture,caracas,bdpm,p90,5.4,0,0,23,190917,190940,nan,0.0,nan,0.0
overture,caracas,bdpm,p90,5.5,0,0,23,190917,190940,nan,0.0,nan,0.0
overture,caracas,bdpm,p90,5.6,0,0,23,190917,190940,nan,0.0,nan,0.0
overture,caracas,bdpm,p90,5.7,0,0,23,190917,190940,nan,0.0,nan,0.0
overture,caracas,bdpm,p90,5.8,0,0,23,190917,190940,nan,0.0,nan,0.0
overture,caracas,bdpm,p90,5.9,0,0,23,190917,190940,nan,0.0,nan,0.0
overture,caracas,bdpm,p90,6.0,0,0,23,190917,190940,nan,0.0,nan,0.0
overture,caracas,bdpm,frac50,0.0,23,168221,0,22696,190940,0.00013670621240579158,1.0,0.00027337505274355634,3.250243586860199e-05
overture,caracas,bdpm,frac50,0.1,11,64997,12,125920,190940,0.00016920994339158257,0.4782608695652174,0.00033830019529147633,9.749550466082063e-05
overture,caracas,bdpm,frac50,0.2,3,21245,20,169672,190940,0.00014118975903614457,0.13043478260869565,0.0002820741855107893,4.1431276007046635e-05
overture,caracas,bdpm,frac50,0.3,0,7884,23,183033,190940,0.0,0.0,nan,-0.0002402703194512685
overture,caracas,bdpm,frac50,0.4,0,2671,23,188246,190940,0.0,0.0,nan,-0.00023891364631624563
overture,caracas,bdpm,frac50,0.5,0,947,23,189970,190940,0.0,0.0,nan,-0.00023525632945689114
overture,caracas,bdpm,frac50,0.6,0,346,23,190571,190940,0.0,0.0,nan,-0.00022594813609924248
overture,caracas,bdpm,frac50,0.7,0,129,23,190788,190940,0.0,0.0,nan,-0.00020450119048245758
overture,caracas,bdpm,frac50,0.8,0,6,23,190911,190940,0.0,0.0,nan,-4.984663063660282e-05
overture,caracas,bdpm,frac50,0.9,0,0,23,190917,190940,nan,0.0,nan,0.0
overture,caracas,bdpm,frac50,1.0,0,0,23,190917,190940,nan,0.0,nan,0.0
overture,caracas,bdpm,frac50,1.1,0,0,23,190917,190940,nan,0.0,nan,0.0
overture,caracas,bdpm,frac50,1.2,0,0,23,190917,190940,nan,0.0,nan,0.0
overture,caracas,bdpm,frac50,1.3,0,0,23,190917,190940,nan,0.0,nan,0.0
overture,caracas,bdpm,frac50,1.4,0,0,23,190917,190940,nan,0.0,nan,0.0
overture,caracas,bdpm,frac50,1.5,0,0,23,190917,190940,nan,0.0,nan,0.0
overture,caracas,bdpm,frac50,1.6,0,0,23,190917,190940,nan,0.0,nan,0.0
overture,caracas,bdpm,frac50,1.7,0,0,23,190917,190940,nan,0.0,nan,0.0
overture,caracas,bdpm,frac50,1.8,0,0,23,190917,190940,nan,0.0,nan,0.0
overture,caracas,bdpm,frac50,1.9,0,0,23,190917,190940,nan,0.0,nan,0.0
overture,caracas,bdpm,frac50,2.0,0,0,23,190917,190940,nan,0.0,nan,0.0
overture,caracas,bdpm,frac50,2.1,0,0,23,190917,190940,nan,0.0,nan,0.0
overture,caracas,bdpm,frac50,2.2,0,0,23,190917,190940,nan,0.0,nan,0.0
overture,caracas,bdpm,frac50,2.3,0,0,23,190917,190940,nan,0.0,nan,0.0
overture,caracas,bdpm,frac50,2.4,0,0,23,190917,190940,nan,0.0,nan,0.0
overture,caracas,bdpm,frac50,2.5,0,0,23,190917,190940,nan,0.0,nan,0.0
overture,caracas,bdpm,frac50,2.6,0,0,23,190917,190940,nan,0.0,nan,0.0
overture,caracas,bdpm,frac50,2.7,0,0,23,190917,190940,nan,0.0,nan,0.0
overture,caracas,bdpm,frac50,2.8,0,0,23,190917,190940,nan,0.0,nan,0.0
overture,caracas,bdpm,frac50,2.9,0,0,23,190917,190940,nan,0.0,nan,0.0
overture,caracas,bdpm,frac50,3.0,0,0,23,190917,190940,nan,0.0,nan,0.0
overture,caracas,bdpm,frac50,3.1,0,0,23,190917,190940,nan,0.0,nan,0.0
overture,caracas,bdpm,frac50,3.2,0,0,23,190917,190940,nan,0.0,nan,0.0
overture,caracas,bdpm,frac50,3.3,0,0,23,190917,190940,nan,0.0,nan,0.0
overture,caracas,bdpm,frac50,3.4,0,0,23,190917,190940,nan,0.0,nan,0.0
overture,caracas,bdpm,frac50,3.5,0,0,23,190917,190940,nan,0.0,nan,0.0
overture,caracas,bdpm,frac50,3.6,0,0,23,190917,190940,nan,0.0,nan,0.0
overture,caracas,bdpm,frac50,3.7,0,0,23,190917,190940,nan,0.0,nan,0.0
overture,caracas,bdpm,frac50,3.8,0,0,23,190917,190940,nan,0.0,nan,0.0
overture,caracas,bdpm,frac50,3.9,0,0,23,190917,190940,nan,0.0,nan,0.0
overture,caracas,bdpm,frac50,4.0,0,0,23,190917,190940,nan,0.0,nan,0.0
overture,caracas,bdpm,frac50,4.1,0,0,23,190917,190940,nan,0.0,nan,0.0
overture,caracas,bdpm,frac50,4.2,0,0,23,190917,190940,nan,0.0,nan,0.0
overture,caracas,bdpm,frac50,4.3,0,0,23,190917,190940,nan,0.0,nan,0.0
overture,caracas,bdpm,frac50,4.4,0,0,23,190917,190940,nan,0.0,nan,0.0
overture,caracas,bdpm,frac50,4.5,0,0,23,190917,190940,nan,0.0,nan,0.0
overture,caracas,bdpm,frac50,4.6,0,0,23,190917,190940,nan,0.0,nan,0.0
overture,caracas,bdpm,frac50,4.7,0,0,23,190917,190940,nan,0.0,nan,0.0
overture,caracas,bdpm,frac50,4.8,0,0,23,190917,190940,nan,0.0,nan,0.0
overture,caracas,bdpm,frac50,4.9,0,0,23,190917,190940,nan,0.0,nan,0.0
overture,caracas,bdpm,frac50,5.0,0,0,23,190917,190940,nan,0.0,nan,0.0
overture,caracas,bdpm,frac50,5.1,0,0,23,190917,190940,nan,0.0,nan,0.0
overture,caracas,bdpm,frac50,5.2,0,0,23,190917,190940,nan,0.0,nan,0.0
overture,caracas,bdpm,frac50,5.3,0,0,23,190917,190940,nan,0.0,nan,0.0
overture,caracas,bdpm,frac50,5.4,0,0,23,190917,190940,nan,0.0,nan,0.0
overture,caracas,bdpm,frac50,5.5,0,0,23,190917,190940,nan,0.0,nan,0.0
overture,caracas,bdpm,frac50,5.6,0,0,23,190917,190940,nan,0.0,nan,0.0
overture,caracas,bdpm,frac50,5.7,0,0,23,190917,190940,nan,0.0,nan,0.0
overture,caracas,bdpm,frac50,5.8,0,0,23,190917,190940,nan,0.0,nan,0.0
overture,caracas,bdpm,frac50,5.9,0,0,23,190917,190940,nan,0.0,nan,0.0
overture,caracas,bdpm,frac50,6.0,0,0,23,190917,190940,nan,0.0,nan,0.0
overture,la_guaira,bdpm,mean,0.0,18,18259,0,921,19198,0.0009848443398807244,1.0,0.0019677507515714673,9.457755413355812e-05
overture,la_guaira,bdpm,mean,0.1,18,13205,0,5975,19198,0.001361264463434924,1.0,0.002718827883090401,0.0008477692888303081
overture,la_guaira,bdpm,mean,0.2,17,7744,1,11436,19198,0.0021904393763690247,0.9444444444444444,0.004370741740583622,0.0025045711563240133
overture,la_guaira,bdpm,mean,0.3,16,4422,2,14758,19198,0.003605227579990987,0.8888888888888888,0.00718132854578097,0.005323650618388083
overture,la_guaira,bdpm,mean,0.4,14,2271,4,16909,19198,0.00612691466083151,0.7777777777777778,0.012158054711246202,0.010316710345220772
overture,la_guaira,bdpm,mean,0.5,9,1162,9,18018,19198,0.007685738684884714,0.5,0.015138772077375946,0.013316558014200718
overture,la_guaira,bdpm,mean,0.6,7,478,11,18702,19198,0.01443298969072165,0.3888888888888889,0.02783300198807157,0.026072051700908275
overture,la_guaira,bdpm,mean,0.7,3,140,15,19040,19198,0.02097902097902098,0.16666666666666666,0.037267080745341616,0.03566092950451695
overture,la_guaira,bdpm,mean,0.8,0,23,18,19157,19198,0.0,0.0,nan,-0.001053046585901465
overture,la_guaira,bdpm,mean,0.9,0,0,18,19180,19198,nan,0.0,nan,0.0
overture,la_guaira,bdpm,mean,1.0,0,0,18,19180,19198,nan,0.0,nan,0.0
overture,la_guaira,bdpm,mean,1.1,0,0,18,19180,19198,nan,0.0,nan,0.0
overture,la_guaira,bdpm,mean,1.2,0,0,18,19180,19198,nan,0.0,nan,0.0
overture,la_guaira,bdpm,mean,1.3,0,0,18,19180,19198,nan,0.0,nan,0.0
overture,la_guaira,bdpm,mean,1.4,0,0,18,19180,19198,nan,0.0,nan,0.0
overture,la_guaira,bdpm,mean,1.5,0,0,18,19180,19198,nan,0.0,nan,0.0
overture,la_guaira,bdpm,mean,1.6,0,0,18,19180,19198,nan,0.0,nan,0.0
overture,la_guaira,bdpm,mean,1.7,0,0,18,19180,19198,nan,0.0,nan,0.0
overture,la_guaira,bdpm,mean,1.8,0,0,18,19180,19198,nan,0.0,nan,0.0
overture,la_guaira,bdpm,mean,1.9,0,0,18,19180,19198,nan,0.0,nan,0.0
overture,la_guaira,bdpm,mean,2.0,0,0,18,19180,19198,nan,0.0,nan,0.0
overture,la_guaira,bdpm,mean,2.1,0,0,18,19180,19198,nan,0.0,nan,0.0
overture,la_guaira,bdpm,mean,2.2,0,0,18,19180,19198,nan,0.0,nan,0.0
overture,la_guaira,bdpm,mean,2.3,0,0,18,19180,19198,nan,0.0,nan,0.0
overture,la_guaira,bdpm,mean,2.4,0,0,18,19180,19198,nan,0.0,nan,0.0
overture,la_guaira,bdpm,mean,2.5,0,0,18,19180,19198,nan,0.0,nan,0.0
overture,la_guaira,bdpm,mean,2.6,0,0,18,19180,19198,nan,0.0,nan,0.0
overture,la_guaira,bdpm,mean,2.7,0,0,18,19180,19198,nan,0.0,nan,0.0
overture,la_guaira,bdpm,mean,2.8,0,0,18,19180,19198,nan,0.0,nan,0.0
overture,la_guaira,bdpm,mean,2.9,0,0,18,19180,19198,nan,0.0,nan,0.0
overture,la_guaira,bdpm,mean,3.0,0,0,18,19180,19198,nan,0.0,nan,0.0
overture,la_guaira,bdpm,mean,3.1,0,0,18,19180,19198,nan,0.0,nan,0.0
overture,la_guaira,bdpm,mean,3.2,0,0,18,19180,19198,nan,0.0,nan,0.0
overture,la_guaira,bdpm,mean,3.3,0,0,18,19180,19198,nan,0.0,nan,0.0
overture,la_guaira,bdpm,mean,3.4,0,0,18,19180,19198,nan,0.0,nan,0.0
overture,la_guaira,bdpm,mean,3.5,0,0,18,19180,19198,nan,0.0,nan,0.0
overture,la_guaira,bdpm,mean,3.6,0,0,18,19180,19198,nan,0.0,nan,0.0
overture,la_guaira,bdpm,mean,3.7,0,0,18,19180,19198,nan,0.0,nan,0.0
overture,la_guaira,bdpm,mean,3.8,0,0,18,19180,19198,nan,0.0,nan,0.0
overture,la_guaira,bdpm,mean,3.9,0,0,18,19180,19198,nan,0.0,nan,0.0
overture,la_guaira,bdpm,mean,4.0,0,0,18,19180,19198,nan,0.0,nan,0.0
overture,la_guaira,bdpm,mean,4.1,0,0,18,19180,19198,nan,0.0,nan,0.0
overture,la_guaira,bdpm,mean,4.2,0,0,18,19180,19198,nan,0.0,nan,0.0
overture,la_guaira,bdpm,mean,4.3,0,0,18,19180,19198,nan,0.0,nan,0.0
overture,la_guaira,bdpm,mean,4.4,0,0,18,19180,19198,nan,0.0,nan,0.0
overture,la_guaira,bdpm,mean,4.5,0,0,18,19180,19198,nan,0.0,nan,0.0
overture,la_guaira,bdpm,mean,4.6,0,0,18,19180,19198,nan,0.0,nan,0.0
overture,la_guaira,bdpm,mean,4.7,0,0,18,19180,19198,nan,0.0,nan,0.0
overture,la_guaira,bdpm,mean,4.8,0,0,18,19180,19198,nan,0.0,nan,0.0
overture,la_guaira,bdpm,mean,4.9,0,0,18,19180,19198,nan,0.0,nan,0.0
overture,la_guaira,bdpm,mean,5.0,0,0,18,19180,19198,nan,0.0,nan,0.0
overture,la_guaira,bdpm,mean,5.1,0,0,18,19180,19198,nan,0.0,nan,0.0
overture,la_guaira,bdpm,mean,5.2,0,0,18,19180,19198,nan,0.0,nan,0.0
overture,la_guaira,bdpm,mean,5.3,0,0,18,19180,19198,nan,0.0,nan,0.0
overture,la_guaira,bdpm,mean,5.4,0,0,18,19180,19198,nan,0.0,nan,0.0
overture,la_guaira,bdpm,mean,5.5,0,0,18,19180,19198,nan,0.0,nan,0.0
overture,la_guaira,bdpm,mean,5.6,0,0,18,19180,19198,nan,0.0,nan,0.0
overture,la_guaira,bdpm,mean,5.7,0,0,18,19180,19198,nan,0.0,nan,0.0
overture,la_guaira,bdpm,mean,5.8,0,0,18,19180,19198,nan,0.0,nan,0.0
overture,la_guaira,bdpm,mean,5.9,0,0,18,19180,19198,nan,0.0,nan,0.0
overture,la_guaira,bdpm,mean,6.0,0,0,18,19180,19198,nan,0.0,nan,0.0
overture,la_guaira,bdpm,max,0.0,18,18393,0,787,19198,0.000977676389115203,1.0,0.001953442943187368,8.02294528369397e-05
overture,la_guaira,bdpm,max,0.1,18,13898,0,5282,19198,0.0012934751365334866,1.0,0.0025836084397875703,0.0007121692234401616
overture,la_guaira,bdpm,max,0.2,17,8465,1,10715,19198,0.00200424428200896,0.9444444444444444,0.004,0.002132766553701735
overture,la_guaira,bdpm,max,0.3,17,5048,1,14132,19198,0.0033563672260612043,0.9444444444444444,0.006688963210702341,0.004829432408633792
overture,la_guaira,bdpm,max,0.4,14,2672,4,16508,19198,0.0052122114668652275,0.7777777777777778,0.010355029585798817,0.008508165328230276
overture,la_guaira,bdpm,max,0.5,11,1456,7,17724,19198,0.007498295841854124,0.6111111111111112,0.014814814814814814,0.012986405993936537
overture,la_guaira,bdpm,max,0.6,8,606,10,18574,19198,0.013029315960912053,0.4444444444444444,0.02531645569620253,0.02353754824527169
overture,la_guaira,bdpm,max,0.7,5,227,13,18953,19198,0.021551724137931036,0.2777777777777778,0.04,0.03832651381255747
overture,la_guaira,bdpm,max,0.8,1,42,17,19138,19198,0.023255813953488372,0.05555555555555555,0.032786885245901634,0.03150667362101811
overture,la_guaira,bdpm,max,0.9,0,0,18,19180,19198,nan,0.0,nan,0.0
overture,la_guaira,bdpm,max,1.0,0,0,18,19180,19198,nan,0.0,nan,0.0
overture,la_guaira,bdpm,max,1.1,0,0,18,19180,19198,nan,0.0,nan,0.0
overture,la_guaira,bdpm,max,1.2,0,0,18,19180,19198,nan,0.0,nan,0.0
overture,la_guaira,bdpm,max,1.3,0,0,18,19180,19198,nan,0.0,nan,0.0
overture,la_guaira,bdpm,max,1.4,0,0,18,19180,19198,nan,0.0,nan,0.0
overture,la_guaira,bdpm,max,1.5,0,0,18,19180,19198,nan,0.0,nan,0.0
overture,la_guaira,bdpm,max,1.6,0,0,18,19180,19198,nan,0.0,nan,0.0
overture,la_guaira,bdpm,max,1.7,0,0,18,19180,19198,nan,0.0,nan,0.0
overture,la_guaira,bdpm,max,1.8,0,0,18,19180,19198,nan,0.0,nan,0.0
overture,la_guaira,bdpm,max,1.9,0,0,18,19180,19198,nan,0.0,nan,0.0
overture,la_guaira,bdpm,max,2.0,0,0,18,19180,19198,nan,0.0,nan,0.0
overture,la_guaira,bdpm,max,2.1,0,0,18,19180,19198,nan,0.0,nan,0.0
overture,la_guaira,bdpm,max,2.2,0,0,18,19180,19198,nan,0.0,nan,0.0
overture,la_guaira,bdpm,max,2.3,0,0,18,19180,19198,nan,0.0,nan,0.0
overture,la_guaira,bdpm,max,2.4,0,0,18,19180,19198,nan,0.0,nan,0.0
overture,la_guaira,bdpm,max,2.5,0,0,18,19180,19198,nan,0.0,nan,0.0
overture,la_guaira,bdpm,max,2.6,0,0,18,19180,19198,nan,0.0,nan,0.0
overture,la_guaira,bdpm,max,2.7,0,0,18,19180,19198,nan,0.0,nan,0.0
overture,la_guaira,bdpm,max,2.8,0,0,18,19180,19198,nan,0.0,nan,0.0
overture,la_guaira,bdpm,max,2.9,0,0,18,19180,19198,nan,0.0,nan,0.0
overture,la_guaira,bdpm,max,3.0,0,0,18,19180,19198,nan,0.0,nan,0.0
overture,la_guaira,bdpm,max,3.1,0,0,18,19180,19198,nan,0.0,nan,0.0
overture,la_guaira,bdpm,max,3.2,0,0,18,19180,19198,nan,0.0,nan,0.0
overture,la_guaira,bdpm,max,3.3,0,0,18,19180,19198,nan,0.0,nan,0.0
overture,la_guaira,bdpm,max,3.4,0,0,18,19180,19198,nan,0.0,nan,0.0
overture,la_guaira,bdpm,max,3.5,0,0,18,19180,19198,nan,0.0,nan,0.0
overture,la_guaira,bdpm,max,3.6,0,0,18,19180,19198,nan,0.0,nan,0.0
overture,la_guaira,bdpm,max,3.7,0,0,18,19180,19198,nan,0.0,nan,0.0
overture,la_guaira,bdpm,max,3.8,0,0,18,19180,19198,nan,0.0,nan,0.0
overture,la_guaira,bdpm,max,3.9,0,0,18,19180,19198,nan,0.0,nan,0.0
overture,la_guaira,bdpm,max,4.0,0,0,18,19180,19198,nan,0.0,nan,0.0
overture,la_guaira,bdpm,max,4.1,0,0,18,19180,19198,nan,0.0,nan,0.0
overture,la_guaira,bdpm,max,4.2,0,0,18,19180,19198,nan,0.0,nan,0.0
overture,la_guaira,bdpm,max,4.3,0,0,18,19180,19198,nan,0.0,nan,0.0
overture,la_guaira,bdpm,max,4.4,0,0,18,19180,19198,nan,0.0,nan,0.0
overture,la_guaira,bdpm,max,4.5,0,0,18,19180,19198,nan,0.0,nan,0.0
overture,la_guaira,bdpm,max,4.6,0,0,18,19180,19198,nan,0.0,nan,0.0
overture,la_guaira,bdpm,max,4.7,0,0,18,19180,19198,nan,0.0,nan,0.0
overture,la_guaira,bdpm,max,4.8,0,0,18,19180,19198,nan,0.0,nan,0.0
overture,la_guaira,bdpm,max,4.9,0,0,18,19180,19198,nan,0.0,nan,0.0
overture,la_guaira,bdpm,max,5.0,0,0,18,19180,19198,nan,0.0,nan,0.0
overture,la_guaira,bdpm,max,5.1,0,0,18,19180,19198,nan,0.0,nan,0.0
overture,la_guaira,bdpm,max,5.2,0,0,18,19180,19198,nan,0.0,nan,0.0
overture,la_guaira,bdpm,max,5.3,0,0,18,19180,19198,nan,0.0,nan,0.0
overture,la_guaira,bdpm,max,5.4,0,0,18,19180,19198,nan,0.0,nan,0.0
overture,la_guaira,bdpm,max,5.5,0,0,18,19180,19198,nan,0.0,nan,0.0
overture,la_guaira,bdpm,max,5.6,0,0,18,19180,19198,nan,0.0,nan,0.0
overture,la_guaira,bdpm,max,5.7,0,0,18,19180,19198,nan,0.0,nan,0.0
overture,la_guaira,bdpm,max,5.8,0,0,18,19180,19198,nan,0.0,nan,0.0
overture,la_guaira,bdpm,max,5.9,0,0,18,19180,19198,nan,0.0,nan,0.0
overture,la_guaira,bdpm,max,6.0,0,0,18,19180,19198,nan,0.0,nan,0.0
overture,la_guaira,bdpm,p75,0.0,18,18338,0,842,19198,0.0009806057964698192,1.0,0.0019592903015130075,8.609327823827474e-05
overture,la_guaira,bdpm,p75,0.1,18,13583,0,5597,19198,0.0013234321005808397,1.0,0.002643365885894706,0.0007720948818822449
overture,la_guaira,bdpm,p75,0.2,17,8131,1,11049,19198,0.0020864015709376534,0.9444444444444444,0.004163605192260593,0.002296840811786605
overture,la_guaira,bdpm,p75,0.3,16,4731,2,14449,19198,0.0033705498209395408,0.8888888888888888,0.006715634837355719,0.00485659580193884
overture,la_guaira,bdpm,p75,0.4,14,2487,4,16693,19198,0.005597760895641743,0.7777777777777778,0.011115522032552599,0.009270986953602808
overture,la_guaira,bdpm,p75,0.5,9,1300,9,17880,19198,0.006875477463712758,0.5,0.01356443104747551,0.01173638115348814
overture,la_guaira,bdpm,p75,0.6,8,538,10,18642,19198,0.014652014652014652,0.4444444444444444,0.028368794326241134,0.026601737081072496
overture,la_guaira,bdpm,p75,0.7,4,176,14,19004,19198,0.022222222222222223,0.2222222222222222,0.04040404040404041,0.03876540164711114
overture,la_guaira,bdpm,p75,0.8,0,25,18,19155,19198,0.0,0.0,nan,-0.0010914197430606884
overture,la_guaira,bdpm,p75,0.9,0,0,18,19180,19198,nan,0.0,nan,0.0
overture,la_guaira,bdpm,p75,1.0,0,0,18,19180,19198,nan,0.0,nan,0.0
overture,la_guaira,bdpm,p75,1.1,0,0,18,19180,19198,nan,0.0,nan,0.0
overture,la_guaira,bdpm,p75,1.2,0,0,18,19180,19198,nan,0.0,nan,0.0
overture,la_guaira,bdpm,p75,1.3,0,0,18,19180,19198,nan,0.0,nan,0.0
overture,la_guaira,bdpm,p75,1.4,0,0,18,19180,19198,nan,0.0,nan,0.0
overture,la_guaira,bdpm,p75,1.5,0,0,18,19180,19198,nan,0.0,nan,0.0
overture,la_guaira,bdpm,p75,1.6,0,0,18,19180,19198,nan,0.0,nan,0.0
overture,la_guaira,bdpm,p75,1.7,0,0,18,19180,19198,nan,0.0,nan,0.0
overture,la_guaira,bdpm,p75,1.8,0,0,18,19180,19198,nan,0.0,nan,0.0
overture,la_guaira,bdpm,p75,1.9,0,0,18,19180,19198,nan,0.0,nan,0.0
overture,la_guaira,bdpm,p75,2.0,0,0,18,19180,19198,nan,0.0,nan,0.0
overture,la_guaira,bdpm,p75,2.1,0,0,18,19180,19198,nan,0.0,nan,0.0
overture,la_guaira,bdpm,p75,2.2,0,0,18,19180,19198,nan,0.0,nan,0.0
overture,la_guaira,bdpm,p75,2.3,0,0,18,19180,19198,nan,0.0,nan,0.0
overture,la_guaira,bdpm,p75,2.4,0,0,18,19180,19198,nan,0.0,nan,0.0
overture,la_guaira,bdpm,p75,2.5,0,0,18,19180,19198,nan,0.0,nan,0.0
overture,la_guaira,bdpm,p75,2.6,0,0,18,19180,19198,nan,0.0,nan,0.0
overture,la_guaira,bdpm,p75,2.7,0,0,18,19180,19198,nan,0.0,nan,0.0
overture,la_guaira,bdpm,p75,2.8,0,0,18,19180,19198,nan,0.0,nan,0.0
overture,la_guaira,bdpm,p75,2.9,0,0,18,19180,19198,nan,0.0,nan,0.0
overture,la_guaira,bdpm,p75,3.0,0,0,18,19180,19198,nan,0.0,nan,0.0
overture,la_guaira,bdpm,p75,3.1,0,0,18,19180,19198,nan,0.0,nan,0.0
overture,la_guaira,bdpm,p75,3.2,0,0,18,19180,19198,nan,0.0,nan,0.0
overture,la_guaira,bdpm,p75,3.3,0,0,18,19180,19198,nan,0.0,nan,0.0
overture,la_guaira,bdpm,p75,3.4,0,0,18,19180,19198,nan,0.0,nan,0.0
overture,la_guaira,bdpm,p75,3.5,0,0,18,19180,19198,nan,0.0,nan,0.0
overture,la_guaira,bdpm,p75,3.6,0,0,18,19180,19198,nan,0.0,nan,0.0
overture,la_guaira,bdpm,p75,3.7,0,0,18,19180,19198,nan,0.0,nan,0.0
overture,la_guaira,bdpm,p75,3.8,0,0,18,19180,19198,nan,0.0,nan,0.0
overture,la_guaira,bdpm,p75,3.9,0,0,18,19180,19198,nan,0.0,nan,0.0
overture,la_guaira,bdpm,p75,4.0,0,0,18,19180,19198,nan,0.0,nan,0.0
overture,la_guaira,bdpm,p75,4.1,0,0,18,19180,19198,nan,0.0,nan,0.0
overture,la_guaira,bdpm,p75,4.2,0,0,18,19180,19198,nan,0.0,nan,0.0
overture,la_guaira,bdpm,p75,4.3,0,0,18,19180,19198,nan,0.0,nan,0.0
overture,la_guaira,bdpm,p75,4.4,0,0,18,19180,19198,nan,0.0,nan,0.0
overture,la_guaira,bdpm,p75,4.5,0,0,18,19180,19198,nan,0.0,nan,0.0
overture,la_guaira,bdpm,p75,4.6,0,0,18,19180,19198,nan,0.0,nan,0.0
overture,la_guaira,bdpm,p75,4.7,0,0,18,19180,19198,nan,0.0,nan,0.0
overture,la_guaira,bdpm,p75,4.8,0,0,18,19180,19198,nan,0.0,nan,0.0
overture,la_guaira,bdpm,p75,4.9,0,0,18,19180,19198,nan,0.0,nan,0.0
overture,la_guaira,bdpm,p75,5.0,0,0,18,19180,19198,nan,0.0,nan,0.0
overture,la_guaira,bdpm,p75,5.1,0,0,18,19180,19198,nan,0.0,nan,0.0
overture,la_guaira,bdpm,p75,5.2,0,0,18,19180,19198,nan,0.0,nan,0.0
overture,la_guaira,bdpm,p75,5.3,0,0,18,19180,19198,nan,0.0,nan,0.0
overture,la_guaira,bdpm,p75,5.4,0,0,18,19180,19198,nan,0.0,nan,0.0
overture,la_guaira,bdpm,p75,5.5,0,0,18,19180,19198,nan,0.0,nan,0.0
overture,la_guaira,bdpm,p75,5.6,0,0,18,19180,19198,nan,0.0,nan,0.0
overture,la_guaira,bdpm,p75,5.7,0,0,18,19180,19198,nan,0.0,nan,0.0
overture,la_guaira,bdpm,p75,5.8,0,0,18,19180,19198,nan,0.0,nan,0.0
overture,la_guaira,bdpm,p75,5.9,0,0,18,19180,19198,nan,0.0,nan,0.0
overture,la_guaira,bdpm,p75,6.0,0,0,18,19180,19198,nan,0.0,nan,0.0
overture,la_guaira,bdpm,p90,0.0,18,18376,0,804,19198,0.0009785799717299119,1.0,0.0019552465783184876,8.203816729366826e-05
overture,la_guaira,bdpm,p90,0.1,18,13756,0,5424,19198,0.0013068099317554813,1.0,0.0026102088167053363,0.0007388444790794205
overture,la_guaira,bdpm,p90,0.2,17,8325,1,10855,19198,0.0020378806041716616,0.9444444444444444,0.004066985645933015,0.002199944257924426
overture,la_guaira,bdpm,p90,0.3,17,4917,1,14263,19198,0.003445480340494528,0.9444444444444444,0.006865912762520194,0.005006888333790597
overture,la_guaira,bdpm,p90,0.4,14,2595,4,16585,19198,0.005366040628593331,0.7777777777777778,0.010658545869813475,0.008812611366937305
overture,la_guaira,bdpm,p90,0.5,9,1385,9,17795,19198,0.006456241032998565,0.5,0.012747875354107648,0.010916794937219367
overture,la_guaira,bdpm,p90,0.6,8,570,10,18610,19198,0.01384083044982699,0.4444444444444444,0.02684563758389262,0.02507267187335862
overture,la_guaira,bdpm,p90,0.7,5,203,13,18977,19198,0.02403846153846154,0.2777777777777778,0.04424778761061947,0.04259545721105732
overture,la_guaira,bdpm,p90,0.8,1,30,17,19150,19198,0.03225806451612903,0.05555555555555555,0.04081632653061224,0.03967704925361506
overture,la_guaira,bdpm,p90,0.9,0,0,18,19180,19198,nan,0.0,nan,0.0
overture,la_guaira,bdpm,p90,1.0,0,0,18,19180,19198,nan,0.0,nan,0.0
overture,la_guaira,bdpm,p90,1.1,0,0,18,19180,19198,nan,0.0,nan,0.0
overture,la_guaira,bdpm,p90,1.2,0,0,18,19180,19198,nan,0.0,nan,0.0
overture,la_guaira,bdpm,p90,1.3,0,0,18,19180,19198,nan,0.0,nan,0.0
overture,la_guaira,bdpm,p90,1.4,0,0,18,19180,19198,nan,0.0,nan,0.0
overture,la_guaira,bdpm,p90,1.5,0,0,18,19180,19198,nan,0.0,nan,0.0
overture,la_guaira,bdpm,p90,1.6,0,0,18,19180,19198,nan,0.0,nan,0.0
overture,la_guaira,bdpm,p90,1.7,0,0,18,19180,19198,nan,0.0,nan,0.0
overture,la_guaira,bdpm,p90,1.8,0,0,18,19180,19198,nan,0.0,nan,0.0
overture,la_guaira,bdpm,p90,1.9,0,0,18,19180,19198,nan,0.0,nan,0.0
overture,la_guaira,bdpm,p90,2.0,0,0,18,19180,19198,nan,0.0,nan,0.0
overture,la_guaira,bdpm,p90,2.1,0,0,18,19180,19198,nan,0.0,nan,0.0
overture,la_guaira,bdpm,p90,2.2,0,0,18,19180,19198,nan,0.0,nan,0.0
overture,la_guaira,bdpm,p90,2.3,0,0,18,19180,19198,nan,0.0,nan,0.0
overture,la_guaira,bdpm,p90,2.4,0,0,18,19180,19198,nan,0.0,nan,0.0
overture,la_guaira,bdpm,p90,2.5,0,0,18,19180,19198,nan,0.0,nan,0.0
overture,la_guaira,bdpm,p90,2.6,0,0,18,19180,19198,nan,0.0,nan,0.0
overture,la_guaira,bdpm,p90,2.7,0,0,18,19180,19198,nan,0.0,nan,0.0
overture,la_guaira,bdpm,p90,2.8,0,0,18,19180,19198,nan,0.0,nan,0.0
overture,la_guaira,bdpm,p90,2.9,0,0,18,19180,19198,nan,0.0,nan,0.0
overture,la_guaira,bdpm,p90,3.0,0,0,18,19180,19198,nan,0.0,nan,0.0
overture,la_guaira,bdpm,p90,3.1,0,0,18,19180,19198,nan,0.0,nan,0.0
overture,la_guaira,bdpm,p90,3.2,0,0,18,19180,19198,nan,0.0,nan,0.0
overture,la_guaira,bdpm,p90,3.3,0,0,18,19180,19198,nan,0.0,nan,0.0
overture,la_guaira,bdpm,p90,3.4,0,0,18,19180,19198,nan,0.0,nan,0.0
overture,la_guaira,bdpm,p90,3.5,0,0,18,19180,19198,nan,0.0,nan,0.0
overture,la_guaira,bdpm,p90,3.6,0,0,18,19180,19198,nan,0.0,nan,0.0
overture,la_guaira,bdpm,p90,3.7,0,0,18,19180,19198,nan,0.0,nan,0.0
overture,la_guaira,bdpm,p90,3.8,0,0,18,19180,19198,nan,0.0,nan,0.0
overture,la_guaira,bdpm,p90,3.9,0,0,18,19180,19198,nan,0.0,nan,0.0
overture,la_guaira,bdpm,p90,4.0,0,0,18,19180,19198,nan,0.0,nan,0.0
overture,la_guaira,bdpm,p90,4.1,0,0,18,19180,19198,nan,0.0,nan,0.0
overture,la_guaira,bdpm,p90,4.2,0,0,18,19180,19198,nan,0.0,nan,0.0
overture,la_guaira,bdpm,p90,4.3,0,0,18,19180,19198,nan,0.0,nan,0.0
overture,la_guaira,bdpm,p90,4.4,0,0,18,19180,19198,nan,0.0,nan,0.0
overture,la_guaira,bdpm,p90,4.5,0,0,18,19180,19198,nan,0.0,nan,0.0
overture,la_guaira,bdpm,p90,4.6,0,0,18,19180,19198,nan,0.0,nan,0.0
overture,la_guaira,bdpm,p90,4.7,0,0,18,19180,19198,nan,0.0,nan,0.0
overture,la_guaira,bdpm,p90,4.8,0,0,18,19180,19198,nan,0.0,nan,0.0
overture,la_guaira,bdpm,p90,4.9,0,0,18,19180,19198,nan,0.0,nan,0.0
overture,la_guaira,bdpm,p90,5.0,0,0,18,19180,19198,nan,0.0,nan,0.0
overture,la_guaira,bdpm,p90,5.1,0,0,18,19180,19198,nan,0.0,nan,0.0
overture,la_guaira,bdpm,p90,5.2,0,0,18,19180,19198,nan,0.0,nan,0.0
overture,la_guaira,bdpm,p90,5.3,0,0,18,19180,19198,nan,0.0,nan,0.0
overture,la_guaira,bdpm,p90,5.4,0,0,18,19180,19198,nan,0.0,nan,0.0
overture,la_guaira,bdpm,p90,5.5,0,0,18,19180,19198,nan,0.0,nan,0.0
overture,la_guaira,bdpm,p90,5.6,0,0,18,19180,19198,nan,0.0,nan,0.0
overture,la_guaira,bdpm,p90,5.7,0,0,18,19180,19198,nan,0.0,nan,0.0
overture,la_guaira,bdpm,p90,5.8,0,0,18,19180,19198,nan,0.0,nan,0.0
overture,la_guaira,bdpm,p90,5.9,0,0,18,19180,19198,nan,0.0,nan,0.0
overture,la_guaira,bdpm,p90,6.0,0,0,18,19180,19198,nan,0.0,nan,0.0
overture,la_guaira,bdpm,frac50,0.0,18,18375,0,805,19198,0.000978633175664655,1.0,0.0019553527782304055,8.214466628133626e-05
overture,la_guaira,bdpm,frac50,0.1,18,13756,0,5424,19198,0.0013068099317554813,1.0,0.0026102088167053363,0.0007388444790794205
overture,la_guaira,bdpm,frac50,0.2,17,8306,1,10874,19198,0.002042532740598342,0.9444444444444444,0.004076249850137873,0.0022092350233423727
overture,la_guaira,bdpm,frac50,0.3,17,4909,1,14271,19198,0.003451075923670321,0.9444444444444444,0.006877022653721683,0.005018030015883482
overture,la_guaira,bdpm,frac50,0.4,14,2588,4,16592,19198,0.005380476556495004,0.7777777777777778,0.010687022900763359,0.008841175619490953
overture,la_guaira,bdpm,frac50,0.5,9,1374,9,17806,19198,0.006507592190889371,0.5,0.01284796573875803,0.011017256927411323
overture,la_guaira,bdpm,frac50,0.6,8,576,10,18604,19198,0.0136986301369863,0.4444444444444444,0.026578073089700997,0.024804068455289496
overture,la_guaira,bdpm,frac50,0.7,5,205,13,18975,19198,0.023809523809523808,0.2777777777777778,0.04385964912280701,0.0422053907191138
overture,la_guaira,bdpm,frac50,0.8,1,34,17,19146,19198,0.02857142857142857,0.05555555555555555,0.03773584905660377,0.03654276475691126
overture,la_guaira,bdpm,frac50,0.9,0,0,18,19180,19198,nan,0.0,nan,0.0
overture,la_guaira,bdpm,frac50,1.0,0,0,18,19180,19198,nan,0.0,nan,0.0
overture,la_guaira,bdpm,frac50,1.1,0,0,18,19180,19198,nan,0.0,nan,0.0
overture,la_guaira,bdpm,frac50,1.2,0,0,18,19180,19198,nan,0.0,nan,0.0
overture,la_guaira,bdpm,frac50,1.3,0,0,18,19180,19198,nan,0.0,nan,0.0
overture,la_guaira,bdpm,frac50,1.4,0,0,18,19180,19198,nan,0.0,nan,0.0
overture,la_guaira,bdpm,frac50,1.5,0,0,18,19180,19198,nan,0.0,nan,0.0
overture,la_guaira,bdpm,frac50,1.6,0,0,18,19180,19198,nan,0.0,nan,0.0
overture,la_guaira,bdpm,frac50,1.7,0,0,18,19180,19198,nan,0.0,nan,0.0
overture,la_guaira,bdpm,frac50,1.8,0,0,18,19180,19198,nan,0.0,nan,0.0
overture,la_guaira,bdpm,frac50,1.9,0,0,18,19180,19198,nan,0.0,nan,0.0
overture,la_guaira,bdpm,frac50,2.0,0,0,18,19180,19198,nan,0.0,nan,0.0
overture,la_guaira,bdpm,frac50,2.1,0,0,18,19180,19198,nan,0.0,nan,0.0
overture,la_guaira,bdpm,frac50,2.2,0,0,18,19180,19198,nan,0.0,nan,0.0
overture,la_guaira,bdpm,frac50,2.3,0,0,18,19180,19198,nan,0.0,nan,0.0
overture,la_guaira,bdpm,frac50,2.4,0,0,18,19180,19198,nan,0.0,nan,0.0
overture,la_guaira,bdpm,frac50,2.5,0,0,18,19180,19198,nan,0.0,nan,0.0
overture,la_guaira,bdpm,frac50,2.6,0,0,18,19180,19198,nan,0.0,nan,0.0
overture,la_guaira,bdpm,frac50,2.7,0,0,18,19180,19198,nan,0.0,nan,0.0
overture,la_guaira,bdpm,frac50,2.8,0,0,18,19180,19198,nan,0.0,nan,0.0
overture,la_guaira,bdpm,frac50,2.9,0,0,18,19180,19198,nan,0.0,nan,0.0
overture,la_guaira,bdpm,frac50,3.0,0,0,18,19180,19198,nan,0.0,nan,0.0
overture,la_guaira,bdpm,frac50,3.1,0,0,18,19180,19198,nan,0.0,nan,0.0
overture,la_guaira,bdpm,frac50,3.2,0,0,18,19180,19198,nan,0.0,nan,0.0
overture,la_guaira,bdpm,frac50,3.3,0,0,18,19180,19198,nan,0.0,nan,0.0
overture,la_guaira,bdpm,frac50,3.4,0,0,18,19180,19198,nan,0.0,nan,0.0
overture,la_guaira,bdpm,frac50,3.5,0,0,18,19180,19198,nan,0.0,nan,0.0
overture,la_guaira,bdpm,frac50,3.6,0,0,18,19180,19198,nan,0.0,nan,0.0
overture,la_guaira,bdpm,frac50,3.7,0,0,18,19180,19198,nan,0.0,nan,0.0
overture,la_guaira,bdpm,frac50,3.8,0,0,18,19180,19198,nan,0.0,nan,0.0
overture,la_guaira,bdpm,frac50,3.9,0,0,18,19180,19198,nan,0.0,nan,0.0
overture,la_guaira,bdpm,frac50,4.0,0,0,18,19180,19198,nan,0.0,nan,0.0
overture,la_guaira,bdpm,frac50,4.1,0,0,18,19180,19198,nan,0.0,nan,0.0
overture,la_guaira,bdpm,frac50,4.2,0,0,18,19180,19198,nan,0.0,nan,0.0
overture,la_guaira,bdpm,frac50,4.3,0,0,18,19180,19198,nan,0.0,nan,0.0
overture,la_guaira,bdpm,frac50,4.4,0,0,18,19180,19198,nan,0.0,nan,0.0
overture,la_guaira,bdpm,frac50,4.5,0,0,18,19180,19198,nan,0.0,nan,0.0
overture,la_guaira,bdpm,frac50,4.6,0,0,18,19180,19198,nan,0.0,nan,0.0
overture,la_guaira,bdpm,frac50,4.7,0,0,18,19180,19198,nan,0.0,nan,0.0
overture,la_guaira,bdpm,frac50,4.8,0,0,18,19180,19198,nan,0.0,nan,0.0
overture,la_guaira,bdpm,frac50,4.9,0,0,18,19180,19198,nan,0.0,nan,0.0
overture,la_guaira,bdpm,frac50,5.0,0,0,18,19180,19198,nan,0.0,nan,0.0
overture,la_guaira,bdpm,frac50,5.1,0,0,18,19180,19198,nan,0.0,nan,0.0
overture,la_guaira,bdpm,frac50,5.2,0,0,18,19180,19198,nan,0.0,nan,0.0
overture,la_guaira,bdpm,frac50,5.3,0,0,18,19180,19198,nan,0.0,nan,0.0
overture,la_guaira,bdpm,frac50,5.4,0,0,18,19180,19198,nan,0.0,nan,0.0
overture,la_guaira,bdpm,frac50,5.5,0,0,18,19180,19198,nan,0.0,nan,0.0
overture,la_guaira,bdpm,frac50,5.6,0,0,18,19180,19198,nan,0.0,nan,0.0
overture,la_guaira,bdpm,frac50,5.7,0,0,18,19180,19198,nan,0.0,nan,0.0
overture,la_guaira,bdpm,frac50,5.8,0,0,18,19180,19198,nan,0.0,nan,0.0
overture,la_guaira,bdpm,frac50,5.9,0,0,18,19180,19198,nan,0.0,nan,0.0
overture,la_guaira,bdpm,frac50,6.0,0,0,18,19180,19198,nan,0.0,nan,0.0
overture,catia_la_mar,bdpm,mean,0.0,186,30033,0,3010,33229,0.006155068003573911,1.0,0.012234829797730636,0.0011207440496152664
overture,catia_la_mar,bdpm,mean,0.1,186,25520,0,7523,33229,0.007235664825332607,1.0,0.014367372161285337,0.0032893127989791606
overture,catia_la_mar,bdpm,mean,0.2,185,21163,1,11880,33229,0.008665917181937419,0.9946236559139785,0.01718213058419244,0.00615206503825693
overture,catia_la_mar,bdpm,mean,0.3,184,17578,2,15465,33229,0.010359193784483729,0.989247311827957,0.02050367728994874,0.009530239807335786
overture,catia_la_mar,bdpm,mean,0.4,181,14916,5,18127,33229,0.011989136914618798,0.9731182795698925,0.023686448995616047,0.01276886470148842
overture,catia_la_mar,bdpm,mean,0.5,176,12275,10,20768,33229,0.014135410810376677,0.946236559139785,0.027854712352615336,0.017012096044813477
overture,catia_la_mar,bdpm,mean,0.6,126,8922,60,24121,33229,0.013925729442970823,0.6774193548387096,0.027290448343079927,0.016501927549981327
overture,catia_la_mar,bdpm,mean,0.7,75,4106,111,28937,33229,0.01793829227457546,0.4032258064516129,0.03434852301351042,0.023886322432690867
overture,catia_la_mar,bdpm,mean,0.8,12,552,174,32491,33229,0.02127659574468085,0.06451612903225806,0.032,0.023781538496646736
overture,catia_la_mar,bdpm,mean,0.9,0,1,186,33042,33229,0.0,0.0,nan,-5.9870110843356426e-05
overture,catia_la_mar,bdpm,mean,1.0,0,0,186,33043,33229,nan,0.0,nan,0.0
overture,catia_la_mar,bdpm,mean,1.1,0,0,186,33043,33229,nan,0.0,nan,0.0
overture,catia_la_mar,bdpm,mean,1.2,0,0,186,33043,33229,nan,0.0,nan,0.0
overture,catia_la_mar,bdpm,mean,1.3,0,0,186,33043,33229,nan,0.0,nan,0.0
overture,catia_la_mar,bdpm,mean,1.4,0,0,186,33043,33229,nan,0.0,nan,0.0
overture,catia_la_mar,bdpm,mean,1.5,0,0,186,33043,33229,nan,0.0,nan,0.0
overture,catia_la_mar,bdpm,mean,1.6,0,0,186,33043,33229,nan,0.0,nan,0.0
overture,catia_la_mar,bdpm,mean,1.7,0,0,186,33043,33229,nan,0.0,nan,0.0
overture,catia_la_mar,bdpm,mean,1.8,0,0,186,33043,33229,nan,0.0,nan,0.0
overture,catia_la_mar,bdpm,mean,1.9,0,0,186,33043,33229,nan,0.0,nan,0.0
overture,catia_la_mar,bdpm,mean,2.0,0,0,186,33043,33229,nan,0.0,nan,0.0
overture,catia_la_mar,bdpm,mean,2.1,0,0,186,33043,33229,nan,0.0,nan,0.0
overture,catia_la_mar,bdpm,mean,2.2,0,0,186,33043,33229,nan,0.0,nan,0.0
overture,catia_la_mar,bdpm,mean,2.3,0,0,186,33043,33229,nan,0.0,nan,0.0
overture,catia_la_mar,bdpm,mean,2.4,0,0,186,33043,33229,nan,0.0,nan,0.0
overture,catia_la_mar,bdpm,mean,2.5,0,0,186,33043,33229,nan,0.0,nan,0.0
overture,catia_la_mar,bdpm,mean,2.6,0,0,186,33043,33229,nan,0.0,nan,0.0
overture,catia_la_mar,bdpm,mean,2.7,0,0,186,33043,33229,nan,0.0,nan,0.0
overture,catia_la_mar,bdpm,mean,2.8,0,0,186,33043,33229,nan,0.0,nan,0.0
overture,catia_la_mar,bdpm,mean,2.9,0,0,186,33043,33229,nan,0.0,nan,0.0
overture,catia_la_mar,bdpm,mean,3.0,0,0,186,33043,33229,nan,0.0,nan,0.0
overture,catia_la_mar,bdpm,mean,3.1,0,0,186,33043,33229,nan,0.0,nan,0.0
overture,catia_la_mar,bdpm,mean,3.2,0,0,186,33043,33229,nan,0.0,nan,0.0
overture,catia_la_mar,bdpm,mean,3.3,0,0,186,33043,33229,nan,0.0,nan,0.0
overture,catia_la_mar,bdpm,mean,3.4,0,0,186,33043,33229,nan,0.0,nan,0.0
overture,catia_la_mar,bdpm,mean,3.5,0,0,186,33043,33229,nan,0.0,nan,0.0
overture,catia_la_mar,bdpm,mean,3.6,0,0,186,33043,33229,nan,0.0,nan,0.0
overture,catia_la_mar,bdpm,mean,3.7,0,0,186,33043,33229,nan,0.0,nan,0.0
overture,catia_la_mar,bdpm,mean,3.8,0,0,186,33043,33229,nan,0.0,nan,0.0
overture,catia_la_mar,bdpm,mean,3.9,0,0,186,33043,33229,nan,0.0,nan,0.0
overture,catia_la_mar,bdpm,mean,4.0,0,0,186,33043,33229,nan,0.0,nan,0.0
overture,catia_la_mar,bdpm,mean,4.1,0,0,186,33043,33229,nan,0.0,nan,0.0
overture,catia_la_mar,bdpm,mean,4.2,0,0,186,33043,33229,nan,0.0,nan,0.0
overture,catia_la_mar,bdpm,mean,4.3,0,0,186,33043,33229,nan,0.0,nan,0.0
overture,catia_la_mar,bdpm,mean,4.4,0,0,186,33043,33229,nan,0.0,nan,0.0
overture,catia_la_mar,bdpm,mean,4.5,0,0,186,33043,33229,nan,0.0,nan,0.0
overture,catia_la_mar,bdpm,mean,4.6,0,0,186,33043,33229,nan,0.0,nan,0.0
overture,catia_la_mar,bdpm,mean,4.7,0,0,186,33043,33229,nan,0.0,nan,0.0
overture,catia_la_mar,bdpm,mean,4.8,0,0,186,33043,33229,nan,0.0,nan,0.0
overture,catia_la_mar,bdpm,mean,4.9,0,0,186,33043,33229,nan,0.0,nan,0.0
overture,catia_la_mar,bdpm,mean,5.0,0,0,186,33043,33229,nan,0.0,nan,0.0
overture,catia_la_mar,bdpm,mean,5.1,0,0,186,33043,33229,nan,0.0,nan,0.0
overture,catia_la_mar,bdpm,mean,5.2,0,0,186,33043,33229,nan,0.0,nan,0.0
overture,catia_la_mar,bdpm,mean,5.3,0,0,186,33043,33229,nan,0.0,nan,0.0
overture,catia_la_mar,bdpm,mean,5.4,0,0,186,33043,33229,nan,0.0,nan,0.0
overture,catia_la_mar,bdpm,mean,5.5,0,0,186,33043,33229,nan,0.0,nan,0.0
overture,catia_la_mar,bdpm,mean,5.6,0,0,186,33043,33229,nan,0.0,nan,0.0
overture,catia_la_mar,bdpm,mean,5.7,0,0,186,33043,33229,nan,0.0,nan,0.0
overture,catia_la_mar,bdpm,mean,5.8,0,0,186,33043,33229,nan,0.0,nan,0.0
overture,catia_la_mar,bdpm,mean,5.9,0,0,186,33043,33229,nan,0.0,nan,0.0
overture,catia_la_mar,bdpm,mean,6.0,0,0,186,33043,33229,nan,0.0,nan,0.0
overture,catia_la_mar,bdpm,max,0.0,186,30409,0,2634,33229,0.006079424742605001,1.0,0.012085377343166238,0.0009687648371615369
overture,catia_la_mar,bdpm,max,0.1,186,26099,0,6944,33229,0.007076279246718661,1.0,0.014053114729326431,0.0029697497066999735
overture,catia_la_mar,bdpm,max,0.2,186,21908,0,11135,33229,0.00841857517878157,1.0,0.016696588868940758,0.005657818617925637
overture,catia_la_mar,bdpm,max,0.3,185,18161,1,14882,33229,0.01008394200370653,0.9946236559139785,0.019965465141377082,0.008982334181286994
overture,catia_la_mar,bdpm,max,0.4,183,15464,3,17579,33229,0.011695532689972518,0.9838709677419355,0.023116276132129097,0.01218758838331017
overture,catia_la_mar,bdpm,max,0.5,178,12826,8,20217,33229,0.013688095970470625,0.956989247311828,0.026990144048521608,0.01613101223227866
overture,catia_la_mar,bdpm,max,0.6,149,9776,37,23267,33229,0.015012594458438288,0.8010752688172043,0.029472851350014838,0.01868912935894939
overture,catia_la_mar,bdpm,max,0.7,94,5126,92,27917,33229,0.01800766283524904,0.5053763440860215,0.03477617462079171,0.02422821678514207
overture,catia_la_mar,bdpm,max,0.8,26,1012,160,32031,33229,0.025048169556840076,0.13978494623655913,0.04248366013071895,0.033306028670887285
overture,catia_la_mar,bdpm,max,0.9,0,4,186,33039,33229,0.0,0.0,nan,-0.000235740623228796
overture,catia_la_mar,bdpm,max,1.0,0,0,186,33043,33229,nan,0.0,nan,0.0
overture,catia_la_mar,bdpm,max,1.1,0,0,186,33043,33229,nan,0.0,nan,0.0
overture,catia_la_mar,bdpm,max,1.2,0,0,186,33043,33229,nan,0.0,nan,0.0
overture,catia_la_mar,bdpm,max,1.3,0,0,186,33043,33229,nan,0.0,nan,0.0
overture,catia_la_mar,bdpm,max,1.4,0,0,186,33043,33229,nan,0.0,nan,0.0
overture,catia_la_mar,bdpm,max,1.5,0,0,186,33043,33229,nan,0.0,nan,0.0
overture,catia_la_mar,bdpm,max,1.6,0,0,186,33043,33229,nan,0.0,nan,0.0
overture,catia_la_mar,bdpm,max,1.7,0,0,186,33043,33229,nan,0.0,nan,0.0
overture,catia_la_mar,bdpm,max,1.8,0,0,186,33043,33229,nan,0.0,nan,0.0
overture,catia_la_mar,bdpm,max,1.9,0,0,186,33043,33229,nan,0.0,nan,0.0
overture,catia_la_mar,bdpm,max,2.0,0,0,186,33043,33229,nan,0.0,nan,0.0
overture,catia_la_mar,bdpm,max,2.1,0,0,186,33043,33229,nan,0.0,nan,0.0
overture,catia_la_mar,bdpm,max,2.2,0,0,186,33043,33229,nan,0.0,nan,0.0
overture,catia_la_mar,bdpm,max,2.3,0,0,186,33043,33229,nan,0.0,nan,0.0
overture,catia_la_mar,bdpm,max,2.4,0,0,186,33043,33229,nan,0.0,nan,0.0
overture,catia_la_mar,bdpm,max,2.5,0,0,186,33043,33229,nan,0.0,nan,0.0
overture,catia_la_mar,bdpm,max,2.6,0,0,186,33043,33229,nan,0.0,nan,0.0
overture,catia_la_mar,bdpm,max,2.7,0,0,186,33043,33229,nan,0.0,nan,0.0
overture,catia_la_mar,bdpm,max,2.8,0,0,186,33043,33229,nan,0.0,nan,0.0
overture,catia_la_mar,bdpm,max,2.9,0,0,186,33043,33229,nan,0.0,nan,0.0
overture,catia_la_mar,bdpm,max,3.0,0,0,186,33043,33229,nan,0.0,nan,0.0
overture,catia_la_mar,bdpm,max,3.1,0,0,186,33043,33229,nan,0.0,nan,0.0
overture,catia_la_mar,bdpm,max,3.2,0,0,186,33043,33229,nan,0.0,nan,0.0
overture,catia_la_mar,bdpm,max,3.3,0,0,186,33043,33229,nan,0.0,nan,0.0
overture,catia_la_mar,bdpm,max,3.4,0,0,186,33043,33229,nan,0.0,nan,0.0
overture,catia_la_mar,bdpm,max,3.5,0,0,186,33043,33229,nan,0.0,nan,0.0
overture,catia_la_mar,bdpm,max,3.6,0,0,186,33043,33229,nan,0.0,nan,0.0
overture,catia_la_mar,bdpm,max,3.7,0,0,186,33043,33229,nan,0.0,nan,0.0
overture,catia_la_mar,bdpm,max,3.8,0,0,186,33043,33229,nan,0.0,nan,0.0
overture,catia_la_mar,bdpm,max,3.9,0,0,186,33043,33229,nan,0.0,nan,0.0
overture,catia_la_mar,bdpm,max,4.0,0,0,186,33043,33229,nan,0.0,nan,0.0
overture,catia_la_mar,bdpm,max,4.1,0,0,186,33043,33229,nan,0.0,nan,0.0
overture,catia_la_mar,bdpm,max,4.2,0,0,186,33043,33229,nan,0.0,nan,0.0
overture,catia_la_mar,bdpm,max,4.3,0,0,186,33043,33229,nan,0.0,nan,0.0
overture,catia_la_mar,bdpm,max,4.4,0,0,186,33043,33229,nan,0.0,nan,0.0
overture,catia_la_mar,bdpm,max,4.5,0,0,186,33043,33229,nan,0.0,nan,0.0
overture,catia_la_mar,bdpm,max,4.6,0,0,186,33043,33229,nan,0.0,nan,0.0
overture,catia_la_mar,bdpm,max,4.7,0,0,186,33043,33229,nan,0.0,nan,0.0
overture,catia_la_mar,bdpm,max,4.8,0,0,186,33043,33229,nan,0.0,nan,0.0
overture,catia_la_mar,bdpm,max,4.9,0,0,186,33043,33229,nan,0.0,nan,0.0
overture,catia_la_mar,bdpm,max,5.0,0,0,186,33043,33229,nan,0.0,nan,0.0
overture,catia_la_mar,bdpm,max,5.1,0,0,186,33043,33229,nan,0.0,nan,0.0
overture,catia_la_mar,bdpm,max,5.2,0,0,186,33043,33229,nan,0.0,nan,0.0
overture,catia_la_mar,bdpm,max,5.3,0,0,186,33043,33229,nan,0.0,nan,0.0
overture,catia_la_mar,bdpm,max,5.4,0,0,186,33043,33229,nan,0.0,nan,0.0
overture,catia_la_mar,bdpm,max,5.5,0,0,186,33043,33229,nan,0.0,nan,0.0
overture,catia_la_mar,bdpm,max,5.6,0,0,186,33043,33229,nan,0.0,nan,0.0
overture,catia_la_mar,bdpm,max,5.7,0,0,186,33043,33229,nan,0.0,nan,0.0
overture,catia_la_mar,bdpm,max,5.8,0,0,186,33043,33229,nan,0.0,nan,0.0
overture,catia_la_mar,bdpm,max,5.9,0,0,186,33043,33229,nan,0.0,nan,0.0
overture,catia_la_mar,bdpm,max,6.0,0,0,186,33043,33229,nan,0.0,nan,0.0
overture,catia_la_mar,bdpm,p75,0.0,186,30271,0,2772,33229,0.006106970482975999,1.0,0.012139803544039424,0.0010241112389249257
overture,catia_la_mar,bdpm,p75,0.1,186,25807,0,7236,33229,0.007155772708036779,1.0,0.014209862867183622,0.003129144391465416
overture,catia_la_mar,bdpm,p75,0.2,186,21541,0,11502,33229,0.008560776913517743,1.0,0.01697622415917492,0.005942166583259987
overture,catia_la_mar,bdpm,p75,0.3,185,17892,1,15151,33229,0.010233999004259557,0.9946236559139785,0.02025954114877074,0.009281363872463793
overture,catia_la_mar,bdpm,p75,0.4,182,15188,4,17855,33229,0.01184124918672739,0.978494623655914,0.023399331447672925,0.012476148817497453
overture,catia_la_mar,bdpm,p75,0.5,178,12553,8,20490,33229,0.013981619668525645,0.956989247311828,0.027560579081830145,0.016711130906587903
overture,catia_la_mar,bdpm,p75,0.6,141,9373,45,23670,33229,0.014820264872819004,0.7580645161290323,0.029072164948453612,0.018292652399056163
overture,catia_la_mar,bdpm,p75,0.7,85,4600,101,28443,33229,0.01814300960512273,0.45698924731182794,0.0349004311229727,0.02439555576454289
overture,catia_la_mar,bdpm,p75,0.8,18,725,168,32318,33229,0.024226110363391656,0.0967741935483871,0.038751345532831,0.030066931223110844
overture,catia_la_mar,bdpm,p75,0.9,0,1,186,33042,33229,0.0,0.0,nan,-5.9870110843356426e-05
overture,catia_la_mar,bdpm,p75,1.0,0,0,186,33043,33229,nan,0.0,nan,0.0
overture,catia_la_mar,bdpm,p75,1.1,0,0,186,33043,33229,nan,0.0,nan,0.0
overture,catia_la_mar,bdpm,p75,1.2,0,0,186,33043,33229,nan,0.0,nan,0.0
overture,catia_la_mar,bdpm,p75,1.3,0,0,186,33043,33229,nan,0.0,nan,0.0
overture,catia_la_mar,bdpm,p75,1.4,0,0,186,33043,33229,nan,0.0,nan,0.0
overture,catia_la_mar,bdpm,p75,1.5,0,0,186,33043,33229,nan,0.0,nan,0.0
overture,catia_la_mar,bdpm,p75,1.6,0,0,186,33043,33229,nan,0.0,nan,0.0
overture,catia_la_mar,bdpm,p75,1.7,0,0,186,33043,33229,nan,0.0,nan,0.0
overture,catia_la_mar,bdpm,p75,1.8,0,0,186,33043,33229,nan,0.0,nan,0.0
overture,catia_la_mar,bdpm,p75,1.9,0,0,186,33043,33229,nan,0.0,nan,0.0
overture,catia_la_mar,bdpm,p75,2.0,0,0,186,33043,33229,nan,0.0,nan,0.0
overture,catia_la_mar,bdpm,p75,2.1,0,0,186,33043,33229,nan,0.0,nan,0.0
overture,catia_la_mar,bdpm,p75,2.2,0,0,186,33043,33229,nan,0.0,nan,0.0
overture,catia_la_mar,bdpm,p75,2.3,0,0,186,33043,33229,nan,0.0,nan,0.0
overture,catia_la_mar,bdpm,p75,2.4,0,0,186,33043,33229,nan,0.0,nan,0.0
overture,catia_la_mar,bdpm,p75,2.5,0,0,186,33043,33229,nan,0.0,nan,0.0
overture,catia_la_mar,bdpm,p75,2.6,0,0,186,33043,33229,nan,0.0,nan,0.0
overture,catia_la_mar,bdpm,p75,2.7,0,0,186,33043,33229,nan,0.0,nan,0.0
overture,catia_la_mar,bdpm,p75,2.8,0,0,186,33043,33229,nan,0.0,nan,0.0
overture,catia_la_mar,bdpm,p75,2.9,0,0,186,33043,33229,nan,0.0,nan,0.0
overture,catia_la_mar,bdpm,p75,3.0,0,0,186,33043,33229,nan,0.0,nan,0.0
overture,catia_la_mar,bdpm,p75,3.1,0,0,186,33043,33229,nan,0.0,nan,0.0
overture,catia_la_mar,bdpm,p75,3.2,0,0,186,33043,33229,nan,0.0,nan,0.0
overture,catia_la_mar,bdpm,p75,3.3,0,0,186,33043,33229,nan,0.0,nan,0.0
overture,catia_la_mar,bdpm,p75,3.4,0,0,186,33043,33229,nan,0.0,nan,0.0
overture,catia_la_mar,bdpm,p75,3.5,0,0,186,33043,33229,nan,0.0,nan,0.0
overture,catia_la_mar,bdpm,p75,3.6,0,0,186,33043,33229,nan,0.0,nan,0.0
overture,catia_la_mar,bdpm,p75,3.7,0,0,186,33043,33229,nan,0.0,nan,0.0
overture,catia_la_mar,bdpm,p75,3.8,0,0,186,33043,33229,nan,0.0,nan,0.0
overture,catia_la_mar,bdpm,p75,3.9,0,0,186,33043,33229,nan,0.0,nan,0.0
overture,catia_la_mar,bdpm,p75,4.0,0,0,186,33043,33229,nan,0.0,nan,0.0
overture,catia_la_mar,bdpm,p75,4.1,0,0,186,33043,33229,nan,0.0,nan,0.0
overture,catia_la_mar,bdpm,p75,4.2,0,0,186,33043,33229,nan,0.0,nan,0.0
overture,catia_la_mar,bdpm,p75,4.3,0,0,186,33043,33229,nan,0.0,nan,0.0
overture,catia_la_mar,bdpm,p75,4.4,0,0,186,33043,33229,nan,0.0,nan,0.0
overture,catia_la_mar,bdpm,p75,4.5,0,0,186,33043,33229,nan,0.0,nan,0.0
overture,catia_la_mar,bdpm,p75,4.6,0,0,186,33043,33229,nan,0.0,nan,0.0
overture,catia_la_mar,bdpm,p75,4.7,0,0,186,33043,33229,nan,0.0,nan,0.0
overture,catia_la_mar,bdpm,p75,4.8,0,0,186,33043,33229,nan,0.0,nan,0.0
overture,catia_la_mar,bdpm,p75,4.9,0,0,186,33043,33229,nan,0.0,nan,0.0
overture,catia_la_mar,bdpm,p75,5.0,0,0,186,33043,33229,nan,0.0,nan,0.0
overture,catia_la_mar,bdpm,p75,5.1,0,0,186,33043,33229,nan,0.0,nan,0.0
overture,catia_la_mar,bdpm,p75,5.2,0,0,186,33043,33229,nan,0.0,nan,0.0
overture,catia_la_mar,bdpm,p75,5.3,0,0,186,33043,33229,nan,0.0,nan,0.0
overture,catia_la_mar,bdpm,p75,5.4,0,0,186,33043,33229,nan,0.0,nan,0.0
overture,catia_la_mar,bdpm,p75,5.5,0,0,186,33043,33229,nan,0.0,nan,0.0
overture,catia_la_mar,bdpm,p75,5.6,0,0,186,33043,33229,nan,0.0,nan,0.0
overture,catia_la_mar,bdpm,p75,5.7,0,0,186,33043,33229,nan,0.0,nan,0.0
overture,catia_la_mar,bdpm,p75,5.8,0,0,186,33043,33229,nan,0.0,nan,0.0
overture,catia_la_mar,bdpm,p75,5.9,0,0,186,33043,33229,nan,0.0,nan,0.0
overture,catia_la_mar,bdpm,p75,6.0,0,0,186,33043,33229,nan,0.0,nan,0.0
overture,catia_la_mar,bdpm,p90,0.0,186,30362,0,2681,33229,0.006088778316092706,1.0,0.012103858918461637,0.0009875588900852051
overture,catia_la_mar,bdpm,p90,0.1,186,25991,0,7052,33229,0.0071054742713068724,1.0,0.014110685430337975,0.003028292468460767
overture,catia_la_mar,bdpm,p90,0.2,186,21785,0,11258,33229,0.008465704792681262,1.0,0.016789276526605588,0.00575206843430511
overture,catia_la_mar,bdpm,p90,0.3,185,18051,1,14992,33229,0.010144768589602983,0.9946236559139785,0.02008468135924438,0.009103558706206707
overture,catia_la_mar,bdpm,p90,0.4,183,15362,3,17681,33229,0.011772274043100675,0.9838709677419355,0.02326616235458648,0.012340003071791401
overture,catia_la_mar,bdpm,p90,0.5,178,12729,8,20314,33229,0.013790966142403348,0.956989247311828,0.02719010158099748,0.01633436466691984
overture,catia_la_mar,bdpm,p90,0.6,145,9630,41,23413,33229,0.014833759590792838,0.7795698924731183,0.02911354281698625,0.018328906683134607
overture,catia_la_mar,bdpm,p90,0.7,88,4927,98,28116,33229,0.017547357926221335,0.4731182795698925,0.033839646221880404,0.02329644438924506
overture,catia_la_mar,bdpm,p90,0.8,24,853,162,32190,33229,0.027366020524515394,0.12903225806451613,0.045155221072436504,0.03625389660352439
overture,catia_la_mar,bdpm,p90,0.9,0,2,186,33041,33229,0.0,0.0,nan,-0.00011911036086186227
overture,catia_la_mar,bdpm,p90,1.0,0,0,186,33043,33229,nan,0.0,nan,0.0
overture,catia_la_mar,bdpm,p90,1.1,0,0,186,33043,33229,nan,0.0,nan,0.0
overture,catia_la_mar,bdpm,p90,1.2,0,0,186,33043,33229,nan,0.0,nan,0.0
overture,catia_la_mar,bdpm,p90,1.3,0,0,186,33043,33229,nan,0.0,nan,0.0
overture,catia_la_mar,bdpm,p90,1.4,0,0,186,33043,33229,nan,0.0,nan,0.0
overture,catia_la_mar,bdpm,p90,1.5,0,0,186,33043,33229,nan,0.0,nan,0.0
overture,catia_la_mar,bdpm,p90,1.6,0,0,186,33043,33229,nan,0.0,nan,0.0
overture,catia_la_mar,bdpm,p90,1.7,0,0,186,33043,33229,nan,0.0,nan,0.0
overture,catia_la_mar,bdpm,p90,1.8,0,0,186,33043,33229,nan,0.0,nan,0.0
overture,catia_la_mar,bdpm,p90,1.9,0,0,186,33043,33229,nan,0.0,nan,0.0
overture,catia_la_mar,bdpm,p90,2.0,0,0,186,33043,33229,nan,0.0,nan,0.0
overture,catia_la_mar,bdpm,p90,2.1,0,0,186,33043,33229,nan,0.0,nan,0.0
overture,catia_la_mar,bdpm,p90,2.2,0,0,186,33043,33229,nan,0.0,nan,0.0
overture,catia_la_mar,bdpm,p90,2.3,0,0,186,33043,33229,nan,0.0,nan,0.0
overture,catia_la_mar,bdpm,p90,2.4,0,0,186,33043,33229,nan,0.0,nan,0.0
overture,catia_la_mar,bdpm,p90,2.5,0,0,186,33043,33229,nan,0.0,nan,0.0
overture,catia_la_mar,bdpm,p90,2.6,0,0,186,33043,33229,nan,0.0,nan,0.0
overture,catia_la_mar,bdpm,p90,2.7,0,0,186,33043,33229,nan,0.0,nan,0.0
overture,catia_la_mar,bdpm,p90,2.8,0,0,186,33043,33229,nan,0.0,nan,0.0
overture,catia_la_mar,bdpm,p90,2.9,0,0,186,33043,33229,nan,0.0,nan,0.0
overture,catia_la_mar,bdpm,p90,3.0,0,0,186,33043,33229,nan,0.0,nan,0.0
overture,catia_la_mar,bdpm,p90,3.1,0,0,186,33043,33229,nan,0.0,nan,0.0
overture,catia_la_mar,bdpm,p90,3.2,0,0,186,33043,33229,nan,0.0,nan,0.0
overture,catia_la_mar,bdpm,p90,3.3,0,0,186,33043,33229,nan,0.0,nan,0.0
overture,catia_la_mar,bdpm,p90,3.4,0,0,186,33043,33229,nan,0.0,nan,0.0
overture,catia_la_mar,bdpm,p90,3.5,0,0,186,33043,33229,nan,0.0,nan,0.0
overture,catia_la_mar,bdpm,p90,3.6,0,0,186,33043,33229,nan,0.0,nan,0.0
overture,catia_la_mar,bdpm,p90,3.7,0,0,186,33043,33229,nan,0.0,nan,0.0
overture,catia_la_mar,bdpm,p90,3.8,0,0,186,33043,33229,nan,0.0,nan,0.0
overture,catia_la_mar,bdpm,p90,3.9,0,0,186,33043,33229,nan,0.0,nan,0.0
overture,catia_la_mar,bdpm,p90,4.0,0,0,186,33043,33229,nan,0.0,nan,0.0
overture,catia_la_mar,bdpm,p90,4.1,0,0,186,33043,33229,nan,0.0,nan,0.0
overture,catia_la_mar,bdpm,p90,4.2,0,0,186,33043,33229,nan,0.0,nan,0.0
overture,catia_la_mar,bdpm,p90,4.3,0,0,186,33043,33229,nan,0.0,nan,0.0
overture,catia_la_mar,bdpm,p90,4.4,0,0,186,33043,33229,nan,0.0,nan,0.0
overture,catia_la_mar,bdpm,p90,4.5,0,0,186,33043,33229,nan,0.0,nan,0.0
overture,catia_la_mar,bdpm,p90,4.6,0,0,186,33043,33229,nan,0.0,nan,0.0
overture,catia_la_mar,bdpm,p90,4.7,0,0,186,33043,33229,nan,0.0,nan,0.0
overture,catia_la_mar,bdpm,p90,4.8,0,0,186,33043,33229,nan,0.0,nan,0.0
overture,catia_la_mar,bdpm,p90,4.9,0,0,186,33043,33229,nan,0.0,nan,0.0
overture,catia_la_mar,bdpm,p90,5.0,0,0,186,33043,33229,nan,0.0,nan,0.0
overture,catia_la_mar,bdpm,p90,5.1,0,0,186,33043,33229,nan,0.0,nan,0.0
overture,catia_la_mar,bdpm,p90,5.2,0,0,186,33043,33229,nan,0.0,nan,0.0
overture,catia_la_mar,bdpm,p90,5.3,0,0,186,33043,33229,nan,0.0,nan,0.0
overture,catia_la_mar,bdpm,p90,5.4,0,0,186,33043,33229,nan,0.0,nan,0.0
overture,catia_la_mar,bdpm,p90,5.5,0,0,186,33043,33229,nan,0.0,nan,0.0
overture,catia_la_mar,bdpm,p90,5.6,0,0,186,33043,33229,nan,0.0,nan,0.0
overture,catia_la_mar,bdpm,p90,5.7,0,0,186,33043,33229,nan,0.0,nan,0.0
overture,catia_la_mar,bdpm,p90,5.8,0,0,186,33043,33229,nan,0.0,nan,0.0
overture,catia_la_mar,bdpm,p90,5.9,0,0,186,33043,33229,nan,0.0,nan,0.0
overture,catia_la_mar,bdpm,p90,6.0,0,0,186,33043,33229,nan,0.0,nan,0.0
overture,catia_la_mar,bdpm,frac50,0.0,186,30357,0,2686,33229,0.006089775071211079,1.0,0.012105828370594552,0.00098956164054016
overture,catia_la_mar,bdpm,frac50,0.1,186,25977,0,7066,33229,0.00710927645912166,1.0,0.014118182853239212,0.0030359164798650137
overture,catia_la_mar,bdpm,frac50,0.2,185,21735,1,11308,33229,0.00843978102189781,0.9946236559139785,0.016737537320184563,0.0056999664185058635
overture,catia_la_mar,bdpm,frac50,0.3,185,18034,1,15009,33229,0.010154234590262913,0.9946236559139785,0.020103232817169248,0.009122422665746796
overture,catia_la_mar,bdpm,frac50,0.4,182,15332,4,17711,33229,0.011731339435348717,0.978494623655914,0.023184713375796178,0.01225790401739979
overture,catia_la_mar,bdpm,frac50,0.5,177,12699,9,20344,33229,0.01374650512581547,0.9516129032258065,0.027101515847496552,0.016245165846414698
overture,catia_la_mar,bdpm,frac50,0.6,136,9585,50,23458,33229,0.013990330212941056,0.7311827956989247,0.02745533461189058,0.0166534119507919
overture,catia_la_mar,bdpm,frac50,0.7,87,4854,99,28189,33229,0.017607771706132362,0.46774193548387094,0.03393797542422469,0.023401551529143277
overture,catia_la_mar,bdpm,frac50,0.8,18,882,168,32161,33229,0.02,0.0967741935483871,0.03314917127071823,0.02409505913168986
overture,catia_la_mar,bdpm,frac50,0.9,0,3,186,33040,33229,0.0,0.0,nan,-0.00017773063775583417
overture,catia_la_mar,bdpm,frac50,1.0,0,0,186,33043,33229,nan,0.0,nan,0.0
overture,catia_la_mar,bdpm,frac50,1.1,0,0,186,33043,33229,nan,0.0,nan,0.0
overture,catia_la_mar,bdpm,frac50,1.2,0,0,186,33043,33229,nan,0.0,nan,0.0
overture,catia_la_mar,bdpm,frac50,1.3,0,0,186,33043,33229,nan,0.0,nan,0.0
overture,catia_la_mar,bdpm,frac50,1.4,0,0,186,33043,33229,nan,0.0,nan,0.0
overture,catia_la_mar,bdpm,frac50,1.5,0,0,186,33043,33229,nan,0.0,nan,0.0
overture,catia_la_mar,bdpm,frac50,1.6,0,0,186,33043,33229,nan,0.0,nan,0.0
overture,catia_la_mar,bdpm,frac50,1.7,0,0,186,33043,33229,nan,0.0,nan,0.0
overture,catia_la_mar,bdpm,frac50,1.8,0,0,186,33043,33229,nan,0.0,nan,0.0
overture,catia_la_mar,bdpm,frac50,1.9,0,0,186,33043,33229,nan,0.0,nan,0.0
overture,catia_la_mar,bdpm,frac50,2.0,0,0,186,33043,33229,nan,0.0,nan,0.0
overture,catia_la_mar,bdpm,frac50,2.1,0,0,186,33043,33229,nan,0.0,nan,0.0
overture,catia_la_mar,bdpm,frac50,2.2,0,0,186,33043,33229,nan,0.0,nan,0.0
overture,catia_la_mar,bdpm,frac50,2.3,0,0,186,33043,33229,nan,0.0,nan,0.0
overture,catia_la_mar,bdpm,frac50,2.4,0,0,186,33043,33229,nan,0.0,nan,0.0
overture,catia_la_mar,bdpm,frac50,2.5,0,0,186,33043,33229,nan,0.0,nan,0.0
overture,catia_la_mar,bdpm,frac50,2.6,0,0,186,33043,33229,nan,0.0,nan,0.0
overture,catia_la_mar,bdpm,frac50,2.7,0,0,186,33043,33229,nan,0.0,nan,0.0
overture,catia_la_mar,bdpm,frac50,2.8,0,0,186,33043,33229,nan,0.0,nan,0.0
overture,catia_la_mar,bdpm,frac50,2.9,0,0,186,33043,33229,nan,0.0,nan,0.0
overture,catia_la_mar,bdpm,frac50,3.0,0,0,186,33043,33229,nan,0.0,nan,0.0
overture,catia_la_mar,bdpm,frac50,3.1,0,0,186,33043,33229,nan,0.0,nan,0.0
overture,catia_la_mar,bdpm,frac50,3.2,0,0,186,33043,33229,nan,0.0,nan,0.0
overture,catia_la_mar,bdpm,frac50,3.3,0,0,186,33043,33229,nan,0.0,nan,0.0
overture,catia_la_mar,bdpm,frac50,3.4,0,0,186,33043,33229,nan,0.0,nan,0.0
overture,catia_la_mar,bdpm,frac50,3.5,0,0,186,33043,33229,nan,0.0,nan,0.0
overture,catia_la_mar,bdpm,frac50,3.6,0,0,186,33043,33229,nan,0.0,nan,0.0
overture,catia_la_mar,bdpm,frac50,3.7,0,0,186,33043,33229,nan,0.0,nan,0.0
overture,catia_la_mar,bdpm,frac50,3.8,0,0,186,33043,33229,nan,0.0,nan,0.0
overture,catia_la_mar,bdpm,frac50,3.9,0,0,186,33043,33229,nan,0.0,nan,0.0
overture,catia_la_mar,bdpm,frac50,4.0,0,0,186,33043,33229,nan,0.0,nan,0.0
overture,catia_la_mar,bdpm,frac50,4.1,0,0,186,33043,33229,nan,0.0,nan,0.0
overture,catia_la_mar,bdpm,frac50,4.2,0,0,186,33043,33229,nan,0.0,nan,0.0
overture,catia_la_mar,bdpm,frac50,4.3,0,0,186,33043,33229,nan,0.0,nan,0.0
overture,catia_la_mar,bdpm,frac50,4.4,0,0,186,33043,33229,nan,0.0,nan,0.0
overture,catia_la_mar,bdpm,frac50,4.5,0,0,186,33043,33229,nan,0.0,nan,0.0
overture,catia_la_mar,bdpm,frac50,4.6,0,0,186,33043,33229,nan,0.0,nan,0.0
overture,catia_la_mar,bdpm,frac50,4.7,0,0,186,33043,33229,nan,0.0,nan,0.0
overture,catia_la_mar,bdpm,frac50,4.8,0,0,186,33043,33229,nan,0.0,nan,0.0
overture,catia_la_mar,bdpm,frac50,4.9,0,0,186,33043,33229,nan,0.0,nan,0.0
overture,catia_la_mar,bdpm,frac50,5.0,0,0,186,33043,33229,nan,0.0,nan,0.0
overture,catia_la_mar,bdpm,frac50,5.1,0,0,186,33043,33229,nan,0.0,nan,0.0
overture,catia_la_mar,bdpm,frac50,5.2,0,0,186,33043,33229,nan,0.0,nan,0.0
overture,catia_la_mar,bdpm,frac50,5.3,0,0,186,33043,33229,nan,0.0,nan,0.0
overture,catia_la_mar,bdpm,frac50,5.4,0,0,186,33043,33229,nan,0.0,nan,0.0
overture,catia_la_mar,bdpm,frac50,5.5,0,0,186,33043,33229,nan,0.0,nan,0.0
overture,catia_la_mar,bdpm,frac50,5.6,0,0,186,33043,33229,nan,0.0,nan,0.0
overture,catia_la_mar,bdpm,frac50,5.7,0,0,186,33043,33229,nan,0.0,nan,0.0
overture,catia_la_mar,bdpm,frac50,5.8,0,0,186,33043,33229,nan,0.0,nan,0.0
overture,catia_la_mar,bdpm,frac50,5.9,0,0,186,33043,33229,nan,0.0,nan,0.0
overture,catia_la_mar,bdpm,frac50,6.0,0,0,186,33043,33229,nan,0.0,nan,0.0
overture,caraballeda,bdpm,mean,0.0,160,11342,0,74,11576,0.013910624239262736,1.0,0.027439547247470414,0.00018032469898873445
overture,caraballeda,bdpm,mean,0.1,160,10932,0,484,11576,0.0144248106743599,1.0,0.028439388553146108,0.0012223793411830046
overture,caraballeda,bdpm,mean,0.2,158,9719,2,1697,11576,0.01599676014984307,0.9875,0.03148351100926572,0.004400479910795679
overture,caraballeda,bdpm,mean,0.3,151,8090,9,3326,11576,0.018323019051086034,0.94375,0.03594810141649804,0.009077328772318214
overture,caraballeda,bdpm,mean,0.4,140,6355,20,5061,11576,0.02155504234026174,0.875,0.042073628850488355,0.015513365282868709
overture,caraballeda,bdpm,mean,0.5,121,4523,39,6893,11576,0.026055124892334195,0.75625,0.050374687760199835,0.024301365667754964
overture,caraballeda,bdpm,mean,0.6,77,2693,83,8723,11576,0.02779783393501805,0.48125,0.05255972696245734,0.02713500657558544
overture,caraballeda,bdpm,mean,0.7,23,1111,137,10305,11576,0.020282186948853614,0.14375,0.035548686244204014,0.011604448244117813
overture,caraballeda,bdpm,mean,0.8,0,108,160,11308,11576,0.0,0.0,nan,-0.011265372539610654
overture,caraballeda,bdpm,mean,0.9,0,0,160,11416,11576,nan,0.0,nan,0.0
overture,caraballeda,bdpm,mean,1.0,0,0,160,11416,11576,nan,0.0,nan,0.0
overture,caraballeda,bdpm,mean,1.1,0,0,160,11416,11576,nan,0.0,nan,0.0
overture,caraballeda,bdpm,mean,1.2,0,0,160,11416,11576,nan,0.0,nan,0.0
overture,caraballeda,bdpm,mean,1.3,0,0,160,11416,11576,nan,0.0,nan,0.0
overture,caraballeda,bdpm,mean,1.4,0,0,160,11416,11576,nan,0.0,nan,0.0
overture,caraballeda,bdpm,mean,1.5,0,0,160,11416,11576,nan,0.0,nan,0.0
overture,caraballeda,bdpm,mean,1.6,0,0,160,11416,11576,nan,0.0,nan,0.0
overture,caraballeda,bdpm,mean,1.7,0,0,160,11416,11576,nan,0.0,nan,0.0
overture,caraballeda,bdpm,mean,1.8,0,0,160,11416,11576,nan,0.0,nan,0.0
overture,caraballeda,bdpm,mean,1.9,0,0,160,11416,11576,nan,0.0,nan,0.0
overture,caraballeda,bdpm,mean,2.0,0,0,160,11416,11576,nan,0.0,nan,0.0
overture,caraballeda,bdpm,mean,2.1,0,0,160,11416,11576,nan,0.0,nan,0.0
overture,caraballeda,bdpm,mean,2.2,0,0,160,11416,11576,nan,0.0,nan,0.0
overture,caraballeda,bdpm,mean,2.3,0,0,160,11416,11576,nan,0.0,nan,0.0
overture,caraballeda,bdpm,mean,2.4,0,0,160,11416,11576,nan,0.0,nan,0.0
overture,caraballeda,bdpm,mean,2.5,0,0,160,11416,11576,nan,0.0,nan,0.0
overture,caraballeda,bdpm,mean,2.6,0,0,160,11416,11576,nan,0.0,nan,0.0
overture,caraballeda,bdpm,mean,2.7,0,0,160,11416,11576,nan,0.0,nan,0.0
overture,caraballeda,bdpm,mean,2.8,0,0,160,11416,11576,nan,0.0,nan,0.0
overture,caraballeda,bdpm,mean,2.9,0,0,160,11416,11576,nan,0.0,nan,0.0
overture,caraballeda,bdpm,mean,3.0,0,0,160,11416,11576,nan,0.0,nan,0.0
overture,caraballeda,bdpm,mean,3.1,0,0,160,11416,11576,nan,0.0,nan,0.0
overture,caraballeda,bdpm,mean,3.2,0,0,160,11416,11576,nan,0.0,nan,0.0
overture,caraballeda,bdpm,mean,3.3,0,0,160,11416,11576,nan,0.0,nan,0.0
overture,caraballeda,bdpm,mean,3.4,0,0,160,11416,11576,nan,0.0,nan,0.0
overture,caraballeda,bdpm,mean,3.5,0,0,160,11416,11576,nan,0.0,nan,0.0
overture,caraballeda,bdpm,mean,3.6,0,0,160,11416,11576,nan,0.0,nan,0.0
overture,caraballeda,bdpm,mean,3.7,0,0,160,11416,11576,nan,0.0,nan,0.0
overture,caraballeda,bdpm,mean,3.8,0,0,160,11416,11576,nan,0.0,nan,0.0
overture,caraballeda,bdpm,mean,3.9,0,0,160,11416,11576,nan,0.0,nan,0.0
overture,caraballeda,bdpm,mean,4.0,0,0,160,11416,11576,nan,0.0,nan,0.0
overture,caraballeda,bdpm,mean,4.1,0,0,160,11416,11576,nan,0.0,nan,0.0
overture,caraballeda,bdpm,mean,4.2,0,0,160,11416,11576,nan,0.0,nan,0.0
overture,caraballeda,bdpm,mean,4.3,0,0,160,11416,11576,nan,0.0,nan,0.0
overture,caraballeda,bdpm,mean,4.4,0,0,160,11416,11576,nan,0.0,nan,0.0
overture,caraballeda,bdpm,mean,4.5,0,0,160,11416,11576,nan,0.0,nan,0.0
overture,caraballeda,bdpm,mean,4.6,0,0,160,11416,11576,nan,0.0,nan,0.0
overture,caraballeda,bdpm,mean,4.7,0,0,160,11416,11576,nan,0.0,nan,0.0
overture,caraballeda,bdpm,mean,4.8,0,0,160,11416,11576,nan,0.0,nan,0.0
overture,caraballeda,bdpm,mean,4.9,0,0,160,11416,11576,nan,0.0,nan,0.0
overture,caraballeda,bdpm,mean,5.0,0,0,160,11416,11576,nan,0.0,nan,0.0
overture,caraballeda,bdpm,mean,5.1,0,0,160,11416,11576,nan,0.0,nan,0.0
overture,caraballeda,bdpm,mean,5.2,0,0,160,11416,11576,nan,0.0,nan,0.0
overture,caraballeda,bdpm,mean,5.3,0,0,160,11416,11576,nan,0.0,nan,0.0
overture,caraballeda,bdpm,mean,5.4,0,0,160,11416,11576,nan,0.0,nan,0.0
overture,caraballeda,bdpm,mean,5.5,0,0,160,11416,11576,nan,0.0,nan,0.0
overture,caraballeda,bdpm,mean,5.6,0,0,160,11416,11576,nan,0.0,nan,0.0
overture,caraballeda,bdpm,mean,5.7,0,0,160,11416,11576,nan,0.0,nan,0.0
overture,caraballeda,bdpm,mean,5.8,0,0,160,11416,11576,nan,0.0,nan,0.0
overture,caraballeda,bdpm,mean,5.9,0,0,160,11416,11576,nan,0.0,nan,0.0
overture,caraballeda,bdpm,mean,6.0,0,0,160,11416,11576,nan,0.0,nan,0.0
overture,caraballeda,bdpm,max,0.0,160,11354,0,62,11576,0.013896126454750739,1.0,0.027411341442521844,0.00015092761450755468
overture,caraballeda,bdpm,max,0.1,160,11009,0,407,11576,0.014325364849136001,1.0,0.028246094094800955,0.0010209262924452932
overture,caraballeda,bdpm,max,0.2,158,9930,2,1486,11576,0.015662172878667724,0.9875,0.030835284933645592,0.003724835248204916
overture,caraballeda,bdpm,max,0.3,155,8444,5,2972,11576,0.01802535178509129,0.96875,0.03539216805571413,0.008483969547245163
overture,caraballeda,bdpm,max,0.4,146,6704,14,4712,11576,0.021313868613138685,0.9125,0.04165477888730385,0.015048832409440535
overture,caraballeda,bdpm,max,0.5,133,4963,27,6453,11576,0.0260989010989011,0.83125,0.050608828006088284,0.024462575078442534
overture,caraballeda,bdpm,max,0.6,100,3139,60,8277,11576,0.030873726458783574,0.625,0.05884083553986466,0.033377930514015046
overture,caraballeda,bdpm,max,0.7,51,1467,109,9949,11576,0.03359683794466403,0.31875,0.06078665077473182,0.03669679041424441
overture,caraballeda,bdpm,max,0.8,10,223,150,11193,11576,0.04291845493562232,0.0625,0.05089058524173028,0.03507636528763004
overture,caraballeda,bdpm,max,0.9,0,0,160,11416,11576,nan,0.0,nan,0.0
overture,caraballeda,bdpm,max,1.0,0,0,160,11416,11576,nan,0.0,nan,0.0
overture,caraballeda,bdpm,max,1.1,0,0,160,11416,11576,nan,0.0,nan,0.0
overture,caraballeda,bdpm,max,1.2,0,0,160,11416,11576,nan,0.0,nan,0.0
overture,caraballeda,bdpm,max,1.3,0,0,160,11416,11576,nan,0.0,nan,0.0
overture,caraballeda,bdpm,max,1.4,0,0,160,11416,11576,nan,0.0,nan,0.0
overture,caraballeda,bdpm,max,1.5,0,0,160,11416,11576,nan,0.0,nan,0.0
overture,caraballeda,bdpm,max,1.6,0,0,160,11416,11576,nan,0.0,nan,0.0
overture,caraballeda,bdpm,max,1.7,0,0,160,11416,11576,nan,0.0,nan,0.0
overture,caraballeda,bdpm,max,1.8,0,0,160,11416,11576,nan,0.0,nan,0.0
overture,caraballeda,bdpm,max,1.9,0,0,160,11416,11576,nan,0.0,nan,0.0
overture,caraballeda,bdpm,max,2.0,0,0,160,11416,11576,nan,0.0,nan,0.0
overture,caraballeda,bdpm,max,2.1,0,0,160,11416,11576,nan,0.0,nan,0.0
overture,caraballeda,bdpm,max,2.2,0,0,160,11416,11576,nan,0.0,nan,0.0
overture,caraballeda,bdpm,max,2.3,0,0,160,11416,11576,nan,0.0,nan,0.0
overture,caraballeda,bdpm,max,2.4,0,0,160,11416,11576,nan,0.0,nan,0.0
overture,caraballeda,bdpm,max,2.5,0,0,160,11416,11576,nan,0.0,nan,0.0
overture,caraballeda,bdpm,max,2.6,0,0,160,11416,11576,nan,0.0,nan,0.0
overture,caraballeda,bdpm,max,2.7,0,0,160,11416,11576,nan,0.0,nan,0.0
overture,caraballeda,bdpm,max,2.8,0,0,160,11416,11576,nan,0.0,nan,0.0
overture,caraballeda,bdpm,max,2.9,0,0,160,11416,11576,nan,0.0,nan,0.0
overture,caraballeda,bdpm,max,3.0,0,0,160,11416,11576,nan,0.0,nan,0.0
overture,caraballeda,bdpm,max,3.1,0,0,160,11416,11576,nan,0.0,nan,0.0
overture,caraballeda,bdpm,max,3.2,0,0,160,11416,11576,nan,0.0,nan,0.0
overture,caraballeda,bdpm,max,3.3,0,0,160,11416,11576,nan,0.0,nan,0.0
overture,caraballeda,bdpm,max,3.4,0,0,160,11416,11576,nan,0.0,nan,0.0
overture,caraballeda,bdpm,max,3.5,0,0,160,11416,11576,nan,0.0,nan,0.0
overture,caraballeda,bdpm,max,3.6,0,0,160,11416,11576,nan,0.0,nan,0.0
overture,caraballeda,bdpm,max,3.7,0,0,160,11416,11576,nan,0.0,nan,0.0
overture,caraballeda,bdpm,max,3.8,0,0,160,11416,11576,nan,0.0,nan,0.0
overture,caraballeda,bdpm,max,3.9,0,0,160,11416,11576,nan,0.0,nan,0.0
overture,caraballeda,bdpm,max,4.0,0,0,160,11416,11576,nan,0.0,nan,0.0
overture,caraballeda,bdpm,max,4.1,0,0,160,11416,11576,nan,0.0,nan,0.0
overture,caraballeda,bdpm,max,4.2,0,0,160,11416,11576,nan,0.0,nan,0.0
overture,caraballeda,bdpm,max,4.3,0,0,160,11416,11576,nan,0.0,nan,0.0
overture,caraballeda,bdpm,max,4.4,0,0,160,11416,11576,nan,0.0,nan,0.0
overture,caraballeda,bdpm,max,4.5,0,0,160,11416,11576,nan,0.0,nan,0.0
overture,caraballeda,bdpm,max,4.6,0,0,160,11416,11576,nan,0.0,nan,0.0
overture,caraballeda,bdpm,max,4.7,0,0,160,11416,11576,nan,0.0,nan,0.0
overture,caraballeda,bdpm,max,4.8,0,0,160,11416,11576,nan,0.0,nan,0.0
overture,caraballeda,bdpm,max,4.9,0,0,160,11416,11576,nan,0.0,nan,0.0
overture,caraballeda,bdpm,max,5.0,0,0,160,11416,11576,nan,0.0,nan,0.0
overture,caraballeda,bdpm,max,5.1,0,0,160,11416,11576,nan,0.0,nan,0.0
overture,caraballeda,bdpm,max,5.2,0,0,160,11416,11576,nan,0.0,nan,0.0
overture,caraballeda,bdpm,max,5.3,0,0,160,11416,11576,nan,0.0,nan,0.0
overture,caraballeda,bdpm,max,5.4,0,0,160,11416,11576,nan,0.0,nan,0.0
overture,caraballeda,bdpm,max,5.5,0,0,160,11416,11576,nan,0.0,nan,0.0
overture,caraballeda,bdpm,max,5.6,0,0,160,11416,11576,nan,0.0,nan,0.0
overture,caraballeda,bdpm,max,5.7,0,0,160,11416,11576,nan,0.0,nan,0.0
overture,caraballeda,bdpm,max,5.8,0,0,160,11416,11576,nan,0.0,nan,0.0
overture,caraballeda,bdpm,max,5.9,0,0,160,11416,11576,nan,0.0,nan,0.0
overture,caraballeda,bdpm,max,6.0,0,0,160,11416,11576,nan,0.0,nan,0.0
overture,caraballeda,bdpm,p75,0.0,160,11350,0,66,11576,0.013900955690703735,1.0,0.027420736932305054,0.0001607199278708055
overture,caraballeda,bdpm,p75,0.1,160,10976,0,440,11576,0.014367816091954023,1.0,0.028328611898016998,0.001106927150105349
overture,caraballeda,bdpm,p75,0.2,158,9836,2,1580,11576,0.01580948569141485,0.9875,0.031120740594839474,0.004022366630896388
overture,caraballeda,bdpm,p75,0.3,152,8271,8,3145,11576,0.01804582690252879,0.95,0.03541885121752301,0.008521949722913251
overture,caraballeda,bdpm,p75,0.4,146,6560,14,4856,11576,0.02177154786758127,0.9125,0.04252840081561316,0.015960091289189793
overture,caraballeda,bdpm,p75,0.5,127,4761,33,6655,11576,0.025981996726677576,0.79375,0.050316957210776544,0.0241974326397089
overture,caraballeda,bdpm,p75,0.6,91,2895,69,8521,11576,0.030475552578700604,0.56875,0.05785123966942149,0.03246554903400185
overture,caraballeda,bdpm,p75,0.7,39,1272,121,10144,11576,0.029748283752860413,0.24375,0.053025152957172,0.029105576473546533
overture,caraballeda,bdpm,p75,0.8,3,158,157,11258,11576,0.018633540372670808,0.01875,0.01869158878504673,0.004894694212601421
overture,caraballeda,bdpm,p75,0.9,0,0,160,11416,11576,nan,0.0,nan,0.0
overture,caraballeda,bdpm,p75,1.0,0,0,160,11416,11576,nan,0.0,nan,0.0
overture,caraballeda,bdpm,p75,1.1,0,0,160,11416,11576,nan,0.0,nan,0.0
overture,caraballeda,bdpm,p75,1.2,0,0,160,11416,11576,nan,0.0,nan,0.0
overture,caraballeda,bdpm,p75,1.3,0,0,160,11416,11576,nan,0.0,nan,0.0
overture,caraballeda,bdpm,p75,1.4,0,0,160,11416,11576,nan,0.0,nan,0.0
overture,caraballeda,bdpm,p75,1.5,0,0,160,11416,11576,nan,0.0,nan,0.0
overture,caraballeda,bdpm,p75,1.6,0,0,160,11416,11576,nan,0.0,nan,0.0
overture,caraballeda,bdpm,p75,1.7,0,0,160,11416,11576,nan,0.0,nan,0.0
overture,caraballeda,bdpm,p75,1.8,0,0,160,11416,11576,nan,0.0,nan,0.0
overture,caraballeda,bdpm,p75,1.9,0,0,160,11416,11576,nan,0.0,nan,0.0
overture,caraballeda,bdpm,p75,2.0,0,0,160,11416,11576,nan,0.0,nan,0.0
overture,caraballeda,bdpm,p75,2.1,0,0,160,11416,11576,nan,0.0,nan,0.0
overture,caraballeda,bdpm,p75,2.2,0,0,160,11416,11576,nan,0.0,nan,0.0
overture,caraballeda,bdpm,p75,2.3,0,0,160,11416,11576,nan,0.0,nan,0.0
overture,caraballeda,bdpm,p75,2.4,0,0,160,11416,11576,nan,0.0,nan,0.0
overture,caraballeda,bdpm,p75,2.5,0,0,160,11416,11576,nan,0.0,nan,0.0
overture,caraballeda,bdpm,p75,2.6,0,0,160,11416,11576,nan,0.0,nan,0.0
overture,caraballeda,bdpm,p75,2.7,0,0,160,11416,11576,nan,0.0,nan,0.0
overture,caraballeda,bdpm,p75,2.8,0,0,160,11416,11576,nan,0.0,nan,0.0
overture,caraballeda,bdpm,p75,2.9,0,0,160,11416,11576,nan,0.0,nan,0.0
overture,caraballeda,bdpm,p75,3.0,0,0,160,11416,11576,nan,0.0,nan,0.0
overture,caraballeda,bdpm,p75,3.1,0,0,160,11416,11576,nan,0.0,nan,0.0
overture,caraballeda,bdpm,p75,3.2,0,0,160,11416,11576,nan,0.0,nan,0.0
overture,caraballeda,bdpm,p75,3.3,0,0,160,11416,11576,nan,0.0,nan,0.0
overture,caraballeda,bdpm,p75,3.4,0,0,160,11416,11576,nan,0.0,nan,0.0
overture,caraballeda,bdpm,p75,3.5,0,0,160,11416,11576,nan,0.0,nan,0.0
overture,caraballeda,bdpm,p75,3.6,0,0,160,11416,11576,nan,0.0,nan,0.0
overture,caraballeda,bdpm,p75,3.7,0,0,160,11416,11576,nan,0.0,nan,0.0
overture,caraballeda,bdpm,p75,3.8,0,0,160,11416,11576,nan,0.0,nan,0.0
overture,caraballeda,bdpm,p75,3.9,0,0,160,11416,11576,nan,0.0,nan,0.0
overture,caraballeda,bdpm,p75,4.0,0,0,160,11416,11576,nan,0.0,nan,0.0
overture,caraballeda,bdpm,p75,4.1,0,0,160,11416,11576,nan,0.0,nan,0.0
overture,caraballeda,bdpm,p75,4.2,0,0,160,11416,11576,nan,0.0,nan,0.0
overture,caraballeda,bdpm,p75,4.3,0,0,160,11416,11576,nan,0.0,nan,0.0
overture,caraballeda,bdpm,p75,4.4,0,0,160,11416,11576,nan,0.0,nan,0.0
overture,caraballeda,bdpm,p75,4.5,0,0,160,11416,11576,nan,0.0,nan,0.0
overture,caraballeda,bdpm,p75,4.6,0,0,160,11416,11576,nan,0.0,nan,0.0
overture,caraballeda,bdpm,p75,4.7,0,0,160,11416,11576,nan,0.0,nan,0.0
overture,caraballeda,bdpm,p75,4.8,0,0,160,11416,11576,nan,0.0,nan,0.0
overture,caraballeda,bdpm,p75,4.9,0,0,160,11416,11576,nan,0.0,nan,0.0
overture,caraballeda,bdpm,p75,5.0,0,0,160,11416,11576,nan,0.0,nan,0.0
overture,caraballeda,bdpm,p75,5.1,0,0,160,11416,11576,nan,0.0,nan,0.0
overture,caraballeda,bdpm,p75,5.2,0,0,160,11416,11576,nan,0.0,nan,0.0
overture,caraballeda,bdpm,p75,5.3,0,0,160,11416,11576,nan,0.0,nan,0.0
overture,caraballeda,bdpm,p75,5.4,0,0,160,11416,11576,nan,0.0,nan,0.0
overture,caraballeda,bdpm,p75,5.5,0,0,160,11416,11576,nan,0.0,nan,0.0
overture,caraballeda,bdpm,p75,5.6,0,0,160,11416,11576,nan,0.0,nan,0.0
overture,caraballeda,bdpm,p75,5.7,0,0,160,11416,11576,nan,0.0,nan,0.0
overture,caraballeda,bdpm,p75,5.8,0,0,160,11416,11576,nan,0.0,nan,0.0
overture,caraballeda,bdpm,p75,5.9,0,0,160,11416,11576,nan,0.0,nan,0.0
overture,caraballeda,bdpm,p75,6.0,0,0,160,11416,11576,nan,0.0,nan,0.0
overture,caraballeda,bdpm,p90,0.0,160,11353,0,63,11576,0.013897333449144445,1.0,0.027413689711299583,0.0001533750639291266
overture,caraballeda,bdpm,p90,0.1,160,11001,0,415,11576,0.014335633007795001,1.0,0.028266054235491563,0.001041728963836748
overture,caraballeda,bdpm,p90,0.2,158,9898,2,1518,11576,0.015712012728719173,0.9875,0.030931871574001568,0.003825508097459977
overture,caraballeda,bdpm,p90,0.3,154,8364,6,3052,11576,0.018079361352430146,0.9625,0.03549204885918414,0.008591439698908349
overture,caraballeda,bdpm,p90,0.4,146,6667,14,4749,11576,0.02142961984441509,0.9125,0.04187580668291983,0.015279384758364468
overture,caraballeda,bdpm,p90,0.5,128,4891,32,6525,11576,0.02550308826459454,0.8,0.0494303919675613,0.023264241621674186
overture,caraballeda,bdpm,p90,0.6,97,3043,63,8373,11576,0.03089171974522293,0.60625,0.058787878787878785,0.0333622970211851
overture,caraballeda,bdpm,p90,0.7,49,1390,111,10026,11576,0.034051424600416956,0.30625,0.06128830519074421,0.03733989069197614
overture,caraballeda,bdpm,p90,0.8,6,189,154,11227,11576,0.03076923076923077,0.0375,0.03380281690140845,0.018905482471314464
overture,caraballeda,bdpm,p90,0.9,0,0,160,11416,11576,nan,0.0,nan,0.0
overture,caraballeda,bdpm,p90,1.0,0,0,160,11416,11576,nan,0.0,nan,0.0
overture,caraballeda,bdpm,p90,1.1,0,0,160,11416,11576,nan,0.0,nan,0.0
overture,caraballeda,bdpm,p90,1.2,0,0,160,11416,11576,nan,0.0,nan,0.0
overture,caraballeda,bdpm,p90,1.3,0,0,160,11416,11576,nan,0.0,nan,0.0
overture,caraballeda,bdpm,p90,1.4,0,0,160,11416,11576,nan,0.0,nan,0.0
overture,caraballeda,bdpm,p90,1.5,0,0,160,11416,11576,nan,0.0,nan,0.0
overture,caraballeda,bdpm,p90,1.6,0,0,160,11416,11576,nan,0.0,nan,0.0
overture,caraballeda,bdpm,p90,1.7,0,0,160,11416,11576,nan,0.0,nan,0.0
overture,caraballeda,bdpm,p90,1.8,0,0,160,11416,11576,nan,0.0,nan,0.0
overture,caraballeda,bdpm,p90,1.9,0,0,160,11416,11576,nan,0.0,nan,0.0
overture,caraballeda,bdpm,p90,2.0,0,0,160,11416,11576,nan,0.0,nan,0.0
overture,caraballeda,bdpm,p90,2.1,0,0,160,11416,11576,nan,0.0,nan,0.0
overture,caraballeda,bdpm,p90,2.2,0,0,160,11416,11576,nan,0.0,nan,0.0
overture,caraballeda,bdpm,p90,2.3,0,0,160,11416,11576,nan,0.0,nan,0.0
overture,caraballeda,bdpm,p90,2.4,0,0,160,11416,11576,nan,0.0,nan,0.0
overture,caraballeda,bdpm,p90,2.5,0,0,160,11416,11576,nan,0.0,nan,0.0
overture,caraballeda,bdpm,p90,2.6,0,0,160,11416,11576,nan,0.0,nan,0.0
overture,caraballeda,bdpm,p90,2.7,0,0,160,11416,11576,nan,0.0,nan,0.0
overture,caraballeda,bdpm,p90,2.8,0,0,160,11416,11576,nan,0.0,nan,0.0
overture,caraballeda,bdpm,p90,2.9,0,0,160,11416,11576,nan,0.0,nan,0.0
overture,caraballeda,bdpm,p90,3.0,0,0,160,11416,11576,nan,0.0,nan,0.0
overture,caraballeda,bdpm,p90,3.1,0,0,160,11416,11576,nan,0.0,nan,0.0
overture,caraballeda,bdpm,p90,3.2,0,0,160,11416,11576,nan,0.0,nan,0.0
overture,caraballeda,bdpm,p90,3.3,0,0,160,11416,11576,nan,0.0,nan,0.0
overture,caraballeda,bdpm,p90,3.4,0,0,160,11416,11576,nan,0.0,nan,0.0
overture,caraballeda,bdpm,p90,3.5,0,0,160,11416,11576,nan,0.0,nan,0.0
overture,caraballeda,bdpm,p90,3.6,0,0,160,11416,11576,nan,0.0,nan,0.0
overture,caraballeda,bdpm,p90,3.7,0,0,160,11416,11576,nan,0.0,nan,0.0
overture,caraballeda,bdpm,p90,3.8,0,0,160,11416,11576,nan,0.0,nan,0.0
overture,caraballeda,bdpm,p90,3.9,0,0,160,11416,11576,nan,0.0,nan,0.0
overture,caraballeda,bdpm,p90,4.0,0,0,160,11416,11576,nan,0.0,nan,0.0
overture,caraballeda,bdpm,p90,4.1,0,0,160,11416,11576,nan,0.0,nan,0.0
overture,caraballeda,bdpm,p90,4.2,0,0,160,11416,11576,nan,0.0,nan,0.0
overture,caraballeda,bdpm,p90,4.3,0,0,160,11416,11576,nan,0.0,nan,0.0
overture,caraballeda,bdpm,p90,4.4,0,0,160,11416,11576,nan,0.0,nan,0.0
overture,caraballeda,bdpm,p90,4.5,0,0,160,11416,11576,nan,0.0,nan,0.0
overture,caraballeda,bdpm,p90,4.6,0,0,160,11416,11576,nan,0.0,nan,0.0
overture,caraballeda,bdpm,p90,4.7,0,0,160,11416,11576,nan,0.0,nan,0.0
overture,caraballeda,bdpm,p90,4.8,0,0,160,11416,11576,nan,0.0,nan,0.0
overture,caraballeda,bdpm,p90,4.9,0,0,160,11416,11576,nan,0.0,nan,0.0
overture,caraballeda,bdpm,p90,5.0,0,0,160,11416,11576,nan,0.0,nan,0.0
overture,caraballeda,bdpm,p90,5.1,0,0,160,11416,11576,nan,0.0,nan,0.0
overture,caraballeda,bdpm,p90,5.2,0,0,160,11416,11576,nan,0.0,nan,0.0
overture,caraballeda,bdpm,p90,5.3,0,0,160,11416,11576,nan,0.0,nan,0.0
overture,caraballeda,bdpm,p90,5.4,0,0,160,11416,11576,nan,0.0,nan,0.0
overture,caraballeda,bdpm,p90,5.5,0,0,160,11416,11576,nan,0.0,nan,0.0
overture,caraballeda,bdpm,p90,5.6,0,0,160,11416,11576,nan,0.0,nan,0.0
overture,caraballeda,bdpm,p90,5.7,0,0,160,11416,11576,nan,0.0,nan,0.0
overture,caraballeda,bdpm,p90,5.8,0,0,160,11416,11576,nan,0.0,nan,0.0
overture,caraballeda,bdpm,p90,5.9,0,0,160,11416,11576,nan,0.0,nan,0.0
overture,caraballeda,bdpm,p90,6.0,0,0,160,11416,11576,nan,0.0,nan,0.0
overture,caraballeda,bdpm,frac50,0.0,160,11351,0,65,11576,0.013899748067066285,1.0,0.027418387456087743,0.00015827122050302106
overture,caraballeda,bdpm,frac50,0.1,160,10997,0,419,11576,0.014340772609124317,1.0,0.028276044888221264,0.0010521413241751125
overture,caraballeda,bdpm,frac50,0.2,158,9896,2,1520,11576,0.01571513825343147,0.9875,0.030937928333659683,0.0038318210859775497
overture,caraballeda,bdpm,frac50,0.3,152,8378,8,3038,11576,0.017819460726846426,0.95,0.034982738780207134,0.00806720710719907
overture,caraballeda,bdpm,frac50,0.4,143,6631,17,4785,11576,0.021110126956008265,0.89375,0.04124603403518892,0.014635743287247618
overture,caraballeda,bdpm,frac50,0.5,124,4855,36,6561,11576,0.024904599317131956,0.775,0.048258416034247915,0.02206668451022259
overture,caraballeda,bdpm,frac50,0.6,90,3031,70,8385,11576,0.028836911246395387,0.5625,0.05486132276744895,0.02933740766082285
overture,caraballeda,bdpm,frac50,0.7,37,1362,123,10054,11576,0.02644746247319514,0.23125,0.047466324567030156,0.02323637343840429
overture,caraballeda,bdpm,frac50,0.8,5,188,155,11228,11576,0.025906735751295335,0.03125,0.028328611898016998,0.013417589167336617
overture,caraballeda,bdpm,frac50,0.9,0,0,160,11416,11576,nan,0.0,nan,0.0
overture,caraballeda,bdpm,frac50,1.0,0,0,160,11416,11576,nan,0.0,nan,0.0
overture,caraballeda,bdpm,frac50,1.1,0,0,160,11416,11576,nan,0.0,nan,0.0
overture,caraballeda,bdpm,frac50,1.2,0,0,160,11416,11576,nan,0.0,nan,0.0
overture,caraballeda,bdpm,frac50,1.3,0,0,160,11416,11576,nan,0.0,nan,0.0
overture,caraballeda,bdpm,frac50,1.4,0,0,160,11416,11576,nan,0.0,nan,0.0
overture,caraballeda,bdpm,frac50,1.5,0,0,160,11416,11576,nan,0.0,nan,0.0
overture,caraballeda,bdpm,frac50,1.6,0,0,160,11416,11576,nan,0.0,nan,0.0
overture,caraballeda,bdpm,frac50,1.7,0,0,160,11416,11576,nan,0.0,nan,0.0
overture,caraballeda,bdpm,frac50,1.8,0,0,160,11416,11576,nan,0.0,nan,0.0
overture,caraballeda,bdpm,frac50,1.9,0,0,160,11416,11576,nan,0.0,nan,0.0
overture,caraballeda,bdpm,frac50,2.0,0,0,160,11416,11576,nan,0.0,nan,0.0
overture,caraballeda,bdpm,frac50,2.1,0,0,160,11416,11576,nan,0.0,nan,0.0
overture,caraballeda,bdpm,frac50,2.2,0,0,160,11416,11576,nan,0.0,nan,0.0
overture,caraballeda,bdpm,frac50,2.3,0,0,160,11416,11576,nan,0.0,nan,0.0
overture,caraballeda,bdpm,frac50,2.4,0,0,160,11416,11576,nan,0.0,nan,0.0
overture,caraballeda,bdpm,frac50,2.5,0,0,160,11416,11576,nan,0.0,nan,0.0
overture,caraballeda,bdpm,frac50,2.6,0,0,160,11416,11576,nan,0.0,nan,0.0
overture,caraballeda,bdpm,frac50,2.7,0,0,160,11416,11576,nan,0.0,nan,0.0
overture,caraballeda,bdpm,frac50,2.8,0,0,160,11416,11576,nan,0.0,nan,0.0
overture,caraballeda,bdpm,frac50,2.9,0,0,160,11416,11576,nan,0.0,nan,0.0
overture,caraballeda,bdpm,frac50,3.0,0,0,160,11416,11576,nan,0.0,nan,0.0
overture,caraballeda,bdpm,frac50,3.1,0,0,160,11416,11576,nan,0.0,nan,0.0
overture,caraballeda,bdpm,frac50,3.2,0,0,160,11416,11576,nan,0.0,nan,0.0
overture,caraballeda,bdpm,frac50,3.3,0,0,160,11416,11576,nan,0.0,nan,0.0
overture,caraballeda,bdpm,frac50,3.4,0,0,160,11416,11576,nan,0.0,nan,0.0
overture,caraballeda,bdpm,frac50,3.5,0,0,160,11416,11576,nan,0.0,nan,0.0
overture,caraballeda,bdpm,frac50,3.6,0,0,160,11416,11576,nan,0.0,nan,0.0
overture,caraballeda,bdpm,frac50,3.7,0,0,160,11416,11576,nan,0.0,nan,0.0
overture,caraballeda,bdpm,frac50,3.8,0,0,160,11416,11576,nan,0.0,nan,0.0
overture,caraballeda,bdpm,frac50,3.9,0,0,160,11416,11576,nan,0.0,nan,0.0
overture,caraballeda,bdpm,frac50,4.0,0,0,160,11416,11576,nan,0.0,nan,0.0
overture,caraballeda,bdpm,frac50,4.1,0,0,160,11416,11576,nan,0.0,nan,0.0
overture,caraballeda,bdpm,frac50,4.2,0,0,160,11416,11576,nan,0.0,nan,0.0
overture,caraballeda,bdpm,frac50,4.3,0,0,160,11416,11576,nan,0.0,nan,0.0
overture,caraballeda,bdpm,frac50,4.4,0,0,160,11416,11576,nan,0.0,nan,0.0
overture,caraballeda,bdpm,frac50,4.5,0,0,160,11416,11576,nan,0.0,nan,0.0
overture,caraballeda,bdpm,frac50,4.6,0,0,160,11416,11576,nan,0.0,nan,0.0
overture,caraballeda,bdpm,frac50,4.7,0,0,160,11416,11576,nan,0.0,nan,0.0
overture,caraballeda,bdpm,frac50,4.8,0,0,160,11416,11576,nan,0.0,nan,0.0
overture,caraballeda,bdpm,frac50,4.9,0,0,160,11416,11576,nan,0.0,nan,0.0
overture,caraballeda,bdpm,frac50,5.0,0,0,160,11416,11576,nan,0.0,nan,0.0
overture,caraballeda,bdpm,frac50,5.1,0,0,160,11416,11576,nan,0.0,nan,0.0
overture,caraballeda,bdpm,frac50,5.2,0,0,160,11416,11576,nan,0.0,nan,0.0
overture,caraballeda,bdpm,frac50,5.3,0,0,160,11416,11576,nan,0.0,nan,0.0
overture,caraballeda,bdpm,frac50,5.4,0,0,160,11416,11576,nan,0.0,nan,0.0
overture,caraballeda,bdpm,frac50,5.5,0,0,160,11416,11576,nan,0.0,nan,0.0
overture,caraballeda,bdpm,frac50,5.6,0,0,160,11416,11576,nan,0.0,nan,0.0
overture,caraballeda,bdpm,frac50,5.7,0,0,160,11416,11576,nan,0.0,nan,0.0
overture,caraballeda,bdpm,frac50,5.8,0,0,160,11416,11576,nan,0.0,nan,0.0
overture,caraballeda,bdpm,frac50,5.9,0,0,160,11416,11576,nan,0.0,nan,0.0
overture,caraballeda,bdpm,frac50,6.0,0,0,160,11416,11576,nan,0.0,nan,0.0
overture,naiguata,bdpm,mean,0.0,0,2230,0,157,2387,0.0,nan,nan,4.4564501565811355e-17
overture,naiguata,bdpm,mean,0.1,0,1660,0,727,2387,0.0,nan,nan,0.0
overture,naiguata,bdpm,mean,0.2,0,1073,0,1314,2387,0.0,nan,nan,0.0
overture,naiguata,bdpm,mean,0.3,0,666,0,1721,2387,0.0,nan,nan,-3.9791326723427166e-16
overture,naiguata,bdpm,mean,0.4,0,473,0,1914,2387,0.0,nan,nan,0.0
overture,naiguata,bdpm,mean,0.5,0,356,0,2031,2387,0.0,nan,nan,0.0
overture,naiguata,bdpm,mean,0.6,0,264,0,2123,2387,0.0,nan,nan,0.0
overture,naiguata,bdpm,mean,0.7,0,95,0,2292,2387,0.0,nan,nan,0.0
overture,naiguata,bdpm,mean,0.8,0,1,0,2386,2387,0.0,nan,nan,0.0
overture,naiguata,bdpm,mean,0.9,0,0,0,2387,2387,nan,nan,nan,nan
overture,naiguata,bdpm,mean,1.0,0,0,0,2387,2387,nan,nan,nan,nan
overture,naiguata,bdpm,mean,1.1,0,0,0,2387,2387,nan,nan,nan,nan
overture,naiguata,bdpm,mean,1.2,0,0,0,2387,2387,nan,nan,nan,nan
overture,naiguata,bdpm,mean,1.3,0,0,0,2387,2387,nan,nan,nan,nan
overture,naiguata,bdpm,mean,1.4,0,0,0,2387,2387,nan,nan,nan,nan
overture,naiguata,bdpm,mean,1.5,0,0,0,2387,2387,nan,nan,nan,nan
overture,naiguata,bdpm,mean,1.6,0,0,0,2387,2387,nan,nan,nan,nan
overture,naiguata,bdpm,mean,1.7,0,0,0,2387,2387,nan,nan,nan,nan
overture,naiguata,bdpm,mean,1.8,0,0,0,2387,2387,nan,nan,nan,nan
overture,naiguata,bdpm,mean,1.9,0,0,0,2387,2387,nan,nan,nan,nan
overture,naiguata,bdpm,mean,2.0,0,0,0,2387,2387,nan,nan,nan,nan
overture,naiguata,bdpm,mean,2.1,0,0,0,2387,2387,nan,nan,nan,nan
overture,naiguata,bdpm,mean,2.2,0,0,0,2387,2387,nan,nan,nan,nan
overture,naiguata,bdpm,mean,2.3,0,0,0,2387,2387,nan,nan,nan,nan
overture,naiguata,bdpm,mean,2.4,0,0,0,2387,2387,nan,nan,nan,nan
overture,naiguata,bdpm,mean,2.5,0,0,0,2387,2387,nan,nan,nan,nan
overture,naiguata,bdpm,mean,2.6,0,0,0,2387,2387,nan,nan,nan,nan
overture,naiguata,bdpm,mean,2.7,0,0,0,2387,2387,nan,nan,nan,nan
overture,naiguata,bdpm,mean,2.8,0,0,0,2387,2387,nan,nan,nan,nan
overture,naiguata,bdpm,mean,2.9,0,0,0,2387,2387,nan,nan,nan,nan
overture,naiguata,bdpm,mean,3.0,0,0,0,2387,2387,nan,nan,nan,nan
overture,naiguata,bdpm,mean,3.1,0,0,0,2387,2387,nan,nan,nan,nan
overture,naiguata,bdpm,mean,3.2,0,0,0,2387,2387,nan,nan,nan,nan
overture,naiguata,bdpm,mean,3.3,0,0,0,2387,2387,nan,nan,nan,nan
overture,naiguata,bdpm,mean,3.4,0,0,0,2387,2387,nan,nan,nan,nan
overture,naiguata,bdpm,mean,3.5,0,0,0,2387,2387,nan,nan,nan,nan
overture,naiguata,bdpm,mean,3.6,0,0,0,2387,2387,nan,nan,nan,nan
overture,naiguata,bdpm,mean,3.7,0,0,0,2387,2387,nan,nan,nan,nan
overture,naiguata,bdpm,mean,3.8,0,0,0,2387,2387,nan,nan,nan,nan
overture,naiguata,bdpm,mean,3.9,0,0,0,2387,2387,nan,nan,nan,nan
overture,naiguata,bdpm,mean,4.0,0,0,0,2387,2387,nan,nan,nan,nan
overture,naiguata,bdpm,mean,4.1,0,0,0,2387,2387,nan,nan,nan,nan
overture,naiguata,bdpm,mean,4.2,0,0,0,2387,2387,nan,nan,nan,nan
overture,naiguata,bdpm,mean,4.3,0,0,0,2387,2387,nan,nan,nan,nan
overture,naiguata,bdpm,mean,4.4,0,0,0,2387,2387,nan,nan,nan,nan
overture,naiguata,bdpm,mean,4.5,0,0,0,2387,2387,nan,nan,nan,nan
overture,naiguata,bdpm,mean,4.6,0,0,0,2387,2387,nan,nan,nan,nan
overture,naiguata,bdpm,mean,4.7,0,0,0,2387,2387,nan,nan,nan,nan
overture,naiguata,bdpm,mean,4.8,0,0,0,2387,2387,nan,nan,nan,nan
overture,naiguata,bdpm,mean,4.9,0,0,0,2387,2387,nan,nan,nan,nan
overture,naiguata,bdpm,mean,5.0,0,0,0,2387,2387,nan,nan,nan,nan
overture,naiguata,bdpm,mean,5.1,0,0,0,2387,2387,nan,nan,nan,nan
overture,naiguata,bdpm,mean,5.2,0,0,0,2387,2387,nan,nan,nan,nan
overture,naiguata,bdpm,mean,5.3,0,0,0,2387,2387,nan,nan,nan,nan
overture,naiguata,bdpm,mean,5.4,0,0,0,2387,2387,nan,nan,nan,nan
overture,naiguata,bdpm,mean,5.5,0,0,0,2387,2387,nan,nan,nan,nan
overture,naiguata,bdpm,mean,5.6,0,0,0,2387,2387,nan,nan,nan,nan
overture,naiguata,bdpm,mean,5.7,0,0,0,2387,2387,nan,nan,nan,nan
overture,naiguata,bdpm,mean,5.8,0,0,0,2387,2387,nan,nan,nan,nan
overture,naiguata,bdpm,mean,5.9,0,0,0,2387,2387,nan,nan,nan,nan
overture,naiguata,bdpm,mean,6.0,0,0,0,2387,2387,nan,nan,nan,nan
overture,naiguata,bdpm,max,0.0,0,2253,0,134,2387,0.0,nan,nan,-2.9406373277632585e-17
overture,naiguata,bdpm,max,0.1,0,1752,0,635,2387,0.0,nan,nan,-7.563077510788381e-17
overture,naiguata,bdpm,max,0.2,0,1190,0,1197,2387,0.0,nan,nan,0.0
overture,naiguata,bdpm,max,0.3,0,743,0,1644,2387,0.0,nan,nan,0.0
overture,naiguata,bdpm,max,0.4,0,511,0,1876,2387,0.0,nan,nan,0.0
overture,naiguata,bdpm,max,0.5,0,381,0,2006,2387,0.0,nan,nan,0.0
overture,naiguata,bdpm,max,0.6,0,310,0,2077,2387,0.0,nan,nan,0.0
overture,naiguata,bdpm,max,0.7,0,128,0,2259,2387,0.0,nan,nan,0.0
overture,naiguata,bdpm,max,0.8,0,10,0,2377,2387,0.0,nan,nan,0.0
overture,naiguata,bdpm,max,0.9,0,0,0,2387,2387,nan,nan,nan,nan
overture,naiguata,bdpm,max,1.0,0,0,0,2387,2387,nan,nan,nan,nan
overture,naiguata,bdpm,max,1.1,0,0,0,2387,2387,nan,nan,nan,nan
overture,naiguata,bdpm,max,1.2,0,0,0,2387,2387,nan,nan,nan,nan
overture,naiguata,bdpm,max,1.3,0,0,0,2387,2387,nan,nan,nan,nan
overture,naiguata,bdpm,max,1.4,0,0,0,2387,2387,nan,nan,nan,nan
overture,naiguata,bdpm,max,1.5,0,0,0,2387,2387,nan,nan,nan,nan
overture,naiguata,bdpm,max,1.6,0,0,0,2387,2387,nan,nan,nan,nan
overture,naiguata,bdpm,max,1.7,0,0,0,2387,2387,nan,nan,nan,nan
overture,naiguata,bdpm,max,1.8,0,0,0,2387,2387,nan,nan,nan,nan
overture,naiguata,bdpm,max,1.9,0,0,0,2387,2387,nan,nan,nan,nan
overture,naiguata,bdpm,max,2.0,0,0,0,2387,2387,nan,nan,nan,nan
overture,naiguata,bdpm,max,2.1,0,0,0,2387,2387,nan,nan,nan,nan
overture,naiguata,bdpm,max,2.2,0,0,0,2387,2387,nan,nan,nan,nan
overture,naiguata,bdpm,max,2.3,0,0,0,2387,2387,nan,nan,nan,nan
overture,naiguata,bdpm,max,2.4,0,0,0,2387,2387,nan,nan,nan,nan
overture,naiguata,bdpm,max,2.5,0,0,0,2387,2387,nan,nan,nan,nan
overture,naiguata,bdpm,max,2.6,0,0,0,2387,2387,nan,nan,nan,nan
overture,naiguata,bdpm,max,2.7,0,0,0,2387,2387,nan,nan,nan,nan
overture,naiguata,bdpm,max,2.8,0,0,0,2387,2387,nan,nan,nan,nan
overture,naiguata,bdpm,max,2.9,0,0,0,2387,2387,nan,nan,nan,nan
overture,naiguata,bdpm,max,3.0,0,0,0,2387,2387,nan,nan,nan,nan
overture,naiguata,bdpm,max,3.1,0,0,0,2387,2387,nan,nan,nan,nan
overture,naiguata,bdpm,max,3.2,0,0,0,2387,2387,nan,nan,nan,nan
overture,naiguata,bdpm,max,3.3,0,0,0,2387,2387,nan,nan,nan,nan
overture,naiguata,bdpm,max,3.4,0,0,0,2387,2387,nan,nan,nan,nan
overture,naiguata,bdpm,max,3.5,0,0,0,2387,2387,nan,nan,nan,nan
overture,naiguata,bdpm,max,3.6,0,0,0,2387,2387,nan,nan,nan,nan
overture,naiguata,bdpm,max,3.7,0,0,0,2387,2387,nan,nan,nan,nan
overture,naiguata,bdpm,max,3.8,0,0,0,2387,2387,nan,nan,nan,nan
overture,naiguata,bdpm,max,3.9,0,0,0,2387,2387,nan,nan,nan,nan
overture,naiguata,bdpm,max,4.0,0,0,0,2387,2387,nan,nan,nan,nan
overture,naiguata,bdpm,max,4.1,0,0,0,2387,2387,nan,nan,nan,nan
overture,naiguata,bdpm,max,4.2,0,0,0,2387,2387,nan,nan,nan,nan
overture,naiguata,bdpm,max,4.3,0,0,0,2387,2387,nan,nan,nan,nan
overture,naiguata,bdpm,max,4.4,0,0,0,2387,2387,nan,nan,nan,nan
overture,naiguata,bdpm,max,4.5,0,0,0,2387,2387,nan,nan,nan,nan
overture,naiguata,bdpm,max,4.6,0,0,0,2387,2387,nan,nan,nan,nan
overture,naiguata,bdpm,max,4.7,0,0,0,2387,2387,nan,nan,nan,nan
overture,naiguata,bdpm,max,4.8,0,0,0,2387,2387,nan,nan,nan,nan
overture,naiguata,bdpm,max,4.9,0,0,0,2387,2387,nan,nan,nan,nan
overture,naiguata,bdpm,max,5.0,0,0,0,2387,2387,nan,nan,nan,nan
overture,naiguata,bdpm,max,5.1,0,0,0,2387,2387,nan,nan,nan,nan
overture,naiguata,bdpm,max,5.2,0,0,0,2387,2387,nan,nan,nan,nan
overture,naiguata,bdpm,max,5.3,0,0,0,2387,2387,nan,nan,nan,nan
overture,naiguata,bdpm,max,5.4,0,0,0,2387,2387,nan,nan,nan,nan
overture,naiguata,bdpm,max,5.5,0,0,0,2387,2387,nan,nan,nan,nan
overture,naiguata,bdpm,max,5.6,0,0,0,2387,2387,nan,nan,nan,nan
overture,naiguata,bdpm,max,5.7,0,0,0,2387,2387,nan,nan,nan,nan
overture,naiguata,bdpm,max,5.8,0,0,0,2387,2387,nan,nan,nan,nan
overture,naiguata,bdpm,max,5.9,0,0,0,2387,2387,nan,nan,nan,nan
overture,naiguata,bdpm,max,6.0,0,0,0,2387,2387,nan,nan,nan,nan
overture,naiguata,bdpm,p75,0.0,0,2244,0,143,2387,0.0,nan,nan,3.690539159676148e-17
overture,naiguata,bdpm,p75,0.1,0,1728,0,659,2387,0.0,nan,nan,7.668120253993775e-17
overture,naiguata,bdpm,p75,0.2,0,1124,0,1263,2387,0.0,nan,nan,0.0
overture,naiguata,bdpm,p75,0.3,0,702,0,1685,2387,0.0,nan,nan,0.0
overture,naiguata,bdpm,p75,0.4,0,489,0,1898,2387,0.0,nan,nan,0.0
overture,naiguata,bdpm,p75,0.5,0,367,0,2020,2387,0.0,nan,nan,0.0
overture,naiguata,bdpm,p75,0.6,0,292,0,2095,2387,0.0,nan,nan,0.0
overture,naiguata,bdpm,p75,0.7,0,111,0,2276,2387,0.0,nan,nan,0.0
overture,naiguata,bdpm,p75,0.8,0,2,0,2385,2387,0.0,nan,nan,0.0
overture,naiguata,bdpm,p75,0.9,0,0,0,2387,2387,nan,nan,nan,nan
overture,naiguata,bdpm,p75,1.0,0,0,0,2387,2387,nan,nan,nan,nan
overture,naiguata,bdpm,p75,1.1,0,0,0,2387,2387,nan,nan,nan,nan
overture,naiguata,bdpm,p75,1.2,0,0,0,2387,2387,nan,nan,nan,nan
overture,naiguata,bdpm,p75,1.3,0,0,0,2387,2387,nan,nan,nan,nan
overture,naiguata,bdpm,p75,1.4,0,0,0,2387,2387,nan,nan,nan,nan
overture,naiguata,bdpm,p75,1.5,0,0,0,2387,2387,nan,nan,nan,nan
overture,naiguata,bdpm,p75,1.6,0,0,0,2387,2387,nan,nan,nan,nan
overture,naiguata,bdpm,p75,1.7,0,0,0,2387,2387,nan,nan,nan,nan
overture,naiguata,bdpm,p75,1.8,0,0,0,2387,2387,nan,nan,nan,nan
overture,naiguata,bdpm,p75,1.9,0,0,0,2387,2387,nan,nan,nan,nan
overture,naiguata,bdpm,p75,2.0,0,0,0,2387,2387,nan,nan,nan,nan
overture,naiguata,bdpm,p75,2.1,0,0,0,2387,2387,nan,nan,nan,nan
overture,naiguata,bdpm,p75,2.2,0,0,0,2387,2387,nan,nan,nan,nan
overture,naiguata,bdpm,p75,2.3,0,0,0,2387,2387,nan,nan,nan,nan
overture,naiguata,bdpm,p75,2.4,0,0,0,2387,2387,nan,nan,nan,nan
overture,naiguata,bdpm,p75,2.5,0,0,0,2387,2387,nan,nan,nan,nan
overture,naiguata,bdpm,p75,2.6,0,0,0,2387,2387,nan,nan,nan,nan
overture,naiguata,bdpm,p75,2.7,0,0,0,2387,2387,nan,nan,nan,nan
overture,naiguata,bdpm,p75,2.8,0,0,0,2387,2387,nan,nan,nan,nan
overture,naiguata,bdpm,p75,2.9,0,0,0,2387,2387,nan,nan,nan,nan
overture,naiguata,bdpm,p75,3.0,0,0,0,2387,2387,nan,nan,nan,nan
overture,naiguata,bdpm,p75,3.1,0,0,0,2387,2387,nan,nan,nan,nan
overture,naiguata,bdpm,p75,3.2,0,0,0,2387,2387,nan,nan,nan,nan
overture,naiguata,bdpm,p75,3.3,0,0,0,2387,2387,nan,nan,nan,nan
overture,naiguata,bdpm,p75,3.4,0,0,0,2387,2387,nan,nan,nan,nan
overture,naiguata,bdpm,p75,3.5,0,0,0,2387,2387,nan,nan,nan,nan
overture,naiguata,bdpm,p75,3.6,0,0,0,2387,2387,nan,nan,nan,nan
overture,naiguata,bdpm,p75,3.7,0,0,0,2387,2387,nan,nan,nan,nan
overture,naiguata,bdpm,p75,3.8,0,0,0,2387,2387,nan,nan,nan,nan
overture,naiguata,bdpm,p75,3.9,0,0,0,2387,2387,nan,nan,nan,nan
overture,naiguata,bdpm,p75,4.0,0,0,0,2387,2387,nan,nan,nan,nan
overture,naiguata,bdpm,p75,4.1,0,0,0,2387,2387,nan,nan,nan,nan
overture,naiguata,bdpm,p75,4.2,0,0,0,2387,2387,nan,nan,nan,nan
overture,naiguata,bdpm,p75,4.3,0,0,0,2387,2387,nan,nan,nan,nan
overture,naiguata,bdpm,p75,4.4,0,0,0,2387,2387,nan,nan,nan,nan
overture,naiguata,bdpm,p75,4.5,0,0,0,2387,2387,nan,nan,nan,nan
overture,naiguata,bdpm,p75,4.6,0,0,0,2387,2387,nan,nan,nan,nan
overture,naiguata,bdpm,p75,4.7,0,0,0,2387,2387,nan,nan,nan,nan
overture,naiguata,bdpm,p75,4.8,0,0,0,2387,2387,nan,nan,nan,nan
overture,naiguata,bdpm,p75,4.9,0,0,0,2387,2387,nan,nan,nan,nan
overture,naiguata,bdpm,p75,5.0,0,0,0,2387,2387,nan,nan,nan,nan
overture,naiguata,bdpm,p75,5.1,0,0,0,2387,2387,nan,nan,nan,nan
overture,naiguata,bdpm,p75,5.2,0,0,0,2387,2387,nan,nan,nan,nan
overture,naiguata,bdpm,p75,5.3,0,0,0,2387,2387,nan,nan,nan,nan
overture,naiguata,bdpm,p75,5.4,0,0,0,2387,2387,nan,nan,nan,nan
overture,naiguata,bdpm,p75,5.5,0,0,0,2387,2387,nan,nan,nan,nan
overture,naiguata,bdpm,p75,5.6,0,0,0,2387,2387,nan,nan,nan,nan
overture,naiguata,bdpm,p75,5.7,0,0,0,2387,2387,nan,nan,nan,nan
overture,naiguata,bdpm,p75,5.8,0,0,0,2387,2387,nan,nan,nan,nan
overture,naiguata,bdpm,p75,5.9,0,0,0,2387,2387,nan,nan,nan,nan
overture,naiguata,bdpm,p75,6.0,0,0,0,2387,2387,nan,nan,nan,nan
overture,naiguata,bdpm,p90,0.0,0,2246,0,141,2387,0.0,nan,nan,-2.94980227045887e-17
overture,naiguata,bdpm,p90,0.1,0,1741,0,646,2387,0.0,nan,nan,-7.61086260706562e-17
overture,naiguata,bdpm,p90,0.2,0,1164,0,1223,2387,0.0,nan,nan,0.0
overture,naiguata,bdpm,p90,0.3,0,733,0,1654,2387,0.0,nan,nan,0.0
overture,naiguata,bdpm,p90,0.4,0,498,0,1889,2387,0.0,nan,nan,0.0
overture,naiguata,bdpm,p90,0.5,0,375,0,2012,2387,0.0,nan,nan,0.0
overture,naiguata,bdpm,p90,0.6,0,303,0,2084,2387,0.0,nan,nan,0.0
overture,naiguata,bdpm,p90,0.7,0,124,0,2263,2387,0.0,nan,nan,0.0
overture,naiguata,bdpm,p90,0.8,0,5,0,2382,2387,0.0,nan,nan,0.0
overture,naiguata,bdpm,p90,0.9,0,0,0,2387,2387,nan,nan,nan,nan
overture,naiguata,bdpm,p90,1.0,0,0,0,2387,2387,nan,nan,nan,nan
overture,naiguata,bdpm,p90,1.1,0,0,0,2387,2387,nan,nan,nan,nan
overture,naiguata,bdpm,p90,1.2,0,0,0,2387,2387,nan,nan,nan,nan
overture,naiguata,bdpm,p90,1.3,0,0,0,2387,2387,nan,nan,nan,nan
overture,naiguata,bdpm,p90,1.4,0,0,0,2387,2387,nan,nan,nan,nan
overture,naiguata,bdpm,p90,1.5,0,0,0,2387,2387,nan,nan,nan,nan
overture,naiguata,bdpm,p90,1.6,0,0,0,2387,2387,nan,nan,nan,nan
overture,naiguata,bdpm,p90,1.7,0,0,0,2387,2387,nan,nan,nan,nan
overture,naiguata,bdpm,p90,1.8,0,0,0,2387,2387,nan,nan,nan,nan
overture,naiguata,bdpm,p90,1.9,0,0,0,2387,2387,nan,nan,nan,nan
overture,naiguata,bdpm,p90,2.0,0,0,0,2387,2387,nan,nan,nan,nan
overture,naiguata,bdpm,p90,2.1,0,0,0,2387,2387,nan,nan,nan,nan
overture,naiguata,bdpm,p90,2.2,0,0,0,2387,2387,nan,nan,nan,nan
overture,naiguata,bdpm,p90,2.3,0,0,0,2387,2387,nan,nan,nan,nan
overture,naiguata,bdpm,p90,2.4,0,0,0,2387,2387,nan,nan,nan,nan
overture,naiguata,bdpm,p90,2.5,0,0,0,2387,2387,nan,nan,nan,nan
overture,naiguata,bdpm,p90,2.6,0,0,0,2387,2387,nan,nan,nan,nan
overture,naiguata,bdpm,p90,2.7,0,0,0,2387,2387,nan,nan,nan,nan
overture,naiguata,bdpm,p90,2.8,0,0,0,2387,2387,nan,nan,nan,nan
overture,naiguata,bdpm,p90,2.9,0,0,0,2387,2387,nan,nan,nan,nan
overture,naiguata,bdpm,p90,3.0,0,0,0,2387,2387,nan,nan,nan,nan
overture,naiguata,bdpm,p90,3.1,0,0,0,2387,2387,nan,nan,nan,nan
overture,naiguata,bdpm,p90,3.2,0,0,0,2387,2387,nan,nan,nan,nan
overture,naiguata,bdpm,p90,3.3,0,0,0,2387,2387,nan,nan,nan,nan
overture,naiguata,bdpm,p90,3.4,0,0,0,2387,2387,nan,nan,nan,nan
overture,naiguata,bdpm,p90,3.5,0,0,0,2387,2387,nan,nan,nan,nan
overture,naiguata,bdpm,p90,3.6,0,0,0,2387,2387,nan,nan,nan,nan
overture,naiguata,bdpm,p90,3.7,0,0,0,2387,2387,nan,nan,nan,nan
overture,naiguata,bdpm,p90,3.8,0,0,0,2387,2387,nan,nan,nan,nan
overture,naiguata,bdpm,p90,3.9,0,0,0,2387,2387,nan,nan,nan,nan
overture,naiguata,bdpm,p90,4.0,0,0,0,2387,2387,nan,nan,nan,nan
overture,naiguata,bdpm,p90,4.1,0,0,0,2387,2387,nan,nan,nan,nan
overture,naiguata,bdpm,p90,4.2,0,0,0,2387,2387,nan,nan,nan,nan
overture,naiguata,bdpm,p90,4.3,0,0,0,2387,2387,nan,nan,nan,nan
overture,naiguata,bdpm,p90,4.4,0,0,0,2387,2387,nan,nan,nan,nan
overture,naiguata,bdpm,p90,4.5,0,0,0,2387,2387,nan,nan,nan,nan
overture,naiguata,bdpm,p90,4.6,0,0,0,2387,2387,nan,nan,nan,nan
overture,naiguata,bdpm,p90,4.7,0,0,0,2387,2387,nan,nan,nan,nan
overture,naiguata,bdpm,p90,4.8,0,0,0,2387,2387,nan,nan,nan,nan
overture,naiguata,bdpm,p90,4.9,0,0,0,2387,2387,nan,nan,nan,nan
overture,naiguata,bdpm,p90,5.0,0,0,0,2387,2387,nan,nan,nan,nan
overture,naiguata,bdpm,p90,5.1,0,0,0,2387,2387,nan,nan,nan,nan
overture,naiguata,bdpm,p90,5.2,0,0,0,2387,2387,nan,nan,nan,nan
overture,naiguata,bdpm,p90,5.3,0,0,0,2387,2387,nan,nan,nan,nan
overture,naiguata,bdpm,p90,5.4,0,0,0,2387,2387,nan,nan,nan,nan
overture,naiguata,bdpm,p90,5.5,0,0,0,2387,2387,nan,nan,nan,nan
overture,naiguata,bdpm,p90,5.6,0,0,0,2387,2387,nan,nan,nan,nan
overture,naiguata,bdpm,p90,5.7,0,0,0,2387,2387,nan,nan,nan,nan
overture,naiguata,bdpm,p90,5.8,0,0,0,2387,2387,nan,nan,nan,nan
overture,naiguata,bdpm,p90,5.9,0,0,0,2387,2387,nan,nan,nan,nan
overture,naiguata,bdpm,p90,6.0,0,0,0,2387,2387,nan,nan,nan,nan
overture,naiguata,bdpm,frac50,0.0,0,2249,0,138,2387,0.0,nan,nan,-1.4729337259783507e-17
overture,naiguata,bdpm,frac50,0.1,0,1738,0,649,2387,0.0,nan,nan,-7.623999884293005e-17
overture,naiguata,bdpm,frac50,0.2,0,1164,0,1223,2387,0.0,nan,nan,0.0
overture,naiguata,bdpm,frac50,0.3,0,725,0,1662,2387,0.0,nan,nan,0.0
overture,naiguata,bdpm,frac50,0.4,0,500,0,1887,2387,0.0,nan,nan,-5.300204719560498e-16
overture,naiguata,bdpm,frac50,0.5,0,374,0,2013,2387,0.0,nan,nan,0.0
overture,naiguata,bdpm,frac50,0.6,0,305,0,2082,2387,0.0,nan,nan,0.0
overture,naiguata,bdpm,frac50,0.7,0,119,0,2268,2387,0.0,nan,nan,0.0
overture,naiguata,bdpm,frac50,0.8,0,6,0,2381,2387,0.0,nan,nan,0.0
overture,naiguata,bdpm,frac50,0.9,0,0,0,2387,2387,nan,nan,nan,nan
overture,naiguata,bdpm,frac50,1.0,0,0,0,2387,2387,nan,nan,nan,nan
overture,naiguata,bdpm,frac50,1.1,0,0,0,2387,2387,nan,nan,nan,nan
overture,naiguata,bdpm,frac50,1.2,0,0,0,2387,2387,nan,nan,nan,nan
overture,naiguata,bdpm,frac50,1.3,0,0,0,2387,2387,nan,nan,nan,nan
overture,naiguata,bdpm,frac50,1.4,0,0,0,2387,2387,nan,nan,nan,nan
overture,naiguata,bdpm,frac50,1.5,0,0,0,2387,2387,nan,nan,nan,nan
overture,naiguata,bdpm,frac50,1.6,0,0,0,2387,2387,nan,nan,nan,nan
overture,naiguata,bdpm,frac50,1.7,0,0,0,2387,2387,nan,nan,nan,nan
overture,naiguata,bdpm,frac50,1.8,0,0,0,2387,2387,nan,nan,nan,nan
overture,naiguata,bdpm,frac50,1.9,0,0,0,2387,2387,nan,nan,nan,nan
overture,naiguata,bdpm,frac50,2.0,0,0,0,2387,2387,nan,nan,nan,nan
overture,naiguata,bdpm,frac50,2.1,0,0,0,2387,2387,nan,nan,nan,nan
overture,naiguata,bdpm,frac50,2.2,0,0,0,2387,2387,nan,nan,nan,nan
overture,naiguata,bdpm,frac50,2.3,0,0,0,2387,2387,nan,nan,nan,nan
overture,naiguata,bdpm,frac50,2.4,0,0,0,2387,2387,nan,nan,nan,nan
overture,naiguata,bdpm,frac50,2.5,0,0,0,2387,2387,nan,nan,nan,nan
overture,naiguata,bdpm,frac50,2.6,0,0,0,2387,2387,nan,nan,nan,nan
overture,naiguata,bdpm,frac50,2.7,0,0,0,2387,2387,nan,nan,nan,nan
overture,naiguata,bdpm,frac50,2.8,0,0,0,2387,2387,nan,nan,nan,nan
overture,naiguata,bdpm,frac50,2.9,0,0,0,2387,2387,nan,nan,nan,nan
overture,naiguata,bdpm,frac50,3.0,0,0,0,2387,2387,nan,nan,nan,nan
overture,naiguata,bdpm,frac50,3.1,0,0,0,2387,2387,nan,nan,nan,nan
overture,naiguata,bdpm,frac50,3.2,0,0,0,2387,2387,nan,nan,nan,nan
overture,naiguata,bdpm,frac50,3.3,0,0,0,2387,2387,nan,nan,nan,nan
overture,naiguata,bdpm,frac50,3.4,0,0,0,2387,2387,nan,nan,nan,nan
overture,naiguata,bdpm,frac50,3.5,0,0,0,2387,2387,nan,nan,nan,nan
overture,naiguata,bdpm,frac50,3.6,0,0,0,2387,2387,nan,nan,nan,nan
overture,naiguata,bdpm,frac50,3.7,0,0,0,2387,2387,nan,nan,nan,nan
overture,naiguata,bdpm,frac50,3.8,0,0,0,2387,2387,nan,nan,nan,nan
overture,naiguata,bdpm,frac50,3.9,0,0,0,2387,2387,nan,nan,nan,nan
overture,naiguata,bdpm,frac50,4.0,0,0,0,2387,2387,nan,nan,nan,nan
overture,naiguata,bdpm,frac50,4.1,0,0,0,2387,2387,nan,nan,nan,nan
overture,naiguata,bdpm,frac50,4.2,0,0,0,2387,2387,nan,nan,nan,nan
overture,naiguata,bdpm,frac50,4.3,0,0,0,2387,2387,nan,nan,nan,nan
overture,naiguata,bdpm,frac50,4.4,0,0,0,2387,2387,nan,nan,nan,nan
overture,naiguata,bdpm,frac50,4.5,0,0,0,2387,2387,nan,nan,nan,nan
overture,naiguata,bdpm,frac50,4.6,0,0,0,2387,2387,nan,nan,nan,nan
overture,naiguata,bdpm,frac50,4.7,0,0,0,2387,2387,nan,nan,nan,nan
overture,naiguata,bdpm,frac50,4.8,0,0,0,2387,2387,nan,nan,nan,nan
overture,naiguata,bdpm,frac50,4.9,0,0,0,2387,2387,nan,nan,nan,nan
overture,naiguata,bdpm,frac50,5.0,0,0,0,2387,2387,nan,nan,nan,nan
overture,naiguata,bdpm,frac50,5.1,0,0,0,2387,2387,nan,nan,nan,nan
overture,naiguata,bdpm,frac50,5.2,0,0,0,2387,2387,nan,nan,nan,nan
overture,naiguata,bdpm,frac50,5.3,0,0,0,2387,2387,nan,nan,nan,nan
overture,naiguata,bdpm,frac50,5.4,0,0,0,2387,2387,nan,nan,nan,nan
overture,naiguata,bdpm,frac50,5.5,0,0,0,2387,2387,nan,nan,nan,nan
overture,naiguata,bdpm,frac50,5.6,0,0,0,2387,2387,nan,nan,nan,nan
overture,naiguata,bdpm,frac50,5.7,0,0,0,2387,2387,nan,nan,nan,nan
overture,naiguata,bdpm,frac50,5.8,0,0,0,2387,2387,nan,nan,nan,nan
overture,naiguata,bdpm,frac50,5.9,0,0,0,2387,2387,nan,nan,nan,nan
overture,naiguata,bdpm,frac50,6.0,0,0,0,2387,2387,nan,nan,nan,nan
overture,moron,bdpm,mean,0.0,0,17571,0,2754,20325,0.0,nan,nan,0.0
overture,moron,bdpm,mean,0.1,0,13654,0,6671,20325,0.0,nan,nan,-8.263249954411274e-17
overture,moron,bdpm,mean,0.2,0,9937,0,10388,20325,0.0,nan,nan,0.0
overture,moron,bdpm,mean,0.3,0,7017,0,13308,20325,0.0,nan,nan,3.2158020486684196e-16
overture,moron,bdpm,mean,0.4,0,4511,0,15814,20325,0.0,nan,nan,0.0
overture,moron,bdpm,mean,0.5,0,2524,0,17801,20325,0.0,nan,nan,0.0
overture,moron,bdpm,mean,0.6,0,1213,0,19112,20325,0.0,nan,nan,0.0
overture,moron,bdpm,mean,0.7,0,407,0,19918,20325,0.0,nan,nan,0.0
overture,moron,bdpm,mean,0.8,0,69,0,20256,20325,0.0,nan,nan,0.0
overture,moron,bdpm,mean,0.9,0,8,0,20317,20325,0.0,nan,nan,0.0
overture,moron,bdpm,mean,1.0,0,0,0,20325,20325,nan,nan,nan,nan
overture,moron,bdpm,mean,1.1,0,0,0,20325,20325,nan,nan,nan,nan
overture,moron,bdpm,mean,1.2,0,0,0,20325,20325,nan,nan,nan,nan
overture,moron,bdpm,mean,1.3,0,0,0,20325,20325,nan,nan,nan,nan
overture,moron,bdpm,mean,1.4,0,0,0,20325,20325,nan,nan,nan,nan
overture,moron,bdpm,mean,1.5,0,0,0,20325,20325,nan,nan,nan,nan
overture,moron,bdpm,mean,1.6,0,0,0,20325,20325,nan,nan,nan,nan
overture,moron,bdpm,mean,1.7,0,0,0,20325,20325,nan,nan,nan,nan
overture,moron,bdpm,mean,1.8,0,0,0,20325,20325,nan,nan,nan,nan
overture,moron,bdpm,mean,1.9,0,0,0,20325,20325,nan,nan,nan,nan
overture,moron,bdpm,mean,2.0,0,0,0,20325,20325,nan,nan,nan,nan
overture,moron,bdpm,mean,2.1,0,0,0,20325,20325,nan,nan,nan,nan
overture,moron,bdpm,mean,2.2,0,0,0,20325,20325,nan,nan,nan,nan
overture,moron,bdpm,mean,2.3,0,0,0,20325,20325,nan,nan,nan,nan
overture,moron,bdpm,mean,2.4,0,0,0,20325,20325,nan,nan,nan,nan
overture,moron,bdpm,mean,2.5,0,0,0,20325,20325,nan,nan,nan,nan
overture,moron,bdpm,mean,2.6,0,0,0,20325,20325,nan,nan,nan,nan
overture,moron,bdpm,mean,2.7,0,0,0,20325,20325,nan,nan,nan,nan
overture,moron,bdpm,mean,2.8,0,0,0,20325,20325,nan,nan,nan,nan
overture,moron,bdpm,mean,2.9,0,0,0,20325,20325,nan,nan,nan,nan
overture,moron,bdpm,mean,3.0,0,0,0,20325,20325,nan,nan,nan,nan
overture,moron,bdpm,mean,3.1,0,0,0,20325,20325,nan,nan,nan,nan
overture,moron,bdpm,mean,3.2,0,0,0,20325,20325,nan,nan,nan,nan
overture,moron,bdpm,mean,3.3,0,0,0,20325,20325,nan,nan,nan,nan
overture,moron,bdpm,mean,3.4,0,0,0,20325,20325,nan,nan,nan,nan
overture,moron,bdpm,mean,3.5,0,0,0,20325,20325,nan,nan,nan,nan
overture,moron,bdpm,mean,3.6,0,0,0,20325,20325,nan,nan,nan,nan
overture,moron,bdpm,mean,3.7,0,0,0,20325,20325,nan,nan,nan,nan
overture,moron,bdpm,mean,3.8,0,0,0,20325,20325,nan,nan,nan,nan
overture,moron,bdpm,mean,3.9,0,0,0,20325,20325,nan,nan,nan,nan
overture,moron,bdpm,mean,4.0,0,0,0,20325,20325,nan,nan,nan,nan
overture,moron,bdpm,mean,4.1,0,0,0,20325,20325,nan,nan,nan,nan
overture,moron,bdpm,mean,4.2,0,0,0,20325,20325,nan,nan,nan,nan
overture,moron,bdpm,mean,4.3,0,0,0,20325,20325,nan,nan,nan,nan
overture,moron,bdpm,mean,4.4,0,0,0,20325,20325,nan,nan,nan,nan
overture,moron,bdpm,mean,4.5,0,0,0,20325,20325,nan,nan,nan,nan
overture,moron,bdpm,mean,4.6,0,0,0,20325,20325,nan,nan,nan,nan
overture,moron,bdpm,mean,4.7,0,0,0,20325,20325,nan,nan,nan,nan
overture,moron,bdpm,mean,4.8,0,0,0,20325,20325,nan,nan,nan,nan
overture,moron,bdpm,mean,4.9,0,0,0,20325,20325,nan,nan,nan,nan
overture,moron,bdpm,mean,5.0,0,0,0,20325,20325,nan,nan,nan,nan
overture,moron,bdpm,mean,5.1,0,0,0,20325,20325,nan,nan,nan,nan
overture,moron,bdpm,mean,5.2,0,0,0,20325,20325,nan,nan,nan,nan
overture,moron,bdpm,mean,5.3,0,0,0,20325,20325,nan,nan,nan,nan
overture,moron,bdpm,mean,5.4,0,0,0,20325,20325,nan,nan,nan,nan
overture,moron,bdpm,mean,5.5,0,0,0,20325,20325,nan,nan,nan,nan
overture,moron,bdpm,mean,5.6,0,0,0,20325,20325,nan,nan,nan,nan
overture,moron,bdpm,mean,5.7,0,0,0,20325,20325,nan,nan,nan,nan
overture,moron,bdpm,mean,5.8,0,0,0,20325,20325,nan,nan,nan,nan
overture,moron,bdpm,mean,5.9,0,0,0,20325,20325,nan,nan,nan,nan
overture,moron,bdpm,mean,6.0,0,0,0,20325,20325,nan,nan,nan,nan
overture,moron,bdpm,max,0.0,0,17844,0,2481,20325,0.0,nan,nan,6.322932911764825e-17
overture,moron,bdpm,max,0.1,0,14195,0,6130,20325,0.0,nan,nan,0.0
overture,moron,bdpm,max,0.2,0,10630,0,9695,20325,0.0,nan,nan,0.0
overture,moron,bdpm,max,0.3,0,7702,0,12623,20325,0.0,nan,nan,2.929795244807362e-16
overture,moron,bdpm,max,0.4,0,5159,0,15166,20325,0.0,nan,nan,4.373964523261543e-16
overture,moron,bdpm,max,0.5,0,3022,0,17303,20325,0.0,nan,nan,0.0
overture,moron,bdpm,max,0.6,0,1594,0,18731,20325,0.0,nan,nan,0.0
overture,moron,bdpm,max,0.7,0,646,0,19679,20325,0.0,nan,nan,3.49307785998549e-15
overture,moron,bdpm,max,0.8,0,115,0,20210,20325,0.0,nan,nan,0.0
overture,moron,bdpm,max,0.9,0,15,0,20310,20325,0.0,nan,nan,0.0
overture,moron,bdpm,max,1.0,0,0,0,20325,20325,nan,nan,nan,nan
overture,moron,bdpm,max,1.1,0,0,0,20325,20325,nan,nan,nan,nan
overture,moron,bdpm,max,1.2,0,0,0,20325,20325,nan,nan,nan,nan
overture,moron,bdpm,max,1.3,0,0,0,20325,20325,nan,nan,nan,nan
overture,moron,bdpm,max,1.4,0,0,0,20325,20325,nan,nan,nan,nan
overture,moron,bdpm,max,1.5,0,0,0,20325,20325,nan,nan,nan,nan
overture,moron,bdpm,max,1.6,0,0,0,20325,20325,nan,nan,nan,nan
overture,moron,bdpm,max,1.7,0,0,0,20325,20325,nan,nan,nan,nan
overture,moron,bdpm,max,1.8,0,0,0,20325,20325,nan,nan,nan,nan
overture,moron,bdpm,max,1.9,0,0,0,20325,20325,nan,nan,nan,nan
overture,moron,bdpm,max,2.0,0,0,0,20325,20325,nan,nan,nan,nan
overture,moron,bdpm,max,2.1,0,0,0,20325,20325,nan,nan,nan,nan
overture,moron,bdpm,max,2.2,0,0,0,20325,20325,nan,nan,nan,nan
overture,moron,bdpm,max,2.3,0,0,0,20325,20325,nan,nan,nan,nan
overture,moron,bdpm,max,2.4,0,0,0,20325,20325,nan,nan,nan,nan
overture,moron,bdpm,max,2.5,0,0,0,20325,20325,nan,nan,nan,nan
overture,moron,bdpm,max,2.6,0,0,0,20325,20325,nan,nan,nan,nan
overture,moron,bdpm,max,2.7,0,0,0,20325,20325,nan,nan,nan,nan
overture,moron,bdpm,max,2.8,0,0,0,20325,20325,nan,nan,nan,nan
overture,moron,bdpm,max,2.9,0,0,0,20325,20325,nan,nan,nan,nan
overture,moron,bdpm,max,3.0,0,0,0,20325,20325,nan,nan,nan,nan
overture,moron,bdpm,max,3.1,0,0,0,20325,20325,nan,nan,nan,nan
overture,moron,bdpm,max,3.2,0,0,0,20325,20325,nan,nan,nan,nan
overture,moron,bdpm,max,3.3,0,0,0,20325,20325,nan,nan,nan,nan
overture,moron,bdpm,max,3.4,0,0,0,20325,20325,nan,nan,nan,nan
overture,moron,bdpm,max,3.5,0,0,0,20325,20325,nan,nan,nan,nan
overture,moron,bdpm,max,3.6,0,0,0,20325,20325,nan,nan,nan,nan
overture,moron,bdpm,max,3.7,0,0,0,20325,20325,nan,nan,nan,nan
overture,moron,bdpm,max,3.8,0,0,0,20325,20325,nan,nan,nan,nan
overture,moron,bdpm,max,3.9,0,0,0,20325,20325,nan,nan,nan,nan
overture,moron,bdpm,max,4.0,0,0,0,20325,20325,nan,nan,nan,nan
overture,moron,bdpm,max,4.1,0,0,0,20325,20325,nan,nan,nan,nan
overture,moron,bdpm,max,4.2,0,0,0,20325,20325,nan,nan,nan,nan
overture,moron,bdpm,max,4.3,0,0,0,20325,20325,nan,nan,nan,nan
overture,moron,bdpm,max,4.4,0,0,0,20325,20325,nan,nan,nan,nan
overture,moron,bdpm,max,4.5,0,0,0,20325,20325,nan,nan,nan,nan
overture,moron,bdpm,max,4.6,0,0,0,20325,20325,nan,nan,nan,nan
overture,moron,bdpm,max,4.7,0,0,0,20325,20325,nan,nan,nan,nan
overture,moron,bdpm,max,4.8,0,0,0,20325,20325,nan,nan,nan,nan
overture,moron,bdpm,max,4.9,0,0,0,20325,20325,nan,nan,nan,nan
overture,moron,bdpm,max,5.0,0,0,0,20325,20325,nan,nan,nan,nan
overture,moron,bdpm,max,5.1,0,0,0,20325,20325,nan,nan,nan,nan
overture,moron,bdpm,max,5.2,0,0,0,20325,20325,nan,nan,nan,nan
overture,moron,bdpm,max,5.3,0,0,0,20325,20325,nan,nan,nan,nan
overture,moron,bdpm,max,5.4,0,0,0,20325,20325,nan,nan,nan,nan
overture,moron,bdpm,max,5.5,0,0,0,20325,20325,nan,nan,nan,nan
overture,moron,bdpm,max,5.6,0,0,0,20325,20325,nan,nan,nan,nan
overture,moron,bdpm,max,5.7,0,0,0,20325,20325,nan,nan,nan,nan
overture,moron,bdpm,max,5.8,0,0,0,20325,20325,nan,nan,nan,nan
overture,moron,bdpm,max,5.9,0,0,0,20325,20325,nan,nan,nan,nan
overture,moron,bdpm,max,6.0,0,0,0,20325,20325,nan,nan,nan,nan
overture,moron,bdpm,p75,0.0,0,17704,0,2621,20325,0.0,nan,nan,3.186466755465757e-17
overture,moron,bdpm,p75,0.1,0,13912,0,6413,20325,0.0,nan,nan,8.110006819834066e-17
overture,moron,bdpm,p75,0.2,0,10276,0,10049,20325,0.0,nan,nan,-1.0979604406143591e-16
overture,moron,bdpm,p75,0.3,0,7352,0,12973,20325,0.0,nan,nan,3.0692713514018365e-16
overture,moron,bdpm,p75,0.4,0,4859,0,15466,20325,0.0,nan,nan,0.0
overture,moron,bdpm,p75,0.5,0,2767,0,17558,20325,0.0,nan,nan,0.0
overture,moron,bdpm,p75,0.6,0,1393,0,18932,20325,0.0,nan,nan,0.0
overture,moron,bdpm,p75,0.7,0,492,0,19833,20325,0.0,nan,nan,0.0
overture,moron,bdpm,p75,0.8,0,93,0,20232,20325,0.0,nan,nan,0.0
overture,moron,bdpm,p75,0.9,0,10,0,20315,20325,0.0,nan,nan,0.0
overture,moron,bdpm,p75,1.0,0,0,0,20325,20325,nan,nan,nan,nan
overture,moron,bdpm,p75,1.1,0,0,0,20325,20325,nan,nan,nan,nan
overture,moron,bdpm,p75,1.2,0,0,0,20325,20325,nan,nan,nan,nan
overture,moron,bdpm,p75,1.3,0,0,0,20325,20325,nan,nan,nan,nan
overture,moron,bdpm,p75,1.4,0,0,0,20325,20325,nan,nan,nan,nan
overture,moron,bdpm,p75,1.5,0,0,0,20325,20325,nan,nan,nan,nan
overture,moron,bdpm,p75,1.6,0,0,0,20325,20325,nan,nan,nan,nan
overture,moron,bdpm,p75,1.7,0,0,0,20325,20325,nan,nan,nan,nan
overture,moron,bdpm,p75,1.8,0,0,0,20325,20325,nan,nan,nan,nan
overture,moron,bdpm,p75,1.9,0,0,0,20325,20325,nan,nan,nan,nan
overture,moron,bdpm,p75,2.0,0,0,0,20325,20325,nan,nan,nan,nan
overture,moron,bdpm,p75,2.1,0,0,0,20325,20325,nan,nan,nan,nan
overture,moron,bdpm,p75,2.2,0,0,0,20325,20325,nan,nan,nan,nan
overture,moron,bdpm,p75,2.3,0,0,0,20325,20325,nan,nan,nan,nan
overture,moron,bdpm,p75,2.4,0,0,0,20325,20325,nan,nan,nan,nan
overture,moron,bdpm,p75,2.5,0,0,0,20325,20325,nan,nan,nan,nan
overture,moron,bdpm,p75,2.6,0,0,0,20325,20325,nan,nan,nan,nan
overture,moron,bdpm,p75,2.7,0,0,0,20325,20325,nan,nan,nan,nan
overture,moron,bdpm,p75,2.8,0,0,0,20325,20325,nan,nan,nan,nan
overture,moron,bdpm,p75,2.9,0,0,0,20325,20325,nan,nan,nan,nan
overture,moron,bdpm,p75,3.0,0,0,0,20325,20325,nan,nan,nan,nan
overture,moron,bdpm,p75,3.1,0,0,0,20325,20325,nan,nan,nan,nan
overture,moron,bdpm,p75,3.2,0,0,0,20325,20325,nan,nan,nan,nan
overture,moron,bdpm,p75,3.3,0,0,0,20325,20325,nan,nan,nan,nan
overture,moron,bdpm,p75,3.4,0,0,0,20325,20325,nan,nan,nan,nan
overture,moron,bdpm,p75,3.5,0,0,0,20325,20325,nan,nan,nan,nan
overture,moron,bdpm,p75,3.6,0,0,0,20325,20325,nan,nan,nan,nan
overture,moron,bdpm,p75,3.7,0,0,0,20325,20325,nan,nan,nan,nan
overture,moron,bdpm,p75,3.8,0,0,0,20325,20325,nan,nan,nan,nan
overture,moron,bdpm,p75,3.9,0,0,0,20325,20325,nan,nan,nan,nan
overture,moron,bdpm,p75,4.0,0,0,0,20325,20325,nan,nan,nan,nan
overture,moron,bdpm,p75,4.1,0,0,0,20325,20325,nan,nan,nan,nan
overture,moron,bdpm,p75,4.2,0,0,0,20325,20325,nan,nan,nan,nan
overture,moron,bdpm,p75,4.3,0,0,0,20325,20325,nan,nan,nan,nan
overture,moron,bdpm,p75,4.4,0,0,0,20325,20325,nan,nan,nan,nan
overture,moron,bdpm,p75,4.5,0,0,0,20325,20325,nan,nan,nan,nan
overture,moron,bdpm,p75,4.6,0,0,0,20325,20325,nan,nan,nan,nan
overture,moron,bdpm,p75,4.7,0,0,0,20325,20325,nan,nan,nan,nan
overture,moron,bdpm,p75,4.8,0,0,0,20325,20325,nan,nan,nan,nan
overture,moron,bdpm,p75,4.9,0,0,0,20325,20325,nan,nan,nan,nan
overture,moron,bdpm,p75,5.0,0,0,0,20325,20325,nan,nan,nan,nan
overture,moron,bdpm,p75,5.1,0,0,0,20325,20325,nan,nan,nan,nan
overture,moron,bdpm,p75,5.2,0,0,0,20325,20325,nan,nan,nan,nan
overture,moron,bdpm,p75,5.3,0,0,0,20325,20325,nan,nan,nan,nan
overture,moron,bdpm,p75,5.4,0,0,0,20325,20325,nan,nan,nan,nan
overture,moron,bdpm,p75,5.5,0,0,0,20325,20325,nan,nan,nan,nan
overture,moron,bdpm,p75,5.6,0,0,0,20325,20325,nan,nan,nan,nan
overture,moron,bdpm,p75,5.7,0,0,0,20325,20325,nan,nan,nan,nan
overture,moron,bdpm,p75,5.8,0,0,0,20325,20325,nan,nan,nan,nan
overture,moron,bdpm,p75,5.9,0,0,0,20325,20325,nan,nan,nan,nan
overture,moron,bdpm,p75,6.0,0,0,0,20325,20325,nan,nan,nan,nan
overture,moron,bdpm,p90,0.0,0,17797,0,2528,20325,0.0,nan,nan,0.0
overture,moron,bdpm,p90,0.1,0,14072,0,6253,20325,0.0,nan,nan,8.017795258494282e-17
overture,moron,bdpm,p90,0.2,0,10482,0,9843,20325,0.0,nan,nan,0.0
overture,moron,bdpm,p90,0.3,0,7556,0,12769,20325,0.0,nan,nan,0.0
overture,moron,bdpm,p90,0.4,0,5037,0,15288,20325,0.0,nan,nan,4.4799052959115145e-16
overture,moron,bdpm,p90,0.5,0,2932,0,17393,20325,0.0,nan,nan,0.0
overture,moron,bdpm,p90,0.6,0,1503,0,18822,20325,0.0,nan,nan,0.0
overture,moron,bdpm,p90,0.7,0,577,0,19748,20325,0.0,nan,nan,0.0
overture,moron,bdpm,p90,0.8,0,102,0,20223,20325,0.0,nan,nan,0.0
overture,moron,bdpm,p90,0.9,0,12,0,20313,20325,0.0,nan,nan,0.0
overture,moron,bdpm,p90,1.0,0,0,0,20325,20325,nan,nan,nan,nan
overture,moron,bdpm,p90,1.1,0,0,0,20325,20325,nan,nan,nan,nan
overture,moron,bdpm,p90,1.2,0,0,0,20325,20325,nan,nan,nan,nan
overture,moron,bdpm,p90,1.3,0,0,0,20325,20325,nan,nan,nan,nan
overture,moron,bdpm,p90,1.4,0,0,0,20325,20325,nan,nan,nan,nan
overture,moron,bdpm,p90,1.5,0,0,0,20325,20325,nan,nan,nan,nan
overture,moron,bdpm,p90,1.6,0,0,0,20325,20325,nan,nan,nan,nan
overture,moron,bdpm,p90,1.7,0,0,0,20325,20325,nan,nan,nan,nan
overture,moron,bdpm,p90,1.8,0,0,0,20325,20325,nan,nan,nan,nan
overture,moron,bdpm,p90,1.9,0,0,0,20325,20325,nan,nan,nan,nan
overture,moron,bdpm,p90,2.0,0,0,0,20325,20325,nan,nan,nan,nan
overture,moron,bdpm,p90,2.1,0,0,0,20325,20325,nan,nan,nan,nan
overture,moron,bdpm,p90,2.2,0,0,0,20325,20325,nan,nan,nan,nan
overture,moron,bdpm,p90,2.3,0,0,0,20325,20325,nan,nan,nan,nan
overture,moron,bdpm,p90,2.4,0,0,0,20325,20325,nan,nan,nan,nan
overture,moron,bdpm,p90,2.5,0,0,0,20325,20325,nan,nan,nan,nan
overture,moron,bdpm,p90,2.6,0,0,0,20325,20325,nan,nan,nan,nan
overture,moron,bdpm,p90,2.7,0,0,0,20325,20325,nan,nan,nan,nan
overture,moron,bdpm,p90,2.8,0,0,0,20325,20325,nan,nan,nan,nan
overture,moron,bdpm,p90,2.9,0,0,0,20325,20325,nan,nan,nan,nan
overture,moron,bdpm,p90,3.0,0,0,0,20325,20325,nan,nan,nan,nan
overture,moron,bdpm,p90,3.1,0,0,0,20325,20325,nan,nan,nan,nan
overture,moron,bdpm,p90,3.2,0,0,0,20325,20325,nan,nan,nan,nan
overture,moron,bdpm,p90,3.3,0,0,0,20325,20325,nan,nan,nan,nan
overture,moron,bdpm,p90,3.4,0,0,0,20325,20325,nan,nan,nan,nan
overture,moron,bdpm,p90,3.5,0,0,0,20325,20325,nan,nan,nan,nan
overture,moron,bdpm,p90,3.6,0,0,0,20325,20325,nan,nan,nan,nan
overture,moron,bdpm,p90,3.7,0,0,0,20325,20325,nan,nan,nan,nan
overture,moron,bdpm,p90,3.8,0,0,0,20325,20325,nan,nan,nan,nan
overture,moron,bdpm,p90,3.9,0,0,0,20325,20325,nan,nan,nan,nan
overture,moron,bdpm,p90,4.0,0,0,0,20325,20325,nan,nan,nan,nan
overture,moron,bdpm,p90,4.1,0,0,0,20325,20325,nan,nan,nan,nan
overture,moron,bdpm,p90,4.2,0,0,0,20325,20325,nan,nan,nan,nan
overture,moron,bdpm,p90,4.3,0,0,0,20325,20325,nan,nan,nan,nan
overture,moron,bdpm,p90,4.4,0,0,0,20325,20325,nan,nan,nan,nan
overture,moron,bdpm,p90,4.5,0,0,0,20325,20325,nan,nan,nan,nan
overture,moron,bdpm,p90,4.6,0,0,0,20325,20325,nan,nan,nan,nan
overture,moron,bdpm,p90,4.7,0,0,0,20325,20325,nan,nan,nan,nan
overture,moron,bdpm,p90,4.8,0,0,0,20325,20325,nan,nan,nan,nan
overture,moron,bdpm,p90,4.9,0,0,0,20325,20325,nan,nan,nan,nan
overture,moron,bdpm,p90,5.0,0,0,0,20325,20325,nan,nan,nan,nan
overture,moron,bdpm,p90,5.1,0,0,0,20325,20325,nan,nan,nan,nan
overture,moron,bdpm,p90,5.2,0,0,0,20325,20325,nan,nan,nan,nan
overture,moron,bdpm,p90,5.3,0,0,0,20325,20325,nan,nan,nan,nan
overture,moron,bdpm,p90,5.4,0,0,0,20325,20325,nan,nan,nan,nan
overture,moron,bdpm,p90,5.5,0,0,0,20325,20325,nan,nan,nan,nan
overture,moron,bdpm,p90,5.6,0,0,0,20325,20325,nan,nan,nan,nan
overture,moron,bdpm,p90,5.7,0,0,0,20325,20325,nan,nan,nan,nan
overture,moron,bdpm,p90,5.8,0,0,0,20325,20325,nan,nan,nan,nan
overture,moron,bdpm,p90,5.9,0,0,0,20325,20325,nan,nan,nan,nan
overture,moron,bdpm,p90,6.0,0,0,0,20325,20325,nan,nan,nan,nan
overture,moron,bdpm,frac50,0.0,0,17787,0,2538,20325,0.0,nan,nan,0.0
overture,moron,bdpm,frac50,0.1,0,14079,0,6246,20325,0.0,nan,nan,0.0
overture,moron,bdpm,frac50,0.2,0,10464,0,9861,20325,0.0,nan,nan,0.0
overture,moron,bdpm,frac50,0.3,0,7529,0,12796,20325,0.0,nan,nan,0.0
overture,moron,bdpm,frac50,0.4,0,4996,0,15329,20325,0.0,nan,nan,0.0
overture,moron,bdpm,frac50,0.5,0,2892,0,17433,20325,0.0,nan,nan,-7.802656630534688e-16
overture,moron,bdpm,frac50,0.6,0,1481,0,18844,20325,0.0,nan,nan,0.0
overture,moron,bdpm,frac50,0.7,0,556,0,19769,20325,0.0,nan,nan,0.0
overture,moron,bdpm,frac50,0.8,0,103,0,20222,20325,0.0,nan,nan,0.0
overture,moron,bdpm,frac50,0.9,0,13,0,20312,20325,0.0,nan,nan,0.0
overture,moron,bdpm,frac50,1.0,0,0,0,20325,20325,nan,nan,nan,nan
overture,moron,bdpm,frac50,1.1,0,0,0,20325,20325,nan,nan,nan,nan
overture,moron,bdpm,frac50,1.2,0,0,0,20325,20325,nan,nan,nan,nan
overture,moron,bdpm,frac50,1.3,0,0,0,20325,20325,nan,nan,nan,nan
overture,moron,bdpm,frac50,1.4,0,0,0,20325,20325,nan,nan,nan,nan
overture,moron,bdpm,frac50,1.5,0,0,0,20325,20325,nan,nan,nan,nan
overture,moron,bdpm,frac50,1.6,0,0,0,20325,20325,nan,nan,nan,nan
overture,moron,bdpm,frac50,1.7,0,0,0,20325,20325,nan,nan,nan,nan
overture,moron,bdpm,frac50,1.8,0,0,0,20325,20325,nan,nan,nan,nan
overture,moron,bdpm,frac50,1.9,0,0,0,20325,20325,nan,nan,nan,nan
overture,moron,bdpm,frac50,2.0,0,0,0,20325,20325,nan,nan,nan,nan
overture,moron,bdpm,frac50,2.1,0,0,0,20325,20325,nan,nan,nan,nan
overture,moron,bdpm,frac50,2.2,0,0,0,20325,20325,nan,nan,nan,nan
overture,moron,bdpm,frac50,2.3,0,0,0,20325,20325,nan,nan,nan,nan
overture,moron,bdpm,frac50,2.4,0,0,0,20325,20325,nan,nan,nan,nan
overture,moron,bdpm,frac50,2.5,0,0,0,20325,20325,nan,nan,nan,nan
overture,moron,bdpm,frac50,2.6,0,0,0,20325,20325,nan,nan,nan,nan
overture,moron,bdpm,frac50,2.7,0,0,0,20325,20325,nan,nan,nan,nan
overture,moron,bdpm,frac50,2.8,0,0,0,20325,20325,nan,nan,nan,nan
overture,moron,bdpm,frac50,2.9,0,0,0,20325,20325,nan,nan,nan,nan
overture,moron,bdpm,frac50,3.0,0,0,0,20325,20325,nan,nan,nan,nan
overture,moron,bdpm,frac50,3.1,0,0,0,20325,20325,nan,nan,nan,nan
overture,moron,bdpm,frac50,3.2,0,0,0,20325,20325,nan,nan,nan,nan
overture,moron,bdpm,frac50,3.3,0,0,0,20325,20325,nan,nan,nan,nan
overture,moron,bdpm,frac50,3.4,0,0,0,20325,20325,nan,nan,nan,nan
overture,moron,bdpm,frac50,3.5,0,0,0,20325,20325,nan,nan,nan,nan
overture,moron,bdpm,frac50,3.6,0,0,0,20325,20325,nan,nan,nan,nan
overture,moron,bdpm,frac50,3.7,0,0,0,20325,20325,nan,nan,nan,nan
overture,moron,bdpm,frac50,3.8,0,0,0,20325,20325,nan,nan,nan,nan
overture,moron,bdpm,frac50,3.9,0,0,0,20325,20325,nan,nan,nan,nan
overture,moron,bdpm,frac50,4.0,0,0,0,20325,20325,nan,nan,nan,nan
overture,moron,bdpm,frac50,4.1,0,0,0,20325,20325,nan,nan,nan,nan
overture,moron,bdpm,frac50,4.2,0,0,0,20325,20325,nan,nan,nan,nan
overture,moron,bdpm,frac50,4.3,0,0,0,20325,20325,nan,nan,nan,nan
overture,moron,bdpm,frac50,4.4,0,0,0,20325,20325,nan,nan,nan,nan
overture,moron,bdpm,frac50,4.5,0,0,0,20325,20325,nan,nan,nan,nan
overture,moron,bdpm,frac50,4.6,0,0,0,20325,20325,nan,nan,nan,nan
overture,moron,bdpm,frac50,4.7,0,0,0,20325,20325,nan,nan,nan,nan
overture,moron,bdpm,frac50,4.8,0,0,0,20325,20325,nan,nan,nan,nan
overture,moron,bdpm,frac50,4.9,0,0,0,20325,20325,nan,nan,nan,nan
overture,moron,bdpm,frac50,5.0,0,0,0,20325,20325,nan,nan,nan,nan
overture,moron,bdpm,frac50,5.1,0,0,0,20325,20325,nan,nan,nan,nan
overture,moron,bdpm,frac50,5.2,0,0,0,20325,20325,nan,nan,nan,nan
overture,moron,bdpm,frac50,5.3,0,0,0,20325,20325,nan,nan,nan,nan
overture,moron,bdpm,frac50,5.4,0,0,0,20325,20325,nan,nan,nan,nan
overture,moron,bdpm,frac50,5.5,0,0,0,20325,20325,nan,nan,nan,nan
overture,moron,bdpm,frac50,5.6,0,0,0,20325,20325,nan,nan,nan,nan
overture,moron,bdpm,frac50,5.7,0,0,0,20325,20325,nan,nan,nan,nan
overture,moron,bdpm,frac50,5.8,0,0,0,20325,20325,nan,nan,nan,nan
overture,moron,bdpm,frac50,5.9,0,0,0,20325,20325,nan,nan,nan,nan
overture,moron,bdpm,frac50,6.0,0,0,0,20325,20325,nan,nan,nan,nan
overture,el_junquito,bdpm,mean,0.0,6,50500,0,8659,59165,0.00011879776660198788,1.0,0.00023756731073804245,3.477584051720422e-05
overture,el_junquito,bdpm,mean,0.1,6,23153,0,36006,59165,0.0002590785439785828,1.0,0.0005180228793438376,0.00031531673479964816
overture,el_junquito,bdpm,mean,0.2,5,7527,1,51632,59165,0.0006638343069569836,0.8333333333333334,0.0013266118333775537,0.001124178486115544
overture,el_junquito,bdpm,mean,0.3,4,2334,2,56825,59165,0.001710863986313088,0.6666666666666666,0.0034129692832764505,0.0032113154992593697
overture,el_junquito,bdpm,mean,0.4,3,657,3,58502,59165,0.004545454545454545,0.5,0.009009009009009009,0.008809784351026957
overture,el_junquito,bdpm,mean,0.5,0,141,6,59018,59165,0.0,0.0,nan,-0.00019458199542416417
overture,el_junquito,bdpm,mean,0.6,0,3,6,59156,59165,0.0,0.0,nan,-6.761210910643473e-05
overture,el_junquito,bdpm,mean,0.7,0,0,6,59159,59165,nan,0.0,nan,0.0
overture,el_junquito,bdpm,mean,0.8,0,0,6,59159,59165,nan,0.0,nan,0.0
overture,el_junquito,bdpm,mean,0.9,0,0,6,59159,59165,nan,0.0,nan,0.0
overture,el_junquito,bdpm,mean,1.0,0,0,6,59159,59165,nan,0.0,nan,0.0
overture,el_junquito,bdpm,mean,1.1,0,0,6,59159,59165,nan,0.0,nan,0.0
overture,el_junquito,bdpm,mean,1.2,0,0,6,59159,59165,nan,0.0,nan,0.0
overture,el_junquito,bdpm,mean,1.3,0,0,6,59159,59165,nan,0.0,nan,0.0
overture,el_junquito,bdpm,mean,1.4,0,0,6,59159,59165,nan,0.0,nan,0.0
overture,el_junquito,bdpm,mean,1.5,0,0,6,59159,59165,nan,0.0,nan,0.0
overture,el_junquito,bdpm,mean,1.6,0,0,6,59159,59165,nan,0.0,nan,0.0
overture,el_junquito,bdpm,mean,1.7,0,0,6,59159,59165,nan,0.0,nan,0.0
overture,el_junquito,bdpm,mean,1.8,0,0,6,59159,59165,nan,0.0,nan,0.0
overture,el_junquito,bdpm,mean,1.9,0,0,6,59159,59165,nan,0.0,nan,0.0
overture,el_junquito,bdpm,mean,2.0,0,0,6,59159,59165,nan,0.0,nan,0.0
overture,el_junquito,bdpm,mean,2.1,0,0,6,59159,59165,nan,0.0,nan,0.0
overture,el_junquito,bdpm,mean,2.2,0,0,6,59159,59165,nan,0.0,nan,0.0
overture,el_junquito,bdpm,mean,2.3,0,0,6,59159,59165,nan,0.0,nan,0.0
overture,el_junquito,bdpm,mean,2.4,0,0,6,59159,59165,nan,0.0,nan,0.0
overture,el_junquito,bdpm,mean,2.5,0,0,6,59159,59165,nan,0.0,nan,0.0
overture,el_junquito,bdpm,mean,2.6,0,0,6,59159,59165,nan,0.0,nan,0.0
overture,el_junquito,bdpm,mean,2.7,0,0,6,59159,59165,nan,0.0,nan,0.0
overture,el_junquito,bdpm,mean,2.8,0,0,6,59159,59165,nan,0.0,nan,0.0
overture,el_junquito,bdpm,mean,2.9,0,0,6,59159,59165,nan,0.0,nan,0.0
overture,el_junquito,bdpm,mean,3.0,0,0,6,59159,59165,nan,0.0,nan,0.0
overture,el_junquito,bdpm,mean,3.1,0,0,6,59159,59165,nan,0.0,nan,0.0
overture,el_junquito,bdpm,mean,3.2,0,0,6,59159,59165,nan,0.0,nan,0.0
overture,el_junquito,bdpm,mean,3.3,0,0,6,59159,59165,nan,0.0,nan,0.0
overture,el_junquito,bdpm,mean,3.4,0,0,6,59159,59165,nan,0.0,nan,0.0
overture,el_junquito,bdpm,mean,3.5,0,0,6,59159,59165,nan,0.0,nan,0.0
overture,el_junquito,bdpm,mean,3.6,0,0,6,59159,59165,nan,0.0,nan,0.0
overture,el_junquito,bdpm,mean,3.7,0,0,6,59159,59165,nan,0.0,nan,0.0
overture,el_junquito,bdpm,mean,3.8,0,0,6,59159,59165,nan,0.0,nan,0.0
overture,el_junquito,bdpm,mean,3.9,0,0,6,59159,59165,nan,0.0,nan,0.0
overture,el_junquito,bdpm,mean,4.0,0,0,6,59159,59165,nan,0.0,nan,0.0
overture,el_junquito,bdpm,mean,4.1,0,0,6,59159,59165,nan,0.0,nan,0.0
overture,el_junquito,bdpm,mean,4.2,0,0,6,59159,59165,nan,0.0,nan,0.0
overture,el_junquito,bdpm,mean,4.3,0,0,6,59159,59165,nan,0.0,nan,0.0
overture,el_junquito,bdpm,mean,4.4,0,0,6,59159,59165,nan,0.0,nan,0.0
overture,el_junquito,bdpm,mean,4.5,0,0,6,59159,59165,nan,0.0,nan,0.0
overture,el_junquito,bdpm,mean,4.6,0,0,6,59159,59165,nan,0.0,nan,0.0
overture,el_junquito,bdpm,mean,4.7,0,0,6,59159,59165,nan,0.0,nan,0.0
overture,el_junquito,bdpm,mean,4.8,0,0,6,59159,59165,nan,0.0,nan,0.0
overture,el_junquito,bdpm,mean,4.9,0,0,6,59159,59165,nan,0.0,nan,0.0
overture,el_junquito,bdpm,mean,5.0,0,0,6,59159,59165,nan,0.0,nan,0.0
overture,el_junquito,bdpm,mean,5.1,0,0,6,59159,59165,nan,0.0,nan,0.0
overture,el_junquito,bdpm,mean,5.2,0,0,6,59159,59165,nan,0.0,nan,0.0
overture,el_junquito,bdpm,mean,5.3,0,0,6,59159,59165,nan,0.0,nan,0.0
overture,el_junquito,bdpm,mean,5.4,0,0,6,59159,59165,nan,0.0,nan,0.0
overture,el_junquito,bdpm,mean,5.5,0,0,6,59159,59165,nan,0.0,nan,0.0
overture,el_junquito,bdpm,mean,5.6,0,0,6,59159,59165,nan,0.0,nan,0.0
overture,el_junquito,bdpm,mean,5.7,0,0,6,59159,59165,nan,0.0,nan,0.0
overture,el_junquito,bdpm,mean,5.8,0,0,6,59159,59165,nan,0.0,nan,0.0
overture,el_junquito,bdpm,mean,5.9,0,0,6,59159,59165,nan,0.0,nan,0.0
overture,el_junquito,bdpm,mean,6.0,0,0,6,59159,59165,nan,0.0,nan,0.0
overture,el_junquito,bdpm,max,0.0,6,51943,0,7216,59165,0.00011549789216346802,1.0,0.00023096910788182083,2.8175630034445432e-05
overture,el_junquito,bdpm,max,0.1,6,26370,0,32789,59165,0.00022747952684258417,1.0,0.00045485558335228563,0.0002521302222110999
overture,el_junquito,bdpm,max,0.2,5,9315,1,49844,59165,0.000536480686695279,0.8333333333333334,0.001072271070126528,0.0008697552364364233
overture,el_junquito,bdpm,max,0.3,4,3111,2,56048,59165,0.0012841091492776886,0.6666666666666666,0.00256328099967959,0.002361326313124065
overture,el_junquito,bdpm,max,0.4,4,977,2,58182,59165,0.004077471967380225,0.6666666666666666,0.00810536980749747,0.007905373798539995
overture,el_junquito,bdpm,max,0.5,0,246,6,58913,59165,0.0,0.0,nan,-0.00019803271401280014
overture,el_junquito,bdpm,max,0.6,0,7,6,59152,59165,0.0,0.0,nan,-0.00010922410573784522
overture,el_junquito,bdpm,max,0.7,0,0,6,59159,59165,nan,0.0,nan,0.0
overture,el_junquito,bdpm,max,0.8,0,0,6,59159,59165,nan,0.0,nan,0.0
overture,el_junquito,bdpm,max,0.9,0,0,6,59159,59165,nan,0.0,nan,0.0
overture,el_junquito,bdpm,max,1.0,0,0,6,59159,59165,nan,0.0,nan,0.0
overture,el_junquito,bdpm,max,1.1,0,0,6,59159,59165,nan,0.0,nan,0.0
overture,el_junquito,bdpm,max,1.2,0,0,6,59159,59165,nan,0.0,nan,0.0
overture,el_junquito,bdpm,max,1.3,0,0,6,59159,59165,nan,0.0,nan,0.0
overture,el_junquito,bdpm,max,1.4,0,0,6,59159,59165,nan,0.0,nan,0.0
overture,el_junquito,bdpm,max,1.5,0,0,6,59159,59165,nan,0.0,nan,0.0
overture,el_junquito,bdpm,max,1.6,0,0,6,59159,59165,nan,0.0,nan,0.0
overture,el_junquito,bdpm,max,1.7,0,0,6,59159,59165,nan,0.0,nan,0.0
overture,el_junquito,bdpm,max,1.8,0,0,6,59159,59165,nan,0.0,nan,0.0
overture,el_junquito,bdpm,max,1.9,0,0,6,59159,59165,nan,0.0,nan,0.0
overture,el_junquito,bdpm,max,2.0,0,0,6,59159,59165,nan,0.0,nan,0.0
overture,el_junquito,bdpm,max,2.1,0,0,6,59159,59165,nan,0.0,nan,0.0
overture,el_junquito,bdpm,max,2.2,0,0,6,59159,59165,nan,0.0,nan,0.0
overture,el_junquito,bdpm,max,2.3,0,0,6,59159,59165,nan,0.0,nan,0.0
overture,el_junquito,bdpm,max,2.4,0,0,6,59159,59165,nan,0.0,nan,0.0
overture,el_junquito,bdpm,max,2.5,0,0,6,59159,59165,nan,0.0,nan,0.0
overture,el_junquito,bdpm,max,2.6,0,0,6,59159,59165,nan,0.0,nan,0.0
overture,el_junquito,bdpm,max,2.7,0,0,6,59159,59165,nan,0.0,nan,0.0
overture,el_junquito,bdpm,max,2.8,0,0,6,59159,59165,nan,0.0,nan,0.0
overture,el_junquito,bdpm,max,2.9,0,0,6,59159,59165,nan,0.0,nan,0.0
overture,el_junquito,bdpm,max,3.0,0,0,6,59159,59165,nan,0.0,nan,0.0
overture,el_junquito,bdpm,max,3.1,0,0,6,59159,59165,nan,0.0,nan,0.0
overture,el_junquito,bdpm,max,3.2,0,0,6,59159,59165,nan,0.0,nan,0.0
overture,el_junquito,bdpm,max,3.3,0,0,6,59159,59165,nan,0.0,nan,0.0
overture,el_junquito,bdpm,max,3.4,0,0,6,59159,59165,nan,0.0,nan,0.0
overture,el_junquito,bdpm,max,3.5,0,0,6,59159,59165,nan,0.0,nan,0.0
overture,el_junquito,bdpm,max,3.6,0,0,6,59159,59165,nan,0.0,nan,0.0
overture,el_junquito,bdpm,max,3.7,0,0,6,59159,59165,nan,0.0,nan,0.0
overture,el_junquito,bdpm,max,3.8,0,0,6,59159,59165,nan,0.0,nan,0.0
overture,el_junquito,bdpm,max,3.9,0,0,6,59159,59165,nan,0.0,nan,0.0
overture,el_junquito,bdpm,max,4.0,0,0,6,59159,59165,nan,0.0,nan,0.0
overture,el_junquito,bdpm,max,4.1,0,0,6,59159,59165,nan,0.0,nan,0.0
overture,el_junquito,bdpm,max,4.2,0,0,6,59159,59165,nan,0.0,nan,0.0
overture,el_junquito,bdpm,max,4.3,0,0,6,59159,59165,nan,0.0,nan,0.0
overture,el_junquito,bdpm,max,4.4,0,0,6,59159,59165,nan,0.0,nan,0.0
overture,el_junquito,bdpm,max,4.5,0,0,6,59159,59165,nan,0.0,nan,0.0
overture,el_junquito,bdpm,max,4.6,0,0,6,59159,59165,nan,0.0,nan,0.0
overture,el_junquito,bdpm,max,4.7,0,0,6,59159,59165,nan,0.0,nan,0.0
overture,el_junquito,bdpm,max,4.8,0,0,6,59159,59165,nan,0.0,nan,0.0
overture,el_junquito,bdpm,max,4.9,0,0,6,59159,59165,nan,0.0,nan,0.0
overture,el_junquito,bdpm,max,5.0,0,0,6,59159,59165,nan,0.0,nan,0.0
overture,el_junquito,bdpm,max,5.1,0,0,6,59159,59165,nan,0.0,nan,0.0
overture,el_junquito,bdpm,max,5.2,0,0,6,59159,59165,nan,0.0,nan,0.0
overture,el_junquito,bdpm,max,5.3,0,0,6,59159,59165,nan,0.0,nan,0.0
overture,el_junquito,bdpm,max,5.4,0,0,6,59159,59165,nan,0.0,nan,0.0
overture,el_junquito,bdpm,max,5.5,0,0,6,59159,59165,nan,0.0,nan,0.0
overture,el_junquito,bdpm,max,5.6,0,0,6,59159,59165,nan,0.0,nan,0.0
overture,el_junquito,bdpm,max,5.7,0,0,6,59159,59165,nan,0.0,nan,0.0
overture,el_junquito,bdpm,max,5.8,0,0,6,59159,59165,nan,0.0,nan,0.0
overture,el_junquito,bdpm,max,5.9,0,0,6,59159,59165,nan,0.0,nan,0.0
overture,el_junquito,bdpm,max,6.0,0,0,6,59159,59165,nan,0.0,nan,0.0
overture,el_junquito,bdpm,p75,0.0,6,51334,0,7825,59165,0.00011686793922867161,1.0,0.0002337085654189226,3.091592110371518e-05
overture,el_junquito,bdpm,p75,0.1,6,24750,0,34409,59165,0.0002423654871546292,1.0,0.000484613520717228,0.0002818972125620218
overture,el_junquito,bdpm,p75,0.2,5,8357,1,50802,59165,0.000597943075819182,0.8333333333333334,0.0011950286806883365,0.000992552661053014
overture,el_junquito,bdpm,p75,0.3,4,2672,2,56487,59165,0.0014947683109118087,0.6666666666666666,0.0029828486204325133,0.002781042544023529
overture,el_junquito,bdpm,p75,0.4,4,809,2,58350,59165,0.004920049200492005,0.6666666666666666,0.009768009768009768,0.009568599543837089
overture,el_junquito,bdpm,p75,0.5,0,180,6,58979,59165,0.0,0.0,nan,-0.00019631848313803106
overture,el_junquito,bdpm,p75,0.6,0,4,6,59155,59165,0.0,0.0,nan,-8.113562851587154e-05
overture,el_junquito,bdpm,p75,0.7,0,0,6,59159,59165,nan,0.0,nan,0.0
overture,el_junquito,bdpm,p75,0.8,0,0,6,59159,59165,nan,0.0,nan,0.0
overture,el_junquito,bdpm,p75,0.9,0,0,6,59159,59165,nan,0.0,nan,0.0
overture,el_junquito,bdpm,p75,1.0,0,0,6,59159,59165,nan,0.0,nan,0.0
overture,el_junquito,bdpm,p75,1.1,0,0,6,59159,59165,nan,0.0,nan,0.0
overture,el_junquito,bdpm,p75,1.2,0,0,6,59159,59165,nan,0.0,nan,0.0
overture,el_junquito,bdpm,p75,1.3,0,0,6,59159,59165,nan,0.0,nan,0.0
overture,el_junquito,bdpm,p75,1.4,0,0,6,59159,59165,nan,0.0,nan,0.0
overture,el_junquito,bdpm,p75,1.5,0,0,6,59159,59165,nan,0.0,nan,0.0
overture,el_junquito,bdpm,p75,1.6,0,0,6,59159,59165,nan,0.0,nan,0.0
overture,el_junquito,bdpm,p75,1.7,0,0,6,59159,59165,nan,0.0,nan,0.0
overture,el_junquito,bdpm,p75,1.8,0,0,6,59159,59165,nan,0.0,nan,0.0
overture,el_junquito,bdpm,p75,1.9,0,0,6,59159,59165,nan,0.0,nan,0.0
overture,el_junquito,bdpm,p75,2.0,0,0,6,59159,59165,nan,0.0,nan,0.0
overture,el_junquito,bdpm,p75,2.1,0,0,6,59159,59165,nan,0.0,nan,0.0
overture,el_junquito,bdpm,p75,2.2,0,0,6,59159,59165,nan,0.0,nan,0.0
overture,el_junquito,bdpm,p75,2.3,0,0,6,59159,59165,nan,0.0,nan,0.0
overture,el_junquito,bdpm,p75,2.4,0,0,6,59159,59165,nan,0.0,nan,0.0
overture,el_junquito,bdpm,p75,2.5,0,0,6,59159,59165,nan,0.0,nan,0.0
overture,el_junquito,bdpm,p75,2.6,0,0,6,59159,59165,nan,0.0,nan,0.0
overture,el_junquito,bdpm,p75,2.7,0,0,6,59159,59165,nan,0.0,nan,0.0
overture,el_junquito,bdpm,p75,2.8,0,0,6,59159,59165,nan,0.0,nan,0.0
overture,el_junquito,bdpm,p75,2.9,0,0,6,59159,59165,nan,0.0,nan,0.0
overture,el_junquito,bdpm,p75,3.0,0,0,6,59159,59165,nan,0.0,nan,0.0
overture,el_junquito,bdpm,p75,3.1,0,0,6,59159,59165,nan,0.0,nan,0.0
overture,el_junquito,bdpm,p75,3.2,0,0,6,59159,59165,nan,0.0,nan,0.0
overture,el_junquito,bdpm,p75,3.3,0,0,6,59159,59165,nan,0.0,nan,0.0
overture,el_junquito,bdpm,p75,3.4,0,0,6,59159,59165,nan,0.0,nan,0.0
overture,el_junquito,bdpm,p75,3.5,0,0,6,59159,59165,nan,0.0,nan,0.0
overture,el_junquito,bdpm,p75,3.6,0,0,6,59159,59165,nan,0.0,nan,0.0
overture,el_junquito,bdpm,p75,3.7,0,0,6,59159,59165,nan,0.0,nan,0.0
overture,el_junquito,bdpm,p75,3.8,0,0,6,59159,59165,nan,0.0,nan,0.0
overture,el_junquito,bdpm,p75,3.9,0,0,6,59159,59165,nan,0.0,nan,0.0
overture,el_junquito,bdpm,p75,4.0,0,0,6,59159,59165,nan,0.0,nan,0.0
overture,el_junquito,bdpm,p75,4.1,0,0,6,59159,59165,nan,0.0,nan,0.0
overture,el_junquito,bdpm,p75,4.2,0,0,6,59159,59165,nan,0.0,nan,0.0
overture,el_junquito,bdpm,p75,4.3,0,0,6,59159,59165,nan,0.0,nan,0.0
overture,el_junquito,bdpm,p75,4.4,0,0,6,59159,59165,nan,0.0,nan,0.0
overture,el_junquito,bdpm,p75,4.5,0,0,6,59159,59165,nan,0.0,nan,0.0
overture,el_junquito,bdpm,p75,4.6,0,0,6,59159,59165,nan,0.0,nan,0.0
overture,el_junquito,bdpm,p75,4.7,0,0,6,59159,59165,nan,0.0,nan,0.0
overture,el_junquito,bdpm,p75,4.8,0,0,6,59159,59165,nan,0.0,nan,0.0
overture,el_junquito,bdpm,p75,4.9,0,0,6,59159,59165,nan,0.0,nan,0.0
overture,el_junquito,bdpm,p75,5.0,0,0,6,59159,59165,nan,0.0,nan,0.0
overture,el_junquito,bdpm,p75,5.1,0,0,6,59159,59165,nan,0.0,nan,0.0
overture,el_junquito,bdpm,p75,5.2,0,0,6,59159,59165,nan,0.0,nan,0.0
overture,el_junquito,bdpm,p75,5.3,0,0,6,59159,59165,nan,0.0,nan,0.0
overture,el_junquito,bdpm,p75,5.4,0,0,6,59159,59165,nan,0.0,nan,0.0
overture,el_junquito,bdpm,p75,5.5,0,0,6,59159,59165,nan,0.0,nan,0.0
overture,el_junquito,bdpm,p75,5.6,0,0,6,59159,59165,nan,0.0,nan,0.0
overture,el_junquito,bdpm,p75,5.7,0,0,6,59159,59165,nan,0.0,nan,0.0
overture,el_junquito,bdpm,p75,5.8,0,0,6,59159,59165,nan,0.0,nan,0.0
overture,el_junquito,bdpm,p75,5.9,0,0,6,59159,59165,nan,0.0,nan,0.0
overture,el_junquito,bdpm,p75,6.0,0,0,6,59159,59165,nan,0.0,nan,0.0
overture,el_junquito,bdpm,p90,0.0,6,51700,0,7459,59165,0.00011604069160252195,1.0,0.00023205445544554454,2.9261307836038154e-05
overture,el_junquito,bdpm,p90,0.1,6,25728,0,33431,59165,0.00023315458148752622,1.0,0.00046620046620046615,0.00026347855643085526
overture,el_junquito,bdpm,p90,0.2,5,8907,1,50252,59165,0.0005610412926391383,0.8333333333333334,0.001121327651939897,0.0009188277292426142
overture,el_junquito,bdpm,p90,0.3,4,2915,2,56244,59165,0.0013703323055841042,0.6666666666666666,0.002735042735042735,0.002533148892686484
overture,el_junquito,bdpm,p90,0.4,4,904,2,58255,59165,0.004405286343612335,0.6666666666666666,0.008752735229759301,0.008552967401976783
overture,el_junquito,bdpm,p90,0.5,0,218,6,58941,59165,0.0,0.0,nan,-0.00019742883654098653
overture,el_junquito,bdpm,p90,0.6,0,4,6,59155,59165,0.0,0.0,nan,-8.113562851587154e-05
overture,el_junquito,bdpm,p90,0.7,0,0,6,59159,59165,nan,0.0,nan,0.0
overture,el_junquito,bdpm,p90,0.8,0,0,6,59159,59165,nan,0.0,nan,0.0
overture,el_junquito,bdpm,p90,0.9,0,0,6,59159,59165,nan,0.0,nan,0.0
overture,el_junquito,bdpm,p90,1.0,0,0,6,59159,59165,nan,0.0,nan,0.0
overture,el_junquito,bdpm,p90,1.1,0,0,6,59159,59165,nan,0.0,nan,0.0
overture,el_junquito,bdpm,p90,1.2,0,0,6,59159,59165,nan,0.0,nan,0.0
overture,el_junquito,bdpm,p90,1.3,0,0,6,59159,59165,nan,0.0,nan,0.0
overture,el_junquito,bdpm,p90,1.4,0,0,6,59159,59165,nan,0.0,nan,0.0
overture,el_junquito,bdpm,p90,1.5,0,0,6,59159,59165,nan,0.0,nan,0.0
overture,el_junquito,bdpm,p90,1.6,0,0,6,59159,59165,nan,0.0,nan,0.0
overture,el_junquito,bdpm,p90,1.7,0,0,6,59159,59165,nan,0.0,nan,0.0
overture,el_junquito,bdpm,p90,1.8,0,0,6,59159,59165,nan,0.0,nan,0.0
overture,el_junquito,bdpm,p90,1.9,0,0,6,59159,59165,nan,0.0,nan,0.0
overture,el_junquito,bdpm,p90,2.0,0,0,6,59159,59165,nan,0.0,nan,0.0
overture,el_junquito,bdpm,p90,2.1,0,0,6,59159,59165,nan,0.0,nan,0.0
overture,el_junquito,bdpm,p90,2.2,0,0,6,59159,59165,nan,0.0,nan,0.0
overture,el_junquito,bdpm,p90,2.3,0,0,6,59159,59165,nan,0.0,nan,0.0
overture,el_junquito,bdpm,p90,2.4,0,0,6,59159,59165,nan,0.0,nan,0.0
overture,el_junquito,bdpm,p90,2.5,0,0,6,59159,59165,nan,0.0,nan,0.0
overture,el_junquito,bdpm,p90,2.6,0,0,6,59159,59165,nan,0.0,nan,0.0
overture,el_junquito,bdpm,p90,2.7,0,0,6,59159,59165,nan,0.0,nan,0.0
overture,el_junquito,bdpm,p90,2.8,0,0,6,59159,59165,nan,0.0,nan,0.0
overture,el_junquito,bdpm,p90,2.9,0,0,6,59159,59165,nan,0.0,nan,0.0
overture,el_junquito,bdpm,p90,3.0,0,0,6,59159,59165,nan,0.0,nan,0.0
overture,el_junquito,bdpm,p90,3.1,0,0,6,59159,59165,nan,0.0,nan,0.0
overture,el_junquito,bdpm,p90,3.2,0,0,6,59159,59165,nan,0.0,nan,0.0
overture,el_junquito,bdpm,p90,3.3,0,0,6,59159,59165,nan,0.0,nan,0.0
overture,el_junquito,bdpm,p90,3.4,0,0,6,59159,59165,nan,0.0,nan,0.0
overture,el_junquito,bdpm,p90,3.5,0,0,6,59159,59165,nan,0.0,nan,0.0
overture,el_junquito,bdpm,p90,3.6,0,0,6,59159,59165,nan,0.0,nan,0.0
overture,el_junquito,bdpm,p90,3.7,0,0,6,59159,59165,nan,0.0,nan,0.0
overture,el_junquito,bdpm,p90,3.8,0,0,6,59159,59165,nan,0.0,nan,0.0
overture,el_junquito,bdpm,p90,3.9,0,0,6,59159,59165,nan,0.0,nan,0.0
overture,el_junquito,bdpm,p90,4.0,0,0,6,59159,59165,nan,0.0,nan,0.0
overture,el_junquito,bdpm,p90,4.1,0,0,6,59159,59165,nan,0.0,nan,0.0
overture,el_junquito,bdpm,p90,4.2,0,0,6,59159,59165,nan,0.0,nan,0.0
overture,el_junquito,bdpm,p90,4.3,0,0,6,59159,59165,nan,0.0,nan,0.0
overture,el_junquito,bdpm,p90,4.4,0,0,6,59159,59165,nan,0.0,nan,0.0
overture,el_junquito,bdpm,p90,4.5,0,0,6,59159,59165,nan,0.0,nan,0.0
overture,el_junquito,bdpm,p90,4.6,0,0,6,59159,59165,nan,0.0,nan,0.0
overture,el_junquito,bdpm,p90,4.7,0,0,6,59159,59165,nan,0.0,nan,0.0
overture,el_junquito,bdpm,p90,4.8,0,0,6,59159,59165,nan,0.0,nan,0.0
overture,el_junquito,bdpm,p90,4.9,0,0,6,59159,59165,nan,0.0,nan,0.0
overture,el_junquito,bdpm,p90,5.0,0,0,6,59159,59165,nan,0.0,nan,0.0
overture,el_junquito,bdpm,p90,5.1,0,0,6,59159,59165,nan,0.0,nan,0.0
overture,el_junquito,bdpm,p90,5.2,0,0,6,59159,59165,nan,0.0,nan,0.0
overture,el_junquito,bdpm,p90,5.3,0,0,6,59159,59165,nan,0.0,nan,0.0
overture,el_junquito,bdpm,p90,5.4,0,0,6,59159,59165,nan,0.0,nan,0.0
overture,el_junquito,bdpm,p90,5.5,0,0,6,59159,59165,nan,0.0,nan,0.0
overture,el_junquito,bdpm,p90,5.6,0,0,6,59159,59165,nan,0.0,nan,0.0
overture,el_junquito,bdpm,p90,5.7,0,0,6,59159,59165,nan,0.0,nan,0.0
overture,el_junquito,bdpm,p90,5.8,0,0,6,59159,59165,nan,0.0,nan,0.0
overture,el_junquito,bdpm,p90,5.9,0,0,6,59159,59165,nan,0.0,nan,0.0
overture,el_junquito,bdpm,p90,6.0,0,0,6,59159,59165,nan,0.0,nan,0.0
overture,el_junquito,bdpm,frac50,0.0,6,51675,0,7484,59165,0.00011609682475184304,1.0,0.00023216669568750366,2.937358222931623e-05
overture,el_junquito,bdpm,frac50,0.1,6,25572,0,33587,59165,0.0002345765892563922,1.0,0.0004690431519699812,0.0002663221070055289
overture,el_junquito,bdpm,frac50,0.2,5,8883,1,50276,59165,0.0005625562556255626,0.8333333333333334,0.001124353496739375,0.0009218545554231972
overture,el_junquito,bdpm,frac50,0.3,4,2907,2,56252,59165,0.0013740982480247338,0.6666666666666666,0.002742543709290367,0.002540652523843732
overture,el_junquito,bdpm,frac50,0.4,4,889,2,58270,59165,0.004479283314669653,0.6666666666666666,0.008898776418242493,0.00869906004892455
overture,el_junquito,bdpm,frac50,0.5,0,208,6,58951,59165,0.0,0.0,nan,-0.00019717486960653703
overture,el_junquito,bdpm,frac50,0.6,0,4,6,59155,59165,0.0,0.0,nan,-8.113562851587154e-05
overture,el_junquito,bdpm,frac50,0.7,0,0,6,59159,59165,nan,0.0,nan,0.0
overture,el_junquito,bdpm,frac50,0.8,0,0,6,59159,59165,nan,0.0,nan,0.0
overture,el_junquito,bdpm,frac50,0.9,0,0,6,59159,59165,nan,0.0,nan,0.0
overture,el_junquito,bdpm,frac50,1.0,0,0,6,59159,59165,nan,0.0,nan,0.0
overture,el_junquito,bdpm,frac50,1.1,0,0,6,59159,59165,nan,0.0,nan,0.0
overture,el_junquito,bdpm,frac50,1.2,0,0,6,59159,59165,nan,0.0,nan,0.0
overture,el_junquito,bdpm,frac50,1.3,0,0,6,59159,59165,nan,0.0,nan,0.0
overture,el_junquito,bdpm,frac50,1.4,0,0,6,59159,59165,nan,0.0,nan,0.0
overture,el_junquito,bdpm,frac50,1.5,0,0,6,59159,59165,nan,0.0,nan,0.0
overture,el_junquito,bdpm,frac50,1.6,0,0,6,59159,59165,nan,0.0,nan,0.0
overture,el_junquito,bdpm,frac50,1.7,0,0,6,59159,59165,nan,0.0,nan,0.0
overture,el_junquito,bdpm,frac50,1.8,0,0,6,59159,59165,nan,0.0,nan,0.0
overture,el_junquito,bdpm,frac50,1.9,0,0,6,59159,59165,nan,0.0,nan,0.0
overture,el_junquito,bdpm,frac50,2.0,0,0,6,59159,59165,nan,0.0,nan,0.0
overture,el_junquito,bdpm,frac50,2.1,0,0,6,59159,59165,nan,0.0,nan,0.0
overture,el_junquito,bdpm,frac50,2.2,0,0,6,59159,59165,nan,0.0,nan,0.0
overture,el_junquito,bdpm,frac50,2.3,0,0,6,59159,59165,nan,0.0,nan,0.0
overture,el_junquito,bdpm,frac50,2.4,0,0,6,59159,59165,nan,0.0,nan,0.0
overture,el_junquito,bdpm,frac50,2.5,0,0,6,59159,59165,nan,0.0,nan,0.0
overture,el_junquito,bdpm,frac50,2.6,0,0,6,59159,59165,nan,0.0,nan,0.0
overture,el_junquito,bdpm,frac50,2.7,0,0,6,59159,59165,nan,0.0,nan,0.0
overture,el_junquito,bdpm,frac50,2.8,0,0,6,59159,59165,nan,0.0,nan,0.0
overture,el_junquito,bdpm,frac50,2.9,0,0,6,59159,59165,nan,0.0,nan,0.0
overture,el_junquito,bdpm,frac50,3.0,0,0,6,59159,59165,nan,0.0,nan,0.0
overture,el_junquito,bdpm,frac50,3.1,0,0,6,59159,59165,nan,0.0,nan,0.0
overture,el_junquito,bdpm,frac50,3.2,0,0,6,59159,59165,nan,0.0,nan,0.0
overture,el_junquito,bdpm,frac50,3.3,0,0,6,59159,59165,nan,0.0,nan,0.0
overture,el_junquito,bdpm,frac50,3.4,0,0,6,59159,59165,nan,0.0,nan,0.0
overture,el_junquito,bdpm,frac50,3.5,0,0,6,59159,59165,nan,0.0,nan,0.0
overture,el_junquito,bdpm,frac50,3.6,0,0,6,59159,59165,nan,0.0,nan,0.0
overture,el_junquito,bdpm,frac50,3.7,0,0,6,59159,59165,nan,0.0,nan,0.0
overture,el_junquito,bdpm,frac50,3.8,0,0,6,59159,59165,nan,0.0,nan,0.0
overture,el_junquito,bdpm,frac50,3.9,0,0,6,59159,59165,nan,0.0,nan,0.0
overture,el_junquito,bdpm,frac50,4.0,0,0,6,59159,59165,nan,0.0,nan,0.0
overture,el_junquito,bdpm,frac50,4.1,0,0,6,59159,59165,nan,0.0,nan,0.0
overture,el_junquito,bdpm,frac50,4.2,0,0,6,59159,59165,nan,0.0,nan,0.0
overture,el_junquito,bdpm,frac50,4.3,0,0,6,59159,59165,nan,0.0,nan,0.0
overture,el_junquito,bdpm,frac50,4.4,0,0,6,59159,59165,nan,0.0,nan,0.0
overture,el_junquito,bdpm,frac50,4.5,0,0,6,59159,59165,nan,0.0,nan,0.0
overture,el_junquito,bdpm,frac50,4.6,0,0,6,59159,59165,nan,0.0,nan,0.0
overture,el_junquito,bdpm,frac50,4.7,0,0,6,59159,59165,nan,0.0,nan,0.0
overture,el_junquito,bdpm,frac50,4.8,0,0,6,59159,59165,nan,0.0,nan,0.0
overture,el_junquito,bdpm,frac50,4.9,0,0,6,59159,59165,nan,0.0,nan,0.0
overture,el_junquito,bdpm,frac50,5.0,0,0,6,59159,59165,nan,0.0,nan,0.0
overture,el_junquito,bdpm,frac50,5.1,0,0,6,59159,59165,nan,0.0,nan,0.0
overture,el_junquito,bdpm,frac50,5.2,0,0,6,59159,59165,nan,0.0,nan,0.0
overture,el_junquito,bdpm,frac50,5.3,0,0,6,59159,59165,nan,0.0,nan,0.0
overture,el_junquito,bdpm,frac50,5.4,0,0,6,59159,59165,nan,0.0,nan,0.0
overture,el_junquito,bdpm,frac50,5.5,0,0,6,59159,59165,nan,0.0,nan,0.0
overture,el_junquito,bdpm,frac50,5.6,0,0,6,59159,59165,nan,0.0,nan,0.0
overture,el_junquito,bdpm,frac50,5.7,0,0,6,59159,59165,nan,0.0,nan,0.0
overture,el_junquito,bdpm,frac50,5.8,0,0,6,59159,59165,nan,0.0,nan,0.0
overture,el_junquito,bdpm,frac50,5.9,0,0,6,59159,59165,nan,0.0,nan,0.0
overture,el_junquito,bdpm,frac50,6.0,0,0,6,59159,59165,nan,0.0,nan,0.0
