admin3_id,aoi_zone,adm3_name,adm3_name1,adm3_name2,adm3_name3,adm3_pcode,adm2_name,adm2_name1,adm2_name2,adm2_name3,adm2_pcode,adm1_name,adm1_name1,adm1_name2,adm1_name3,adm1_pcode,adm0_name,adm0_name1,adm0_name2,adm0_name3,adm0_pcode,valid_on,valid_to,area_sqkm,version,lang,lang1,lang2,lang3,adm0_en,adm3_ref_name,center_lat,center_lon,urban_area_km2,mmi_categorie,area_km2,n_buildings_overture,n_buildings_osm,population
VE010101,EMSR884/AOI02 - Caracas,Altagracia,,,,VE010101,Libertador,,,,VE0101,Distrito Capital,,,,VE01,Venezuela (República Bolivariana de),,,,VE,2021/02/23,,2.9508224,v01,es,,,,Venezuela (Bolivarian Republic of),Altagracia,10.53201028,-66.91336104,0.54,I,0.0,0,0,0.0
VE010101,EMSR884/AOI02 - Caracas,Altagracia,,,,VE010101,Libertador,,,,VE0101,Distrito Capital,,,,VE01,Venezuela (República Bolivariana de),,,,VE,2021/02/23,,2.9508224,v01,es,,,,Venezuela (Bolivarian Republic of),Altagracia,10.53201028,-66.91336104,0.54,II-III,0.0,0,0,0.0
VE010101,EMSR884/AOI02 - Caracas,Altagracia,,,,VE010101,Libertador,,,,VE0101,Distrito Capital,,,,VE01,Venezuela (República Bolivariana de),,,,VE,2021/02/23,,2.9508224,v01,es,,,,Venezuela (Bolivarian Republic of),Altagracia,10.53201028,-66.91336104,0.54,IV,0.0,0,0,0.0
VE010101,EMSR884/AOI02 - Caracas,Altagracia,,,,VE010101,Libertador,,,,VE0101,Distrito Capital,,,,VE01,Venezuela (República Bolivariana de),,,,VE,2021/02/23,,2.9508224,v01,es,,,,Venezuela (Bolivarian Republic of),Altagracia,10.53201028,-66.91336104,0.54,V,0.0,0,0,0.0
VE010101,EMSR884/AOI02 - Caracas,Altagracia,,,,VE010101,Libertador,,,,VE0101,Distrito Capital,,,,VE01,Venezuela (República Bolivariana de),,,,VE,2021/02/23,,2.9508224,v01,es,,,,Venezuela (Bolivarian Republic of),Altagracia,10.53201028,-66.91336104,0.54,VI,0.0,0,0,0.0
VE010101,EMSR884/AOI02 - Caracas,Altagracia,,,,VE010101,Libertador,,,,VE0101,Distrito Capital,,,,VE01,Venezuela (República Bolivariana de),,,,VE,2021/02/23,,2.9508224,v01,es,,,,Venezuela (Bolivarian Republic of),Altagracia,10.53201028,-66.91336104,0.54,VII,0.0,0,0,0.0
VE010101,EMSR884/AOI02 - Caracas,Altagracia,,,,VE010101,Libertador,,,,VE0101,Distrito Capital,,,,VE01,Venezuela (República Bolivariana de),,,,VE,2021/02/23,,2.9508224,v01,es,,,,Venezuela (Bolivarian Republic of),Altagracia,10.53201028,-66.91336104,0.54,VIII,2.969,3245,171,19948.0
VE010101,EMSR884/AOI02 - Caracas,Altagracia,,,,VE010101,Libertador,,,,VE0101,Distrito Capital,,,,VE01,Venezuela (República Bolivariana de),,,,VE,2021/02/23,,2.9508224,v01,es,,,,Venezuela (Bolivarian Republic of),Altagracia,10.53201028,-66.91336104,0.54,IX,0.0,0,0,0.0
VE010101,EMSR884/AOI02 - Caracas,Altagracia,,,,VE010101,Libertador,,,,VE0101,Distrito Capital,,,,VE01,Venezuela (República Bolivariana de),,,,VE,2021/02/23,,2.9508224,v01,es,,,,Venezuela (Bolivarian Republic of),Altagracia,10.53201028,-66.91336104,0.54,X+,0.0,0,0,0.0
VE010102,EMSR884/AOI03 - Antimano,Antimano,,,,VE010102,Libertador,,,,VE0101,Distrito Capital,,,,VE01,Venezuela (República Bolivariana de),,,,VE,2021/02/23,,24.84466541,v01,es,,,,Venezuela (Bolivarian Republic of),Antimano,10.4683695,-66.9912598,2.84,I,0.0,0,0,0.0
VE010102,EMSR884/AOI03 - Antimano,Antimano,,,,VE010102,Libertador,,,,VE0101,Distrito Capital,,,,VE01,Venezuela (República Bolivariana de),,,,VE,2021/02/23,,24.84466541,v01,es,,,,Venezuela (Bolivarian Republic of),Antimano,10.4683695,-66.9912598,2.84,II-III,0.0,0,0,0.0
VE010102,EMSR884/AOI03 - Antimano,Antimano,,,,VE010102,Libertador,,,,VE0101,Distrito Capital,,,,VE01,Venezuela (República Bolivariana de),,,,VE,2021/02/23,,24.84466541,v01,es,,,,Venezuela (Bolivarian Republic of),Antimano,10.4683695,-66.9912598,2.84,IV,0.0,0,0,0.0
VE010102,EMSR884/AOI03 - Antimano,Antimano,,,,VE010102,Libertador,,,,VE0101,Distrito Capital,,,,VE01,Venezuela (República Bolivariana de),,,,VE,2021/02/23,,24.84466541,v01,es,,,,Venezuela (Bolivarian Republic of),Antimano,10.4683695,-66.9912598,2.84,V,0.0,0,0,0.0
VE010102,EMSR884/AOI03 - Antimano,Antimano,,,,VE010102,Libertador,,,,VE0101,Distrito Capital,,,,VE01,Venezuela (República Bolivariana de),,,,VE,2021/02/23,,24.84466541,v01,es,,,,Venezuela (Bolivarian Republic of),Antimano,10.4683695,-66.9912598,2.84,VI,19.365,16523,16917,85863.0
VE010102,EMSR884/AOI03 - Antimano,Antimano,,,,VE010102,Libertador,,,,VE0101,Distrito Capital,,,,VE01,Venezuela (República Bolivariana de),,,,VE,2021/02/23,,24.84466541,v01,es,,,,Venezuela (Bolivarian Republic of),Antimano,10.4683695,-66.9912598,2.84,VII,5.636,8915,1274,44250.0
VE010102,EMSR884/AOI03 - Antimano,Antimano,,,,VE010102,Libertador,,,,VE0101,Distrito Capital,,,,VE01,Venezuela (República Bolivariana de),,,,VE,2021/02/23,,24.84466541,v01,es,,,,Venezuela (Bolivarian Republic of),Antimano,10.4683695,-66.9912598,2.84,VIII,0.0,0,0,0.0
VE010102,EMSR884/AOI03 - Antimano,Antimano,,,,VE010102,Libertador,,,,VE0101,Distrito Capital,,,,VE01,Venezuela (República Bolivariana de),,,,VE,2021/02/23,,24.84466541,v01,es,,,,Venezuela (Bolivarian Republic of),Antimano,10.4683695,-66.9912598,2.84,IX,0.0,0,0,0.0
VE010102,EMSR884/AOI03 - Antimano,Antimano,,,,VE010102,Libertador,,,,VE0101,Distrito Capital,,,,VE01,Venezuela (República Bolivariana de),,,,VE,2021/02/23,,24.84466541,v01,es,,,,Venezuela (Bolivarian Republic of),Antimano,10.4683695,-66.9912598,2.84,X+,0.0,0,0,0.0
VE010103,EMSR884/AOI02 - Caracas,Candelaria,,,,VE010103,Libertador,,,,VE0101,Distrito Capital,,,,VE01,Venezuela (República Bolivariana de),,,,VE,2021/02/23,,1.31842686,v01,es,,,,Venezuela (Bolivarian Republic of),Candelaria,10.5073545,-66.90575015,0.55,I,0.0,0,0,0.0
VE010103,EMSR884/AOI02 - Caracas,Candelaria,,,,VE010103,Libertador,,,,VE0101,Distrito Capital,,,,VE01,Venezuela (República Bolivariana de),,,,VE,2021/02/23,,1.31842686,v01,es,,,,Venezuela (Bolivarian Republic of),Candelaria,10.5073545,-66.90575015,0.55,II-III,0.0,0,0,0.0
VE010103,EMSR884/AOI02 - Caracas,Candelaria,,,,VE010103,Libertador,,,,VE0101,Distrito Capital,,,,VE01,Venezuela (República Bolivariana de),,,,VE,2021/02/23,,1.31842686,v01,es,,,,Venezuela (Bolivarian Republic of),Candelaria,10.5073545,-66.90575015,0.55,IV,0.0,0,0,0.0
VE010103,EMSR884/AOI02 - Caracas,Candelaria,,,,VE010103,Libertador,,,,VE0101,Distrito Capital,,,,VE01,Venezuela (República Bolivariana de),,,,VE,2021/02/23,,1.31842686,v01,es,,,,Venezuela (Bolivarian Republic of),Candelaria,10.5073545,-66.90575015,0.55,V,0.0,0,0,0.0
VE010103,EMSR884/AOI02 - Caracas,Candelaria,,,,VE010103,Libertador,,,,VE0101,Distrito Capital,,,,VE01,Venezuela (República Bolivariana de),,,,VE,2021/02/23,,1.31842686,v01,es,,,,Venezuela (Bolivarian Republic of),Candelaria,10.5073545,-66.90575015,0.55,VI,0.0,0,0,0.0
VE010103,EMSR884/AOI02 - Caracas,Candelaria,,,,VE010103,Libertador,,,,VE0101,Distrito Capital,,,,VE01,Venezuela (República Bolivariana de),,,,VE,2021/02/23,,1.31842686,v01,es,,,,Venezuela (Bolivarian Republic of),Candelaria,10.5073545,-66.90575015,0.55,VII,0.0,0,0,0.0
VE010103,EMSR884/AOI02 - Caracas,Candelaria,,,,VE010103,Libertador,,,,VE0101,Distrito Capital,,,,VE01,Venezuela (República Bolivariana de),,,,VE,2021/02/23,,1.31842686,v01,es,,,,Venezuela (Bolivarian Republic of),Candelaria,10.5073545,-66.90575015,0.55,VIII,1.327,3097,567,19141.0
VE010103,EMSR884/AOI02 - Caracas,Candelaria,,,,VE010103,Libertador,,,,VE0101,Distrito Capital,,,,VE01,Venezuela (República Bolivariana de),,,,VE,2021/02/23,,1.31842686,v01,es,,,,Venezuela (Bolivarian Republic of),Candelaria,10.5073545,-66.90575015,0.55,IX,0.0,0,0,0.0
VE010103,EMSR884/AOI02 - Caracas,Candelaria,,,,VE010103,Libertador,,,,VE0101,Distrito Capital,,,,VE01,Venezuela (República Bolivariana de),,,,VE,2021/02/23,,1.31842686,v01,es,,,,Venezuela (Bolivarian Republic of),Candelaria,10.5073545,-66.90575015,0.55,X+,0.0,0,0,0.0
VE010104,EMSR884/AOI02 - Caracas; EMSR884/AOI03 - Antimano,Caricuao,,,,VE010104,Libertador,,,,VE0101,Distrito Capital,,,,VE01,Venezuela (República Bolivariana de),,,,VE,2021/02/23,,24.00620624,v01,es,,,,Venezuela (Bolivarian Republic of),Caricuao,10.4252285,-66.98067361,2.45,I,0.0,0,0,0.0
VE010104,EMSR884/AOI02 - Caracas; EMSR884/AOI03 - Antimano,Caricuao,,,,VE010104,Libertador,,,,VE0101,Distrito Capital,,,,VE01,Venezuela (República Bolivariana de),,,,VE,2021/02/23,,24.00620624,v01,es,,,,Venezuela (Bolivarian Republic of),Caricuao,10.4252285,-66.98067361,2.45,II-III,0.0,0,0,0.0
VE010104,EMSR884/AOI02 - Caracas; EMSR884/AOI03 - Antimano,Caricuao,,,,VE010104,Libertador,,,,VE0101,Distrito Capital,,,,VE01,Venezuela (República Bolivariana de),,,,VE,2021/02/23,,24.00620624,v01,es,,,,Venezuela (Bolivarian Republic of),Caricuao,10.4252285,-66.98067361,2.45,IV,0.0,0,0,0.0
VE010104,EMSR884/AOI02 - Caracas; EMSR884/AOI03 - Antimano,Caricuao,,,,VE010104,Libertador,,,,VE0101,Distrito Capital,,,,VE01,Venezuela (República Bolivariana de),,,,VE,2021/02/23,,24.00620624,v01,es,,,,Venezuela (Bolivarian Republic of),Caricuao,10.4252285,-66.98067361,2.45,V,0.0,0,0,0.0
VE010104,EMSR884/AOI02 - Caracas; EMSR884/AOI03 - Antimano,Caricuao,,,,VE010104,Libertador,,,,VE0101,Distrito Capital,,,,VE01,Venezuela (República Bolivariana de),,,,VE,2021/02/23,,24.00620624,v01,es,,,,Venezuela (Bolivarian Republic of),Caricuao,10.4252285,-66.98067361,2.45,VI,24.158,13614,317,74319.0
VE010104,EMSR884/AOI02 - Caracas; EMSR884/AOI03 - Antimano,Caricuao,,,,VE010104,Libertador,,,,VE0101,Distrito Capital,,,,VE01,Venezuela (República Bolivariana de),,,,VE,2021/02/23,,24.00620624,v01,es,,,,Venezuela (Bolivarian Republic of),Caricuao,10.4252285,-66.98067361,2.45,VII,0.0,0,0,0.0
VE010104,EMSR884/AOI02 - Caracas; EMSR884/AOI03 - Antimano,Caricuao,,,,VE010104,Libertador,,,,VE0101,Distrito Capital,,,,VE01,Venezuela (República Bolivariana de),,,,VE,2021/02/23,,24.00620624,v01,es,,,,Venezuela (Bolivarian Republic of),Caricuao,10.4252285,-66.98067361,2.45,VIII,0.0,0,0,0.0
VE010104,EMSR884/AOI02 - Caracas; EMSR884/AOI03 - Antimano,Caricuao,,,,VE010104,Libertador,,,,VE0101,Distrito Capital,,,,VE01,Venezuela (República Bolivariana de),,,,VE,2021/02/23,,24.00620624,v01,es,,,,Venezuela (Bolivarian Republic of),Caricuao,10.4252285,-66.98067361,2.45,IX,0.0,0,0,0.0
VE010104,EMSR884/AOI02 - Caracas; EMSR884/AOI03 - Antimano,Caricuao,,,,VE010104,Libertador,,,,VE0101,Distrito Capital,,,,VE01,Venezuela (República Bolivariana de),,,,VE,2021/02/23,,24.00620624,v01,es,,,,Venezuela (Bolivarian Republic of),Caricuao,10.4252285,-66.98067361,2.45,X+,0.0,0,0,0.0
VE010105,EMSR884/AOI02 - Caracas,Catedral,,,,VE010105,Libertador,,,,VE0101,Distrito Capital,,,,VE01,Venezuela (República Bolivariana de),,,,VE,2021/02/23,,0.84258876,v01,es,,,,Venezuela (Bolivarian Republic of),Catedral,10.5060175,-66.91666592,0.31,I,0.0,0,0,0.0
VE010105,EMSR884/AOI02 - Caracas,Catedral,,,,VE010105,Libertador,,,,VE0101,Distrito Capital,,,,VE01,Venezuela (República Bolivariana de),,,,VE,2021/02/23,,0.84258876,v01,es,,,,Venezuela (Bolivarian Republic of),Catedral,10.5060175,-66.91666592,0.31,II-III,0.0,0,0,0.0
VE010105,EMSR884/AOI02 - Caracas,Catedral,,,,VE010105,Libertador,,,,VE0101,Distrito Capital,,,,VE01,Venezuela (República Bolivariana de),,,,VE,2021/02/23,,0.84258876,v01,es,,,,Venezuela (Bolivarian Republic of),Catedral,10.5060175,-66.91666592,0.31,IV,0.0,0,0,0.0
VE010105,EMSR884/AOI02 - Caracas,Catedral,,,,VE010105,Libertador,,,,VE0101,Distrito Capital,,,,VE01,Venezuela (República Bolivariana de),,,,VE,2021/02/23,,0.84258876,v01,es,,,,Venezuela (Bolivarian Republic of),Catedral,10.5060175,-66.91666592,0.31,V,0.0,0,0,0.0
VE010105,EMSR884/AOI02 - Caracas,Catedral,,,,VE010105,Libertador,,,,VE0101,Distrito Capital,,,,VE01,Venezuela (República Bolivariana de),,,,VE,2021/02/23,,0.84258876,v01,es,,,,Venezuela (Bolivarian Republic of),Catedral,10.5060175,-66.91666592,0.31,VI,0.0,0,0,0.0
VE010105,EMSR884/AOI02 - Caracas,Catedral,,,,VE010105,Libertador,,,,VE0101,Distrito Capital,,,,VE01,Venezuela (República Bolivariana de),,,,VE,2021/02/23,,0.84258876,v01,es,,,,Venezuela (Bolivarian Republic of),Catedral,10.5060175,-66.91666592,0.31,VII,0.0,0,0,0.0
VE010105,EMSR884/AOI02 - Caracas,Catedral,,,,VE010105,Libertador,,,,VE0101,Distrito Capital,,,,VE01,Venezuela (República Bolivariana de),,,,VE,2021/02/23,,0.84258876,v01,es,,,,Venezuela (Bolivarian Republic of),Catedral,10.5060175,-66.91666592,0.31,VIII,0.848,1086,258,8170.0
VE010105,EMSR884/AOI02 - Caracas,Catedral,,,,VE010105,Libertador,,,,VE0101,Distrito Capital,,,,VE01,Venezuela (República Bolivariana de),,,,VE,2021/02/23,,0.84258876,v01,es,,,,Venezuela (Bolivarian Republic of),Catedral,10.5060175,-66.91666592,0.31,IX,0.0,0,0,0.0
VE010105,EMSR884/AOI02 - Caracas,Catedral,,,,VE010105,Libertador,,,,VE0101,Distrito Capital,,,,VE01,Venezuela (República Bolivariana de),,,,VE,2021/02/23,,0.84258876,v01,es,,,,Venezuela (Bolivarian Republic of),Catedral,10.5060175,-66.91666592,0.31,X+,0.0,0,0,0.0
VE010106,EMSR884/AOI02 - Caracas; EMSR884/AOI03 - Antimano,Coche,,,,VE010106,Libertador,,,,VE0101,Distrito Capital,,,,VE01,Venezuela (República Bolivariana de),,,,VE,2021/02/23,,12.29543577,v01,es,,,,Venezuela (Bolivarian Republic of),Coche,10.4336575,-66.93741391,2.04,I,0.0,0,0,0.0
VE010106,EMSR884/AOI02 - Caracas; EMSR884/AOI03 - Antimano,Coche,,,,VE010106,Libertador,,,,VE0101,Distrito Capital,,,,VE01,Venezuela (República Bolivariana de),,,,VE,2021/02/23,,12.29543577,v01,es,,,,Venezuela (Bolivarian Republic of),Coche,10.4336575,-66.93741391,2.04,II-III,0.0,0,0,0.0
VE010106,EMSR884/AOI02 - Caracas; EMSR884/AOI03 - Antimano,Coche,,,,VE010106,Libertador,,,,VE0101,Distrito Capital,,,,VE01,Venezuela (República Bolivariana de),,,,VE,2021/02/23,,12.29543577,v01,es,,,,Venezuela (Bolivarian Republic of),Coche,10.4336575,-66.93741391,2.04,IV,0.0,0,0,0.0
VE010106,EMSR884/AOI02 - Caracas; EMSR884/AOI03 - Antimano,Coche,,,,VE010106,Libertador,,,,VE0101,Distrito Capital,,,,VE01,Venezuela (República Bolivariana de),,,,VE,2021/02/23,,12.29543577,v01,es,,,,Venezuela (Bolivarian Republic of),Coche,10.4336575,-66.93741391,2.04,V,0.0,0,0,0.0
VE010106,EMSR884/AOI02 - Caracas; EMSR884/AOI03 - Antimano,Coche,,,,VE010106,Libertador,,,,VE0101,Distrito Capital,,,,VE01,Venezuela (República Bolivariana de),,,,VE,2021/02/23,,12.29543577,v01,es,,,,Venezuela (Bolivarian Republic of),Coche,10.4336575,-66.93741391,2.04,VI,11.717,8467,330,50979.0
VE010106,EMSR884/AOI02 - Caracas; EMSR884/AOI03 - Antimano,Coche,,,,VE010106,Libertador,,,,VE0101,Distrito Capital,,,,VE01,Venezuela (República Bolivariana de),,,,VE,2021/02/23,,12.29543577,v01,es,,,,Venezuela (Bolivarian Republic of),Coche,10.4336575,-66.93741391,2.04,VII,0.656,685,31,7081.0
VE010106,EMSR884/AOI02 - Caracas; EMSR884/AOI03 - Antimano,Coche,,,,VE010106,Libertador,,,,VE0101,Distrito Capital,,,,VE01,Venezuela (República Bolivariana de),,,,VE,2021/02/23,,12.29543577,v01,es,,,,Venezuela (Bolivarian Republic of),Coche,10.4336575,-66.93741391,2.04,VIII,0.0,0,0,0.0
VE010106,EMSR884/AOI02 - Caracas; EMSR884/AOI03 - Antimano,Coche,,,,VE010106,Libertador,,,,VE0101,Distrito Capital,,,,VE01,Venezuela (República Bolivariana de),,,,VE,2021/02/23,,12.29543577,v01,es,,,,Venezuela (Bolivarian Republic of),Coche,10.4336575,-66.93741391,2.04,IX,0.0,0,0,0.0
VE010106,EMSR884/AOI02 - Caracas; EMSR884/AOI03 - Antimano,Coche,,,,VE010106,Libertador,,,,VE0101,Distrito Capital,,,,VE01,Venezuela (República Bolivariana de),,,,VE,2021/02/23,,12.29543577,v01,es,,,,Venezuela (Bolivarian Republic of),Coche,10.4336575,-66.93741391,2.04,X+,0.0,0,0,0.0
VE010107,EMSR884/AOI03 - Antimano,El Junquito,,,,VE010107,Libertador,,,,VE0101,Distrito Capital,,,,VE01,Venezuela (República Bolivariana de),,,,VE,2021/02/23,,58.73882787,v01,es,,,,Venezuela (Bolivarian Republic of),El Junquito,10.4946755,-67.02329514,2.53,I,0.0,0,0,0.0
VE010107,EMSR884/AOI03 - Antimano,El Junquito,,,,VE010107,Libertador,,,,VE0101,Distrito Capital,,,,VE01,Venezuela (República Bolivariana de),,,,VE,2021/02/23,,58.73882787,v01,es,,,,Venezuela (Bolivarian Republic of),El Junquito,10.4946755,-67.02329514,2.53,II-III,0.0,0,0,0.0
VE010107,EMSR884/AOI03 - Antimano,El Junquito,,,,VE010107,Libertador,,,,VE0101,Distrito Capital,,,,VE01,Venezuela (República Bolivariana de),,,,VE,2021/02/23,,58.73882787,v01,es,,,,Venezuela (Bolivarian Republic of),El Junquito,10.4946755,-67.02329514,2.53,IV,0.0,0,0,0.0
VE010107,EMSR884/AOI03 - Antimano,El Junquito,,,,VE010107,Libertador,,,,VE0101,Distrito Capital,,,,VE01,Venezuela (República Bolivariana de),,,,VE,2021/02/23,,58.73882787,v01,es,,,,Venezuela (Bolivarian Republic of),El Junquito,10.4946755,-67.02329514,2.53,V,0.0,0,0,0.0
VE010107,EMSR884/AOI03 - Antimano,El Junquito,,,,VE010107,Libertador,,,,VE0101,Distrito Capital,,,,VE01,Venezuela (República Bolivariana de),,,,VE,2021/02/23,,58.73882787,v01,es,,,,Venezuela (Bolivarian Republic of),El Junquito,10.4946755,-67.02329514,2.53,VI,2.552,675,24,1818.0
VE010107,EMSR884/AOI03 - Antimano,El Junquito,,,,VE010107,Libertador,,,,VE0101,Distrito Capital,,,,VE01,Venezuela (República Bolivariana de),,,,VE,2021/02/23,,58.73882787,v01,es,,,,Venezuela (Bolivarian Republic of),El Junquito,10.4946755,-67.02329514,2.53,VII,48.532,16773,8864,87520.0
VE010107,EMSR884/AOI03 - Antimano,El Junquito,,,,VE010107,Libertador,,,,VE0101,Distrito Capital,,,,VE01,Venezuela (República Bolivariana de),,,,VE,2021/02/23,,58.73882787,v01,es,,,,Venezuela (Bolivarian Republic of),El Junquito,10.4946755,-67.02329514,2.53,VIII,8.026,141,19,736.0
VE010107,EMSR884/AOI03 - Antimano,El Junquito,,,,VE010107,Libertador,,,,VE0101,Distrito Capital,,,,VE01,Venezuela (República Bolivariana de),,,,VE,2021/02/23,,58.73882787,v01,es,,,,Venezuela (Bolivarian Republic of),El Junquito,10.4946755,-67.02329514,2.53,IX,0.0,0,0,0.0
VE010107,EMSR884/AOI03 - Antimano,El Junquito,,,,VE010107,Libertador,,,,VE0101,Distrito Capital,,,,VE01,Venezuela (República Bolivariana de),,,,VE,2021/02/23,,58.73882787,v01,es,,,,Venezuela (Bolivarian Republic of),El Junquito,10.4946755,-67.02329514,2.53,X+,0.0,0,0,0.0
VE010108,EMSR884/AOI02 - Caracas; EMSR884/AOI03 - Antimano,El Paraíso,,,,VE010108,Libertador,,,,VE0101,Distrito Capital,,,,VE01,Venezuela (República Bolivariana de),,,,VE,2021/02/23,,10.3434603,v01,es,,,,Venezuela (Bolivarian Republic of),El Paraiso,10.485052,-66.94562126,3.02,I,0.0,0,0,0.0
VE010108,EMSR884/AOI02 - Caracas; EMSR884/AOI03 - Antimano,El Paraíso,,,,VE010108,Libertador,,,,VE0101,Distrito Capital,,,,VE01,Venezuela (República Bolivariana de),,,,VE,2021/02/23,,10.3434603,v01,es,,,,Venezuela (Bolivarian Republic of),El Paraiso,10.485052,-66.94562126,3.02,II-III,0.0,0,0,0.0
VE010108,EMSR884/AOI02 - Caracas; EMSR884/AOI03 - Antimano,El Paraíso,,,,VE010108,Libertador,,,,VE0101,Distrito Capital,,,,VE01,Venezuela (República Bolivariana de),,,,VE,2021/02/23,,10.3434603,v01,es,,,,Venezuela (Bolivarian Republic of),El Paraiso,10.485052,-66.94562126,3.02,IV,0.0,0,0,0.0
VE010108,EMSR884/AOI02 - Caracas; EMSR884/AOI03 - Antimano,El Paraíso,,,,VE010108,Libertador,,,,VE0101,Distrito Capital,,,,VE01,Venezuela (República Bolivariana de),,,,VE,2021/02/23,,10.3434603,v01,es,,,,Venezuela (Bolivarian Republic of),El Paraiso,10.485052,-66.94562126,3.02,V,0.0,0,0,0.0
VE010108,EMSR884/AOI02 - Caracas; EMSR884/AOI03 - Antimano,El Paraíso,,,,VE010108,Libertador,,,,VE0101,Distrito Capital,,,,VE01,Venezuela (República Bolivariana de),,,,VE,2021/02/23,,10.3434603,v01,es,,,,Venezuela (Bolivarian Republic of),El Paraiso,10.485052,-66.94562126,3.02,VI,0.009,1,0,14.0
VE010108,EMSR884/AOI02 - Caracas; EMSR884/AOI03 - Antimano,El Paraíso,,,,VE010108,Libertador,,,,VE0101,Distrito Capital,,,,VE01,Venezuela (República Bolivariana de),,,,VE,2021/02/23,,10.3434603,v01,es,,,,Venezuela (Bolivarian Republic of),El Paraiso,10.485052,-66.94562126,3.02,VII,10.284,13175,585,92975.0
VE010108,EMSR884/AOI02 - Caracas; EMSR884/AOI03 - Antimano,El Paraíso,,,,VE010108,Libertador,,,,VE0101,Distrito Capital,,,,VE01,Venezuela (República Bolivariana de),,,,VE,2021/02/23,,10.3434603,v01,es,,,,Venezuela (Bolivarian Republic of),El Paraiso,10.485052,-66.94562126,3.02,VIII,0.116,79,31,696.0
VE010108,EMSR884/AOI02 - Caracas; EMSR884/AOI03 - Antimano,El Paraíso,,,,VE010108,Libertador,,,,VE0101,Distrito Capital,,,,VE01,Venezuela (República Bolivariana de),,,,VE,2021/02/23,,10.3434603,v01,es,,,,Venezuela (Bolivarian Republic of),El Paraiso,10.485052,-66.94562126,3.02,IX,0.0,0,0,0.0
VE010108,EMSR884/AOI02 - Caracas; EMSR884/AOI03 - Antimano,El Paraíso,,,,VE010108,Libertador,,,,VE0101,Distrito Capital,,,,VE01,Venezuela (República Bolivariana de),,,,VE,2021/02/23,,10.3434603,v01,es,,,,Venezuela (Bolivarian Republic of),El Paraiso,10.485052,-66.94562126,3.02,X+,0.0,0,0,0.0
VE010109,EMSR884/AOI01 - Petare; EMSR884/AOI02 - Caracas,El Recreo,,,,VE010109,Libertador,,,,VE0101,Distrito Capital,,,,VE01,Venezuela (República Bolivariana de),,,,VE,2021/02/23,,15.54573253,v01,es,,,,Venezuela (Bolivarian Republic of),El Recreo,10.51615966,-66.87732569,2.53,I,0.0,0,0,0.0
VE010109,EMSR884/AOI01 - Petare; EMSR884/AOI02 - Caracas,El Recreo,,,,VE010109,Libertador,,,,VE0101,Distrito Capital,,,,VE01,Venezuela (República Bolivariana de),,,,VE,2021/02/23,,15.54573253,v01,es,,,,Venezuela (Bolivarian Republic of),El Recreo,10.51615966,-66.87732569,2.53,II-III,0.0,0,0,0.0
VE010109,EMSR884/AOI01 - Petare; EMSR884/AOI02 - Caracas,El Recreo,,,,VE010109,Libertador,,,,VE0101,Distrito Capital,,,,VE01,Venezuela (República Bolivariana de),,,,VE,2021/02/23,,15.54573253,v01,es,,,,Venezuela (Bolivarian Republic of),El Recreo,10.51615966,-66.87732569,2.53,IV,0.0,0,0,0.0
VE010109,EMSR884/AOI01 - Petare; EMSR884/AOI02 - Caracas,El Recreo,,,,VE010109,Libertador,,,,VE0101,Distrito Capital,,,,VE01,Venezuela (República Bolivariana de),,,,VE,2021/02/23,,15.54573253,v01,es,,,,Venezuela (Bolivarian Republic of),El Recreo,10.51615966,-66.87732569,2.53,V,0.0,0,0,0.0
VE010109,EMSR884/AOI01 - Petare; EMSR884/AOI02 - Caracas,El Recreo,,,,VE010109,Libertador,,,,VE0101,Distrito Capital,,,,VE01,Venezuela (República Bolivariana de),,,,VE,2021/02/23,,15.54573253,v01,es,,,,Venezuela (Bolivarian Republic of),El Recreo,10.51615966,-66.87732569,2.53,VI,0.0,0,0,0.0
VE010109,EMSR884/AOI01 - Petare; EMSR884/AOI02 - Caracas,El Recreo,,,,VE010109,Libertador,,,,VE0101,Distrito Capital,,,,VE01,Venezuela (República Bolivariana de),,,,VE,2021/02/23,,15.54573253,v01,es,,,,Venezuela (Bolivarian Republic of),El Recreo,10.51615966,-66.87732569,2.53,VII,8.724,7780,1420,56776.0
VE010109,EMSR884/AOI01 - Petare; EMSR884/AOI02 - Caracas,El Recreo,,,,VE010109,Libertador,,,,VE0101,Distrito Capital,,,,VE01,Venezuela (República Bolivariana de),,,,VE,2021/02/23,,15.54573253,v01,es,,,,Venezuela (Bolivarian Republic of),El Recreo,10.51615966,-66.87732569,2.53,VIII,6.919,3623,101,15851.0
VE010109,EMSR884/AOI01 - Petare; EMSR884/AOI02 - Caracas,El Recreo,,,,VE010109,Libertador,,,,VE0101,Distrito Capital,,,,VE01,Venezuela (República Bolivariana de),,,,VE,2021/02/23,,15.54573253,v01,es,,,,Venezuela (Bolivarian Republic of),El Recreo,10.51615966,-66.87732569,2.53,IX,0.0,0,0,0.0
VE010109,EMSR884/AOI01 - Petare; EMSR884/AOI02 - Caracas,El Recreo,,,,VE010109,Libertador,,,,VE0101,Distrito Capital,,,,VE01,Venezuela (República Bolivariana de),,,,VE,2021/02/23,,15.54573253,v01,es,,,,Venezuela (Bolivarian Republic of),El Recreo,10.51615966,-66.87732569,2.53,X+,0.0,0,0,0.0
VE010110,EMSR884/AOI02 - Caracas; EMSR884/AOI03 - Antimano,El Valle,,,,VE010110,Libertador,,,,VE0101,Distrito Capital,,,,VE01,Venezuela (República Bolivariana de),,,,VE,2021/02/23,,20.85087021,v01,es,,,,Venezuela (Bolivarian Republic of),El Valle,10.44314877,-66.91011781,3.44,I,0.0,0,0,0.0
VE010110,EMSR884/AOI02 - Caracas; EMSR884/AOI03 - Antimano,El Valle,,,,VE010110,Libertador,,,,VE0101,Distrito Capital,,,,VE01,Venezuela (República Bolivariana de),,,,VE,2021/02/23,,20.85087021,v01,es,,,,Venezuela (Bolivarian Republic of),El Valle,10.44314877,-66.91011781,3.44,II-III,0.0,0,0,0.0
VE010110,EMSR884/AOI02 - Caracas; EMSR884/AOI03 - Antimano,El Valle,,,,VE010110,Libertador,,,,VE0101,Distrito Capital,,,,VE01,Venezuela (República Bolivariana de),,,,VE,2021/02/23,,20.85087021,v01,es,,,,Venezuela (Bolivarian Republic of),El Valle,10.44314877,-66.91011781,3.44,IV,0.0,0,0,0.0
VE010110,EMSR884/AOI02 - Caracas; EMSR884/AOI03 - Antimano,El Valle,,,,VE010110,Libertador,,,,VE0101,Distrito Capital,,,,VE01,Venezuela (República Bolivariana de),,,,VE,2021/02/23,,20.85087021,v01,es,,,,Venezuela (Bolivarian Republic of),El Valle,10.44314877,-66.91011781,3.44,V,0.0,0,0,0.0
VE010110,EMSR884/AOI02 - Caracas; EMSR884/AOI03 - Antimano,El Valle,,,,VE010110,Libertador,,,,VE0101,Distrito Capital,,,,VE01,Venezuela (República Bolivariana de),,,,VE,2021/02/23,,20.85087021,v01,es,,,,Venezuela (Bolivarian Republic of),El Valle,10.44314877,-66.91011781,3.44,VI,8.347,822,180,4546.0
VE010110,EMSR884/AOI02 - Caracas; EMSR884/AOI03 - Antimano,El Valle,,,,VE010110,Libertador,,,,VE0101,Distrito Capital,,,,VE01,Venezuela (República Bolivariana de),,,,VE,2021/02/23,,20.85087021,v01,es,,,,Venezuela (Bolivarian Republic of),El Valle,10.44314877,-66.91011781,3.44,VII,12.635,16079,703,76989.0
VE010110,EMSR884/AOI02 - Caracas; EMSR884/AOI03 - Antimano,El Valle,,,,VE010110,Libertador,,,,VE0101,Distrito Capital,,,,VE01,Venezuela (República Bolivariana de),,,,VE,2021/02/23,,20.85087021,v01,es,,,,Venezuela (Bolivarian Republic of),El Valle,10.44314877,-66.91011781,3.44,VIII,0.0,0,0,0.0
VE010110,EMSR884/AOI02 - Caracas; EMSR884/AOI03 - Antimano,El Valle,,,,VE010110,Libertador,,,,VE0101,Distrito Capital,,,,VE01,Venezuela (República Bolivariana de),,,,VE,2021/02/23,,20.85087021,v01,es,,,,Venezuela (Bolivarian Republic of),El Valle,10.44314877,-66.91011781,3.44,IX,0.0,0,0,0.0
VE010110,EMSR884/AOI02 - Caracas; EMSR884/AOI03 - Antimano,El Valle,,,,VE010110,Libertador,,,,VE0101,Distrito Capital,,,,VE01,Venezuela (República Bolivariana de),,,,VE,2021/02/23,,20.85087021,v01,es,,,,Venezuela (Bolivarian Republic of),El Valle,10.44314877,-66.91011781,3.44,X+,0.0,0,0,0.0
VE010111,EMSR884/AOI02 - Caracas,La Pastora,,,,VE010111,Libertador,,,,VE0101,Distrito Capital,,,,VE01,Venezuela (República Bolivariana de),,,,VE,2021/02/23,,7.51928825,v01,es,,,,Venezuela (Bolivarian Republic of),La Pastora,10.531556,-66.92450243,1.05,I,0.0,0,0,0.0
VE010111,EMSR884/AOI02 - Caracas,La Pastora,,,,VE010111,Libertador,,,,VE0101,Distrito Capital,,,,VE01,Venezuela (República Bolivariana de),,,,VE,2021/02/23,,7.51928825,v01,es,,,,Venezuela (Bolivarian Republic of),La Pastora,10.531556,-66.92450243,1.05,II-III,0.0,0,0,0.0
VE010111,EMSR884/AOI02 - Caracas,La Pastora,,,,VE010111,Libertador,,,,VE0101,Distrito Capital,,,,VE01,Venezuela (República Bolivariana de),,,,VE,2021/02/23,,7.51928825,v01,es,,,,Venezuela (Bolivarian Republic of),La Pastora,10.531556,-66.92450243,1.05,IV,0.0,0,0,0.0
VE010111,EMSR884/AOI02 - Caracas,La Pastora,,,,VE010111,Libertador,,,,VE0101,Distrito Capital,,,,VE01,Venezuela (República Bolivariana de),,,,VE,2021/02/23,,7.51928825,v01,es,,,,Venezuela (Bolivarian Republic of),La Pastora,10.531556,-66.92450243,1.05,V,0.0,0,0,0.0
VE010111,EMSR884/AOI02 - Caracas,La Pastora,,,,VE010111,Libertador,,,,VE0101,Distrito Capital,,,,VE01,Venezuela (República Bolivariana de),,,,VE,2021/02/23,,7.51928825,v01,es,,,,Venezuela (Bolivarian Republic of),La Pastora,10.531556,-66.92450243,1.05,VI,0.0,0,0,0.0
VE010111,EMSR884/AOI02 - Caracas,La Pastora,,,,VE010111,Libertador,,,,VE0101,Distrito Capital,,,,VE01,Venezuela (República Bolivariana de),,,,VE,2021/02/23,,7.51928825,v01,es,,,,Venezuela (Bolivarian Republic of),La Pastora,10.531556,-66.92450243,1.05,VII,0.0,0,0,0.0
VE010111,EMSR884/AOI02 - Caracas,La Pastora,,,,VE010111,Libertador,,,,VE0101,Distrito Capital,,,,VE01,Venezuela (República Bolivariana de),,,,VE,2021/02/23,,7.51928825,v01,es,,,,Venezuela (Bolivarian Republic of),La Pastora,10.531556,-66.92450243,1.05,VIII,7.567,8161,58,61151.0
VE010111,EMSR884/AOI02 - Caracas,La Pastora,,,,VE010111,Libertador,,,,VE0101,Distrito Capital,,,,VE01,Venezuela (República Bolivariana de),,,,VE,2021/02/23,,7.51928825,v01,es,,,,Venezuela (Bolivarian Republic of),La Pastora,10.531556,-66.92450243,1.05,IX,0.0,0,0,0.0
VE010111,EMSR884/AOI02 - Caracas,La Pastora,,,,VE010111,Libertador,,,,VE0101,Distrito Capital,,,,VE01,Venezuela (República Bolivariana de),,,,VE,2021/02/23,,7.51928825,v01,es,,,,Venezuela (Bolivarian Republic of),La Pastora,10.531556,-66.92450243,1.05,X+,0.0,0,0,0.0
VE010112,EMSR884/AOI02 - Caracas; EMSR884/AOI03 - Antimano,La Vega,,,,VE010112,Libertador,,,,VE0101,Distrito Capital,,,,VE01,Venezuela (República Bolivariana de),,,,VE,2021/02/23,,11.45325634,v01,es,,,,Venezuela (Bolivarian Republic of),La Vega,10.462918,-66.9466475,1.95,I,0.0,0,0,0.0
VE010112,EMSR884/AOI02 - Caracas; EMSR884/AOI03 - Antimano,La Vega,,,,VE010112,Libertador,,,,VE0101,Distrito Capital,,,,VE01,Venezuela (República Bolivariana de),,,,VE,2021/02/23,,11.45325634,v01,es,,,,Venezuela (Bolivarian Republic of),La Vega,10.462918,-66.9466475,1.95,II-III,0.0,0,0,0.0
VE010112,EMSR884/AOI02 - Caracas; EMSR884/AOI03 - Antimano,La Vega,,,,VE010112,Libertador,,,,VE0101,Distrito Capital,,,,VE01,Venezuela (República Bolivariana de),,,,VE,2021/02/23,,11.45325634,v01,es,,,,Venezuela (Bolivarian Republic of),La Vega,10.462918,-66.9466475,1.95,IV,0.0,0,0,0.0
VE010112,EMSR884/AOI02 - Caracas; EMSR884/AOI03 - Antimano,La Vega,,,,VE010112,Libertador,,,,VE0101,Distrito Capital,,,,VE01,Venezuela (República Bolivariana de),,,,VE,2021/02/23,,11.45325634,v01,es,,,,Venezuela (Bolivarian Republic of),La Vega,10.462918,-66.9466475,1.95,V,0.0,0,0,0.0
VE010112,EMSR884/AOI02 - Caracas; EMSR884/AOI03 - Antimano,La Vega,,,,VE010112,Libertador,,,,VE0101,Distrito Capital,,,,VE01,Venezuela (República Bolivariana de),,,,VE,2021/02/23,,11.45325634,v01,es,,,,Venezuela (Bolivarian Republic of),La Vega,10.462918,-66.9466475,1.95,VI,8.109,8943,162,45116.0
VE010112,EMSR884/AOI02 - Caracas; EMSR884/AOI03 - Antimano,La Vega,,,,VE010112,Libertador,,,,VE0101,Distrito Capital,,,,VE01,Venezuela (República Bolivariana de),,,,VE,2021/02/23,,11.45325634,v01,es,,,,Venezuela (Bolivarian Republic of),La Vega,10.462918,-66.9466475,1.95,VII,3.417,5364,215,33918.0
VE010112,EMSR884/AOI02 - Caracas; EMSR884/AOI03 - Antimano,La Vega,,,,VE010112,Libertador,,,,VE0101,Distrito Capital,,,,VE01,Venezuela (República Bolivariana de),,,,VE,2021/02/23,,11.45325634,v01,es,,,,Venezuela (Bolivarian Republic of),La Vega,10.462918,-66.9466475,1.95,VIII,0.0,0,0,0.0
VE010112,EMSR884/AOI02 - Caracas; EMSR884/AOI03 - Antimano,La Vega,,,,VE010112,Libertador,,,,VE0101,Distrito Capital,,,,VE01,Venezuela (República Bolivariana de),,,,VE,2021/02/23,,11.45325634,v01,es,,,,Venezuela (Bolivarian Republic of),La Vega,10.462918,-66.9466475,1.95,IX,0.0,0,0,0.0
VE010112,EMSR884/AOI02 - Caracas; EMSR884/AOI03 - Antimano,La Vega,,,,VE010112,Libertador,,,,VE0101,Distrito Capital,,,,VE01,Venezuela (República Bolivariana de),,,,VE,2021/02/23,,11.45325634,v01,es,,,,Venezuela (Bolivarian Republic of),La Vega,10.462918,-66.9466475,1.95,X+,0.0,0,0,0.0
VE010113,EMSR884/AOI03 - Antimano,Macarao,,,,VE010113,Libertador,,,,VE0101,Distrito Capital,,,,VE01,Venezuela (República Bolivariana de),,,,VE,2021/02/23,,104.40731635,v01,es,,,,Venezuela (Bolivarian Republic of),Macarao,10.423343,-67.08196419,1.36,I,0.0,0,0,0.0
VE010113,EMSR884/AOI03 - Antimano,Macarao,,,,VE010113,Libertador,,,,VE0101,Distrito Capital,,,,VE01,Venezuela (República Bolivariana de),,,,VE,2021/02/23,,104.40731635,v01,es,,,,Venezuela (Bolivarian Republic of),Macarao,10.423343,-67.08196419,1.36,II-III,0.0,0,0,0.0
VE010113,EMSR884/AOI03 - Antimano,Macarao,,,,VE010113,Libertador,,,,VE0101,Distrito Capital,,,,VE01,Venezuela (República Bolivariana de),,,,VE,2021/02/23,,104.40731635,v01,es,,,,Venezuela (Bolivarian Republic of),Macarao,10.423343,-67.08196419,1.36,IV,0.0,0,0,0.0
VE010113,EMSR884/AOI03 - Antimano,Macarao,,,,VE010113,Libertador,,,,VE0101,Distrito Capital,,,,VE01,Venezuela (República Bolivariana de),,,,VE,2021/02/23,,104.40731635,v01,es,,,,Venezuela (Bolivarian Republic of),Macarao,10.423343,-67.08196419,1.36,V,0.0,0,0,0.0
VE010113,EMSR884/AOI03 - Antimano,Macarao,,,,VE010113,Libertador,,,,VE0101,Distrito Capital,,,,VE01,Venezuela (República Bolivariana de),,,,VE,2021/02/23,,104.40731635,v01,es,,,,Venezuela (Bolivarian Republic of),Macarao,10.423343,-67.08196419,1.36,VI,85.415,10017,12,41946.0
VE010113,EMSR884/AOI03 - Antimano,Macarao,,,,VE010113,Libertador,,,,VE0101,Distrito Capital,,,,VE01,Venezuela (República Bolivariana de),,,,VE,2021/02/23,,104.40731635,v01,es,,,,Venezuela (Bolivarian Republic of),Macarao,10.423343,-67.08196419,1.36,VII,19.65,331,17,760.0
VE010113,EMSR884/AOI03 - Antimano,Macarao,,,,VE010113,Libertador,,,,VE0101,Distrito Capital,,,,VE01,Venezuela (República Bolivariana de),,,,VE,2021/02/23,,104.40731635,v01,es,,,,Venezuela (Bolivarian Republic of),Macarao,10.423343,-67.08196419,1.36,VIII,0.0,0,0,0.0
VE010113,EMSR884/AOI03 - Antimano,Macarao,,,,VE010113,Libertador,,,,VE0101,Distrito Capital,,,,VE01,Venezuela (República Bolivariana de),,,,VE,2021/02/23,,104.40731635,v01,es,,,,Venezuela (Bolivarian Republic of),Macarao,10.423343,-67.08196419,1.36,IX,0.0,0,0,0.0
VE010113,EMSR884/AOI03 - Antimano,Macarao,,,,VE010113,Libertador,,,,VE0101,Distrito Capital,,,,VE01,Venezuela (República Bolivariana de),,,,VE,2021/02/23,,104.40731635,v01,es,,,,Venezuela (Bolivarian Republic of),Macarao,10.423343,-67.08196419,1.36,X+,0.0,0,0,0.0
VE010114,EMSR884/AOI02 - Caracas,San Agustín,,,,VE010114,Libertador,,,,VE0101,Distrito Capital,,,,VE01,Venezuela (República Bolivariana de),,,,VE,2021/02/23,,1.55371325,v01,es,,,,Venezuela (Bolivarian Republic of),San Agustin,10.4962395,-66.90472062,0.48,I,0.0,0,0,0.0
VE010114,EMSR884/AOI02 - Caracas,San Agustín,,,,VE010114,Libertador,,,,VE0101,Distrito Capital,,,,VE01,Venezuela (República Bolivariana de),,,,VE,2021/02/23,,1.55371325,v01,es,,,,Venezuela (Bolivarian Republic of),San Agustin,10.4962395,-66.90472062,0.48,II-III,0.0,0,0,0.0
VE010114,EMSR884/AOI02 - Caracas,San Agustín,,,,VE010114,Libertador,,,,VE0101,Distrito Capital,,,,VE01,Venezuela (República Bolivariana de),,,,VE,2021/02/23,,1.55371325,v01,es,,,,Venezuela (Bolivarian Republic of),San Agustin,10.4962395,-66.90472062,0.48,IV,0.0,0,0,0.0
VE010114,EMSR884/AOI02 - Caracas,San Agustín,,,,VE010114,Libertador,,,,VE0101,Distrito Capital,,,,VE01,Venezuela (República Bolivariana de),,,,VE,2021/02/23,,1.55371325,v01,es,,,,Venezuela (Bolivarian Republic of),San Agustin,10.4962395,-66.90472062,0.48,V,0.0,0,0,0.0
VE010114,EMSR884/AOI02 - Caracas,San Agustín,,,,VE010114,Libertador,,,,VE0101,Distrito Capital,,,,VE01,Venezuela (República Bolivariana de),,,,VE,2021/02/23,,1.55371325,v01,es,,,,Venezuela (Bolivarian Republic of),San Agustin,10.4962395,-66.90472062,0.48,VI,0.0,0,0,0.0
VE010114,EMSR884/AOI02 - Caracas,San Agustín,,,,VE010114,Libertador,,,,VE0101,Distrito Capital,,,,VE01,Venezuela (República Bolivariana de),,,,VE,2021/02/23,,1.55371325,v01,es,,,,Venezuela (Bolivarian Republic of),San Agustin,10.4962395,-66.90472062,0.48,VII,0.156,675,0,3395.0
VE010114,EMSR884/AOI02 - Caracas,San Agustín,,,,VE010114,Libertador,,,,VE0101,Distrito Capital,,,,VE01,Venezuela (República Bolivariana de),,,,VE,2021/02/23,,1.55371325,v01,es,,,,Venezuela (Bolivarian Republic of),San Agustin,10.4962395,-66.90472062,0.48,VIII,1.407,2244,144,16090.0
VE010114,EMSR884/AOI02 - Caracas,San Agustín,,,,VE010114,Libertador,,,,VE0101,Distrito Capital,,,,VE01,Venezuela (República Bolivariana de),,,,VE,2021/02/23,,1.55371325,v01,es,,,,Venezuela (Bolivarian Republic of),San Agustin,10.4962395,-66.90472062,0.48,IX,0.0,0,0,0.0
VE010114,EMSR884/AOI02 - Caracas,San Agustín,,,,VE010114,Libertador,,,,VE0101,Distrito Capital,,,,VE01,Venezuela (República Bolivariana de),,,,VE,2021/02/23,,1.55371325,v01,es,,,,Venezuela (Bolivarian Republic of),San Agustin,10.4962395,-66.90472062,0.48,X+,0.0,0,0,0.0
VE010115,EMSR884/AOI02 - Caracas,San Bernandino,,,,VE010115,Libertador,,,,VE0101,Distrito Capital,,,,VE01,Venezuela (República Bolivariana de),,,,VE,2021/02/23,,7.61041906,v01,es,,,,Venezuela (Bolivarian Republic of),San Bernandino,10.53176661,-66.89874842,0.69,I,0.0,0,0,0.0
VE010115,EMSR884/AOI02 - Caracas,San Bernandino,,,,VE010115,Libertador,,,,VE0101,Distrito Capital,,,,VE01,Venezuela (República Bolivariana de),,,,VE,2021/02/23,,7.61041906,v01,es,,,,Venezuela (Bolivarian Republic of),San Bernandino,10.53176661,-66.89874842,0.69,II-III,0.0,0,0,0.0
VE010115,EMSR884/AOI02 - Caracas,San Bernandino,,,,VE010115,Libertador,,,,VE0101,Distrito Capital,,,,VE01,Venezuela (República Bolivariana de),,,,VE,2021/02/23,,7.61041906,v01,es,,,,Venezuela (Bolivarian Republic of),San Bernandino,10.53176661,-66.89874842,0.69,IV,0.0,0,0,0.0
VE010115,EMSR884/AOI02 - Caracas,San Bernandino,,,,VE010115,Libertador,,,,VE0101,Distrito Capital,,,,VE01,Venezuela (República Bolivariana de),,,,VE,2021/02/23,,7.61041906,v01,es,,,,Venezuela (Bolivarian Republic of),San Bernandino,10.53176661,-66.89874842,0.69,V,0.0,0,0,0.0
VE010115,EMSR884/AOI02 - Caracas,San Bernandino,,,,VE010115,Libertador,,,,VE0101,Distrito Capital,,,,VE01,Venezuela (República Bolivariana de),,,,VE,2021/02/23,,7.61041906,v01,es,,,,Venezuela (Bolivarian Republic of),San Bernandino,10.53176661,-66.89874842,0.69,VI,0.0,0,0,0.0
VE010115,EMSR884/AOI02 - Caracas,San Bernandino,,,,VE010115,Libertador,,,,VE0101,Distrito Capital,,,,VE01,Venezuela (República Bolivariana de),,,,VE,2021/02/23,,7.61041906,v01,es,,,,Venezuela (Bolivarian Republic of),San Bernandino,10.53176661,-66.89874842,0.69,VII,0.0,0,0,0.0
VE010115,EMSR884/AOI02 - Caracas,San Bernandino,,,,VE010115,Libertador,,,,VE0101,Distrito Capital,,,,VE01,Venezuela (República Bolivariana de),,,,VE,2021/02/23,,7.61041906,v01,es,,,,Venezuela (Bolivarian Republic of),San Bernandino,10.53176661,-66.89874842,0.69,VIII,7.658,3106,2482,21291.0
VE010115,EMSR884/AOI02 - Caracas,San Bernandino,,,,VE010115,Libertador,,,,VE0101,Distrito Capital,,,,VE01,Venezuela (República Bolivariana de),,,,VE,2021/02/23,,7.61041906,v01,es,,,,Venezuela (Bolivarian Republic of),San Bernandino,10.53176661,-66.89874842,0.69,IX,0.0,0,0,0.0
VE010115,EMSR884/AOI02 - Caracas,San Bernandino,,,,VE010115,Libertador,,,,VE0101,Distrito Capital,,,,VE01,Venezuela (República Bolivariana de),,,,VE,2021/02/23,,7.61041906,v01,es,,,,Venezuela (Bolivarian Republic of),San Bernandino,10.53176661,-66.89874842,0.69,X+,0.0,0,0,0.0
VE010116,EMSR884/AOI02 - Caracas,San José,,,,VE010116,Libertador,,,,VE0101,Distrito Capital,,,,VE01,Venezuela (República Bolivariana de),,,,VE,2021/02/23,,2.4127559,v01,es,,,,Venezuela (Bolivarian Republic of),San Jose,10.53193052,-66.90899264,0.37,I,0.0,0,0,0.0
VE010116,EMSR884/AOI02 - Caracas,San José,,,,VE010116,Libertador,,,,VE0101,Distrito Capital,,,,VE01,Venezuela (República Bolivariana de),,,,VE,2021/02/23,,2.4127559,v01,es,,,,Venezuela (Bolivarian Republic of),San Jose,10.53193052,-66.90899264,0.37,II-III,0.0,0,0,0.0
VE010116,EMSR884/AOI02 - Caracas,San José,,,,VE010116,Libertador,,,,VE0101,Distrito Capital,,,,VE01,Venezuela (República Bolivariana de),,,,VE,2021/02/23,,2.4127559,v01,es,,,,Venezuela (Bolivarian Republic of),San Jose,10.53193052,-66.90899264,0.37,IV,0.0,0,0,0.0
VE010116,EMSR884/AOI02 - Caracas,San José,,,,VE010116,Libertador,,,,VE0101,Distrito Capital,,,,VE01,Venezuela (República Bolivariana de),,,,VE,2021/02/23,,2.4127559,v01,es,,,,Venezuela (Bolivarian Republic of),San Jose,10.53193052,-66.90899264,0.37,V,0.0,0,0,0.0
VE010116,EMSR884/AOI02 - Caracas,San José,,,,VE010116,Libertador,,,,VE0101,Distrito Capital,,,,VE01,Venezuela (República Bolivariana de),,,,VE,2021/02/23,,2.4127559,v01,es,,,,Venezuela (Bolivarian Republic of),San Jose,10.53193052,-66.90899264,0.37,VI,0.0,0,0,0.0
VE010116,EMSR884/AOI02 - Caracas,San José,,,,VE010116,Libertador,,,,VE0101,Distrito Capital,,,,VE01,Venezuela (República Bolivariana de),,,,VE,2021/02/23,,2.4127559,v01,es,,,,Venezuela (Bolivarian Republic of),San Jose,10.53193052,-66.90899264,0.37,VII,0.0,0,0,0.0
VE010116,EMSR884/AOI02 - Caracas,San José,,,,VE010116,Libertador,,,,VE0101,Distrito Capital,,,,VE01,Venezuela (República Bolivariana de),,,,VE,2021/02/23,,2.4127559,v01,es,,,,Venezuela (Bolivarian Republic of),San Jose,10.53193052,-66.90899264,0.37,VIII,2.428,3014,206,17162.0
VE010116,EMSR884/AOI02 - Caracas,San José,,,,VE010116,Libertador,,,,VE0101,Distrito Capital,,,,VE01,Venezuela (República Bolivariana de),,,,VE,2021/02/23,,2.4127559,v01,es,,,,Venezuela (Bolivarian Republic of),San Jose,10.53193052,-66.90899264,0.37,IX,0.0,0,0,0.0
VE010116,EMSR884/AOI02 - Caracas,San José,,,,VE010116,Libertador,,,,VE0101,Distrito Capital,,,,VE01,Venezuela (República Bolivariana de),,,,VE,2021/02/23,,2.4127559,v01,es,,,,Venezuela (Bolivarian Republic of),San Jose,10.53193052,-66.90899264,0.37,X+,0.0,0,0,0.0
VE010117,EMSR884/AOI02 - Caracas; EMSR884/AOI03 - Antimano,San Juan,,,,VE010117,Libertador,,,,VE0101,Distrito Capital,,,,VE01,Venezuela (República Bolivariana de),,,,VE,2021/02/23,,3.21184248,v01,es,,,,Venezuela (Bolivarian Republic of),San Juan,10.4973285,-66.9317725,1.21,I,0.0,0,0,0.0
VE010117,EMSR884/AOI02 - Caracas; EMSR884/AOI03 - Antimano,San Juan,,,,VE010117,Libertador,,,,VE0101,Distrito Capital,,,,VE01,Venezuela (República Bolivariana de),,,,VE,2021/02/23,,3.21184248,v01,es,,,,Venezuela (Bolivarian Republic of),San Juan,10.4973285,-66.9317725,1.21,II-III,0.0,0,0,0.0
VE010117,EMSR884/AOI02 - Caracas; EMSR884/AOI03 - Antimano,San Juan,,,,VE010117,Libertador,,,,VE0101,Distrito Capital,,,,VE01,Venezuela (República Bolivariana de),,,,VE,2021/02/23,,3.21184248,v01,es,,,,Venezuela (Bolivarian Republic of),San Juan,10.4973285,-66.9317725,1.21,IV,0.0,0,0,0.0
VE010117,EMSR884/AOI02 - Caracas; EMSR884/AOI03 - Antimano,San Juan,,,,VE010117,Libertador,,,,VE0101,Distrito Capital,,,,VE01,Venezuela (República Bolivariana de),,,,VE,2021/02/23,,3.21184248,v01,es,,,,Venezuela (Bolivarian Republic of),San Juan,10.4973285,-66.9317725,1.21,V,0.0,0,0,0.0
VE010117,EMSR884/AOI02 - Caracas; EMSR884/AOI03 - Antimano,San Juan,,,,VE010117,Libertador,,,,VE0101,Distrito Capital,,,,VE01,Venezuela (República Bolivariana de),,,,VE,2021/02/23,,3.21184248,v01,es,,,,Venezuela (Bolivarian Republic of),San Juan,10.4973285,-66.9317725,1.21,VI,0.0,0,0,0.0
VE010117,EMSR884/AOI02 - Caracas; EMSR884/AOI03 - Antimano,San Juan,,,,VE010117,Libertador,,,,VE0101,Distrito Capital,,,,VE01,Venezuela (República Bolivariana de),,,,VE,2021/02/23,,3.21184248,v01,es,,,,Venezuela (Bolivarian Republic of),San Juan,10.4973285,-66.9317725,1.21,VII,0.95,1417,36,12147.0
VE010117,EMSR884/AOI02 - Caracas; EMSR884/AOI03 - Antimano,San Juan,,,,VE010117,Libertador,,,,VE0101,Distrito Capital,,,,VE01,Venezuela (República Bolivariana de),,,,VE,2021/02/23,,3.21184248,v01,es,,,,Venezuela (Bolivarian Republic of),San Juan,10.4973285,-66.9317725,1.21,VIII,2.282,5181,129,38655.0
VE010117,EMSR884/AOI02 - Caracas; EMSR884/AOI03 - Antimano,San Juan,,,,VE010117,Libertador,,,,VE0101,Distrito Capital,,,,VE01,Venezuela (República Bolivariana de),,,,VE,2021/02/23,,3.21184248,v01,es,,,,Venezuela (Bolivarian Republic of),San Juan,10.4973285,-66.9317725,1.21,IX,0.0,0,0,0.0
VE010117,EMSR884/AOI02 - Caracas; EMSR884/AOI03 - Antimano,San Juan,,,,VE010117,Libertador,,,,VE0101,Distrito Capital,,,,VE01,Venezuela (República Bolivariana de),,,,VE,2021/02/23,,3.21184248,v01,es,,,,Venezuela (Bolivarian Republic of),San Juan,10.4973285,-66.9317725,1.21,X+,0.0,0,0,0.0
VE010118,EMSR884/AOI02 - Caracas,San Pedro,,,,VE010118,Libertador,,,,VE0101,Distrito Capital,,,,VE01,Venezuela (República Bolivariana de),,,,VE,2021/02/23,,6.55567204,v01,es,,,,Venezuela (Bolivarian Republic of),San Pedro,10.48110062,-66.89322909,2.0,I,0.0,0,0,0.0
VE010118,EMSR884/AOI02 - Caracas,San Pedro,,,,VE010118,Libertador,,,,VE0101,Distrito Capital,,,,VE01,Venezuela (República Bolivariana de),,,,VE,2021/02/23,,6.55567204,v01,es,,,,Venezuela (Bolivarian Republic of),San Pedro,10.48110062,-66.89322909,2.0,II-III,0.0,0,0,0.0
VE010118,EMSR884/AOI02 - Caracas,San Pedro,,,,VE010118,Libertador,,,,VE0101,Distrito Capital,,,,VE01,Venezuela (República Bolivariana de),,,,VE,2021/02/23,,6.55567204,v01,es,,,,Venezuela (Bolivarian Republic of),San Pedro,10.48110062,-66.89322909,2.0,IV,0.0,0,0,0.0
VE010118,EMSR884/AOI02 - Caracas,San Pedro,,,,VE010118,Libertador,,,,VE0101,Distrito Capital,,,,VE01,Venezuela (República Bolivariana de),,,,VE,2021/02/23,,6.55567204,v01,es,,,,Venezuela (Bolivarian Republic of),San Pedro,10.48110062,-66.89322909,2.0,V,0.0,0,0,0.0
VE010118,EMSR884/AOI02 - Caracas,San Pedro,,,,VE010118,Libertador,,,,VE0101,Distrito Capital,,,,VE01,Venezuela (República Bolivariana de),,,,VE,2021/02/23,,6.55567204,v01,es,,,,Venezuela (Bolivarian Republic of),San Pedro,10.48110062,-66.89322909,2.0,VI,0.0,0,0,0.0
VE010118,EMSR884/AOI02 - Caracas,San Pedro,,,,VE010118,Libertador,,,,VE0101,Distrito Capital,,,,VE01,Venezuela (República Bolivariana de),,,,VE,2021/02/23,,6.55567204,v01,es,,,,Venezuela (Bolivarian Republic of),San Pedro,10.48110062,-66.89322909,2.0,VII,6.333,7083,589,57451.0
VE010118,EMSR884/AOI02 - Caracas,San Pedro,,,,VE010118,Libertador,,,,VE0101,Distrito Capital,,,,VE01,Venezuela (República Bolivariana de),,,,VE,2021/02/23,,6.55567204,v01,es,,,,Venezuela (Bolivarian Republic of),San Pedro,10.48110062,-66.89322909,2.0,VIII,0.264,23,1,226.0
VE010118,EMSR884/AOI02 - Caracas,San Pedro,,,,VE010118,Libertador,,,,VE0101,Distrito Capital,,,,VE01,Venezuela (República Bolivariana de),,,,VE,2021/02/23,,6.55567204,v01,es,,,,Venezuela (Bolivarian Republic of),San Pedro,10.48110062,-66.89322909,2.0,IX,0.0,0,0,0.0
VE010118,EMSR884/AOI02 - Caracas,San Pedro,,,,VE010118,Libertador,,,,VE0101,Distrito Capital,,,,VE01,Venezuela (República Bolivariana de),,,,VE,2021/02/23,,6.55567204,v01,es,,,,Venezuela (Bolivarian Republic of),San Pedro,10.48110062,-66.89322909,2.0,X+,0.0,0,0,0.0
VE010119,EMSR884/AOI02 - Caracas; EMSR884/AOI03 - Antimano,Santa Rosalía,,,,VE010119,Libertador,,,,VE0101,Distrito Capital,,,,VE01,Venezuela (República Bolivariana de),,,,VE,2021/02/23,,6.21578897,v01,es,,,,Venezuela (Bolivarian Republic of),Santa Rosalia,10.483391,-66.91663839,1.57,I,0.0,0,0,0.0
VE010119,EMSR884/AOI02 - Caracas; EMSR884/AOI03 - Antimano,Santa Rosalía,,,,VE010119,Libertador,,,,VE0101,Distrito Capital,,,,VE01,Venezuela (República Bolivariana de),,,,VE,2021/02/23,,6.21578897,v01,es,,,,Venezuela (Bolivarian Republic of),Santa Rosalia,10.483391,-66.91663839,1.57,II-III,0.0,0,0,0.0
VE010119,EMSR884/AOI02 - Caracas; EMSR884/AOI03 - Antimano,Santa Rosalía,,,,VE010119,Libertador,,,,VE0101,Distrito Capital,,,,VE01,Venezuela (República Bolivariana de),,,,VE,2021/02/23,,6.21578897,v01,es,,,,Venezuela (Bolivarian Republic of),Santa Rosalia,10.483391,-66.91663839,1.57,IV,0.0,0,0,0.0
VE010119,EMSR884/AOI02 - Caracas; EMSR884/AOI03 - Antimano,Santa Rosalía,,,,VE010119,Libertador,,,,VE0101,Distrito Capital,,,,VE01,Venezuela (República Bolivariana de),,,,VE,2021/02/23,,6.21578897,v01,es,,,,Venezuela (Bolivarian Republic of),Santa Rosalia,10.483391,-66.91663839,1.57,V,0.0,0,0,0.0
VE010119,EMSR884/AOI02 - Caracas; EMSR884/AOI03 - Antimano,Santa Rosalía,,,,VE010119,Libertador,,,,VE0101,Distrito Capital,,,,VE01,Venezuela (República Bolivariana de),,,,VE,2021/02/23,,6.21578897,v01,es,,,,Venezuela (Bolivarian Republic of),Santa Rosalia,10.483391,-66.91663839,1.57,VI,0.0,0,0,0.0
VE010119,EMSR884/AOI02 - Caracas; EMSR884/AOI03 - Antimano,Santa Rosalía,,,,VE010119,Libertador,,,,VE0101,Distrito Capital,,,,VE01,Venezuela (República Bolivariana de),,,,VE,2021/02/23,,6.21578897,v01,es,,,,Venezuela (Bolivarian Republic of),Santa Rosalia,10.483391,-66.91663839,1.57,VII,5.801,13048,78,76912.0
VE010119,EMSR884/AOI02 - Caracas; EMSR884/AOI03 - Antimano,Santa Rosalía,,,,VE010119,Libertador,,,,VE0101,Distrito Capital,,,,VE01,Venezuela (República Bolivariana de),,,,VE,2021/02/23,,6.21578897,v01,es,,,,Venezuela (Bolivarian Republic of),Santa Rosalia,10.483391,-66.91663839,1.57,VIII,0.454,1346,26,7322.0
VE010119,EMSR884/AOI02 - Caracas; EMSR884/AOI03 - Antimano,Santa Rosalía,,,,VE010119,Libertador,,,,VE0101,Distrito Capital,,,,VE01,Venezuela (República Bolivariana de),,,,VE,2021/02/23,,6.21578897,v01,es,,,,Venezuela (Bolivarian Republic of),Santa Rosalia,10.483391,-66.91663839,1.57,IX,0.0,0,0,0.0
VE010119,EMSR884/AOI02 - Caracas; EMSR884/AOI03 - Antimano,Santa Rosalía,,,,VE010119,Libertador,,,,VE0101,Distrito Capital,,,,VE01,Venezuela (República Bolivariana de),,,,VE,2021/02/23,,6.21578897,v01,es,,,,Venezuela (Bolivarian Republic of),Santa Rosalia,10.483391,-66.91663839,1.57,X+,0.0,0,0,0.0
VE010120,EMSR884/AOI02 - Caracas,Santa Teresa,,,,VE010120,Libertador,,,,VE0101,Distrito Capital,,,,VE01,Venezuela (República Bolivariana de),,,,VE,2021/02/23,,0.66299781,v01,es,,,,Venezuela (Bolivarian Republic of),Santa Teresa,10.496518,-66.91705106,0.27,I,0.0,0,0,0.0
VE010120,EMSR884/AOI02 - Caracas,Santa Teresa,,,,VE010120,Libertador,,,,VE0101,Distrito Capital,,,,VE01,Venezuela (República Bolivariana de),,,,VE,2021/02/23,,0.66299781,v01,es,,,,Venezuela (Bolivarian Republic of),Santa Teresa,10.496518,-66.91705106,0.27,II-III,0.0,0,0,0.0
VE010120,EMSR884/AOI02 - Caracas,Santa Teresa,,,,VE010120,Libertador,,,,VE0101,Distrito Capital,,,,VE01,Venezuela (República Bolivariana de),,,,VE,2021/02/23,,0.66299781,v01,es,,,,Venezuela (Bolivarian Republic of),Santa Teresa,10.496518,-66.91705106,0.27,IV,0.0,0,0,0.0
VE010120,EMSR884/AOI02 - Caracas,Santa Teresa,,,,VE010120,Libertador,,,,VE0101,Distrito Capital,,,,VE01,Venezuela (República Bolivariana de),,,,VE,2021/02/23,,0.66299781,v01,es,,,,Venezuela (Bolivarian Republic of),Santa Teresa,10.496518,-66.91705106,0.27,V,0.0,0,0,0.0
VE010120,EMSR884/AOI02 - Caracas,Santa Teresa,,,,VE010120,Libertador,,,,VE0101,Distrito Capital,,,,VE01,Venezuela (República Bolivariana de),,,,VE,2021/02/23,,0.66299781,v01,es,,,,Venezuela (Bolivarian Republic of),Santa Teresa,10.496518,-66.91705106,0.27,VI,0.0,0,0,0.0
VE010120,EMSR884/AOI02 - Caracas,Santa Teresa,,,,VE010120,Libertador,,,,VE0101,Distrito Capital,,,,VE01,Venezuela (República Bolivariana de),,,,VE,2021/02/23,,0.66299781,v01,es,,,,Venezuela (Bolivarian Republic of),Santa Teresa,10.496518,-66.91705106,0.27,VII,0.073,65,8,388.0
VE010120,EMSR884/AOI02 - Caracas,Santa Teresa,,,,VE010120,Libertador,,,,VE0101,Distrito Capital,,,,VE01,Venezuela (República Bolivariana de),,,,VE,2021/02/23,,0.66299781,v01,es,,,,Venezuela (Bolivarian Republic of),Santa Teresa,10.496518,-66.91705106,0.27,VIII,0.595,1735,114,8676.0
VE010120,EMSR884/AOI02 - Caracas,Santa Teresa,,,,VE010120,Libertador,,,,VE0101,Distrito Capital,,,,VE01,Venezuela (República Bolivariana de),,,,VE,2021/02/23,,0.66299781,v01,es,,,,Venezuela (Bolivarian Republic of),Santa Teresa,10.496518,-66.91705106,0.27,IX,0.0,0,0,0.0
VE010120,EMSR884/AOI02 - Caracas,Santa Teresa,,,,VE010120,Libertador,,,,VE0101,Distrito Capital,,,,VE01,Venezuela (República Bolivariana de),,,,VE,2021/02/23,,0.66299781,v01,es,,,,Venezuela (Bolivarian Republic of),Santa Teresa,10.496518,-66.91705106,0.27,X+,0.0,0,0,0.0
VE010121,EMSR884/AOI02 - Caracas; EMSR884/AOI03 - Antimano,Sucre,,,,VE010121,Libertador,,,,VE0101,Distrito Capital,,,,VE01,Venezuela (República Bolivariana de),,,,VE,2021/02/23,,50.70001361,v01,es,,,,Venezuela (Bolivarian Republic of),Sucre,10.5278695,-66.9656894,5.43,I,0.0,0,0,0.0
VE010121,EMSR884/AOI02 - Caracas; EMSR884/AOI03 - Antimano,Sucre,,,,VE010121,Libertador,,,,VE0101,Distrito Capital,,,,VE01,Venezuela (República Bolivariana de),,,,VE,2021/02/23,,50.70001361,v01,es,,,,Venezuela (Bolivarian Republic of),Sucre,10.5278695,-66.9656894,5.43,II-III,0.0,0,0,0.0
VE010121,EMSR884/AOI02 - Caracas; EMSR884/AOI03 - Antimano,Sucre,,,,VE010121,Libertador,,,,VE0101,Distrito Capital,,,,VE01,Venezuela (República Bolivariana de),,,,VE,2021/02/23,,50.70001361,v01,es,,,,Venezuela (Bolivarian Republic of),Sucre,10.5278695,-66.9656894,5.43,IV,0.0,0,0,0.0
VE010121,EMSR884/AOI02 - Caracas; EMSR884/AOI03 - Antimano,Sucre,,,,VE010121,Libertador,,,,VE0101,Distrito Capital,,,,VE01,Venezuela (República Bolivariana de),,,,VE,2021/02/23,,50.70001361,v01,es,,,,Venezuela (Bolivarian Republic of),Sucre,10.5278695,-66.9656894,5.43,V,0.0,0,0,0.0
VE010121,EMSR884/AOI02 - Caracas; EMSR884/AOI03 - Antimano,Sucre,,,,VE010121,Libertador,,,,VE0101,Distrito Capital,,,,VE01,Venezuela (República Bolivariana de),,,,VE,2021/02/23,,50.70001361,v01,es,,,,Venezuela (Bolivarian Republic of),Sucre,10.5278695,-66.9656894,5.43,VI,0.0,0,0,0.0
VE010121,EMSR884/AOI02 - Caracas; EMSR884/AOI03 - Antimano,Sucre,,,,VE010121,Libertador,,,,VE0101,Distrito Capital,,,,VE01,Venezuela (República Bolivariana de),,,,VE,2021/02/23,,50.70001361,v01,es,,,,Venezuela (Bolivarian Republic of),Sucre,10.5278695,-66.9656894,5.43,VII,13.066,18101,296,110599.0
VE010121,EMSR884/AOI02 - Caracas; EMSR884/AOI03 - Antimano,Sucre,,,,VE010121,Libertador,,,,VE0101,Distrito Capital,,,,VE01,Venezuela (República Bolivariana de),,,,VE,2021/02/23,,50.70001361,v01,es,,,,Venezuela (Bolivarian Republic of),Sucre,10.5278695,-66.9656894,5.43,VIII,37.954,21294,2871,139086.0
VE010121,EMSR884/AOI02 - Caracas; EMSR884/AOI03 - Antimano,Sucre,,,,VE010121,Libertador,,,,VE0101,Distrito Capital,,,,VE01,Venezuela (República Bolivariana de),,,,VE,2021/02/23,,50.70001361,v01,es,,,,Venezuela (Bolivarian Republic of),Sucre,10.5278695,-66.9656894,5.43,IX,0.0,0,0,0.0
VE010121,EMSR884/AOI02 - Caracas; EMSR884/AOI03 - Antimano,Sucre,,,,VE010121,Libertador,,,,VE0101,Distrito Capital,,,,VE01,Venezuela (República Bolivariana de),,,,VE,2021/02/23,,50.70001361,v01,es,,,,Venezuela (Bolivarian Republic of),Sucre,10.5278695,-66.9656894,5.43,X+,0.0,0,0,0.0
VE010122,EMSR884/AOI02 - Caracas; EMSR884/AOI03 - Antimano,23 de Enero,,,,VE010122,Libertador,,,,VE0101,Distrito Capital,,,,VE01,Venezuela (República Bolivariana de),,,,VE,2021/02/23,,2.24878105,v01,es,,,,Venezuela (Bolivarian Republic of),23 de Enero,10.506788,-66.93119152,0.79,I,0.0,0,0,0.0
VE010122,EMSR884/AOI02 - Caracas; EMSR884/AOI03 - Antimano,23 de Enero,,,,VE010122,Libertador,,,,VE0101,Distrito Capital,,,,VE01,Venezuela (República Bolivariana de),,,,VE,2021/02/23,,2.24878105,v01,es,,,,Venezuela (Bolivarian Republic of),23 de Enero,10.506788,-66.93119152,0.79,II-III,0.0,0,0,0.0
VE010122,EMSR884/AOI02 - Caracas; EMSR884/AOI03 - Antimano,23 de Enero,,,,VE010122,Libertador,,,,VE0101,Distrito Capital,,,,VE01,Venezuela (República Bolivariana de),,,,VE,2021/02/23,,2.24878105,v01,es,,,,Venezuela (Bolivarian Republic of),23 de Enero,10.506788,-66.93119152,0.79,IV,0.0,0,0,0.0
VE010122,EMSR884/AOI02 - Caracas; EMSR884/AOI03 - Antimano,23 de Enero,,,,VE010122,Libertador,,,,VE0101,Distrito Capital,,,,VE01,Venezuela (República Bolivariana de),,,,VE,2021/02/23,,2.24878105,v01,es,,,,Venezuela (Bolivarian Republic of),23 de Enero,10.506788,-66.93119152,0.79,V,0.0,0,0,0.0
VE010122,EMSR884/AOI02 - Caracas; EMSR884/AOI03 - Antimano,23 de Enero,,,,VE010122,Libertador,,,,VE0101,Distrito Capital,,,,VE01,Venezuela (República Bolivariana de),,,,VE,2021/02/23,,2.24878105,v01,es,,,,Venezuela (Bolivarian Republic of),23 de Enero,10.506788,-66.93119152,0.79,VI,0.0,0,0,0.0
VE010122,EMSR884/AOI02 - Caracas; EMSR884/AOI03 - Antimano,23 de Enero,,,,VE010122,Libertador,,,,VE0101,Distrito Capital,,,,VE01,Venezuela (República Bolivariana de),,,,VE,2021/02/23,,2.24878105,v01,es,,,,Venezuela (Bolivarian Republic of),23 de Enero,10.506788,-66.93119152,0.79,VII,0.045,87,6,515.0
VE010122,EMSR884/AOI02 - Caracas; EMSR884/AOI03 - Antimano,23 de Enero,,,,VE010122,Libertador,,,,VE0101,Distrito Capital,,,,VE01,Venezuela (República Bolivariana de),,,,VE,2021/02/23,,2.24878105,v01,es,,,,Venezuela (Bolivarian Republic of),23 de Enero,10.506788,-66.93119152,0.79,VIII,2.218,3090,178,27468.0
VE010122,EMSR884/AOI02 - Caracas; EMSR884/AOI03 - Antimano,23 de Enero,,,,VE010122,Libertador,,,,VE0101,Distrito Capital,,,,VE01,Venezuela (República Bolivariana de),,,,VE,2021/02/23,,2.24878105,v01,es,,,,Venezuela (Bolivarian Republic of),23 de Enero,10.506788,-66.93119152,0.79,IX,0.0,0,0,0.0
VE010122,EMSR884/AOI02 - Caracas; EMSR884/AOI03 - Antimano,23 de Enero,,,,VE010122,Libertador,,,,VE0101,Distrito Capital,,,,VE01,Venezuela (República Bolivariana de),,,,VE,2021/02/23,,2.24878105,v01,es,,,,Venezuela (Bolivarian Republic of),23 de Enero,10.506788,-66.93119152,0.79,X+,0.0,0,0,0.0
VE050101,EMSR884/AOI05 - Santa Cruz,Capital Bolívar,,,,VE050101,Bolívar,,,,VE0501,Aragua,,,,VE05,Venezuela (República Bolivariana de),,,,VE,2021/02/23,,56.33368143,v01,es,,,,Venezuela (Bolivarian Republic of),Capital Bolivar,10.250126,-67.40816764,1.54,I,0.0,0,0,0.0
VE050101,EMSR884/AOI05 - Santa Cruz,Capital Bolívar,,,,VE050101,Bolívar,,,,VE0501,Aragua,,,,VE05,Venezuela (República Bolivariana de),,,,VE,2021/02/23,,56.33368143,v01,es,,,,Venezuela (Bolivarian Republic of),Capital Bolivar,10.250126,-67.40816764,1.54,II-III,0.0,0,0,0.0
VE050101,EMSR884/AOI05 - Santa Cruz,Capital Bolívar,,,,VE050101,Bolívar,,,,VE0501,Aragua,,,,VE05,Venezuela (República Bolivariana de),,,,VE,2021/02/23,,56.33368143,v01,es,,,,Venezuela (Bolivarian Republic of),Capital Bolivar,10.250126,-67.40816764,1.54,IV,0.0,0,0,0.0
VE050101,EMSR884/AOI05 - Santa Cruz,Capital Bolívar,,,,VE050101,Bolívar,,,,VE0501,Aragua,,,,VE05,Venezuela (República Bolivariana de),,,,VE,2021/02/23,,56.33368143,v01,es,,,,Venezuela (Bolivarian Republic of),Capital Bolivar,10.250126,-67.40816764,1.54,V,0.0,0,0,0.0
VE050101,EMSR884/AOI05 - Santa Cruz,Capital Bolívar,,,,VE050101,Bolívar,,,,VE0501,Aragua,,,,VE05,Venezuela (República Bolivariana de),,,,VE,2021/02/23,,56.33368143,v01,es,,,,Venezuela (Bolivarian Republic of),Capital Bolivar,10.250126,-67.40816764,1.54,VI,50.981,10064,1,30610.0
VE050101,EMSR884/AOI05 - Santa Cruz,Capital Bolívar,,,,VE050101,Bolívar,,,,VE0501,Aragua,,,,VE05,Venezuela (República Bolivariana de),,,,VE,2021/02/23,,56.33368143,v01,es,,,,Venezuela (Bolivarian Republic of),Capital Bolivar,10.250126,-67.40816764,1.54,VII,5.707,157,0,371.0
VE050101,EMSR884/AOI05 - Santa Cruz,Capital Bolívar,,,,VE050101,Bolívar,,,,VE0501,Aragua,,,,VE05,Venezuela (República Bolivariana de),,,,VE,2021/02/23,,56.33368143,v01,es,,,,Venezuela (Bolivarian Republic of),Capital Bolivar,10.250126,-67.40816764,1.54,VIII,0.0,0,0,0.0
VE050101,EMSR884/AOI05 - Santa Cruz,Capital Bolívar,,,,VE050101,Bolívar,,,,VE0501,Aragua,,,,VE05,Venezuela (República Bolivariana de),,,,VE,2021/02/23,,56.33368143,v01,es,,,,Venezuela (Bolivarian Republic of),Capital Bolivar,10.250126,-67.40816764,1.54,IX,0.0,0,0,0.0
VE050101,EMSR884/AOI05 - Santa Cruz,Capital Bolívar,,,,VE050101,Bolívar,,,,VE0501,Aragua,,,,VE05,Venezuela (República Bolivariana de),,,,VE,2021/02/23,,56.33368143,v01,es,,,,Venezuela (Bolivarian Republic of),Capital Bolivar,10.250126,-67.40816764,1.54,X+,0.0,0,0,0.0
VE050303,EMSR884/AOI04 - Maracay,Urbana las Delicias,,,,VE050303,Girardot,,,,VE0503,Aragua,,,,VE05,Venezuela (República Bolivariana de),,,,VE,2021/02/23,,77.12626869,v01,es,,,,Venezuela (Bolivarian Republic of),Urbana las Delicias,10.299786,-67.55976013,2.98,I,0.0,0,0,0.0
VE050303,EMSR884/AOI04 - Maracay,Urbana las Delicias,,,,VE050303,Girardot,,,,VE0503,Aragua,,,,VE05,Venezuela (República Bolivariana de),,,,VE,2021/02/23,,77.12626869,v01,es,,,,Venezuela (Bolivarian Republic of),Urbana las Delicias,10.299786,-67.55976013,2.98,II-III,0.0,0,0,0.0
VE050303,EMSR884/AOI04 - Maracay,Urbana las Delicias,,,,VE050303,Girardot,,,,VE0503,Aragua,,,,VE05,Venezuela (República Bolivariana de),,,,VE,2021/02/23,,77.12626869,v01,es,,,,Venezuela (Bolivarian Republic of),Urbana las Delicias,10.299786,-67.55976013,2.98,IV,0.0,0,0,0.0
VE050303,EMSR884/AOI04 - Maracay,Urbana las Delicias,,,,VE050303,Girardot,,,,VE0503,Aragua,,,,VE05,Venezuela (República Bolivariana de),,,,VE,2021/02/23,,77.12626869,v01,es,,,,Venezuela (Bolivarian Republic of),Urbana las Delicias,10.299786,-67.55976013,2.98,V,0.0,0,0,0.0
VE050303,EMSR884/AOI04 - Maracay,Urbana las Delicias,,,,VE050303,Girardot,,,,VE0503,Aragua,,,,VE05,Venezuela (República Bolivariana de),,,,VE,2021/02/23,,77.12626869,v01,es,,,,Venezuela (Bolivarian Republic of),Urbana las Delicias,10.299786,-67.55976013,2.98,VI,49.829,6427,1895,18796.0
VE050303,EMSR884/AOI04 - Maracay,Urbana las Delicias,,,,VE050303,Girardot,,,,VE0503,Aragua,,,,VE05,Venezuela (República Bolivariana de),,,,VE,2021/02/23,,77.12626869,v01,es,,,,Venezuela (Bolivarian Republic of),Urbana las Delicias,10.299786,-67.55976013,2.98,VII,27.784,10830,1802,36379.0
VE050303,EMSR884/AOI04 - Maracay,Urbana las Delicias,,,,VE050303,Girardot,,,,VE0503,Aragua,,,,VE05,Venezuela (República Bolivariana de),,,,VE,2021/02/23,,77.12626869,v01,es,,,,Venezuela (Bolivarian Republic of),Urbana las Delicias,10.299786,-67.55976013,2.98,VIII,0.0,0,0,0.0
VE050303,EMSR884/AOI04 - Maracay,Urbana las Delicias,,,,VE050303,Girardot,,,,VE0503,Aragua,,,,VE05,Venezuela (República Bolivariana de),,,,VE,2021/02/23,,77.12626869,v01,es,,,,Venezuela (Bolivarian Republic of),Urbana las Delicias,10.299786,-67.55976013,2.98,IX,0.0,0,0,0.0
VE050303,EMSR884/AOI04 - Maracay,Urbana las Delicias,,,,VE050303,Girardot,,,,VE0503,Aragua,,,,VE05,Venezuela (República Bolivariana de),,,,VE,2021/02/23,,77.12626869,v01,es,,,,Venezuela (Bolivarian Republic of),Urbana las Delicias,10.299786,-67.55976013,2.98,X+,0.0,0,0,0.0
VE050304,EMSR884/AOI04 - Maracay,Urbana Madre María de San José,,,,VE050304,Girardot,,,,VE0503,Aragua,,,,VE05,Venezuela (República Bolivariana de),,,,VE,2021/02/23,,10.45578946,v01,es,,,,Venezuela (Bolivarian Republic of),Urbana Madre Maria de San Jose,10.259201,-67.5912882,2.74,I,0.0,0,0,0.0
VE050304,EMSR884/AOI04 - Maracay,Urbana Madre María de San José,,,,VE050304,Girardot,,,,VE0503,Aragua,,,,VE05,Venezuela (República Bolivariana de),,,,VE,2021/02/23,,10.45578946,v01,es,,,,Venezuela (Bolivarian Republic of),Urbana Madre Maria de San Jose,10.259201,-67.5912882,2.74,II-III,0.0,0,0,0.0
VE050304,EMSR884/AOI04 - Maracay,Urbana Madre María de San José,,,,VE050304,Girardot,,,,VE0503,Aragua,,,,VE05,Venezuela (República Bolivariana de),,,,VE,2021/02/23,,10.45578946,v01,es,,,,Venezuela (Bolivarian Republic of),Urbana Madre Maria de San Jose,10.259201,-67.5912882,2.74,IV,0.0,0,0,0.0
VE050304,EMSR884/AOI04 - Maracay,Urbana Madre María de San José,,,,VE050304,Girardot,,,,VE0503,Aragua,,,,VE05,Venezuela (República Bolivariana de),,,,VE,2021/02/23,,10.45578946,v01,es,,,,Venezuela (Bolivarian Republic of),Urbana Madre Maria de San Jose,10.259201,-67.5912882,2.74,V,0.0,0,0,0.0
VE050304,EMSR884/AOI04 - Maracay,Urbana Madre María de San José,,,,VE050304,Girardot,,,,VE0503,Aragua,,,,VE05,Venezuela (República Bolivariana de),,,,VE,2021/02/23,,10.45578946,v01,es,,,,Venezuela (Bolivarian Republic of),Urbana Madre Maria de San Jose,10.259201,-67.5912882,2.74,VI,0.0,0,0,0.0
VE050304,EMSR884/AOI04 - Maracay,Urbana Madre María de San José,,,,VE050304,Girardot,,,,VE0503,Aragua,,,,VE05,Venezuela (República Bolivariana de),,,,VE,2021/02/23,,10.45578946,v01,es,,,,Venezuela (Bolivarian Republic of),Urbana Madre Maria de San Jose,10.259201,-67.5912882,2.74,VII,10.522,9919,3284,41329.0
VE050304,EMSR884/AOI04 - Maracay,Urbana Madre María de San José,,,,VE050304,Girardot,,,,VE0503,Aragua,,,,VE05,Venezuela (República Bolivariana de),,,,VE,2021/02/23,,10.45578946,v01,es,,,,Venezuela (Bolivarian Republic of),Urbana Madre Maria de San Jose,10.259201,-67.5912882,2.74,VIII,0.0,0,0,0.0
VE050304,EMSR884/AOI04 - Maracay,Urbana Madre María de San José,,,,VE050304,Girardot,,,,VE0503,Aragua,,,,VE05,Venezuela (República Bolivariana de),,,,VE,2021/02/23,,10.45578946,v01,es,,,,Venezuela (Bolivarian Republic of),Urbana Madre Maria de San Jose,10.259201,-67.5912882,2.74,IX,0.0,0,0,0.0
VE050304,EMSR884/AOI04 - Maracay,Urbana Madre María de San José,,,,VE050304,Girardot,,,,VE0503,Aragua,,,,VE05,Venezuela (República Bolivariana de),,,,VE,2021/02/23,,10.45578946,v01,es,,,,Venezuela (Bolivarian Republic of),Urbana Madre Maria de San Jose,10.259201,-67.5912882,2.74,X+,0.0,0,0,0.0
VE050305,EMSR884/AOI04 - Maracay; EMSR884/AOI05 - Santa Cruz,Urbana Joaquín Crespo,,,,VE050305,Girardot,,,,VE0503,Aragua,,,,VE05,Venezuela (República Bolivariana de),,,,VE,2021/02/23,,6.1085753,v01,es,,,,Venezuela (Bolivarian Republic of),Urbana Joaquin Crespo,10.232021,-67.57127714,1.88,I,0.0,0,0,0.0
VE050305,EMSR884/AOI04 - Maracay; EMSR884/AOI05 - Santa Cruz,Urbana Joaquín Crespo,,,,VE050305,Girardot,,,,VE0503,Aragua,,,,VE05,Venezuela (República Bolivariana de),,,,VE,2021/02/23,,6.1085753,v01,es,,,,Venezuela (Bolivarian Republic of),Urbana Joaquin Crespo,10.232021,-67.57127714,1.88,II-III,0.0,0,0,0.0
VE050305,EMSR884/AOI04 - Maracay; EMSR884/AOI05 - Santa Cruz,Urbana Joaquín Crespo,,,,VE050305,Girardot,,,,VE0503,Aragua,,,,VE05,Venezuela (República Bolivariana de),,,,VE,2021/02/23,,6.1085753,v01,es,,,,Venezuela (Bolivarian Republic of),Urbana Joaquin Crespo,10.232021,-67.57127714,1.88,IV,0.0,0,0,0.0
VE050305,EMSR884/AOI04 - Maracay; EMSR884/AOI05 - Santa Cruz,Urbana Joaquín Crespo,,,,VE050305,Girardot,,,,VE0503,Aragua,,,,VE05,Venezuela (República Bolivariana de),,,,VE,2021/02/23,,6.1085753,v01,es,,,,Venezuela (Bolivarian Republic of),Urbana Joaquin Crespo,10.232021,-67.57127714,1.88,V,0.0,0,0,0.0
VE050305,EMSR884/AOI04 - Maracay; EMSR884/AOI05 - Santa Cruz,Urbana Joaquín Crespo,,,,VE050305,Girardot,,,,VE0503,Aragua,,,,VE05,Venezuela (República Bolivariana de),,,,VE,2021/02/23,,6.1085753,v01,es,,,,Venezuela (Bolivarian Republic of),Urbana Joaquin Crespo,10.232021,-67.57127714,1.88,VI,0.0,0,0,0.0
VE050305,EMSR884/AOI04 - Maracay; EMSR884/AOI05 - Santa Cruz,Urbana Joaquín Crespo,,,,VE050305,Girardot,,,,VE0503,Aragua,,,,VE05,Venezuela (República Bolivariana de),,,,VE,2021/02/23,,6.1085753,v01,es,,,,Venezuela (Bolivarian Republic of),Urbana Joaquin Crespo,10.232021,-67.57127714,1.88,VII,6.147,10802,70,40009.0
VE050305,EMSR884/AOI04 - Maracay; EMSR884/AOI05 - Santa Cruz,Urbana Joaquín Crespo,,,,VE050305,Girardot,,,,VE0503,Aragua,,,,VE05,Venezuela (República Bolivariana de),,,,VE,2021/02/23,,6.1085753,v01,es,,,,Venezuela (Bolivarian Republic of),Urbana Joaquin Crespo,10.232021,-67.57127714,1.88,VIII,0.0,0,0,0.0
VE050305,EMSR884/AOI04 - Maracay; EMSR884/AOI05 - Santa Cruz,Urbana Joaquín Crespo,,,,VE050305,Girardot,,,,VE0503,Aragua,,,,VE05,Venezuela (República Bolivariana de),,,,VE,2021/02/23,,6.1085753,v01,es,,,,Venezuela (Bolivarian Republic of),Urbana Joaquin Crespo,10.232021,-67.57127714,1.88,IX,0.0,0,0,0.0
VE050305,EMSR884/AOI04 - Maracay; EMSR884/AOI05 - Santa Cruz,Urbana Joaquín Crespo,,,,VE050305,Girardot,,,,VE0503,Aragua,,,,VE05,Venezuela (República Bolivariana de),,,,VE,2021/02/23,,6.1085753,v01,es,,,,Venezuela (Bolivarian Republic of),Urbana Joaquin Crespo,10.232021,-67.57127714,1.88,X+,0.0,0,0,0.0
VE050306,EMSR884/AOI04 - Maracay; EMSR884/AOI05 - Santa Cruz,Urbana Pedro José Ovalles,,,,VE050306,Girardot,,,,VE0503,Aragua,,,,VE05,Venezuela (República Bolivariana de),,,,VE,2021/02/23,,5.71317641,v01,es,,,,Venezuela (Bolivarian Republic of),Urbana Pedro Jose Ovalles,10.2162005,-67.57945294,2.01,I,0.0,0,0,0.0
VE050306,EMSR884/AOI04 - Maracay; EMSR884/AOI05 - Santa Cruz,Urbana Pedro José Ovalles,,,,VE050306,Girardot,,,,VE0503,Aragua,,,,VE05,Venezuela (República Bolivariana de),,,,VE,2021/02/23,,5.71317641,v01,es,,,,Venezuela (Bolivarian Republic of),Urbana Pedro Jose Ovalles,10.2162005,-67.57945294,2.01,II-III,0.0,0,0,0.0
VE050306,EMSR884/AOI04 - Maracay; EMSR884/AOI05 - Santa Cruz,Urbana Pedro José Ovalles,,,,VE050306,Girardot,,,,VE0503,Aragua,,,,VE05,Venezuela (República Bolivariana de),,,,VE,2021/02/23,,5.71317641,v01,es,,,,Venezuela (Bolivarian Republic of),Urbana Pedro Jose Ovalles,10.2162005,-67.57945294,2.01,IV,0.0,0,0,0.0
VE050306,EMSR884/AOI04 - Maracay; EMSR884/AOI05 - Santa Cruz,Urbana Pedro José Ovalles,,,,VE050306,Girardot,,,,VE0503,Aragua,,,,VE05,Venezuela (República Bolivariana de),,,,VE,2021/02/23,,5.71317641,v01,es,,,,Venezuela (Bolivarian Republic of),Urbana Pedro Jose Ovalles,10.2162005,-67.57945294,2.01,V,0.0,0,0,0.0
VE050306,EMSR884/AOI04 - Maracay; EMSR884/AOI05 - Santa Cruz,Urbana Pedro José Ovalles,,,,VE050306,Girardot,,,,VE0503,Aragua,,,,VE05,Venezuela (República Bolivariana de),,,,VE,2021/02/23,,5.71317641,v01,es,,,,Venezuela (Bolivarian Republic of),Urbana Pedro Jose Ovalles,10.2162005,-67.57945294,2.01,VI,0.0,0,0,0.0
VE050306,EMSR884/AOI04 - Maracay; EMSR884/AOI05 - Santa Cruz,Urbana Pedro José Ovalles,,,,VE050306,Girardot,,,,VE0503,Aragua,,,,VE05,Venezuela (República Bolivariana de),,,,VE,2021/02/23,,5.71317641,v01,es,,,,Venezuela (Bolivarian Republic of),Urbana Pedro Jose Ovalles,10.2162005,-67.57945294,2.01,VII,5.749,14525,389,44751.0
VE050306,EMSR884/AOI04 - Maracay; EMSR884/AOI05 - Santa Cruz,Urbana Pedro José Ovalles,,,,VE050306,Girardot,,,,VE0503,Aragua,,,,VE05,Venezuela (República Bolivariana de),,,,VE,2021/02/23,,5.71317641,v01,es,,,,Venezuela (Bolivarian Republic of),Urbana Pedro Jose Ovalles,10.2162005,-67.57945294,2.01,VIII,0.0,0,0,0.0
VE050306,EMSR884/AOI04 - Maracay; EMSR884/AOI05 - Santa Cruz,Urbana Pedro José Ovalles,,,,VE050306,Girardot,,,,VE0503,Aragua,,,,VE05,Venezuela (República Bolivariana de),,,,VE,2021/02/23,,5.71317641,v01,es,,,,Venezuela (Bolivarian Republic of),Urbana Pedro Jose Ovalles,10.2162005,-67.57945294,2.01,IX,0.0,0,0,0.0
VE050306,EMSR884/AOI04 - Maracay; EMSR884/AOI05 - Santa Cruz,Urbana Pedro José Ovalles,,,,VE050306,Girardot,,,,VE0503,Aragua,,,,VE05,Venezuela (República Bolivariana de),,,,VE,2021/02/23,,5.71317641,v01,es,,,,Venezuela (Bolivarian Republic of),Urbana Pedro Jose Ovalles,10.2162005,-67.57945294,2.01,X+,0.0,0,0,0.0
VE050307,EMSR884/AOI04 - Maracay; EMSR884/AOI05 - Santa Cruz,Urbana José Casanova Godoy,,,,VE050307,Girardot,,,,VE0503,Aragua,,,,VE05,Venezuela (República Bolivariana de),,,,VE,2021/02/23,,8.88923813,v01,es,,,,Venezuela (Bolivarian Republic of),Urbana Jose Casanova Godoy,10.224248,-67.59961322,2.33,I,0.0,0,0,0.0
VE050307,EMSR884/AOI04 - Maracay; EMSR884/AOI05 - Santa Cruz,Urbana José Casanova Godoy,,,,VE050307,Girardot,,,,VE0503,Aragua,,,,VE05,Venezuela (República Bolivariana de),,,,VE,2021/02/23,,8.88923813,v01,es,,,,Venezuela (Bolivarian Republic of),Urbana Jose Casanova Godoy,10.224248,-67.59961322,2.33,II-III,0.0,0,0,0.0
VE050307,EMSR884/AOI04 - Maracay; EMSR884/AOI05 - Santa Cruz,Urbana José Casanova Godoy,,,,VE050307,Girardot,,,,VE0503,Aragua,,,,VE05,Venezuela (República Bolivariana de),,,,VE,2021/02/23,,8.88923813,v01,es,,,,Venezuela (Bolivarian Republic of),Urbana Jose Casanova Godoy,10.224248,-67.59961322,2.33,IV,0.0,0,0,0.0
VE050307,EMSR884/AOI04 - Maracay; EMSR884/AOI05 - Santa Cruz,Urbana José Casanova Godoy,,,,VE050307,Girardot,,,,VE0503,Aragua,,,,VE05,Venezuela (República Bolivariana de),,,,VE,2021/02/23,,8.88923813,v01,es,,,,Venezuela (Bolivarian Republic of),Urbana Jose Casanova Godoy,10.224248,-67.59961322,2.33,V,0.0,0,0,0.0
VE050307,EMSR884/AOI04 - Maracay; EMSR884/AOI05 - Santa Cruz,Urbana José Casanova Godoy,,,,VE050307,Girardot,,,,VE0503,Aragua,,,,VE05,Venezuela (República Bolivariana de),,,,VE,2021/02/23,,8.88923813,v01,es,,,,Venezuela (Bolivarian Republic of),Urbana Jose Casanova Godoy,10.224248,-67.59961322,2.33,VI,0.0,0,0,0.0
VE050307,EMSR884/AOI04 - Maracay; EMSR884/AOI05 - Santa Cruz,Urbana José Casanova Godoy,,,,VE050307,Girardot,,,,VE0503,Aragua,,,,VE05,Venezuela (República Bolivariana de),,,,VE,2021/02/23,,8.88923813,v01,es,,,,Venezuela (Bolivarian Republic of),Urbana Jose Casanova Godoy,10.224248,-67.59961322,2.33,VII,8.945,11694,2027,45260.0
VE050307,EMSR884/AOI04 - Maracay; EMSR884/AOI05 - Santa Cruz,Urbana José Casanova Godoy,,,,VE050307,Girardot,,,,VE0503,Aragua,,,,VE05,Venezuela (República Bolivariana de),,,,VE,2021/02/23,,8.88923813,v01,es,,,,Venezuela (Bolivarian Republic of),Urbana Jose Casanova Godoy,10.224248,-67.59961322,2.33,VIII,0.0,0,0,0.0
VE050307,EMSR884/AOI04 - Maracay; EMSR884/AOI05 - Santa Cruz,Urbana José Casanova Godoy,,,,VE050307,Girardot,,,,VE0503,Aragua,,,,VE05,Venezuela (República Bolivariana de),,,,VE,2021/02/23,,8.88923813,v01,es,,,,Venezuela (Bolivarian Republic of),Urbana Jose Casanova Godoy,10.224248,-67.59961322,2.33,IX,0.0,0,0,0.0
VE050307,EMSR884/AOI04 - Maracay; EMSR884/AOI05 - Santa Cruz,Urbana José Casanova Godoy,,,,VE050307,Girardot,,,,VE0503,Aragua,,,,VE05,Venezuela (República Bolivariana de),,,,VE,2021/02/23,,8.88923813,v01,es,,,,Venezuela (Bolivarian Republic of),Urbana Jose Casanova Godoy,10.224248,-67.59961322,2.33,X+,0.0,0,0,0.0
VE050308,EMSR884/AOI04 - Maracay,Urbana Andrés Eloy Blanco,,,,VE050308,Girardot,,,,VE0503,Aragua,,,,VE05,Venezuela (República Bolivariana de),,,,VE,2021/02/23,,18.03785569,v01,es,,,,Venezuela (Bolivarian Republic of),Urbana Andres Eloy Blanco,10.2747185,-67.60488076,2.65,I,0.0,0,0,0.0
VE050308,EMSR884/AOI04 - Maracay,Urbana Andrés Eloy Blanco,,,,VE050308,Girardot,,,,VE0503,Aragua,,,,VE05,Venezuela (República Bolivariana de),,,,VE,2021/02/23,,18.03785569,v01,es,,,,Venezuela (Bolivarian Republic of),Urbana Andres Eloy Blanco,10.2747185,-67.60488076,2.65,II-III,0.0,0,0,0.0
VE050308,EMSR884/AOI04 - Maracay,Urbana Andrés Eloy Blanco,,,,VE050308,Girardot,,,,VE0503,Aragua,,,,VE05,Venezuela (República Bolivariana de),,,,VE,2021/02/23,,18.03785569,v01,es,,,,Venezuela (Bolivarian Republic of),Urbana Andres Eloy Blanco,10.2747185,-67.60488076,2.65,IV,0.0,0,0,0.0
VE050308,EMSR884/AOI04 - Maracay,Urbana Andrés Eloy Blanco,,,,VE050308,Girardot,,,,VE0503,Aragua,,,,VE05,Venezuela (República Bolivariana de),,,,VE,2021/02/23,,18.03785569,v01,es,,,,Venezuela (Bolivarian Republic of),Urbana Andres Eloy Blanco,10.2747185,-67.60488076,2.65,V,0.0,0,0,0.0
VE050308,EMSR884/AOI04 - Maracay,Urbana Andrés Eloy Blanco,,,,VE050308,Girardot,,,,VE0503,Aragua,,,,VE05,Venezuela (República Bolivariana de),,,,VE,2021/02/23,,18.03785569,v01,es,,,,Venezuela (Bolivarian Republic of),Urbana Andres Eloy Blanco,10.2747185,-67.60488076,2.65,VI,6.656,1,0,2.0
VE050308,EMSR884/AOI04 - Maracay,Urbana Andrés Eloy Blanco,,,,VE050308,Girardot,,,,VE0503,Aragua,,,,VE05,Venezuela (República Bolivariana de),,,,VE,2021/02/23,,18.03785569,v01,es,,,,Venezuela (Bolivarian Republic of),Urbana Andres Eloy Blanco,10.2747185,-67.60488076,2.65,VII,11.495,9012,3553,38456.0
VE050308,EMSR884/AOI04 - Maracay,Urbana Andrés Eloy Blanco,,,,VE050308,Girardot,,,,VE0503,Aragua,,,,VE05,Venezuela (República Bolivariana de),,,,VE,2021/02/23,,18.03785569,v01,es,,,,Venezuela (Bolivarian Republic of),Urbana Andres Eloy Blanco,10.2747185,-67.60488076,2.65,VIII,0.0,0,0,0.0
VE050308,EMSR884/AOI04 - Maracay,Urbana Andrés Eloy Blanco,,,,VE050308,Girardot,,,,VE0503,Aragua,,,,VE05,Venezuela (República Bolivariana de),,,,VE,2021/02/23,,18.03785569,v01,es,,,,Venezuela (Bolivarian Republic of),Urbana Andres Eloy Blanco,10.2747185,-67.60488076,2.65,IX,0.0,0,0,0.0
VE050308,EMSR884/AOI04 - Maracay,Urbana Andrés Eloy Blanco,,,,VE050308,Girardot,,,,VE0503,Aragua,,,,VE05,Venezuela (República Bolivariana de),,,,VE,2021/02/23,,18.03785569,v01,es,,,,Venezuela (Bolivarian Republic of),Urbana Andres Eloy Blanco,10.2747185,-67.60488076,2.65,X+,0.0,0,0,0.0
VE050309,EMSR884/AOI04 - Maracay,Urbana los Tacariguas,,,,VE050309,Girardot,,,,VE0503,Aragua,,,,VE05,Venezuela (República Bolivariana de),,,,VE,2021/02/23,,34.8876102,v01,es,,,,Venezuela (Bolivarian Republic of),Urbana los Tacariguas,10.27862516,-67.65755078,4.34,I,0.0,0,0,0.0
VE050309,EMSR884/AOI04 - Maracay,Urbana los Tacariguas,,,,VE050309,Girardot,,,,VE0503,Aragua,,,,VE05,Venezuela (República Bolivariana de),,,,VE,2021/02/23,,34.8876102,v01,es,,,,Venezuela (Bolivarian Republic of),Urbana los Tacariguas,10.27862516,-67.65755078,4.34,II-III,0.0,0,0,0.0
VE050309,EMSR884/AOI04 - Maracay,Urbana los Tacariguas,,,,VE050309,Girardot,,,,VE0503,Aragua,,,,VE05,Venezuela (República Bolivariana de),,,,VE,2021/02/23,,34.8876102,v01,es,,,,Venezuela (Bolivarian Republic of),Urbana los Tacariguas,10.27862516,-67.65755078,4.34,IV,0.0,0,0,0.0
VE050309,EMSR884/AOI04 - Maracay,Urbana los Tacariguas,,,,VE050309,Girardot,,,,VE0503,Aragua,,,,VE05,Venezuela (República Bolivariana de),,,,VE,2021/02/23,,34.8876102,v01,es,,,,Venezuela (Bolivarian Republic of),Urbana los Tacariguas,10.27862516,-67.65755078,4.34,V,0.0,0,0,0.0
VE050309,EMSR884/AOI04 - Maracay,Urbana los Tacariguas,,,,VE050309,Girardot,,,,VE0503,Aragua,,,,VE05,Venezuela (República Bolivariana de),,,,VE,2021/02/23,,34.8876102,v01,es,,,,Venezuela (Bolivarian Republic of),Urbana los Tacariguas,10.27862516,-67.65755078,4.34,VI,5.735,10,6,61.0
VE050309,EMSR884/AOI04 - Maracay,Urbana los Tacariguas,,,,VE050309,Girardot,,,,VE0503,Aragua,,,,VE05,Venezuela (República Bolivariana de),,,,VE,2021/02/23,,34.8876102,v01,es,,,,Venezuela (Bolivarian Republic of),Urbana los Tacariguas,10.27862516,-67.65755078,4.34,VII,29.371,19154,590,66634.0
VE050309,EMSR884/AOI04 - Maracay,Urbana los Tacariguas,,,,VE050309,Girardot,,,,VE0503,Aragua,,,,VE05,Venezuela (República Bolivariana de),,,,VE,2021/02/23,,34.8876102,v01,es,,,,Venezuela (Bolivarian Republic of),Urbana los Tacariguas,10.27862516,-67.65755078,4.34,VIII,0.0,0,0,0.0
VE050309,EMSR884/AOI04 - Maracay,Urbana los Tacariguas,,,,VE050309,Girardot,,,,VE0503,Aragua,,,,VE05,Venezuela (República Bolivariana de),,,,VE,2021/02/23,,34.8876102,v01,es,,,,Venezuela (Bolivarian Republic of),Urbana los Tacariguas,10.27862516,-67.65755078,4.34,IX,0.0,0,0,0.0
VE050309,EMSR884/AOI04 - Maracay,Urbana los Tacariguas,,,,VE050309,Girardot,,,,VE0503,Aragua,,,,VE05,Venezuela (República Bolivariana de),,,,VE,2021/02/23,,34.8876102,v01,es,,,,Venezuela (Bolivarian Republic of),Urbana los Tacariguas,10.27862516,-67.65755078,4.34,X+,0.0,0,0,0.0
VE050401,EMSR884/AOI05 - Santa Cruz; EMSR884/AOI11 - Villa de Cura,Capital José Ángel Lamas,,,,VE050401,José Ángel Lamas,,,,VE0504,Aragua,,,,VE05,Venezuela (República Bolivariana de),,,,VE,2021/02/23,,27.01470579,v01,es,,,,Venezuela (Bolivarian Republic of),Capital Jose Angel Lamas,10.1603535,-67.50721304,2.88,I,0.0,0,0,0.0
VE050401,EMSR884/AOI05 - Santa Cruz; EMSR884/AOI11 - Villa de Cura,Capital José Ángel Lamas,,,,VE050401,José Ángel Lamas,,,,VE0504,Aragua,,,,VE05,Venezuela (República Bolivariana de),,,,VE,2021/02/23,,27.01470579,v01,es,,,,Venezuela (Bolivarian Republic of),Capital Jose Angel Lamas,10.1603535,-67.50721304,2.88,II-III,0.0,0,0,0.0
VE050401,EMSR884/AOI05 - Santa Cruz; EMSR884/AOI11 - Villa de Cura,Capital José Ángel Lamas,,,,VE050401,José Ángel Lamas,,,,VE0504,Aragua,,,,VE05,Venezuela (República Bolivariana de),,,,VE,2021/02/23,,27.01470579,v01,es,,,,Venezuela (Bolivarian Republic of),Capital Jose Angel Lamas,10.1603535,-67.50721304,2.88,IV,0.0,0,0,0.0
VE050401,EMSR884/AOI05 - Santa Cruz; EMSR884/AOI11 - Villa de Cura,Capital José Ángel Lamas,,,,VE050401,José Ángel Lamas,,,,VE0504,Aragua,,,,VE05,Venezuela (República Bolivariana de),,,,VE,2021/02/23,,27.01470579,v01,es,,,,Venezuela (Bolivarian Republic of),Capital Jose Angel Lamas,10.1603535,-67.50721304,2.88,V,0.0,0,0,0.0
VE050401,EMSR884/AOI05 - Santa Cruz; EMSR884/AOI11 - Villa de Cura,Capital José Ángel Lamas,,,,VE050401,José Ángel Lamas,,,,VE0504,Aragua,,,,VE05,Venezuela (República Bolivariana de),,,,VE,2021/02/23,,27.01470579,v01,es,,,,Venezuela (Bolivarian Republic of),Capital Jose Angel Lamas,10.1603535,-67.50721304,2.88,VI,0.075,15,0,33.0
VE050401,EMSR884/AOI05 - Santa Cruz; EMSR884/AOI11 - Villa de Cura,Capital José Ángel Lamas,,,,VE050401,José Ángel Lamas,,,,VE0504,Aragua,,,,VE05,Venezuela (República Bolivariana de),,,,VE,2021/02/23,,27.01470579,v01,es,,,,Venezuela (Bolivarian Republic of),Capital Jose Angel Lamas,10.1603535,-67.50721304,2.88,VII,27.111,12715,40,35026.0
VE050401,EMSR884/AOI05 - Santa Cruz; EMSR884/AOI11 - Villa de Cura,Capital José Ángel Lamas,,,,VE050401,José Ángel Lamas,,,,VE0504,Aragua,,,,VE05,Venezuela (República Bolivariana de),,,,VE,2021/02/23,,27.01470579,v01,es,,,,Venezuela (Bolivarian Republic of),Capital Jose Angel Lamas,10.1603535,-67.50721304,2.88,VIII,0.0,0,0,0.0
VE050401,EMSR884/AOI05 - Santa Cruz; EMSR884/AOI11 - Villa de Cura,Capital José Ángel Lamas,,,,VE050401,José Ángel Lamas,,,,VE0504,Aragua,,,,VE05,Venezuela (República Bolivariana de),,,,VE,2021/02/23,,27.01470579,v01,es,,,,Venezuela (Bolivarian Republic of),Capital Jose Angel Lamas,10.1603535,-67.50721304,2.88,IX,0.0,0,0,0.0
VE050401,EMSR884/AOI05 - Santa Cruz; EMSR884/AOI11 - Villa de Cura,Capital José Ángel Lamas,,,,VE050401,José Ángel Lamas,,,,VE0504,Aragua,,,,VE05,Venezuela (República Bolivariana de),,,,VE,2021/02/23,,27.01470579,v01,es,,,,Venezuela (Bolivarian Republic of),Capital Jose Angel Lamas,10.1603535,-67.50721304,2.88,X+,0.0,0,0,0.0
VE050505,EMSR884/AOI05 - Santa Cruz,No Urbana Zuata,,,,VE050505,José Félix Ribas,,,,VE0505,Aragua,,,,VE05,Venezuela (República Bolivariana de),,,,VE,2021/02/23,,71.86674833,v01,es,,,,Venezuela (Bolivarian Republic of),No Urbana Zuata,10.1716365,-67.37657888,1.5,I,0.0,0,0,0.0
VE050505,EMSR884/AOI05 - Santa Cruz,No Urbana Zuata,,,,VE050505,José Félix Ribas,,,,VE0505,Aragua,,,,VE05,Venezuela (República Bolivariana de),,,,VE,2021/02/23,,71.86674833,v01,es,,,,Venezuela (Bolivarian Republic of),No Urbana Zuata,10.1716365,-67.37657888,1.5,II-III,0.0,0,0,0.0
VE050505,EMSR884/AOI05 - Santa Cruz,No Urbana Zuata,,,,VE050505,José Félix Ribas,,,,VE0505,Aragua,,,,VE05,Venezuela (República Bolivariana de),,,,VE,2021/02/23,,71.86674833,v01,es,,,,Venezuela (Bolivarian Republic of),No Urbana Zuata,10.1716365,-67.37657888,1.5,IV,0.0,0,0,0.0
VE050505,EMSR884/AOI05 - Santa Cruz,No Urbana Zuata,,,,VE050505,José Félix Ribas,,,,VE0505,Aragua,,,,VE05,Venezuela (República Bolivariana de),,,,VE,2021/02/23,,71.86674833,v01,es,,,,Venezuela (Bolivarian Republic of),No Urbana Zuata,10.1716365,-67.37657888,1.5,V,0.0,0,0,0.0
VE050505,EMSR884/AOI05 - Santa Cruz,No Urbana Zuata,,,,VE050505,José Félix Ribas,,,,VE0505,Aragua,,,,VE05,Venezuela (República Bolivariana de),,,,VE,2021/02/23,,71.86674833,v01,es,,,,Venezuela (Bolivarian Republic of),No Urbana Zuata,10.1716365,-67.37657888,1.5,VI,60.87,9980,1,26368.0
VE050505,EMSR884/AOI05 - Santa Cruz,No Urbana Zuata,,,,VE050505,José Félix Ribas,,,,VE0505,Aragua,,,,VE05,Venezuela (República Bolivariana de),,,,VE,2021/02/23,,71.86674833,v01,es,,,,Venezuela (Bolivarian Republic of),No Urbana Zuata,10.1716365,-67.37657888,1.5,VII,11.451,588,0,1714.0
VE050505,EMSR884/AOI05 - Santa Cruz,No Urbana Zuata,,,,VE050505,José Félix Ribas,,,,VE0505,Aragua,,,,VE05,Venezuela (República Bolivariana de),,,,VE,2021/02/23,,71.86674833,v01,es,,,,Venezuela (Bolivarian Republic of),No Urbana Zuata,10.1716365,-67.37657888,1.5,VIII,0.0,0,0,0.0
VE050505,EMSR884/AOI05 - Santa Cruz,No Urbana Zuata,,,,VE050505,José Félix Ribas,,,,VE0505,Aragua,,,,VE05,Venezuela (República Bolivariana de),,,,VE,2021/02/23,,71.86674833,v01,es,,,,Venezuela (Bolivarian Republic of),No Urbana Zuata,10.1716365,-67.37657888,1.5,IX,0.0,0,0,0.0
VE050505,EMSR884/AOI05 - Santa Cruz,No Urbana Zuata,,,,VE050505,José Félix Ribas,,,,VE0505,Aragua,,,,VE05,Venezuela (República Bolivariana de),,,,VE,2021/02/23,,71.86674833,v01,es,,,,Venezuela (Bolivarian Republic of),No Urbana Zuata,10.1716365,-67.37657888,1.5,X+,0.0,0,0,0.0
VE050701,EMSR884/AOI05 - Santa Cruz,Libertador,,,,VE050701,Libertador,,,,VE0507,Aragua,,,,VE05,Venezuela (República Bolivariana de),,,,VE,2021/02/23,,21.63803489,v01,es,,,,Venezuela (Bolivarian Republic of),Libertador,10.18368,-67.55549164,3.11,I,0.0,0,0,0.0
VE050701,EMSR884/AOI05 - Santa Cruz,Libertador,,,,VE050701,Libertador,,,,VE0507,Aragua,,,,VE05,Venezuela (República Bolivariana de),,,,VE,2021/02/23,,21.63803489,v01,es,,,,Venezuela (Bolivarian Republic of),Libertador,10.18368,-67.55549164,3.11,II-III,0.0,0,0,0.0
VE050701,EMSR884/AOI05 - Santa Cruz,Libertador,,,,VE050701,Libertador,,,,VE0507,Aragua,,,,VE05,Venezuela (República Bolivariana de),,,,VE,2021/02/23,,21.63803489,v01,es,,,,Venezuela (Bolivarian Republic of),Libertador,10.18368,-67.55549164,3.11,IV,0.0,0,0,0.0
VE050701,EMSR884/AOI05 - Santa Cruz,Libertador,,,,VE050701,Libertador,,,,VE0507,Aragua,,,,VE05,Venezuela (República Bolivariana de),,,,VE,2021/02/23,,21.63803489,v01,es,,,,Venezuela (Bolivarian Republic of),Libertador,10.18368,-67.55549164,3.11,V,0.0,0,0,0.0
VE050701,EMSR884/AOI05 - Santa Cruz,Libertador,,,,VE050701,Libertador,,,,VE0507,Aragua,,,,VE05,Venezuela (República Bolivariana de),,,,VE,2021/02/23,,21.63803489,v01,es,,,,Venezuela (Bolivarian Republic of),Libertador,10.18368,-67.55549164,3.11,VI,0.0,0,0,0.0
VE050701,EMSR884/AOI05 - Santa Cruz,Libertador,,,,VE050701,Libertador,,,,VE0507,Aragua,,,,VE05,Venezuela (República Bolivariana de),,,,VE,2021/02/23,,21.63803489,v01,es,,,,Venezuela (Bolivarian Republic of),Libertador,10.18368,-67.55549164,3.11,VII,21.775,20583,10,57308.0
VE050701,EMSR884/AOI05 - Santa Cruz,Libertador,,,,VE050701,Libertador,,,,VE0507,Aragua,,,,VE05,Venezuela (República Bolivariana de),,,,VE,2021/02/23,,21.63803489,v01,es,,,,Venezuela (Bolivarian Republic of),Libertador,10.18368,-67.55549164,3.11,VIII,0.0,0,0,0.0
VE050701,EMSR884/AOI05 - Santa Cruz,Libertador,,,,VE050701,Libertador,,,,VE0507,Aragua,,,,VE05,Venezuela (República Bolivariana de),,,,VE,2021/02/23,,21.63803489,v01,es,,,,Venezuela (Bolivarian Republic of),Libertador,10.18368,-67.55549164,3.11,IX,0.0,0,0,0.0
VE050701,EMSR884/AOI05 - Santa Cruz,Libertador,,,,VE050701,Libertador,,,,VE0507,Aragua,,,,VE05,Venezuela (República Bolivariana de),,,,VE,2021/02/23,,21.63803489,v01,es,,,,Venezuela (Bolivarian Republic of),Libertador,10.18368,-67.55549164,3.11,X+,0.0,0,0,0.0
VE050702,EMSR884/AOI05 - Santa Cruz; EMSR884/AOI11 - Villa de Cura,No Urbana San Martin de Porres,,,,VE050702,Libertador,,,,VE0507,Aragua,,,,VE05,Venezuela (República Bolivariana de),,,,VE,2021/02/23,,34.45691432,v01,es,,,,Venezuela (Bolivarian Republic of),No Urbana San Martin de Porres,10.16731,-67.5928643,2.33,I,0.0,0,0,0.0
VE050702,EMSR884/AOI05 - Santa Cruz; EMSR884/AOI11 - Villa de Cura,No Urbana San Martin de Porres,,,,VE050702,Libertador,,,,VE0507,Aragua,,,,VE05,Venezuela (República Bolivariana de),,,,VE,2021/02/23,,34.45691432,v01,es,,,,Venezuela (Bolivarian Republic of),No Urbana San Martin de Porres,10.16731,-67.5928643,2.33,II-III,0.0,0,0,0.0
VE050702,EMSR884/AOI05 - Santa Cruz; EMSR884/AOI11 - Villa de Cura,No Urbana San Martin de Porres,,,,VE050702,Libertador,,,,VE0507,Aragua,,,,VE05,Venezuela (República Bolivariana de),,,,VE,2021/02/23,,34.45691432,v01,es,,,,Venezuela (Bolivarian Republic of),No Urbana San Martin de Porres,10.16731,-67.5928643,2.33,IV,0.0,0,0,0.0
VE050702,EMSR884/AOI05 - Santa Cruz; EMSR884/AOI11 - Villa de Cura,No Urbana San Martin de Porres,,,,VE050702,Libertador,,,,VE0507,Aragua,,,,VE05,Venezuela (República Bolivariana de),,,,VE,2021/02/23,,34.45691432,v01,es,,,,Venezuela (Bolivarian Republic of),No Urbana San Martin de Porres,10.16731,-67.5928643,2.33,V,0.0,0,0,0.0
VE050702,EMSR884/AOI05 - Santa Cruz; EMSR884/AOI11 - Villa de Cura,No Urbana San Martin de Porres,,,,VE050702,Libertador,,,,VE0507,Aragua,,,,VE05,Venezuela (República Bolivariana de),,,,VE,2021/02/23,,34.45691432,v01,es,,,,Venezuela (Bolivarian Republic of),No Urbana San Martin de Porres,10.16731,-67.5928643,2.33,VI,0.402,0,0,6.0
VE050702,EMSR884/AOI05 - Santa Cruz; EMSR884/AOI11 - Villa de Cura,No Urbana San Martin de Porres,,,,VE050702,Libertador,,,,VE0507,Aragua,,,,VE05,Venezuela (República Bolivariana de),,,,VE,2021/02/23,,34.45691432,v01,es,,,,Venezuela (Bolivarian Republic of),No Urbana San Martin de Porres,10.16731,-67.5928643,2.33,VII,34.272,17074,4,50004.0
VE050702,EMSR884/AOI05 - Santa Cruz; EMSR884/AOI11 - Villa de Cura,No Urbana San Martin de Porres,,,,VE050702,Libertador,,,,VE0507,Aragua,,,,VE05,Venezuela (República Bolivariana de),,,,VE,2021/02/23,,34.45691432,v01,es,,,,Venezuela (Bolivarian Republic of),No Urbana San Martin de Porres,10.16731,-67.5928643,2.33,VIII,0.0,0,0,0.0
VE050702,EMSR884/AOI05 - Santa Cruz; EMSR884/AOI11 - Villa de Cura,No Urbana San Martin de Porres,,,,VE050702,Libertador,,,,VE0507,Aragua,,,,VE05,Venezuela (República Bolivariana de),,,,VE,2021/02/23,,34.45691432,v01,es,,,,Venezuela (Bolivarian Republic of),No Urbana San Martin de Porres,10.16731,-67.5928643,2.33,IX,0.0,0,0,0.0
VE050702,EMSR884/AOI05 - Santa Cruz; EMSR884/AOI11 - Villa de Cura,No Urbana San Martin de Porres,,,,VE050702,Libertador,,,,VE0507,Aragua,,,,VE05,Venezuela (República Bolivariana de),,,,VE,2021/02/23,,34.45691432,v01,es,,,,Venezuela (Bolivarian Republic of),No Urbana San Martin de Porres,10.16731,-67.5928643,2.33,X+,0.0,0,0,0.0
VE050801,EMSR884/AOI04 - Maracay,Mario Briceño Iragorry,,,,VE050801,Mario Briceño Iragorri,,,,VE0508,Aragua,,,,VE05,Venezuela (República Bolivariana de),,,,VE,2021/02/23,,55.0000944,v01,es,,,,Venezuela (Bolivarian Republic of),Mario Briceno Iragorry,10.32246435,-67.63775678,2.01,I,0.0,0,0,0.0
VE050801,EMSR884/AOI04 - Maracay,Mario Briceño Iragorry,,,,VE050801,Mario Briceño Iragorri,,,,VE0508,Aragua,,,,VE05,Venezuela (República Bolivariana de),,,,VE,2021/02/23,,55.0000944,v01,es,,,,Venezuela (Bolivarian Republic of),Mario Briceno Iragorry,10.32246435,-67.63775678,2.01,II-III,0.0,0,0,0.0
VE050801,EMSR884/AOI04 - Maracay,Mario Briceño Iragorry,,,,VE050801,Mario Briceño Iragorri,,,,VE0508,Aragua,,,,VE05,Venezuela (República Bolivariana de),,,,VE,2021/02/23,,55.0000944,v01,es,,,,Venezuela (Bolivarian Republic of),Mario Briceno Iragorry,10.32246435,-67.63775678,2.01,IV,0.0,0,0,0.0
VE050801,EMSR884/AOI04 - Maracay,Mario Briceño Iragorry,,,,VE050801,Mario Briceño Iragorri,,,,VE0508,Aragua,,,,VE05,Venezuela (República Bolivariana de),,,,VE,2021/02/23,,55.0000944,v01,es,,,,Venezuela (Bolivarian Republic of),Mario Briceno Iragorry,10.32246435,-67.63775678,2.01,V,0.0,0,0,0.0
VE050801,EMSR884/AOI04 - Maracay,Mario Briceño Iragorry,,,,VE050801,Mario Briceño Iragorri,,,,VE0508,Aragua,,,,VE05,Venezuela (República Bolivariana de),,,,VE,2021/02/23,,55.0000944,v01,es,,,,Venezuela (Bolivarian Republic of),Mario Briceno Iragorry,10.32246435,-67.63775678,2.01,VI,28.811,308,1,1188.0
VE050801,EMSR884/AOI04 - Maracay,Mario Briceño Iragorry,,,,VE050801,Mario Briceño Iragorri,,,,VE0508,Aragua,,,,VE05,Venezuela (República Bolivariana de),,,,VE,2021/02/23,,55.0000944,v01,es,,,,Venezuela (Bolivarian Republic of),Mario Briceno Iragorry,10.32246435,-67.63775678,2.01,VII,26.538,10670,1311,37283.0
VE050801,EMSR884/AOI04 - Maracay,Mario Briceño Iragorry,,,,VE050801,Mario Briceño Iragorri,,,,VE0508,Aragua,,,,VE05,Venezuela (República Bolivariana de),,,,VE,2021/02/23,,55.0000944,v01,es,,,,Venezuela (Bolivarian Republic of),Mario Briceno Iragorry,10.32246435,-67.63775678,2.01,VIII,0.0,0,0,0.0
VE050801,EMSR884/AOI04 - Maracay,Mario Briceño Iragorry,,,,VE050801,Mario Briceño Iragorri,,,,VE0508,Aragua,,,,VE05,Venezuela (República Bolivariana de),,,,VE,2021/02/23,,55.0000944,v01,es,,,,Venezuela (Bolivarian Republic of),Mario Briceno Iragorry,10.32246435,-67.63775678,2.01,IX,0.0,0,0,0.0
VE050801,EMSR884/AOI04 - Maracay,Mario Briceño Iragorry,,,,VE050801,Mario Briceño Iragorri,,,,VE0508,Aragua,,,,VE05,Venezuela (República Bolivariana de),,,,VE,2021/02/23,,55.0000944,v01,es,,,,Venezuela (Bolivarian Republic of),Mario Briceno Iragorry,10.32246435,-67.63775678,2.01,X+,0.0,0,0,0.0
VE050802,EMSR884/AOI04 - Maracay,Urbana Caña de Azúcar,,,,VE050802,Mario Briceño Iragorri,,,,VE0508,Aragua,,,,VE05,Venezuela (República Bolivariana de),,,,VE,2021/02/23,,10.34824116,v01,es,,,,Venezuela (Bolivarian Republic of),Urbana Cana de Azucar,10.2767175,-67.63451713,1.97,I,0.0,0,0,0.0
VE050802,EMSR884/AOI04 - Maracay,Urbana Caña de Azúcar,,,,VE050802,Mario Briceño Iragorri,,,,VE0508,Aragua,,,,VE05,Venezuela (República Bolivariana de),,,,VE,2021/02/23,,10.34824116,v01,es,,,,Venezuela (Bolivarian Republic of),Urbana Cana de Azucar,10.2767175,-67.63451713,1.97,II-III,0.0,0,0,0.0
VE050802,EMSR884/AOI04 - Maracay,Urbana Caña de Azúcar,,,,VE050802,Mario Briceño Iragorri,,,,VE0508,Aragua,,,,VE05,Venezuela (República Bolivariana de),,,,VE,2021/02/23,,10.34824116,v01,es,,,,Venezuela (Bolivarian Republic of),Urbana Cana de Azucar,10.2767175,-67.63451713,1.97,IV,0.0,0,0,0.0
VE050802,EMSR884/AOI04 - Maracay,Urbana Caña de Azúcar,,,,VE050802,Mario Briceño Iragorri,,,,VE0508,Aragua,,,,VE05,Venezuela (República Bolivariana de),,,,VE,2021/02/23,,10.34824116,v01,es,,,,Venezuela (Bolivarian Republic of),Urbana Cana de Azucar,10.2767175,-67.63451713,1.97,V,0.0,0,0,0.0
VE050802,EMSR884/AOI04 - Maracay,Urbana Caña de Azúcar,,,,VE050802,Mario Briceño Iragorri,,,,VE0508,Aragua,,,,VE05,Venezuela (República Bolivariana de),,,,VE,2021/02/23,,10.34824116,v01,es,,,,Venezuela (Bolivarian Republic of),Urbana Cana de Azucar,10.2767175,-67.63451713,1.97,VI,0.0,0,0,0.0
VE050802,EMSR884/AOI04 - Maracay,Urbana Caña de Azúcar,,,,VE050802,Mario Briceño Iragorri,,,,VE0508,Aragua,,,,VE05,Venezuela (República Bolivariana de),,,,VE,2021/02/23,,10.34824116,v01,es,,,,Venezuela (Bolivarian Republic of),Urbana Cana de Azucar,10.2767175,-67.63451713,1.97,VII,10.414,8004,2194,33744.0
VE050802,EMSR884/AOI04 - Maracay,Urbana Caña de Azúcar,,,,VE050802,Mario Briceño Iragorri,,,,VE0508,Aragua,,,,VE05,Venezuela (República Bolivariana de),,,,VE,2021/02/23,,10.34824116,v01,es,,,,Venezuela (Bolivarian Republic of),Urbana Cana de Azucar,10.2767175,-67.63451713,1.97,VIII,0.0,0,0,0.0
VE050802,EMSR884/AOI04 - Maracay,Urbana Caña de Azúcar,,,,VE050802,Mario Briceño Iragorri,,,,VE0508,Aragua,,,,VE05,Venezuela (República Bolivariana de),,,,VE,2021/02/23,,10.34824116,v01,es,,,,Venezuela (Bolivarian Republic of),Urbana Cana de Azucar,10.2767175,-67.63451713,1.97,IX,0.0,0,0,0.0
VE050802,EMSR884/AOI04 - Maracay,Urbana Caña de Azúcar,,,,VE050802,Mario Briceño Iragorri,,,,VE0508,Aragua,,,,VE05,Venezuela (República Bolivariana de),,,,VE,2021/02/23,,10.34824116,v01,es,,,,Venezuela (Bolivarian Republic of),Urbana Cana de Azucar,10.2767175,-67.63451713,1.97,X+,0.0,0,0,0.0
VE051101,EMSR884/AOI04 - Maracay; EMSR884/AOI05 - Santa Cruz,Santiago Mariño,,,,VE051101,Santiago Mariño,,,,VE0511,Aragua,,,,VE05,Venezuela (República Bolivariana de),,,,VE,2021/02/23,,20.69094169,v01,es,,,,Venezuela (Bolivarian Republic of),Santiago Marino,10.2112815,-67.47599284,3.41,I,0.0,0,0,0.0
VE051101,EMSR884/AOI04 - Maracay; EMSR884/AOI05 - Santa Cruz,Santiago Mariño,,,,VE051101,Santiago Mariño,,,,VE0511,Aragua,,,,VE05,Venezuela (República Bolivariana de),,,,VE,2021/02/23,,20.69094169,v01,es,,,,Venezuela (Bolivarian Republic of),Santiago Marino,10.2112815,-67.47599284,3.41,II-III,0.0,0,0,0.0
VE051101,EMSR884/AOI04 - Maracay; EMSR884/AOI05 - Santa Cruz,Santiago Mariño,,,,VE051101,Santiago Mariño,,,,VE0511,Aragua,,,,VE05,Venezuela (República Bolivariana de),,,,VE,2021/02/23,,20.69094169,v01,es,,,,Venezuela (Bolivarian Republic of),Santiago Marino,10.2112815,-67.47599284,3.41,IV,0.0,0,0,0.0
VE051101,EMSR884/AOI04 - Maracay; EMSR884/AOI05 - Santa Cruz,Santiago Mariño,,,,VE051101,Santiago Mariño,,,,VE0511,Aragua,,,,VE05,Venezuela (República Bolivariana de),,,,VE,2021/02/23,,20.69094169,v01,es,,,,Venezuela (Bolivarian Republic of),Santiago Marino,10.2112815,-67.47599284,3.41,V,0.0,0,0,0.0
VE051101,EMSR884/AOI04 - Maracay; EMSR884/AOI05 - Santa Cruz,Santiago Mariño,,,,VE051101,Santiago Mariño,,,,VE0511,Aragua,,,,VE05,Venezuela (República Bolivariana de),,,,VE,2021/02/23,,20.69094169,v01,es,,,,Venezuela (Bolivarian Republic of),Santiago Marino,10.2112815,-67.47599284,3.41,VI,0.601,0,0,0.0
VE051101,EMSR884/AOI04 - Maracay; EMSR884/AOI05 - Santa Cruz,Santiago Mariño,,,,VE051101,Santiago Mariño,,,,VE0511,Aragua,,,,VE05,Venezuela (República Bolivariana de),,,,VE,2021/02/23,,20.69094169,v01,es,,,,Venezuela (Bolivarian Republic of),Santiago Marino,10.2112815,-67.47599284,3.41,VII,20.221,15354,64,58998.0
VE051101,EMSR884/AOI04 - Maracay; EMSR884/AOI05 - Santa Cruz,Santiago Mariño,,,,VE051101,Santiago Mariño,,,,VE0511,Aragua,,,,VE05,Venezuela (República Bolivariana de),,,,VE,2021/02/23,,20.69094169,v01,es,,,,Venezuela (Bolivarian Republic of),Santiago Marino,10.2112815,-67.47599284,3.41,VIII,0.0,0,0,0.0
VE051101,EMSR884/AOI04 - Maracay; EMSR884/AOI05 - Santa Cruz,Santiago Mariño,,,,VE051101,Santiago Mariño,,,,VE0511,Aragua,,,,VE05,Venezuela (República Bolivariana de),,,,VE,2021/02/23,,20.69094169,v01,es,,,,Venezuela (Bolivarian Republic of),Santiago Marino,10.2112815,-67.47599284,3.41,IX,0.0,0,0,0.0
VE051101,EMSR884/AOI04 - Maracay; EMSR884/AOI05 - Santa Cruz,Santiago Mariño,,,,VE051101,Santiago Mariño,,,,VE0511,Aragua,,,,VE05,Venezuela (República Bolivariana de),,,,VE,2021/02/23,,20.69094169,v01,es,,,,Venezuela (Bolivarian Republic of),Santiago Marino,10.2112815,-67.47599284,3.41,X+,0.0,0,0,0.0
VE051102,EMSR884/AOI04 - Maracay; EMSR884/AOI05 - Santa Cruz,No Urbana Arévalo Aponte,,,,VE051102,Santiago Mariño,,,,VE0511,Aragua,,,,VE05,Venezuela (República Bolivariana de),,,,VE,2021/02/23,,182.04463475,v01,es,,,,Venezuela (Bolivarian Republic of),No Urbana Arevalo Aponte,10.3067685,-67.46564171,2.49,I,0.0,0,0,0.0
VE051102,EMSR884/AOI04 - Maracay; EMSR884/AOI05 - Santa Cruz,No Urbana Arévalo Aponte,,,,VE051102,Santiago Mariño,,,,VE0511,Aragua,,,,VE05,Venezuela (República Bolivariana de),,,,VE,2021/02/23,,182.04463475,v01,es,,,,Venezuela (Bolivarian Republic of),No Urbana Arevalo Aponte,10.3067685,-67.46564171,2.49,II-III,0.0,0,0,0.0
VE051102,EMSR884/AOI04 - Maracay; EMSR884/AOI05 - Santa Cruz,No Urbana Arévalo Aponte,,,,VE051102,Santiago Mariño,,,,VE0511,Aragua,,,,VE05,Venezuela (República Bolivariana de),,,,VE,2021/02/23,,182.04463475,v01,es,,,,Venezuela (Bolivarian Republic of),No Urbana Arevalo Aponte,10.3067685,-67.46564171,2.49,IV,0.0,0,0,0.0
VE051102,EMSR884/AOI04 - Maracay; EMSR884/AOI05 - Santa Cruz,No Urbana Arévalo Aponte,,,,VE051102,Santiago Mariño,,,,VE0511,Aragua,,,,VE05,Venezuela (República Bolivariana de),,,,VE,2021/02/23,,182.04463475,v01,es,,,,Venezuela (Bolivarian Republic of),No Urbana Arevalo Aponte,10.3067685,-67.46564171,2.49,V,0.0,0,0,0.0
VE051102,EMSR884/AOI04 - Maracay; EMSR884/AOI05 - Santa Cruz,No Urbana Arévalo Aponte,,,,VE051102,Santiago Mariño,,,,VE0511,Aragua,,,,VE05,Venezuela (República Bolivariana de),,,,VE,2021/02/23,,182.04463475,v01,es,,,,Venezuela (Bolivarian Republic of),No Urbana Arevalo Aponte,10.3067685,-67.46564171,2.49,VI,147.886,7517,2,13084.0
VE051102,EMSR884/AOI04 - Maracay; EMSR884/AOI05 - Santa Cruz,No Urbana Arévalo Aponte,,,,VE051102,Santiago Mariño,,,,VE0511,Aragua,,,,VE05,Venezuela (República Bolivariana de),,,,VE,2021/02/23,,182.04463475,v01,es,,,,Venezuela (Bolivarian Republic of),No Urbana Arevalo Aponte,10.3067685,-67.46564171,2.49,VII,35.312,8623,19,20932.0
VE051102,EMSR884/AOI04 - Maracay; EMSR884/AOI05 - Santa Cruz,No Urbana Arévalo Aponte,,,,VE051102,Santiago Mariño,,,,VE0511,Aragua,,,,VE05,Venezuela (República Bolivariana de),,,,VE,2021/02/23,,182.04463475,v01,es,,,,Venezuela (Bolivarian Republic of),No Urbana Arevalo Aponte,10.3067685,-67.46564171,2.49,VIII,0.0,0,0,0.0
VE051102,EMSR884/AOI04 - Maracay; EMSR884/AOI05 - Santa Cruz,No Urbana Arévalo Aponte,,,,VE051102,Santiago Mariño,,,,VE0511,Aragua,,,,VE05,Venezuela (República Bolivariana de),,,,VE,2021/02/23,,182.04463475,v01,es,,,,Venezuela (Bolivarian Republic of),No Urbana Arevalo Aponte,10.3067685,-67.46564171,2.49,IX,0.0,0,0,0.0
VE051102,EMSR884/AOI04 - Maracay; EMSR884/AOI05 - Santa Cruz,No Urbana Arévalo Aponte,,,,VE051102,Santiago Mariño,,,,VE0511,Aragua,,,,VE05,Venezuela (República Bolivariana de),,,,VE,2021/02/23,,182.04463475,v01,es,,,,Venezuela (Bolivarian Republic of),No Urbana Arevalo Aponte,10.3067685,-67.46564171,2.49,X+,0.0,0,0,0.0
VE051104,EMSR884/AOI04 - Maracay; EMSR884/AOI05 - Santa Cruz,No Urbana Samán de Guere,,,,VE051104,Santiago Mariño,,,,VE0511,Aragua,,,,VE05,Venezuela (República Bolivariana de),,,,VE,2021/02/23,,14.08612074,v01,es,,,,Venezuela (Bolivarian Republic of),No Urbana Saman de Guere,10.2255935,-67.52515581,3.85,I,0.0,0,0,0.0
VE051104,EMSR884/AOI04 - Maracay; EMSR884/AOI05 - Santa Cruz,No Urbana Samán de Guere,,,,VE051104,Santiago Mariño,,,,VE0511,Aragua,,,,VE05,Venezuela (República Bolivariana de),,,,VE,2021/02/23,,14.08612074,v01,es,,,,Venezuela (Bolivarian Republic of),No Urbana Saman de Guere,10.2255935,-67.52515581,3.85,II-III,0.0,0,0,0.0
VE051104,EMSR884/AOI04 - Maracay; EMSR884/AOI05 - Santa Cruz,No Urbana Samán de Guere,,,,VE051104,Santiago Mariño,,,,VE0511,Aragua,,,,VE05,Venezuela (República Bolivariana de),,,,VE,2021/02/23,,14.08612074,v01,es,,,,Venezuela (Bolivarian Republic of),No Urbana Saman de Guere,10.2255935,-67.52515581,3.85,IV,0.0,0,0,0.0
VE051104,EMSR884/AOI04 - Maracay; EMSR884/AOI05 - Santa Cruz,No Urbana Samán de Guere,,,,VE051104,Santiago Mariño,,,,VE0511,Aragua,,,,VE05,Venezuela (República Bolivariana de),,,,VE,2021/02/23,,14.08612074,v01,es,,,,Venezuela (Bolivarian Republic of),No Urbana Saman de Guere,10.2255935,-67.52515581,3.85,V,0.0,0,0,0.0
VE051104,EMSR884/AOI04 - Maracay; EMSR884/AOI05 - Santa Cruz,No Urbana Samán de Guere,,,,VE051104,Santiago Mariño,,,,VE0511,Aragua,,,,VE05,Venezuela (República Bolivariana de),,,,VE,2021/02/23,,14.08612074,v01,es,,,,Venezuela (Bolivarian Republic of),No Urbana Saman de Guere,10.2255935,-67.52515581,3.85,VI,0.0,0,0,0.0
VE051104,EMSR884/AOI04 - Maracay; EMSR884/AOI05 - Santa Cruz,No Urbana Samán de Guere,,,,VE051104,Santiago Mariño,,,,VE0511,Aragua,,,,VE05,Venezuela (República Bolivariana de),,,,VE,2021/02/23,,14.08612074,v01,es,,,,Venezuela (Bolivarian Republic of),No Urbana Saman de Guere,10.2255935,-67.52515581,3.85,VII,14.175,23150,106,67791.0
VE051104,EMSR884/AOI04 - Maracay; EMSR884/AOI05 - Santa Cruz,No Urbana Samán de Guere,,,,VE051104,Santiago Mariño,,,,VE0511,Aragua,,,,VE05,Venezuela (República Bolivariana de),,,,VE,2021/02/23,,14.08612074,v01,es,,,,Venezuela (Bolivarian Republic of),No Urbana Saman de Guere,10.2255935,-67.52515581,3.85,VIII,0.0,0,0,0.0
VE051104,EMSR884/AOI04 - Maracay; EMSR884/AOI05 - Santa Cruz,No Urbana Samán de Guere,,,,VE051104,Santiago Mariño,,,,VE0511,Aragua,,,,VE05,Venezuela (República Bolivariana de),,,,VE,2021/02/23,,14.08612074,v01,es,,,,Venezuela (Bolivarian Republic of),No Urbana Saman de Guere,10.2255935,-67.52515581,3.85,IX,0.0,0,0,0.0
VE051104,EMSR884/AOI04 - Maracay; EMSR884/AOI05 - Santa Cruz,No Urbana Samán de Guere,,,,VE051104,Santiago Mariño,,,,VE0511,Aragua,,,,VE05,Venezuela (República Bolivariana de),,,,VE,2021/02/23,,14.08612074,v01,es,,,,Venezuela (Bolivarian Republic of),No Urbana Saman de Guere,10.2255935,-67.52515581,3.85,X+,0.0,0,0,0.0
VE051105,EMSR884/AOI04 - Maracay,No Urbana Alfredo Pacheco Miranda,,,,VE051105,Santiago Mariño,,,,VE0511,Aragua,,,,VE05,Venezuela (República Bolivariana de),,,,VE,2021/02/23,,17.43222441,v01,es,,,,Venezuela (Bolivarian Republic of),No Urbana Alfredo Pacheco Miranda,10.2586315,-67.52961516,1.43,I,0.0,0,0,0.0
VE051105,EMSR884/AOI04 - Maracay,No Urbana Alfredo Pacheco Miranda,,,,VE051105,Santiago Mariño,,,,VE0511,Aragua,,,,VE05,Venezuela (República Bolivariana de),,,,VE,2021/02/23,,17.43222441,v01,es,,,,Venezuela (Bolivarian Republic of),No Urbana Alfredo Pacheco Miranda,10.2586315,-67.52961516,1.43,II-III,0.0,0,0,0.0
VE051105,EMSR884/AOI04 - Maracay,No Urbana Alfredo Pacheco Miranda,,,,VE051105,Santiago Mariño,,,,VE0511,Aragua,,,,VE05,Venezuela (República Bolivariana de),,,,VE,2021/02/23,,17.43222441,v01,es,,,,Venezuela (Bolivarian Republic of),No Urbana Alfredo Pacheco Miranda,10.2586315,-67.52961516,1.43,IV,0.0,0,0,0.0
VE051105,EMSR884/AOI04 - Maracay,No Urbana Alfredo Pacheco Miranda,,,,VE051105,Santiago Mariño,,,,VE0511,Aragua,,,,VE05,Venezuela (República Bolivariana de),,,,VE,2021/02/23,,17.43222441,v01,es,,,,Venezuela (Bolivarian Republic of),No Urbana Alfredo Pacheco Miranda,10.2586315,-67.52961516,1.43,V,0.0,0,0,0.0
VE051105,EMSR884/AOI04 - Maracay,No Urbana Alfredo Pacheco Miranda,,,,VE051105,Santiago Mariño,,,,VE0511,Aragua,,,,VE05,Venezuela (República Bolivariana de),,,,VE,2021/02/23,,17.43222441,v01,es,,,,Venezuela (Bolivarian Republic of),No Urbana Alfredo Pacheco Miranda,10.2586315,-67.52961516,1.43,VI,3.798,23,0,105.0
VE051105,EMSR884/AOI04 - Maracay,No Urbana Alfredo Pacheco Miranda,,,,VE051105,Santiago Mariño,,,,VE0511,Aragua,,,,VE05,Venezuela (República Bolivariana de),,,,VE,2021/02/23,,17.43222441,v01,es,,,,Venezuela (Bolivarian Republic of),No Urbana Alfredo Pacheco Miranda,10.2586315,-67.52961516,1.43,VII,13.745,7248,3,22895.0
VE051105,EMSR884/AOI04 - Maracay,No Urbana Alfredo Pacheco Miranda,,,,VE051105,Santiago Mariño,,,,VE0511,Aragua,,,,VE05,Venezuela (República Bolivariana de),,,,VE,2021/02/23,,17.43222441,v01,es,,,,Venezuela (Bolivarian Republic of),No Urbana Alfredo Pacheco Miranda,10.2586315,-67.52961516,1.43,VIII,0.0,0,0,0.0
VE051105,EMSR884/AOI04 - Maracay,No Urbana Alfredo Pacheco Miranda,,,,VE051105,Santiago Mariño,,,,VE0511,Aragua,,,,VE05,Venezuela (República Bolivariana de),,,,VE,2021/02/23,,17.43222441,v01,es,,,,Venezuela (Bolivarian Republic of),No Urbana Alfredo Pacheco Miranda,10.2586315,-67.52961516,1.43,IX,0.0,0,0,0.0
VE051105,EMSR884/AOI04 - Maracay,No Urbana Alfredo Pacheco Miranda,,,,VE051105,Santiago Mariño,,,,VE0511,Aragua,,,,VE05,Venezuela (República Bolivariana de),,,,VE,2021/02/23,,17.43222441,v01,es,,,,Venezuela (Bolivarian Republic of),No Urbana Alfredo Pacheco Miranda,10.2586315,-67.52961516,1.43,X+,0.0,0,0,0.0
VE051301,EMSR884/AOI05 - Santa Cruz,Sucre,,,,VE051301,Sucre,,,,VE0513,Aragua,,,,VE05,Venezuela (República Bolivariana de),,,,VE,2021/02/23,,39.26398554,v01,es,,,,Venezuela (Bolivarian Republic of),Sucre,10.1716365,-67.45043813,6.61,I,0.0,0,0,0.0
VE051301,EMSR884/AOI05 - Santa Cruz,Sucre,,,,VE051301,Sucre,,,,VE0513,Aragua,,,,VE05,Venezuela (República Bolivariana de),,,,VE,2021/02/23,,39.26398554,v01,es,,,,Venezuela (Bolivarian Republic of),Sucre,10.1716365,-67.45043813,6.61,II-III,0.0,0,0,0.0
VE051301,EMSR884/AOI05 - Santa Cruz,Sucre,,,,VE051301,Sucre,,,,VE0513,Aragua,,,,VE05,Venezuela (República Bolivariana de),,,,VE,2021/02/23,,39.26398554,v01,es,,,,Venezuela (Bolivarian Republic of),Sucre,10.1716365,-67.45043813,6.61,IV,0.0,0,0,0.0
VE051301,EMSR884/AOI05 - Santa Cruz,Sucre,,,,VE051301,Sucre,,,,VE0513,Aragua,,,,VE05,Venezuela (República Bolivariana de),,,,VE,2021/02/23,,39.26398554,v01,es,,,,Venezuela (Bolivarian Republic of),Sucre,10.1716365,-67.45043813,6.61,V,0.0,0,0,0.0
VE051301,EMSR884/AOI05 - Santa Cruz,Sucre,,,,VE051301,Sucre,,,,VE0513,Aragua,,,,VE05,Venezuela (República Bolivariana de),,,,VE,2021/02/23,,39.26398554,v01,es,,,,Venezuela (Bolivarian Republic of),Sucre,10.1716365,-67.45043813,6.61,VI,7.341,1206,0,3839.0
VE051301,EMSR884/AOI05 - Santa Cruz,Sucre,,,,VE051301,Sucre,,,,VE0513,Aragua,,,,VE05,Venezuela (República Bolivariana de),,,,VE,2021/02/23,,39.26398554,v01,es,,,,Venezuela (Bolivarian Republic of),Sucre,10.1716365,-67.45043813,6.61,VII,32.171,30207,47,91728.0
VE051301,EMSR884/AOI05 - Santa Cruz,Sucre,,,,VE051301,Sucre,,,,VE0513,Aragua,,,,VE05,Venezuela (República Bolivariana de),,,,VE,2021/02/23,,39.26398554,v01,es,,,,Venezuela (Bolivarian Republic of),Sucre,10.1716365,-67.45043813,6.61,VIII,0.0,0,0,0.0
VE051301,EMSR884/AOI05 - Santa Cruz,Sucre,,,,VE051301,Sucre,,,,VE0513,Aragua,,,,VE05,Venezuela (República Bolivariana de),,,,VE,2021/02/23,,39.26398554,v01,es,,,,Venezuela (Bolivarian Republic of),Sucre,10.1716365,-67.45043813,6.61,IX,0.0,0,0,0.0
VE051301,EMSR884/AOI05 - Santa Cruz,Sucre,,,,VE051301,Sucre,,,,VE0513,Aragua,,,,VE05,Venezuela (República Bolivariana de),,,,VE,2021/02/23,,39.26398554,v01,es,,,,Venezuela (Bolivarian Republic of),Sucre,10.1716365,-67.45043813,6.61,X+,0.0,0,0,0.0
VE051302,EMSR884/AOI05 - Santa Cruz,No Urbana Bella Vista,,,,VE051302,Sucre,,,,VE0513,Aragua,,,,VE05,Venezuela (República Bolivariana de),,,,VE,2021/02/23,,26.93181081,v01,es,,,,Venezuela (Bolivarian Republic of),No Urbana Bella Vista,10.135544,-67.42915307,0.39,I,0.0,0,0,0.0
VE051302,EMSR884/AOI05 - Santa Cruz,No Urbana Bella Vista,,,,VE051302,Sucre,,,,VE0513,Aragua,,,,VE05,Venezuela (República Bolivariana de),,,,VE,2021/02/23,,26.93181081,v01,es,,,,Venezuela (Bolivarian Republic of),No Urbana Bella Vista,10.135544,-67.42915307,0.39,II-III,0.0,0,0,0.0
VE051302,EMSR884/AOI05 - Santa Cruz,No Urbana Bella Vista,,,,VE051302,Sucre,,,,VE0513,Aragua,,,,VE05,Venezuela (República Bolivariana de),,,,VE,2021/02/23,,26.93181081,v01,es,,,,Venezuela (Bolivarian Republic of),No Urbana Bella Vista,10.135544,-67.42915307,0.39,IV,0.0,0,0,0.0
VE051302,EMSR884/AOI05 - Santa Cruz,No Urbana Bella Vista,,,,VE051302,Sucre,,,,VE0513,Aragua,,,,VE05,Venezuela (República Bolivariana de),,,,VE,2021/02/23,,26.93181081,v01,es,,,,Venezuela (Bolivarian Republic of),No Urbana Bella Vista,10.135544,-67.42915307,0.39,V,0.0,0,0,0.0
VE051302,EMSR884/AOI05 - Santa Cruz,No Urbana Bella Vista,,,,VE051302,Sucre,,,,VE0513,Aragua,,,,VE05,Venezuela (República Bolivariana de),,,,VE,2021/02/23,,26.93181081,v01,es,,,,Venezuela (Bolivarian Republic of),No Urbana Bella Vista,10.135544,-67.42915307,0.39,VI,25.723,2987,0,6349.0
VE051302,EMSR884/AOI05 - Santa Cruz,No Urbana Bella Vista,,,,VE051302,Sucre,,,,VE0513,Aragua,,,,VE05,Venezuela (República Bolivariana de),,,,VE,2021/02/23,,26.93181081,v01,es,,,,Venezuela (Bolivarian Republic of),No Urbana Bella Vista,10.135544,-67.42915307,0.39,VII,1.38,5,0,33.0
VE051302,EMSR884/AOI05 - Santa Cruz,No Urbana Bella Vista,,,,VE051302,Sucre,,,,VE0513,Aragua,,,,VE05,Venezuela (República Bolivariana de),,,,VE,2021/02/23,,26.93181081,v01,es,,,,Venezuela (Bolivarian Republic of),No Urbana Bella Vista,10.135544,-67.42915307,0.39,VIII,0.0,0,0,0.0
VE051302,EMSR884/AOI05 - Santa Cruz,No Urbana Bella Vista,,,,VE051302,Sucre,,,,VE0513,Aragua,,,,VE05,Venezuela (República Bolivariana de),,,,VE,2021/02/23,,26.93181081,v01,es,,,,Venezuela (Bolivarian Republic of),No Urbana Bella Vista,10.135544,-67.42915307,0.39,IX,0.0,0,0,0.0
VE051302,EMSR884/AOI05 - Santa Cruz,No Urbana Bella Vista,,,,VE051302,Sucre,,,,VE0513,Aragua,,,,VE05,Venezuela (República Bolivariana de),,,,VE,2021/02/23,,26.93181081,v01,es,,,,Venezuela (Bolivarian Republic of),No Urbana Bella Vista,10.135544,-67.42915307,0.39,X+,0.0,0,0,0.0
VE051601,EMSR884/AOI05 - Santa Cruz; EMSR884/AOI11 - Villa de Cura,Ezequiel Zamora,,,,VE051601,Ezequiel Zamora,,,,VE0516,Aragua,,,,VE05,Venezuela (República Bolivariana de),,,,VE,2021/02/23,,350.64528274,v01,es,,,,Venezuela (Bolivarian Republic of),Ezequiel Zamora,10.0311635,-67.42596359,5.9,I,0.0,0,0,0.0
VE051601,EMSR884/AOI05 - Santa Cruz; EMSR884/AOI11 - Villa de Cura,Ezequiel Zamora,,,,VE051601,Ezequiel Zamora,,,,VE0516,Aragua,,,,VE05,Venezuela (República Bolivariana de),,,,VE,2021/02/23,,350.64528274,v01,es,,,,Venezuela (Bolivarian Republic of),Ezequiel Zamora,10.0311635,-67.42596359,5.9,II-III,0.0,0,0,0.0
VE051601,EMSR884/AOI05 - Santa Cruz; EMSR884/AOI11 - Villa de Cura,Ezequiel Zamora,,,,VE051601,Ezequiel Zamora,,,,VE0516,Aragua,,,,VE05,Venezuela (República Bolivariana de),,,,VE,2021/02/23,,350.64528274,v01,es,,,,Venezuela (Bolivarian Republic of),Ezequiel Zamora,10.0311635,-67.42596359,5.9,IV,0.0,0,0,0.0
VE051601,EMSR884/AOI05 - Santa Cruz; EMSR884/AOI11 - Villa de Cura,Ezequiel Zamora,,,,VE051601,Ezequiel Zamora,,,,VE0516,Aragua,,,,VE05,Venezuela (República Bolivariana de),,,,VE,2021/02/23,,350.64528274,v01,es,,,,Venezuela (Bolivarian Republic of),Ezequiel Zamora,10.0311635,-67.42596359,5.9,V,91.492,360,0,659.0
VE051601,EMSR884/AOI05 - Santa Cruz; EMSR884/AOI11 - Villa de Cura,Ezequiel Zamora,,,,VE051601,Ezequiel Zamora,,,,VE0516,Aragua,,,,VE05,Venezuela (República Bolivariana de),,,,VE,2021/02/23,,350.64528274,v01,es,,,,Venezuela (Bolivarian Republic of),Ezequiel Zamora,10.0311635,-67.42596359,5.9,VI,257.105,36449,119,94021.0
VE051601,EMSR884/AOI05 - Santa Cruz; EMSR884/AOI11 - Villa de Cura,Ezequiel Zamora,,,,VE051601,Ezequiel Zamora,,,,VE0516,Aragua,,,,VE05,Venezuela (República Bolivariana de),,,,VE,2021/02/23,,350.64528274,v01,es,,,,Venezuela (Bolivarian Republic of),Ezequiel Zamora,10.0311635,-67.42596359,5.9,VII,4.269,100,0,295.0
VE051601,EMSR884/AOI05 - Santa Cruz; EMSR884/AOI11 - Villa de Cura,Ezequiel Zamora,,,,VE051601,Ezequiel Zamora,,,,VE0516,Aragua,,,,VE05,Venezuela (República Bolivariana de),,,,VE,2021/02/23,,350.64528274,v01,es,,,,Venezuela (Bolivarian Republic of),Ezequiel Zamora,10.0311635,-67.42596359,5.9,VIII,0.0,0,0,0.0
VE051601,EMSR884/AOI05 - Santa Cruz; EMSR884/AOI11 - Villa de Cura,Ezequiel Zamora,,,,VE051601,Ezequiel Zamora,,,,VE0516,Aragua,,,,VE05,Venezuela (República Bolivariana de),,,,VE,2021/02/23,,350.64528274,v01,es,,,,Venezuela (Bolivarian Republic of),Ezequiel Zamora,10.0311635,-67.42596359,5.9,IX,0.0,0,0,0.0
VE051601,EMSR884/AOI05 - Santa Cruz; EMSR884/AOI11 - Villa de Cura,Ezequiel Zamora,,,,VE051601,Ezequiel Zamora,,,,VE0516,Aragua,,,,VE05,Venezuela (República Bolivariana de),,,,VE,2021/02/23,,350.64528274,v01,es,,,,Venezuela (Bolivarian Republic of),Ezequiel Zamora,10.0311635,-67.42596359,5.9,X+,0.0,0,0,0.0
VE051602,EMSR884/AOI11 - Villa de Cura,No Urbana Magdaleno,,,,VE051602,Ezequiel Zamora,,,,VE0516,Aragua,,,,VE05,Venezuela (República Bolivariana de),,,,VE,2021/02/23,,65.39140555,v01,es,,,,Venezuela (Bolivarian Republic of),No Urbana Magdaleno,10.08459686,-67.63133362,1.29,I,0.0,0,0,0.0
VE051602,EMSR884/AOI11 - Villa de Cura,No Urbana Magdaleno,,,,VE051602,Ezequiel Zamora,,,,VE0516,Aragua,,,,VE05,Venezuela (República Bolivariana de),,,,VE,2021/02/23,,65.39140555,v01,es,,,,Venezuela (Bolivarian Republic of),No Urbana Magdaleno,10.08459686,-67.63133362,1.29,II-III,0.0,0,0,0.0
VE051602,EMSR884/AOI11 - Villa de Cura,No Urbana Magdaleno,,,,VE051602,Ezequiel Zamora,,,,VE0516,Aragua,,,,VE05,Venezuela (República Bolivariana de),,,,VE,2021/02/23,,65.39140555,v01,es,,,,Venezuela (Bolivarian Republic of),No Urbana Magdaleno,10.08459686,-67.63133362,1.29,IV,0.0,0,0,0.0
VE051602,EMSR884/AOI11 - Villa de Cura,No Urbana Magdaleno,,,,VE051602,Ezequiel Zamora,,,,VE0516,Aragua,,,,VE05,Venezuela (República Bolivariana de),,,,VE,2021/02/23,,65.39140555,v01,es,,,,Venezuela (Bolivarian Republic of),No Urbana Magdaleno,10.08459686,-67.63133362,1.29,V,0.0,0,0,0.0
VE051602,EMSR884/AOI11 - Villa de Cura,No Urbana Magdaleno,,,,VE051602,Ezequiel Zamora,,,,VE0516,Aragua,,,,VE05,Venezuela (República Bolivariana de),,,,VE,2021/02/23,,65.39140555,v01,es,,,,Venezuela (Bolivarian Republic of),No Urbana Magdaleno,10.08459686,-67.63133362,1.29,VI,60.092,7984,3,20287.0
VE051602,EMSR884/AOI11 - Villa de Cura,No Urbana Magdaleno,,,,VE051602,Ezequiel Zamora,,,,VE0516,Aragua,,,,VE05,Venezuela (República Bolivariana de),,,,VE,2021/02/23,,65.39140555,v01,es,,,,Venezuela (Bolivarian Republic of),No Urbana Magdaleno,10.08459686,-67.63133362,1.29,VII,5.714,344,0,893.0
VE051602,EMSR884/AOI11 - Villa de Cura,No Urbana Magdaleno,,,,VE051602,Ezequiel Zamora,,,,VE0516,Aragua,,,,VE05,Venezuela (República Bolivariana de),,,,VE,2021/02/23,,65.39140555,v01,es,,,,Venezuela (Bolivarian Republic of),No Urbana Magdaleno,10.08459686,-67.63133362,1.29,VIII,0.0,0,0,0.0
VE051602,EMSR884/AOI11 - Villa de Cura,No Urbana Magdaleno,,,,VE051602,Ezequiel Zamora,,,,VE0516,Aragua,,,,VE05,Venezuela (República Bolivariana de),,,,VE,2021/02/23,,65.39140555,v01,es,,,,Venezuela (Bolivarian Republic of),No Urbana Magdaleno,10.08459686,-67.63133362,1.29,IX,0.0,0,0,0.0
VE051602,EMSR884/AOI11 - Villa de Cura,No Urbana Magdaleno,,,,VE051602,Ezequiel Zamora,,,,VE0516,Aragua,,,,VE05,Venezuela (República Bolivariana de),,,,VE,2021/02/23,,65.39140555,v01,es,,,,Venezuela (Bolivarian Republic of),No Urbana Magdaleno,10.08459686,-67.63133362,1.29,X+,0.0,0,0,0.0
VE051603,EMSR884/AOI05 - Santa Cruz; EMSR884/AOI11 - Villa de Cura,No Urbana San Francisco de Asís,,,,VE051603,Ezequiel Zamora,,,,VE0516,Aragua,,,,VE05,Venezuela (República Bolivariana de),,,,VE,2021/02/23,,86.57156767,v01,es,,,,Venezuela (Bolivarian Republic of),No Urbana San Francisco de Asis,10.0688995,-67.5613356,1.2,I,0.0,0,0,0.0
VE051603,EMSR884/AOI05 - Santa Cruz; EMSR884/AOI11 - Villa de Cura,No Urbana San Francisco de Asís,,,,VE051603,Ezequiel Zamora,,,,VE0516,Aragua,,,,VE05,Venezuela (República Bolivariana de),,,,VE,2021/02/23,,86.57156767,v01,es,,,,Venezuela (Bolivarian Republic of),No Urbana San Francisco de Asis,10.0688995,-67.5613356,1.2,II-III,0.0,0,0,0.0
VE051603,EMSR884/AOI05 - Santa Cruz; EMSR884/AOI11 - Villa de Cura,No Urbana San Francisco de Asís,,,,VE051603,Ezequiel Zamora,,,,VE0516,Aragua,,,,VE05,Venezuela (República Bolivariana de),,,,VE,2021/02/23,,86.57156767,v01,es,,,,Venezuela (Bolivarian Republic of),No Urbana San Francisco de Asis,10.0688995,-67.5613356,1.2,IV,0.0,0,0,0.0
VE051603,EMSR884/AOI05 - Santa Cruz; EMSR884/AOI11 - Villa de Cura,No Urbana San Francisco de Asís,,,,VE051603,Ezequiel Zamora,,,,VE0516,Aragua,,,,VE05,Venezuela (República Bolivariana de),,,,VE,2021/02/23,,86.57156767,v01,es,,,,Venezuela (Bolivarian Republic of),No Urbana San Francisco de Asis,10.0688995,-67.5613356,1.2,V,0.0,0,0,0.0
VE051603,EMSR884/AOI05 - Santa Cruz; EMSR884/AOI11 - Villa de Cura,No Urbana San Francisco de Asís,,,,VE051603,Ezequiel Zamora,,,,VE0516,Aragua,,,,VE05,Venezuela (República Bolivariana de),,,,VE,2021/02/23,,86.57156767,v01,es,,,,Venezuela (Bolivarian Republic of),No Urbana San Francisco de Asis,10.0688995,-67.5613356,1.2,VI,83.477,8055,0,14328.0
VE051603,EMSR884/AOI05 - Santa Cruz; EMSR884/AOI11 - Villa de Cura,No Urbana San Francisco de Asís,,,,VE051603,Ezequiel Zamora,,,,VE0516,Aragua,,,,VE05,Venezuela (República Bolivariana de),,,,VE,2021/02/23,,86.57156767,v01,es,,,,Venezuela (Bolivarian Republic of),No Urbana San Francisco de Asis,10.0688995,-67.5613356,1.2,VII,3.644,35,0,152.0
VE051603,EMSR884/AOI05 - Santa Cruz; EMSR884/AOI11 - Villa de Cura,No Urbana San Francisco de Asís,,,,VE051603,Ezequiel Zamora,,,,VE0516,Aragua,,,,VE05,Venezuela (República Bolivariana de),,,,VE,2021/02/23,,86.57156767,v01,es,,,,Venezuela (Bolivarian Republic of),No Urbana San Francisco de Asis,10.0688995,-67.5613356,1.2,VIII,0.0,0,0,0.0
VE051603,EMSR884/AOI05 - Santa Cruz; EMSR884/AOI11 - Villa de Cura,No Urbana San Francisco de Asís,,,,VE051603,Ezequiel Zamora,,,,VE0516,Aragua,,,,VE05,Venezuela (República Bolivariana de),,,,VE,2021/02/23,,86.57156767,v01,es,,,,Venezuela (Bolivarian Republic of),No Urbana San Francisco de Asis,10.0688995,-67.5613356,1.2,IX,0.0,0,0,0.0
VE051603,EMSR884/AOI05 - Santa Cruz; EMSR884/AOI11 - Villa de Cura,No Urbana San Francisco de Asís,,,,VE051603,Ezequiel Zamora,,,,VE0516,Aragua,,,,VE05,Venezuela (República Bolivariana de),,,,VE,2021/02/23,,86.57156767,v01,es,,,,Venezuela (Bolivarian Republic of),No Urbana San Francisco de Asis,10.0688995,-67.5613356,1.2,X+,0.0,0,0,0.0
VE051604,EMSR884/AOI11 - Villa de Cura,No Urbana Valles de Tucutunemo,,,,VE051604,Ezequiel Zamora,,,,VE0516,Aragua,,,,VE05,Venezuela (República Bolivariana de),,,,VE,2021/02/23,,99.79646067,v01,es,,,,Venezuela (Bolivarian Republic of),No Urbana Valles de Tucutunemo,10.0875035,-67.38341013,0.8,I,0.0,0,0,0.0
VE051604,EMSR884/AOI11 - Villa de Cura,No Urbana Valles de Tucutunemo,,,,VE051604,Ezequiel Zamora,,,,VE0516,Aragua,,,,VE05,Venezuela (República Bolivariana de),,,,VE,2021/02/23,,99.79646067,v01,es,,,,Venezuela (Bolivarian Republic of),No Urbana Valles de Tucutunemo,10.0875035,-67.38341013,0.8,II-III,0.0,0,0,0.0
VE051604,EMSR884/AOI11 - Villa de Cura,No Urbana Valles de Tucutunemo,,,,VE051604,Ezequiel Zamora,,,,VE0516,Aragua,,,,VE05,Venezuela (República Bolivariana de),,,,VE,2021/02/23,,99.79646067,v01,es,,,,Venezuela (Bolivarian Republic of),No Urbana Valles de Tucutunemo,10.0875035,-67.38341013,0.8,IV,0.0,0,0,0.0
VE051604,EMSR884/AOI11 - Villa de Cura,No Urbana Valles de Tucutunemo,,,,VE051604,Ezequiel Zamora,,,,VE0516,Aragua,,,,VE05,Venezuela (República Bolivariana de),,,,VE,2021/02/23,,99.79646067,v01,es,,,,Venezuela (Bolivarian Republic of),No Urbana Valles de Tucutunemo,10.0875035,-67.38341013,0.8,V,12.201,63,0,58.0
VE051604,EMSR884/AOI11 - Villa de Cura,No Urbana Valles de Tucutunemo,,,,VE051604,Ezequiel Zamora,,,,VE0516,Aragua,,,,VE05,Venezuela (República Bolivariana de),,,,VE,2021/02/23,,99.79646067,v01,es,,,,Venezuela (Bolivarian Republic of),No Urbana Valles de Tucutunemo,10.0875035,-67.38341013,0.8,VI,88.227,5247,1,8051.0
VE051604,EMSR884/AOI11 - Villa de Cura,No Urbana Valles de Tucutunemo,,,,VE051604,Ezequiel Zamora,,,,VE0516,Aragua,,,,VE05,Venezuela (República Bolivariana de),,,,VE,2021/02/23,,99.79646067,v01,es,,,,Venezuela (Bolivarian Republic of),No Urbana Valles de Tucutunemo,10.0875035,-67.38341013,0.8,VII,0.0,0,0,0.0
VE051604,EMSR884/AOI11 - Villa de Cura,No Urbana Valles de Tucutunemo,,,,VE051604,Ezequiel Zamora,,,,VE0516,Aragua,,,,VE05,Venezuela (República Bolivariana de),,,,VE,2021/02/23,,99.79646067,v01,es,,,,Venezuela (Bolivarian Republic of),No Urbana Valles de Tucutunemo,10.0875035,-67.38341013,0.8,VIII,0.0,0,0,0.0
VE051604,EMSR884/AOI11 - Villa de Cura,No Urbana Valles de Tucutunemo,,,,VE051604,Ezequiel Zamora,,,,VE0516,Aragua,,,,VE05,Venezuela (República Bolivariana de),,,,VE,2021/02/23,,99.79646067,v01,es,,,,Venezuela (Bolivarian Republic of),No Urbana Valles de Tucutunemo,10.0875035,-67.38341013,0.8,IX,0.0,0,0,0.0
VE051604,EMSR884/AOI11 - Villa de Cura,No Urbana Valles de Tucutunemo,,,,VE051604,Ezequiel Zamora,,,,VE0516,Aragua,,,,VE05,Venezuela (República Bolivariana de),,,,VE,2021/02/23,,99.79646067,v01,es,,,,Venezuela (Bolivarian Republic of),No Urbana Valles de Tucutunemo,10.0875035,-67.38341013,0.8,X+,0.0,0,0,0.0
VE051605,EMSR884/AOI11 - Villa de Cura,No Urbana Augusto Mijares,,,,VE051605,Ezequiel Zamora,,,,VE0516,Aragua,,,,VE05,Venezuela (República Bolivariana de),,,,VE,2021/02/23,,63.19658908,v01,es,,,,Venezuela (Bolivarian Republic of),No Urbana Augusto Mijares,10.0743275,-67.59240826,0.38,I,0.0,0,0,0.0
VE051605,EMSR884/AOI11 - Villa de Cura,No Urbana Augusto Mijares,,,,VE051605,Ezequiel Zamora,,,,VE0516,Aragua,,,,VE05,Venezuela (República Bolivariana de),,,,VE,2021/02/23,,63.19658908,v01,es,,,,Venezuela (Bolivarian Republic of),No Urbana Augusto Mijares,10.0743275,-67.59240826,0.38,II-III,0.0,0,0,0.0
VE051605,EMSR884/AOI11 - Villa de Cura,No Urbana Augusto Mijares,,,,VE051605,Ezequiel Zamora,,,,VE0516,Aragua,,,,VE05,Venezuela (República Bolivariana de),,,,VE,2021/02/23,,63.19658908,v01,es,,,,Venezuela (Bolivarian Republic of),No Urbana Augusto Mijares,10.0743275,-67.59240826,0.38,IV,0.0,0,0,0.0
VE051605,EMSR884/AOI11 - Villa de Cura,No Urbana Augusto Mijares,,,,VE051605,Ezequiel Zamora,,,,VE0516,Aragua,,,,VE05,Venezuela (República Bolivariana de),,,,VE,2021/02/23,,63.19658908,v01,es,,,,Venezuela (Bolivarian Republic of),No Urbana Augusto Mijares,10.0743275,-67.59240826,0.38,V,0.089,0,0,0.0
VE051605,EMSR884/AOI11 - Villa de Cura,No Urbana Augusto Mijares,,,,VE051605,Ezequiel Zamora,,,,VE0516,Aragua,,,,VE05,Venezuela (República Bolivariana de),,,,VE,2021/02/23,,63.19658908,v01,es,,,,Venezuela (Bolivarian Republic of),No Urbana Augusto Mijares,10.0743275,-67.59240826,0.38,VI,52.287,2547,0,3225.0
VE051605,EMSR884/AOI11 - Villa de Cura,No Urbana Augusto Mijares,,,,VE051605,Ezequiel Zamora,,,,VE0516,Aragua,,,,VE05,Venezuela (República Bolivariana de),,,,VE,2021/02/23,,63.19658908,v01,es,,,,Venezuela (Bolivarian Republic of),No Urbana Augusto Mijares,10.0743275,-67.59240826,0.38,VII,11.218,162,0,586.0
VE051605,EMSR884/AOI11 - Villa de Cura,No Urbana Augusto Mijares,,,,VE051605,Ezequiel Zamora,,,,VE0516,Aragua,,,,VE05,Venezuela (República Bolivariana de),,,,VE,2021/02/23,,63.19658908,v01,es,,,,Venezuela (Bolivarian Republic of),No Urbana Augusto Mijares,10.0743275,-67.59240826,0.38,VIII,0.0,0,0,0.0
VE051605,EMSR884/AOI11 - Villa de Cura,No Urbana Augusto Mijares,,,,VE051605,Ezequiel Zamora,,,,VE0516,Aragua,,,,VE05,Venezuela (República Bolivariana de),,,,VE,2021/02/23,,63.19658908,v01,es,,,,Venezuela (Bolivarian Republic of),No Urbana Augusto Mijares,10.0743275,-67.59240826,0.38,IX,0.0,0,0,0.0
VE051605,EMSR884/AOI11 - Villa de Cura,No Urbana Augusto Mijares,,,,VE051605,Ezequiel Zamora,,,,VE0516,Aragua,,,,VE05,Venezuela (República Bolivariana de),,,,VE,2021/02/23,,63.19658908,v01,es,,,,Venezuela (Bolivarian Republic of),No Urbana Augusto Mijares,10.0743275,-67.59240826,0.38,X+,0.0,0,0,0.0
VE051701,EMSR884/AOI04 - Maracay; EMSR884/AOI05 - Santa Cruz,Francisco Linares Alcántara,,,,VE051701,Francisco Linares Alcántara,,,,VE0517,Aragua,,,,VE05,Venezuela (República Bolivariana de),,,,VE,2021/02/23,,19.8497824,v01,es,,,,Venezuela (Bolivarian Republic of),Francisco Linares Alcantara,10.2013085,-67.51455174,2.97,I,0.0,0,0,0.0
VE051701,EMSR884/AOI04 - Maracay; EMSR884/AOI05 - Santa Cruz,Francisco Linares Alcántara,,,,VE051701,Francisco Linares Alcántara,,,,VE0517,Aragua,,,,VE05,Venezuela (República Bolivariana de),,,,VE,2021/02/23,,19.8497824,v01,es,,,,Venezuela (Bolivarian Republic of),Francisco Linares Alcantara,10.2013085,-67.51455174,2.97,II-III,0.0,0,0,0.0
VE051701,EMSR884/AOI04 - Maracay; EMSR884/AOI05 - Santa Cruz,Francisco Linares Alcántara,,,,VE051701,Francisco Linares Alcántara,,,,VE0517,Aragua,,,,VE05,Venezuela (República Bolivariana de),,,,VE,2021/02/23,,19.8497824,v01,es,,,,Venezuela (Bolivarian Republic of),Francisco Linares Alcantara,10.2013085,-67.51455174,2.97,IV,0.0,0,0,0.0
VE051701,EMSR884/AOI04 - Maracay; EMSR884/AOI05 - Santa Cruz,Francisco Linares Alcántara,,,,VE051701,Francisco Linares Alcántara,,,,VE0517,Aragua,,,,VE05,Venezuela (República Bolivariana de),,,,VE,2021/02/23,,19.8497824,v01,es,,,,Venezuela (Bolivarian Republic of),Francisco Linares Alcantara,10.2013085,-67.51455174,2.97,V,0.0,0,0,0.0
VE051701,EMSR884/AOI04 - Maracay; EMSR884/AOI05 - Santa Cruz,Francisco Linares Alcántara,,,,VE051701,Francisco Linares Alcántara,,,,VE0517,Aragua,,,,VE05,Venezuela (República Bolivariana de),,,,VE,2021/02/23,,19.8497824,v01,es,,,,Venezuela (Bolivarian Republic of),Francisco Linares Alcantara,10.2013085,-67.51455174,2.97,VI,0.0,0,0,0.0
VE051701,EMSR884/AOI04 - Maracay; EMSR884/AOI05 - Santa Cruz,Francisco Linares Alcántara,,,,VE051701,Francisco Linares Alcántara,,,,VE0517,Aragua,,,,VE05,Venezuela (República Bolivariana de),,,,VE,2021/02/23,,19.8497824,v01,es,,,,Venezuela (Bolivarian Republic of),Francisco Linares Alcantara,10.2013085,-67.51455174,2.97,VII,19.975,23582,35,66577.0
VE051701,EMSR884/AOI04 - Maracay; EMSR884/AOI05 - Santa Cruz,Francisco Linares Alcántara,,,,VE051701,Francisco Linares Alcántara,,,,VE0517,Aragua,,,,VE05,Venezuela (República Bolivariana de),,,,VE,2021/02/23,,19.8497824,v01,es,,,,Venezuela (Bolivarian Republic of),Francisco Linares Alcantara,10.2013085,-67.51455174,2.97,VIII,0.0,0,0,0.0
VE051701,EMSR884/AOI04 - Maracay; EMSR884/AOI05 - Santa Cruz,Francisco Linares Alcántara,,,,VE051701,Francisco Linares Alcántara,,,,VE0517,Aragua,,,,VE05,Venezuela (República Bolivariana de),,,,VE,2021/02/23,,19.8497824,v01,es,,,,Venezuela (Bolivarian Republic of),Francisco Linares Alcantara,10.2013085,-67.51455174,2.97,IX,0.0,0,0,0.0
VE051701,EMSR884/AOI04 - Maracay; EMSR884/AOI05 - Santa Cruz,Francisco Linares Alcántara,,,,VE051701,Francisco Linares Alcántara,,,,VE0517,Aragua,,,,VE05,Venezuela (República Bolivariana de),,,,VE,2021/02/23,,19.8497824,v01,es,,,,Venezuela (Bolivarian Republic of),Francisco Linares Alcantara,10.2013085,-67.51455174,2.97,X+,0.0,0,0,0.0
VE051702,EMSR884/AOI05 - Santa Cruz,No Urbana Francisco de Miranda,,,,VE051702,Francisco Linares Alcántara,,,,VE0517,Aragua,,,,VE05,Venezuela (República Bolivariana de),,,,VE,2021/02/23,,1.63769787,v01,es,,,,Venezuela (Bolivarian Republic of),No Urbana Francisco de Miranda,10.2034385,-67.57508114,0.65,I,0.0,0,0,0.0
VE051702,EMSR884/AOI05 - Santa Cruz,No Urbana Francisco de Miranda,,,,VE051702,Francisco Linares Alcántara,,,,VE0517,Aragua,,,,VE05,Venezuela (República Bolivariana de),,,,VE,2021/02/23,,1.63769787,v01,es,,,,Venezuela (Bolivarian Republic of),No Urbana Francisco de Miranda,10.2034385,-67.57508114,0.65,II-III,0.0,0,0,0.0
VE051702,EMSR884/AOI05 - Santa Cruz,No Urbana Francisco de Miranda,,,,VE051702,Francisco Linares Alcántara,,,,VE0517,Aragua,,,,VE05,Venezuela (República Bolivariana de),,,,VE,2021/02/23,,1.63769787,v01,es,,,,Venezuela (Bolivarian Republic of),No Urbana Francisco de Miranda,10.2034385,-67.57508114,0.65,IV,0.0,0,0,0.0
VE051702,EMSR884/AOI05 - Santa Cruz,No Urbana Francisco de Miranda,,,,VE051702,Francisco Linares Alcántara,,,,VE0517,Aragua,,,,VE05,Venezuela (República Bolivariana de),,,,VE,2021/02/23,,1.63769787,v01,es,,,,Venezuela (Bolivarian Republic of),No Urbana Francisco de Miranda,10.2034385,-67.57508114,0.65,V,0.0,0,0,0.0
VE051702,EMSR884/AOI05 - Santa Cruz,No Urbana Francisco de Miranda,,,,VE051702,Francisco Linares Alcántara,,,,VE0517,Aragua,,,,VE05,Venezuela (República Bolivariana de),,,,VE,2021/02/23,,1.63769787,v01,es,,,,Venezuela (Bolivarian Republic of),No Urbana Francisco de Miranda,10.2034385,-67.57508114,0.65,VI,0.0,0,0,0.0
VE051702,EMSR884/AOI05 - Santa Cruz,No Urbana Francisco de Miranda,,,,VE051702,Francisco Linares Alcántara,,,,VE0517,Aragua,,,,VE05,Venezuela (República Bolivariana de),,,,VE,2021/02/23,,1.63769787,v01,es,,,,Venezuela (Bolivarian Republic of),No Urbana Francisco de Miranda,10.2034385,-67.57508114,0.65,VII,1.648,5570,0,15213.0
VE051702,EMSR884/AOI05 - Santa Cruz,No Urbana Francisco de Miranda,,,,VE051702,Francisco Linares Alcántara,,,,VE0517,Aragua,,,,VE05,Venezuela (República Bolivariana de),,,,VE,2021/02/23,,1.63769787,v01,es,,,,Venezuela (Bolivarian Republic of),No Urbana Francisco de Miranda,10.2034385,-67.57508114,0.65,VIII,0.0,0,0,0.0
VE051702,EMSR884/AOI05 - Santa Cruz,No Urbana Francisco de Miranda,,,,VE051702,Francisco Linares Alcántara,,,,VE0517,Aragua,,,,VE05,Venezuela (República Bolivariana de),,,,VE,2021/02/23,,1.63769787,v01,es,,,,Venezuela (Bolivarian Republic of),No Urbana Francisco de Miranda,10.2034385,-67.57508114,0.65,IX,0.0,0,0,0.0
VE051702,EMSR884/AOI05 - Santa Cruz,No Urbana Francisco de Miranda,,,,VE051702,Francisco Linares Alcántara,,,,VE0517,Aragua,,,,VE05,Venezuela (República Bolivariana de),,,,VE,2021/02/23,,1.63769787,v01,es,,,,Venezuela (Bolivarian Republic of),No Urbana Francisco de Miranda,10.2034385,-67.57508114,0.65,X+,0.0,0,0,0.0
VE051703,EMSR884/AOI05 - Santa Cruz,No Urbana Monseñor Feliciano González,,,,VE051703,Francisco Linares Alcántara,,,,VE0517,Aragua,,,,VE05,Venezuela (República Bolivariana de),,,,VE,2021/02/23,,1.28769434,v01,es,,,,Venezuela (Bolivarian Republic of),No Urbana Monsenor Feliciano Gonzalez,10.201277,-67.59214029,0.22,I,0.0,0,0,0.0
VE051703,EMSR884/AOI05 - Santa Cruz,No Urbana Monseñor Feliciano González,,,,VE051703,Francisco Linares Alcántara,,,,VE0517,Aragua,,,,VE05,Venezuela (República Bolivariana de),,,,VE,2021/02/23,,1.28769434,v01,es,,,,Venezuela (Bolivarian Republic of),No Urbana Monsenor Feliciano Gonzalez,10.201277,-67.59214029,0.22,II-III,0.0,0,0,0.0
VE051703,EMSR884/AOI05 - Santa Cruz,No Urbana Monseñor Feliciano González,,,,VE051703,Francisco Linares Alcántara,,,,VE0517,Aragua,,,,VE05,Venezuela (República Bolivariana de),,,,VE,2021/02/23,,1.28769434,v01,es,,,,Venezuela (Bolivarian Republic of),No Urbana Monsenor Feliciano Gonzalez,10.201277,-67.59214029,0.22,IV,0.0,0,0,0.0
VE051703,EMSR884/AOI05 - Santa Cruz,No Urbana Monseñor Feliciano González,,,,VE051703,Francisco Linares Alcántara,,,,VE0517,Aragua,,,,VE05,Venezuela (República Bolivariana de),,,,VE,2021/02/23,,1.28769434,v01,es,,,,Venezuela (Bolivarian Republic of),No Urbana Monsenor Feliciano Gonzalez,10.201277,-67.59214029,0.22,V,0.0,0,0,0.0
VE051703,EMSR884/AOI05 - Santa Cruz,No Urbana Monseñor Feliciano González,,,,VE051703,Francisco Linares Alcántara,,,,VE0517,Aragua,,,,VE05,Venezuela (República Bolivariana de),,,,VE,2021/02/23,,1.28769434,v01,es,,,,Venezuela (Bolivarian Republic of),No Urbana Monsenor Feliciano Gonzalez,10.201277,-67.59214029,0.22,VI,0.0,0,0,0.0
VE051703,EMSR884/AOI05 - Santa Cruz,No Urbana Monseñor Feliciano González,,,,VE051703,Francisco Linares Alcántara,,,,VE0517,Aragua,,,,VE05,Venezuela (República Bolivariana de),,,,VE,2021/02/23,,1.28769434,v01,es,,,,Venezuela (Bolivarian Republic of),No Urbana Monsenor Feliciano Gonzalez,10.201277,-67.59214029,0.22,VII,1.296,1638,0,5205.0
VE051703,EMSR884/AOI05 - Santa Cruz,No Urbana Monseñor Feliciano González,,,,VE051703,Francisco Linares Alcántara,,,,VE0517,Aragua,,,,VE05,Venezuela (República Bolivariana de),,,,VE,2021/02/23,,1.28769434,v01,es,,,,Venezuela (Bolivarian Republic of),No Urbana Monsenor Feliciano Gonzalez,10.201277,-67.59214029,0.22,VIII,0.0,0,0,0.0
VE051703,EMSR884/AOI05 - Santa Cruz,No Urbana Monseñor Feliciano González,,,,VE051703,Francisco Linares Alcántara,,,,VE0517,Aragua,,,,VE05,Venezuela (República Bolivariana de),,,,VE,2021/02/23,,1.28769434,v01,es,,,,Venezuela (Bolivarian Republic of),No Urbana Monsenor Feliciano Gonzalez,10.201277,-67.59214029,0.22,IX,0.0,0,0,0.0
VE051703,EMSR884/AOI05 - Santa Cruz,No Urbana Monseñor Feliciano González,,,,VE051703,Francisco Linares Alcántara,,,,VE0517,Aragua,,,,VE05,Venezuela (República Bolivariana de),,,,VE,2021/02/23,,1.28769434,v01,es,,,,Venezuela (Bolivarian Republic of),No Urbana Monsenor Feliciano Gonzalez,10.201277,-67.59214029,0.22,X+,0.0,0,0,0.0
VE080301,EMSR884/AOI04 - Maracay,Urbana Aguas Calientes,,,,VE080301,Diego Ibarra,,,,VE0803,Carabobo,,,,VE08,Venezuela (República Bolivariana de),,,,VE,2021/02/23,,37.00603311,v01,es,,,,Venezuela (Bolivarian Republic of),Urbana Aguas Calientes,10.28892554,-67.6713815,1.63,I,0.0,0,0,0.0
VE080301,EMSR884/AOI04 - Maracay,Urbana Aguas Calientes,,,,VE080301,Diego Ibarra,,,,VE0803,Carabobo,,,,VE08,Venezuela (República Bolivariana de),,,,VE,2021/02/23,,37.00603311,v01,es,,,,Venezuela (Bolivarian Republic of),Urbana Aguas Calientes,10.28892554,-67.6713815,1.63,II-III,0.0,0,0,0.0
VE080301,EMSR884/AOI04 - Maracay,Urbana Aguas Calientes,,,,VE080301,Diego Ibarra,,,,VE0803,Carabobo,,,,VE08,Venezuela (República Bolivariana de),,,,VE,2021/02/23,,37.00603311,v01,es,,,,Venezuela (Bolivarian Republic of),Urbana Aguas Calientes,10.28892554,-67.6713815,1.63,IV,0.0,0,0,0.0
VE080301,EMSR884/AOI04 - Maracay,Urbana Aguas Calientes,,,,VE080301,Diego Ibarra,,,,VE0803,Carabobo,,,,VE08,Venezuela (República Bolivariana de),,,,VE,2021/02/23,,37.00603311,v01,es,,,,Venezuela (Bolivarian Republic of),Urbana Aguas Calientes,10.28892554,-67.6713815,1.63,V,0.0,0,0,0.0
VE080301,EMSR884/AOI04 - Maracay,Urbana Aguas Calientes,,,,VE080301,Diego Ibarra,,,,VE0803,Carabobo,,,,VE08,Venezuela (República Bolivariana de),,,,VE,2021/02/23,,37.00603311,v01,es,,,,Venezuela (Bolivarian Republic of),Urbana Aguas Calientes,10.28892554,-67.6713815,1.63,VI,7.621,4,0,14.0
VE080301,EMSR884/AOI04 - Maracay,Urbana Aguas Calientes,,,,VE080301,Diego Ibarra,,,,VE0803,Carabobo,,,,VE08,Venezuela (República Bolivariana de),,,,VE,2021/02/23,,37.00603311,v01,es,,,,Venezuela (Bolivarian Republic of),Urbana Aguas Calientes,10.28892554,-67.6713815,1.63,VII,29.619,10925,3,27868.0
VE080301,EMSR884/AOI04 - Maracay,Urbana Aguas Calientes,,,,VE080301,Diego Ibarra,,,,VE0803,Carabobo,,,,VE08,Venezuela (República Bolivariana de),,,,VE,2021/02/23,,37.00603311,v01,es,,,,Venezuela (Bolivarian Republic of),Urbana Aguas Calientes,10.28892554,-67.6713815,1.63,VIII,0.0,0,0,0.0
VE080301,EMSR884/AOI04 - Maracay,Urbana Aguas Calientes,,,,VE080301,Diego Ibarra,,,,VE0803,Carabobo,,,,VE08,Venezuela (República Bolivariana de),,,,VE,2021/02/23,,37.00603311,v01,es,,,,Venezuela (Bolivarian Republic of),Urbana Aguas Calientes,10.28892554,-67.6713815,1.63,IX,0.0,0,0,0.0
VE080301,EMSR884/AOI04 - Maracay,Urbana Aguas Calientes,,,,VE080301,Diego Ibarra,,,,VE0803,Carabobo,,,,VE08,Venezuela (República Bolivariana de),,,,VE,2021/02/23,,37.00603311,v01,es,,,,Venezuela (Bolivarian Republic of),Urbana Aguas Calientes,10.28892554,-67.6713815,1.63,X+,0.0,0,0,0.0
VE080302,EMSR884/AOI04 - Maracay,Urbana Mariara,,,,VE080302,Diego Ibarra,,,,VE0803,Carabobo,,,,VE08,Venezuela (República Bolivariana de),,,,VE,2021/02/23,,43.00862786,v01,es,,,,Venezuela (Bolivarian Republic of),Urbana Mariara,10.3012595,-67.71609155,3.31,I,0.0,0,0,0.0
VE080302,EMSR884/AOI04 - Maracay,Urbana Mariara,,,,VE080302,Diego Ibarra,,,,VE0803,Carabobo,,,,VE08,Venezuela (República Bolivariana de),,,,VE,2021/02/23,,43.00862786,v01,es,,,,Venezuela (Bolivarian Republic of),Urbana Mariara,10.3012595,-67.71609155,3.31,II-III,0.0,0,0,0.0
VE080302,EMSR884/AOI04 - Maracay,Urbana Mariara,,,,VE080302,Diego Ibarra,,,,VE0803,Carabobo,,,,VE08,Venezuela (República Bolivariana de),,,,VE,2021/02/23,,43.00862786,v01,es,,,,Venezuela (Bolivarian Republic of),Urbana Mariara,10.3012595,-67.71609155,3.31,IV,0.0,0,0,0.0
VE080302,EMSR884/AOI04 - Maracay,Urbana Mariara,,,,VE080302,Diego Ibarra,,,,VE0803,Carabobo,,,,VE08,Venezuela (República Bolivariana de),,,,VE,2021/02/23,,43.00862786,v01,es,,,,Venezuela (Bolivarian Republic of),Urbana Mariara,10.3012595,-67.71609155,3.31,V,0.0,0,0,0.0
VE080302,EMSR884/AOI04 - Maracay,Urbana Mariara,,,,VE080302,Diego Ibarra,,,,VE0803,Carabobo,,,,VE08,Venezuela (República Bolivariana de),,,,VE,2021/02/23,,43.00862786,v01,es,,,,Venezuela (Bolivarian Republic of),Urbana Mariara,10.3012595,-67.71609155,3.31,VI,20.499,2549,75,7849.0
VE080302,EMSR884/AOI04 - Maracay,Urbana Mariara,,,,VE080302,Diego Ibarra,,,,VE0803,Carabobo,,,,VE08,Venezuela (República Bolivariana de),,,,VE,2021/02/23,,43.00862786,v01,es,,,,Venezuela (Bolivarian Republic of),Urbana Mariara,10.3012595,-67.71609155,3.31,VII,22.78,18952,35,60517.0
VE080302,EMSR884/AOI04 - Maracay,Urbana Mariara,,,,VE080302,Diego Ibarra,,,,VE0803,Carabobo,,,,VE08,Venezuela (República Bolivariana de),,,,VE,2021/02/23,,43.00862786,v01,es,,,,Venezuela (Bolivarian Republic of),Urbana Mariara,10.3012595,-67.71609155,3.31,VIII,0.0,0,0,0.0
VE080302,EMSR884/AOI04 - Maracay,Urbana Mariara,,,,VE080302,Diego Ibarra,,,,VE0803,Carabobo,,,,VE08,Venezuela (República Bolivariana de),,,,VE,2021/02/23,,43.00862786,v01,es,,,,Venezuela (Bolivarian Republic of),Urbana Mariara,10.3012595,-67.71609155,3.31,IX,0.0,0,0,0.0
VE080302,EMSR884/AOI04 - Maracay,Urbana Mariara,,,,VE080302,Diego Ibarra,,,,VE0803,Carabobo,,,,VE08,Venezuela (República Bolivariana de),,,,VE,2021/02/23,,43.00862786,v01,es,,,,Venezuela (Bolivarian Republic of),Urbana Mariara,10.3012595,-67.71609155,3.31,X+,0.0,0,0,0.0
VE080401,EMSR884/AOI10 - Guacara,Urbana Ciudad Alianza,,,,VE080401,Guacara,,,,VE0804,Carabobo,,,,VE08,Venezuela (República Bolivariana de),,,,VE,2021/02/23,,12.16436052,v01,es,,,,Venezuela (Bolivarian Republic of),Urbana Ciudad Alianza,10.189684,-67.89345518,2.15,I,0.0,0,0,0.0
VE080401,EMSR884/AOI10 - Guacara,Urbana Ciudad Alianza,,,,VE080401,Guacara,,,,VE0804,Carabobo,,,,VE08,Venezuela (República Bolivariana de),,,,VE,2021/02/23,,12.16436052,v01,es,,,,Venezuela (Bolivarian Republic of),Urbana Ciudad Alianza,10.189684,-67.89345518,2.15,II-III,0.0,0,0,0.0
VE080401,EMSR884/AOI10 - Guacara,Urbana Ciudad Alianza,,,,VE080401,Guacara,,,,VE0804,Carabobo,,,,VE08,Venezuela (República Bolivariana de),,,,VE,2021/02/23,,12.16436052,v01,es,,,,Venezuela (Bolivarian Republic of),Urbana Ciudad Alianza,10.189684,-67.89345518,2.15,IV,0.0,0,0,0.0
VE080401,EMSR884/AOI10 - Guacara,Urbana Ciudad Alianza,,,,VE080401,Guacara,,,,VE0804,Carabobo,,,,VE08,Venezuela (República Bolivariana de),,,,VE,2021/02/23,,12.16436052,v01,es,,,,Venezuela (Bolivarian Republic of),Urbana Ciudad Alianza,10.189684,-67.89345518,2.15,V,0.0,0,0,0.0
VE080401,EMSR884/AOI10 - Guacara,Urbana Ciudad Alianza,,,,VE080401,Guacara,,,,VE0804,Carabobo,,,,VE08,Venezuela (República Bolivariana de),,,,VE,2021/02/23,,12.16436052,v01,es,,,,Venezuela (Bolivarian Republic of),Urbana Ciudad Alianza,10.189684,-67.89345518,2.15,VI,0.788,0,0,0.0
VE080401,EMSR884/AOI10 - Guacara,Urbana Ciudad Alianza,,,,VE080401,Guacara,,,,VE0804,Carabobo,,,,VE08,Venezuela (República Bolivariana de),,,,VE,2021/02/23,,12.16436052,v01,es,,,,Venezuela (Bolivarian Republic of),Urbana Ciudad Alianza,10.189684,-67.89345518,2.15,VII,11.453,8766,118,31882.0
VE080401,EMSR884/AOI10 - Guacara,Urbana Ciudad Alianza,,,,VE080401,Guacara,,,,VE0804,Carabobo,,,,VE08,Venezuela (República Bolivariana de),,,,VE,2021/02/23,,12.16436052,v01,es,,,,Venezuela (Bolivarian Republic of),Urbana Ciudad Alianza,10.189684,-67.89345518,2.15,VIII,0.0,0,0,0.0
VE080401,EMSR884/AOI10 - Guacara,Urbana Ciudad Alianza,,,,VE080401,Guacara,,,,VE0804,Carabobo,,,,VE08,Venezuela (República Bolivariana de),,,,VE,2021/02/23,,12.16436052,v01,es,,,,Venezuela (Bolivarian Republic of),Urbana Ciudad Alianza,10.189684,-67.89345518,2.15,IX,0.0,0,0,0.0
VE080401,EMSR884/AOI10 - Guacara,Urbana Ciudad Alianza,,,,VE080401,Guacara,,,,VE0804,Carabobo,,,,VE08,Venezuela (República Bolivariana de),,,,VE,2021/02/23,,12.16436052,v01,es,,,,Venezuela (Bolivarian Republic of),Urbana Ciudad Alianza,10.189684,-67.89345518,2.15,X+,0.0,0,0,0.0
VE080402,EMSR884/AOI10 - Guacara,Urbana Guacara,,,,VE080402,Guacara,,,,VE0804,Carabobo,,,,VE08,Venezuela (República Bolivariana de),,,,VE,2021/02/23,,132.11196281,v01,es,,,,Venezuela (Bolivarian Republic of),Urbana Guacara,10.2653985,-67.87714457,9.0,I,0.0,0,0,0.0
VE080402,EMSR884/AOI10 - Guacara,Urbana Guacara,,,,VE080402,Guacara,,,,VE0804,Carabobo,,,,VE08,Venezuela (República Bolivariana de),,,,VE,2021/02/23,,132.11196281,v01,es,,,,Venezuela (Bolivarian Republic of),Urbana Guacara,10.2653985,-67.87714457,9.0,II-III,0.0,0,0,0.0
VE080402,EMSR884/AOI10 - Guacara,Urbana Guacara,,,,VE080402,Guacara,,,,VE0804,Carabobo,,,,VE08,Venezuela (República Bolivariana de),,,,VE,2021/02/23,,132.11196281,v01,es,,,,Venezuela (Bolivarian Republic of),Urbana Guacara,10.2653985,-67.87714457,9.0,IV,0.0,0,0,0.0
VE080402,EMSR884/AOI10 - Guacara,Urbana Guacara,,,,VE080402,Guacara,,,,VE0804,Carabobo,,,,VE08,Venezuela (República Bolivariana de),,,,VE,2021/02/23,,132.11196281,v01,es,,,,Venezuela (Bolivarian Republic of),Urbana Guacara,10.2653985,-67.87714457,9.0,V,0.0,0,0,0.0
VE080402,EMSR884/AOI10 - Guacara,Urbana Guacara,,,,VE080402,Guacara,,,,VE0804,Carabobo,,,,VE08,Venezuela (República Bolivariana de),,,,VE,2021/02/23,,132.11196281,v01,es,,,,Venezuela (Bolivarian Republic of),Urbana Guacara,10.2653985,-67.87714457,9.0,VI,27.341,54,22,172.0
VE080402,EMSR884/AOI10 - Guacara,Urbana Guacara,,,,VE080402,Guacara,,,,VE0804,Carabobo,,,,VE08,Venezuela (República Bolivariana de),,,,VE,2021/02/23,,132.11196281,v01,es,,,,Venezuela (Bolivarian Republic of),Urbana Guacara,10.2653985,-67.87714457,9.0,VII,105.611,47235,2402,135493.0
VE080402,EMSR884/AOI10 - Guacara,Urbana Guacara,,,,VE080402,Guacara,,,,VE0804,Carabobo,,,,VE08,Venezuela (República Bolivariana de),,,,VE,2021/02/23,,132.11196281,v01,es,,,,Venezuela (Bolivarian Republic of),Urbana Guacara,10.2653985,-67.87714457,9.0,VIII,0.0,0,0,0.0
VE080402,EMSR884/AOI10 - Guacara,Urbana Guacara,,,,VE080402,Guacara,,,,VE0804,Carabobo,,,,VE08,Venezuela (República Bolivariana de),,,,VE,2021/02/23,,132.11196281,v01,es,,,,Venezuela (Bolivarian Republic of),Urbana Guacara,10.2653985,-67.87714457,9.0,IX,0.0,0,0,0.0
VE080402,EMSR884/AOI10 - Guacara,Urbana Guacara,,,,VE080402,Guacara,,,,VE0804,Carabobo,,,,VE08,Venezuela (República Bolivariana de),,,,VE,2021/02/23,,132.11196281,v01,es,,,,Venezuela (Bolivarian Republic of),Urbana Guacara,10.2653985,-67.87714457,9.0,X+,0.0,0,0,0.0
VE080403,EMSR884/AOI09 - Valencia; EMSR884/AOI10 - Guacara,No Urbana Yagua,,,,VE080403,Guacara,,,,VE0804,Carabobo,,,,VE08,Venezuela (República Bolivariana de),,,,VE,2021/02/23,,33.63553819,v01,es,,,,Venezuela (Bolivarian Republic of),No Urbana Yagua,10.2703325,-67.91627132,2.59,I,0.0,0,0,0.0
VE080403,EMSR884/AOI09 - Valencia; EMSR884/AOI10 - Guacara,No Urbana Yagua,,,,VE080403,Guacara,,,,VE0804,Carabobo,,,,VE08,Venezuela (República Bolivariana de),,,,VE,2021/02/23,,33.63553819,v01,es,,,,Venezuela (Bolivarian Republic of),No Urbana Yagua,10.2703325,-67.91627132,2.59,II-III,0.0,0,0,0.0
VE080403,EMSR884/AOI09 - Valencia; EMSR884/AOI10 - Guacara,No Urbana Yagua,,,,VE080403,Guacara,,,,VE0804,Carabobo,,,,VE08,Venezuela (República Bolivariana de),,,,VE,2021/02/23,,33.63553819,v01,es,,,,Venezuela (Bolivarian Republic of),No Urbana Yagua,10.2703325,-67.91627132,2.59,IV,0.0,0,0,0.0
VE080403,EMSR884/AOI09 - Valencia; EMSR884/AOI10 - Guacara,No Urbana Yagua,,,,VE080403,Guacara,,,,VE0804,Carabobo,,,,VE08,Venezuela (República Bolivariana de),,,,VE,2021/02/23,,33.63553819,v01,es,,,,Venezuela (Bolivarian Republic of),No Urbana Yagua,10.2703325,-67.91627132,2.59,V,0.0,0,0,0.0
VE080403,EMSR884/AOI09 - Valencia; EMSR884/AOI10 - Guacara,No Urbana Yagua,,,,VE080403,Guacara,,,,VE0804,Carabobo,,,,VE08,Venezuela (República Bolivariana de),,,,VE,2021/02/23,,33.63553819,v01,es,,,,Venezuela (Bolivarian Republic of),No Urbana Yagua,10.2703325,-67.91627132,2.59,VI,9.109,125,21,317.0
VE080403,EMSR884/AOI09 - Valencia; EMSR884/AOI10 - Guacara,No Urbana Yagua,,,,VE080403,Guacara,,,,VE0804,Carabobo,,,,VE08,Venezuela (República Bolivariana de),,,,VE,2021/02/23,,33.63553819,v01,es,,,,Venezuela (Bolivarian Republic of),No Urbana Yagua,10.2703325,-67.91627132,2.59,VII,24.74,12662,102,31271.0
VE080403,EMSR884/AOI09 - Valencia; EMSR884/AOI10 - Guacara,No Urbana Yagua,,,,VE080403,Guacara,,,,VE0804,Carabobo,,,,VE08,Venezuela (República Bolivariana de),,,,VE,2021/02/23,,33.63553819,v01,es,,,,Venezuela (Bolivarian Republic of),No Urbana Yagua,10.2703325,-67.91627132,2.59,VIII,0.0,0,0,0.0
VE080403,EMSR884/AOI09 - Valencia; EMSR884/AOI10 - Guacara,No Urbana Yagua,,,,VE080403,Guacara,,,,VE0804,Carabobo,,,,VE08,Venezuela (República Bolivariana de),,,,VE,2021/02/23,,33.63553819,v01,es,,,,Venezuela (Bolivarian Republic of),No Urbana Yagua,10.2703325,-67.91627132,2.59,IX,0.0,0,0,0.0
VE080403,EMSR884/AOI09 - Valencia; EMSR884/AOI10 - Guacara,No Urbana Yagua,,,,VE080403,Guacara,,,,VE0804,Carabobo,,,,VE08,Venezuela (República Bolivariana de),,,,VE,2021/02/23,,33.63553819,v01,es,,,,Venezuela (Bolivarian Republic of),No Urbana Yagua,10.2703325,-67.91627132,2.59,X+,0.0,0,0,0.0
VE080501,EMSR884/AOI06 - Moron,Urbana Morón,,,,VE080501,Juan José Mora,,,,VE0805,Carabobo,,,,VE08,Venezuela (República Bolivariana de),,,,VE,2021/02/23,,316.41761415,v01,es,,,,Venezuela (Bolivarian Republic of),Urbana Moron,10.439713,-68.22007201,4.63,I,0.0,0,0,0.0
VE080501,EMSR884/AOI06 - Moron,Urbana Morón,,,,VE080501,Juan José Mora,,,,VE0805,Carabobo,,,,VE08,Venezuela (República Bolivariana de),,,,VE,2021/02/23,,316.41761415,v01,es,,,,Venezuela (Bolivarian Republic of),Urbana Moron,10.439713,-68.22007201,4.63,II-III,0.0,0,0,0.0
VE080501,EMSR884/AOI06 - Moron,Urbana Morón,,,,VE080501,Juan José Mora,,,,VE0805,Carabobo,,,,VE08,Venezuela (República Bolivariana de),,,,VE,2021/02/23,,316.41761415,v01,es,,,,Venezuela (Bolivarian Republic of),Urbana Moron,10.439713,-68.22007201,4.63,IV,0.0,0,0,0.0
VE080501,EMSR884/AOI06 - Moron,Urbana Morón,,,,VE080501,Juan José Mora,,,,VE0805,Carabobo,,,,VE08,Venezuela (República Bolivariana de),,,,VE,2021/02/23,,316.41761415,v01,es,,,,Venezuela (Bolivarian Republic of),Urbana Moron,10.439713,-68.22007201,4.63,V,0.0,0,0,0.0
VE080501,EMSR884/AOI06 - Moron,Urbana Morón,,,,VE080501,Juan José Mora,,,,VE0805,Carabobo,,,,VE08,Venezuela (República Bolivariana de),,,,VE,2021/02/23,,316.41761415,v01,es,,,,Venezuela (Bolivarian Republic of),Urbana Moron,10.439713,-68.22007201,4.63,VI,0.0,0,0,0.0
VE080501,EMSR884/AOI06 - Moron,Urbana Morón,,,,VE080501,Juan José Mora,,,,VE0805,Carabobo,,,,VE08,Venezuela (República Bolivariana de),,,,VE,2021/02/23,,316.41761415,v01,es,,,,Venezuela (Bolivarian Republic of),Urbana Moron,10.439713,-68.22007201,4.63,VII,95.229,7,0,5.0
VE080501,EMSR884/AOI06 - Moron,Urbana Morón,,,,VE080501,Juan José Mora,,,,VE0805,Carabobo,,,,VE08,Venezuela (República Bolivariana de),,,,VE,2021/02/23,,316.41761415,v01,es,,,,Venezuela (Bolivarian Republic of),Urbana Moron,10.439713,-68.22007201,4.63,VIII,139.413,4813,2491,8691.0
VE080501,EMSR884/AOI06 - Moron,Urbana Morón,,,,VE080501,Juan José Mora,,,,VE0805,Carabobo,,,,VE08,Venezuela (República Bolivariana de),,,,VE,2021/02/23,,316.41761415,v01,es,,,,Venezuela (Bolivarian Republic of),Urbana Moron,10.439713,-68.22007201,4.63,IX,83.75,17518,15201,49074.0
VE080501,EMSR884/AOI06 - Moron,Urbana Morón,,,,VE080501,Juan José Mora,,,,VE0805,Carabobo,,,,VE08,Venezuela (República Bolivariana de),,,,VE,2021/02/23,,316.41761415,v01,es,,,,Venezuela (Bolivarian Republic of),Urbana Moron,10.439713,-68.22007201,4.63,X+,0.0,0,0,0.0
VE080601,EMSR884/AOI09 - Valencia,Urbana Tocuyito,,,,VE080601,Libertador,,,,VE0806,Carabobo,,,,VE08,Venezuela (República Bolivariana de),,,,VE,2021/02/23,,209.84304334,v01,es,,,,Venezuela (Bolivarian Republic of),Urbana Tocuyito,10.1140485,-68.12496949,8.76,I,0.0,0,0,0.0
VE080601,EMSR884/AOI09 - Valencia,Urbana Tocuyito,,,,VE080601,Libertador,,,,VE0806,Carabobo,,,,VE08,Venezuela (República Bolivariana de),,,,VE,2021/02/23,,209.84304334,v01,es,,,,Venezuela (Bolivarian Republic of),Urbana Tocuyito,10.1140485,-68.12496949,8.76,II-III,0.0,0,0,0.0
VE080601,EMSR884/AOI09 - Valencia,Urbana Tocuyito,,,,VE080601,Libertador,,,,VE0806,Carabobo,,,,VE08,Venezuela (República Bolivariana de),,,,VE,2021/02/23,,209.84304334,v01,es,,,,Venezuela (Bolivarian Republic of),Urbana Tocuyito,10.1140485,-68.12496949,8.76,IV,0.0,0,0,0.0
VE080601,EMSR884/AOI09 - Valencia,Urbana Tocuyito,,,,VE080601,Libertador,,,,VE0806,Carabobo,,,,VE08,Venezuela (República Bolivariana de),,,,VE,2021/02/23,,209.84304334,v01,es,,,,Venezuela (Bolivarian Republic of),Urbana Tocuyito,10.1140485,-68.12496949,8.76,V,0.0,0,0,0.0
VE080601,EMSR884/AOI09 - Valencia,Urbana Tocuyito,,,,VE080601,Libertador,,,,VE0806,Carabobo,,,,VE08,Venezuela (República Bolivariana de),,,,VE,2021/02/23,,209.84304334,v01,es,,,,Venezuela (Bolivarian Republic of),Urbana Tocuyito,10.1140485,-68.12496949,8.76,VI,169.995,16945,123,30274.0
VE080601,EMSR884/AOI09 - Valencia,Urbana Tocuyito,,,,VE080601,Libertador,,,,VE0806,Carabobo,,,,VE08,Venezuela (República Bolivariana de),,,,VE,2021/02/23,,209.84304334,v01,es,,,,Venezuela (Bolivarian Republic of),Urbana Tocuyito,10.1140485,-68.12496949,8.76,VII,41.175,41013,260,108905.0
VE080601,EMSR884/AOI09 - Valencia,Urbana Tocuyito,,,,VE080601,Libertador,,,,VE0806,Carabobo,,,,VE08,Venezuela (República Bolivariana de),,,,VE,2021/02/23,,209.84304334,v01,es,,,,Venezuela (Bolivarian Republic of),Urbana Tocuyito,10.1140485,-68.12496949,8.76,VIII,0.0,0,0,0.0
VE080601,EMSR884/AOI09 - Valencia,Urbana Tocuyito,,,,VE080601,Libertador,,,,VE0806,Carabobo,,,,VE08,Venezuela (República Bolivariana de),,,,VE,2021/02/23,,209.84304334,v01,es,,,,Venezuela (Bolivarian Republic of),Urbana Tocuyito,10.1140485,-68.12496949,8.76,IX,0.0,0,0,0.0
VE080601,EMSR884/AOI09 - Valencia,Urbana Tocuyito,,,,VE080601,Libertador,,,,VE0806,Carabobo,,,,VE08,Venezuela (República Bolivariana de),,,,VE,2021/02/23,,209.84304334,v01,es,,,,Venezuela (Bolivarian Republic of),Urbana Tocuyito,10.1140485,-68.12496949,8.76,X+,0.0,0,0,0.0
VE080701,EMSR884/AOI09 - Valencia; EMSR884/AOI10 - Guacara,Urbana los Guayos,,,,VE080701,Los Guayos,,,,VE0807,Carabobo,,,,VE08,Venezuela (República Bolivariana de),,,,VE,2021/02/23,,66.49382621,v01,es,,,,Venezuela (Bolivarian Republic of),Urbana los Guayos,10.15180508,-67.89517183,7.23,I,0.0,0,0,0.0
VE080701,EMSR884/AOI09 - Valencia; EMSR884/AOI10 - Guacara,Urbana los Guayos,,,,VE080701,Los Guayos,,,,VE0807,Carabobo,,,,VE08,Venezuela (República Bolivariana de),,,,VE,2021/02/23,,66.49382621,v01,es,,,,Venezuela (Bolivarian Republic of),Urbana los Guayos,10.15180508,-67.89517183,7.23,II-III,0.0,0,0,0.0
VE080701,EMSR884/AOI09 - Valencia; EMSR884/AOI10 - Guacara,Urbana los Guayos,,,,VE080701,Los Guayos,,,,VE0807,Carabobo,,,,VE08,Venezuela (República Bolivariana de),,,,VE,2021/02/23,,66.49382621,v01,es,,,,Venezuela (Bolivarian Republic of),Urbana los Guayos,10.15180508,-67.89517183,7.23,IV,0.0,0,0,0.0
VE080701,EMSR884/AOI09 - Valencia; EMSR884/AOI10 - Guacara,Urbana los Guayos,,,,VE080701,Los Guayos,,,,VE0807,Carabobo,,,,VE08,Venezuela (República Bolivariana de),,,,VE,2021/02/23,,66.49382621,v01,es,,,,Venezuela (Bolivarian Republic of),Urbana los Guayos,10.15180508,-67.89517183,7.23,V,0.0,0,0,0.0
VE080701,EMSR884/AOI09 - Valencia; EMSR884/AOI10 - Guacara,Urbana los Guayos,,,,VE080701,Los Guayos,,,,VE0807,Carabobo,,,,VE08,Venezuela (República Bolivariana de),,,,VE,2021/02/23,,66.49382621,v01,es,,,,Venezuela (Bolivarian Republic of),Urbana los Guayos,10.15180508,-67.89517183,7.23,VI,12.974,853,0,1283.0
VE080701,EMSR884/AOI09 - Valencia; EMSR884/AOI10 - Guacara,Urbana los Guayos,,,,VE080701,Los Guayos,,,,VE0807,Carabobo,,,,VE08,Venezuela (República Bolivariana de),,,,VE,2021/02/23,,66.49382621,v01,es,,,,Venezuela (Bolivarian Republic of),Urbana los Guayos,10.15180508,-67.89517183,7.23,VII,53.94,39422,247,124542.0
VE080701,EMSR884/AOI09 - Valencia; EMSR884/AOI10 - Guacara,Urbana los Guayos,,,,VE080701,Los Guayos,,,,VE0807,Carabobo,,,,VE08,Venezuela (República Bolivariana de),,,,VE,2021/02/23,,66.49382621,v01,es,,,,Venezuela (Bolivarian Republic of),Urbana los Guayos,10.15180508,-67.89517183,7.23,VIII,0.0,0,0,0.0
VE080701,EMSR884/AOI09 - Valencia; EMSR884/AOI10 - Guacara,Urbana los Guayos,,,,VE080701,Los Guayos,,,,VE0807,Carabobo,,,,VE08,Venezuela (República Bolivariana de),,,,VE,2021/02/23,,66.49382621,v01,es,,,,Venezuela (Bolivarian Republic of),Urbana los Guayos,10.15180508,-67.89517183,7.23,IX,0.0,0,0,0.0
VE080701,EMSR884/AOI09 - Valencia; EMSR884/AOI10 - Guacara,Urbana los Guayos,,,,VE080701,Los Guayos,,,,VE0807,Carabobo,,,,VE08,Venezuela (República Bolivariana de),,,,VE,2021/02/23,,66.49382621,v01,es,,,,Venezuela (Bolivarian Republic of),Urbana los Guayos,10.15180508,-67.89517183,7.23,X+,0.0,0,0,0.0
VE081001,EMSR884/AOI09 - Valencia,Urbana Naguanagua,,,,VE081001,Naguanagua,,,,VE0810,Carabobo,,,,VE08,Venezuela (República Bolivariana de),,,,VE,2021/02/23,,199.56390302,v01,es,,,,Venezuela (Bolivarian Republic of),Urbana Naguanagua,10.284856,-68.06883695,7.32,I,0.0,0,0,0.0
VE081001,EMSR884/AOI09 - Valencia,Urbana Naguanagua,,,,VE081001,Naguanagua,,,,VE0810,Carabobo,,,,VE08,Venezuela (República Bolivariana de),,,,VE,2021/02/23,,199.56390302,v01,es,,,,Venezuela (Bolivarian Republic of),Urbana Naguanagua,10.284856,-68.06883695,7.32,II-III,0.0,0,0,0.0
VE081001,EMSR884/AOI09 - Valencia,Urbana Naguanagua,,,,VE081001,Naguanagua,,,,VE0810,Carabobo,,,,VE08,Venezuela (República Bolivariana de),,,,VE,2021/02/23,,199.56390302,v01,es,,,,Venezuela (Bolivarian Republic of),Urbana Naguanagua,10.284856,-68.06883695,7.32,IV,0.0,0,0,0.0
VE081001,EMSR884/AOI09 - Valencia,Urbana Naguanagua,,,,VE081001,Naguanagua,,,,VE0810,Carabobo,,,,VE08,Venezuela (República Bolivariana de),,,,VE,2021/02/23,,199.56390302,v01,es,,,,Venezuela (Bolivarian Republic of),Urbana Naguanagua,10.284856,-68.06883695,7.32,V,0.0,0,0,0.0
VE081001,EMSR884/AOI09 - Valencia,Urbana Naguanagua,,,,VE081001,Naguanagua,,,,VE0810,Carabobo,,,,VE08,Venezuela (República Bolivariana de),,,,VE,2021/02/23,,199.56390302,v01,es,,,,Venezuela (Bolivarian Republic of),Urbana Naguanagua,10.284856,-68.06883695,7.32,VI,76.217,649,0,1614.0
VE081001,EMSR884/AOI09 - Valencia,Urbana Naguanagua,,,,VE081001,Naguanagua,,,,VE0810,Carabobo,,,,VE08,Venezuela (República Bolivariana de),,,,VE,2021/02/23,,199.56390302,v01,es,,,,Venezuela (Bolivarian Republic of),Urbana Naguanagua,10.284856,-68.06883695,7.32,VII,124.609,42148,479,134662.0
VE081001,EMSR884/AOI09 - Valencia,Urbana Naguanagua,,,,VE081001,Naguanagua,,,,VE0810,Carabobo,,,,VE08,Venezuela (República Bolivariana de),,,,VE,2021/02/23,,199.56390302,v01,es,,,,Venezuela (Bolivarian Republic of),Urbana Naguanagua,10.284856,-68.06883695,7.32,VIII,0.0,0,0,0.0
VE081001,EMSR884/AOI09 - Valencia,Urbana Naguanagua,,,,VE081001,Naguanagua,,,,VE0810,Carabobo,,,,VE08,Venezuela (República Bolivariana de),,,,VE,2021/02/23,,199.56390302,v01,es,,,,Venezuela (Bolivarian Republic of),Urbana Naguanagua,10.284856,-68.06883695,7.32,IX,0.0,0,0,0.0
VE081001,EMSR884/AOI09 - Valencia,Urbana Naguanagua,,,,VE081001,Naguanagua,,,,VE0810,Carabobo,,,,VE08,Venezuela (República Bolivariana de),,,,VE,2021/02/23,,199.56390302,v01,es,,,,Venezuela (Bolivarian Republic of),Urbana Naguanagua,10.284856,-68.06883695,7.32,X+,0.0,0,0,0.0
VE081101,EMSR884/AOI07 - Puerto Cabello,Urbana Bartolomé Salom,,,,VE081101,Puerto Cabello,,,,VE0811,Carabobo,,,,VE08,Venezuela (República Bolivariana de),,,,VE,2021/02/23,,71.75767331,v01,es,,,,Venezuela (Bolivarian Republic of),Urbana Bartolome Salom,10.400893,-68.00362431,1.58,I,0.0,0,0,0.0
VE081101,EMSR884/AOI07 - Puerto Cabello,Urbana Bartolomé Salom,,,,VE081101,Puerto Cabello,,,,VE0811,Carabobo,,,,VE08,Venezuela (República Bolivariana de),,,,VE,2021/02/23,,71.75767331,v01,es,,,,Venezuela (Bolivarian Republic of),Urbana Bartolome Salom,10.400893,-68.00362431,1.58,II-III,0.0,0,0,0.0
VE081101,EMSR884/AOI07 - Puerto Cabello,Urbana Bartolomé Salom,,,,VE081101,Puerto Cabello,,,,VE0811,Carabobo,,,,VE08,Venezuela (República Bolivariana de),,,,VE,2021/02/23,,71.75767331,v01,es,,,,Venezuela (Bolivarian Republic of),Urbana Bartolome Salom,10.400893,-68.00362431,1.58,IV,0.0,0,0,0.0
VE081101,EMSR884/AOI07 - Puerto Cabello,Urbana Bartolomé Salom,,,,VE081101,Puerto Cabello,,,,VE0811,Carabobo,,,,VE08,Venezuela (República Bolivariana de),,,,VE,2021/02/23,,71.75767331,v01,es,,,,Venezuela (Bolivarian Republic of),Urbana Bartolome Salom,10.400893,-68.00362431,1.58,V,0.0,0,0,0.0
VE081101,EMSR884/AOI07 - Puerto Cabello,Urbana Bartolomé Salom,,,,VE081101,Puerto Cabello,,,,VE0811,Carabobo,,,,VE08,Venezuela (República Bolivariana de),,,,VE,2021/02/23,,71.75767331,v01,es,,,,Venezuela (Bolivarian Republic of),Urbana Bartolome Salom,10.400893,-68.00362431,1.58,VI,0.0,0,0,0.0
VE081101,EMSR884/AOI07 - Puerto Cabello,Urbana Bartolomé Salom,,,,VE081101,Puerto Cabello,,,,VE0811,Carabobo,,,,VE08,Venezuela (República Bolivariana de),,,,VE,2021/02/23,,71.75767331,v01,es,,,,Venezuela (Bolivarian Republic of),Urbana Bartolome Salom,10.400893,-68.00362431,1.58,VII,54.312,1256,0,1464.0
VE081101,EMSR884/AOI07 - Puerto Cabello,Urbana Bartolomé Salom,,,,VE081101,Puerto Cabello,,,,VE0811,Carabobo,,,,VE08,Venezuela (República Bolivariana de),,,,VE,2021/02/23,,71.75767331,v01,es,,,,Venezuela (Bolivarian Republic of),Urbana Bartolome Salom,10.400893,-68.00362431,1.58,VIII,17.899,10010,58,34158.0
VE081101,EMSR884/AOI07 - Puerto Cabello,Urbana Bartolomé Salom,,,,VE081101,Puerto Cabello,,,,VE0811,Carabobo,,,,VE08,Venezuela (República Bolivariana de),,,,VE,2021/02/23,,71.75767331,v01,es,,,,Venezuela (Bolivarian Republic of),Urbana Bartolome Salom,10.400893,-68.00362431,1.58,IX,0.0,0,0,0.0
VE081101,EMSR884/AOI07 - Puerto Cabello,Urbana Bartolomé Salom,,,,VE081101,Puerto Cabello,,,,VE0811,Carabobo,,,,VE08,Venezuela (República Bolivariana de),,,,VE,2021/02/23,,71.75767331,v01,es,,,,Venezuela (Bolivarian Republic of),Urbana Bartolome Salom,10.400893,-68.00362431,1.58,X+,0.0,0,0,0.0
VE081102,EMSR884/AOI07 - Puerto Cabello,Urbana Democracia,,,,VE081102,Puerto Cabello,,,,VE0811,Carabobo,,,,VE08,Venezuela (República Bolivariana de),,,,VE,2021/02/23,,152.78315497,v01,es,,,,Venezuela (Bolivarian Republic of),Urbana Democracia,10.3961015,-68.1167674,1.12,I,0.0,0,0,0.0
VE081102,EMSR884/AOI07 - Puerto Cabello,Urbana Democracia,,,,VE081102,Puerto Cabello,,,,VE0811,Carabobo,,,,VE08,Venezuela (República Bolivariana de),,,,VE,2021/02/23,,152.78315497,v01,es,,,,Venezuela (Bolivarian Republic of),Urbana Democracia,10.3961015,-68.1167674,1.12,II-III,0.0,0,0,0.0
VE081102,EMSR884/AOI07 - Puerto Cabello,Urbana Democracia,,,,VE081102,Puerto Cabello,,,,VE0811,Carabobo,,,,VE08,Venezuela (República Bolivariana de),,,,VE,2021/02/23,,152.78315497,v01,es,,,,Venezuela (Bolivarian Republic of),Urbana Democracia,10.3961015,-68.1167674,1.12,IV,0.0,0,0,0.0
VE081102,EMSR884/AOI07 - Puerto Cabello,Urbana Democracia,,,,VE081102,Puerto Cabello,,,,VE0811,Carabobo,,,,VE08,Venezuela (República Bolivariana de),,,,VE,2021/02/23,,152.78315497,v01,es,,,,Venezuela (Bolivarian Republic of),Urbana Democracia,10.3961015,-68.1167674,1.12,V,0.0,0,0,0.0
VE081102,EMSR884/AOI07 - Puerto Cabello,Urbana Democracia,,,,VE081102,Puerto Cabello,,,,VE0811,Carabobo,,,,VE08,Venezuela (República Bolivariana de),,,,VE,2021/02/23,,152.78315497,v01,es,,,,Venezuela (Bolivarian Republic of),Urbana Democracia,10.3961015,-68.1167674,1.12,VI,0.0,0,0,0.0
VE081102,EMSR884/AOI07 - Puerto Cabello,Urbana Democracia,,,,VE081102,Puerto Cabello,,,,VE0811,Carabobo,,,,VE08,Venezuela (República Bolivariana de),,,,VE,2021/02/23,,152.78315497,v01,es,,,,Venezuela (Bolivarian Republic of),Urbana Democracia,10.3961015,-68.1167674,1.12,VII,109.804,3309,0,4175.0
VE081102,EMSR884/AOI07 - Puerto Cabello,Urbana Democracia,,,,VE081102,Puerto Cabello,,,,VE0811,Carabobo,,,,VE08,Venezuela (República Bolivariana de),,,,VE,2021/02/23,,152.78315497,v01,es,,,,Venezuela (Bolivarian Republic of),Urbana Democracia,10.3961015,-68.1167674,1.12,VIII,43.942,4202,0,10436.0
VE081102,EMSR884/AOI07 - Puerto Cabello,Urbana Democracia,,,,VE081102,Puerto Cabello,,,,VE0811,Carabobo,,,,VE08,Venezuela (República Bolivariana de),,,,VE,2021/02/23,,152.78315497,v01,es,,,,Venezuela (Bolivarian Republic of),Urbana Democracia,10.3961015,-68.1167674,1.12,IX,0.0,0,0,0.0
VE081102,EMSR884/AOI07 - Puerto Cabello,Urbana Democracia,,,,VE081102,Puerto Cabello,,,,VE0811,Carabobo,,,,VE08,Venezuela (República Bolivariana de),,,,VE,2021/02/23,,152.78315497,v01,es,,,,Venezuela (Bolivarian Republic of),Urbana Democracia,10.3961015,-68.1167674,1.12,X+,0.0,0,0,0.0
VE081104,EMSR884/AOI07 - Puerto Cabello,Urbana Goaigoaza,,,,VE081104,Puerto Cabello,,,,VE0811,Carabobo,,,,VE08,Venezuela (República Bolivariana de),,,,VE,2021/02/23,,74.48355732,v01,es,,,,Venezuela (Bolivarian Republic of),Urbana Goaigoaza,10.398743,-68.04884003,1.94,I,0.0,0,0,0.0
VE081104,EMSR884/AOI07 - Puerto Cabello,Urbana Goaigoaza,,,,VE081104,Puerto Cabello,,,,VE0811,Carabobo,,,,VE08,Venezuela (República Bolivariana de),,,,VE,2021/02/23,,74.48355732,v01,es,,,,Venezuela (Bolivarian Republic of),Urbana Goaigoaza,10.398743,-68.04884003,1.94,II-III,0.0,0,0,0.0
VE081104,EMSR884/AOI07 - Puerto Cabello,Urbana Goaigoaza,,,,VE081104,Puerto Cabello,,,,VE0811,Carabobo,,,,VE08,Venezuela (República Bolivariana de),,,,VE,2021/02/23,,74.48355732,v01,es,,,,Venezuela (Bolivarian Republic of),Urbana Goaigoaza,10.398743,-68.04884003,1.94,IV,0.0,0,0,0.0
VE081104,EMSR884/AOI07 - Puerto Cabello,Urbana Goaigoaza,,,,VE081104,Puerto Cabello,,,,VE0811,Carabobo,,,,VE08,Venezuela (República Bolivariana de),,,,VE,2021/02/23,,74.48355732,v01,es,,,,Venezuela (Bolivarian Republic of),Urbana Goaigoaza,10.398743,-68.04884003,1.94,V,0.0,0,0,0.0
VE081104,EMSR884/AOI07 - Puerto Cabello,Urbana Goaigoaza,,,,VE081104,Puerto Cabello,,,,VE0811,Carabobo,,,,VE08,Venezuela (República Bolivariana de),,,,VE,2021/02/23,,74.48355732,v01,es,,,,Venezuela (Bolivarian Republic of),Urbana Goaigoaza,10.398743,-68.04884003,1.94,VI,0.0,0,0,0.0
VE081104,EMSR884/AOI07 - Puerto Cabello,Urbana Goaigoaza,,,,VE081104,Puerto Cabello,,,,VE0811,Carabobo,,,,VE08,Venezuela (República Bolivariana de),,,,VE,2021/02/23,,74.48355732,v01,es,,,,Venezuela (Bolivarian Republic of),Urbana Goaigoaza,10.398743,-68.04884003,1.94,VII,56.637,533,0,785.0
VE081104,EMSR884/AOI07 - Puerto Cabello,Urbana Goaigoaza,,,,VE081104,Puerto Cabello,,,,VE0811,Carabobo,,,,VE08,Venezuela (República Bolivariana de),,,,VE,2021/02/23,,74.48355732,v01,es,,,,Venezuela (Bolivarian Republic of),Urbana Goaigoaza,10.398743,-68.04884003,1.94,VIII,18.316,13944,93,41183.0
VE081104,EMSR884/AOI07 - Puerto Cabello,Urbana Goaigoaza,,,,VE081104,Puerto Cabello,,,,VE0811,Carabobo,,,,VE08,Venezuela (República Bolivariana de),,,,VE,2021/02/23,,74.48355732,v01,es,,,,Venezuela (Bolivarian Republic of),Urbana Goaigoaza,10.398743,-68.04884003,1.94,IX,0.0,0,0,0.0
VE081104,EMSR884/AOI07 - Puerto Cabello,Urbana Goaigoaza,,,,VE081104,Puerto Cabello,,,,VE0811,Carabobo,,,,VE08,Venezuela (República Bolivariana de),,,,VE,2021/02/23,,74.48355732,v01,es,,,,Venezuela (Bolivarian Republic of),Urbana Goaigoaza,10.398743,-68.04884003,1.94,X+,0.0,0,0,0.0
VE081107,EMSR884/AOI07 - Puerto Cabello,No Urbana Borburata,,,,VE081107,Puerto Cabello,,,,VE0811,Carabobo,,,,VE08,Venezuela (República Bolivariana de),,,,VE,2021/02/23,,58.69727431,v01,es,,,,Venezuela (Bolivarian Republic of),No Urbana Borburata,10.413928,-67.96754577,0.53,I,0.0,0,0,0.0
VE081107,EMSR884/AOI07 - Puerto Cabello,No Urbana Borburata,,,,VE081107,Puerto Cabello,,,,VE0811,Carabobo,,,,VE08,Venezuela (República Bolivariana de),,,,VE,2021/02/23,,58.69727431,v01,es,,,,Venezuela (Bolivarian Republic of),No Urbana Borburata,10.413928,-67.96754577,0.53,II-III,0.0,0,0,0.0
VE081107,EMSR884/AOI07 - Puerto Cabello,No Urbana Borburata,,,,VE081107,Puerto Cabello,,,,VE0811,Carabobo,,,,VE08,Venezuela (República Bolivariana de),,,,VE,2021/02/23,,58.69727431,v01,es,,,,Venezuela (Bolivarian Republic of),No Urbana Borburata,10.413928,-67.96754577,0.53,IV,0.0,0,0,0.0
VE081107,EMSR884/AOI07 - Puerto Cabello,No Urbana Borburata,,,,VE081107,Puerto Cabello,,,,VE0811,Carabobo,,,,VE08,Venezuela (República Bolivariana de),,,,VE,2021/02/23,,58.69727431,v01,es,,,,Venezuela (Bolivarian Republic of),No Urbana Borburata,10.413928,-67.96754577,0.53,V,0.0,0,0,0.0
VE081107,EMSR884/AOI07 - Puerto Cabello,No Urbana Borburata,,,,VE081107,Puerto Cabello,,,,VE0811,Carabobo,,,,VE08,Venezuela (República Bolivariana de),,,,VE,2021/02/23,,58.69727431,v01,es,,,,Venezuela (Bolivarian Republic of),No Urbana Borburata,10.413928,-67.96754577,0.53,VI,0.0,0,0,0.0
VE081107,EMSR884/AOI07 - Puerto Cabello,No Urbana Borburata,,,,VE081107,Puerto Cabello,,,,VE0811,Carabobo,,,,VE08,Venezuela (República Bolivariana de),,,,VE,2021/02/23,,58.69727431,v01,es,,,,Venezuela (Bolivarian Republic of),No Urbana Borburata,10.413928,-67.96754577,0.53,VII,43.891,60,0,114.0
VE081107,EMSR884/AOI07 - Puerto Cabello,No Urbana Borburata,,,,VE081107,Puerto Cabello,,,,VE0811,Carabobo,,,,VE08,Venezuela (República Bolivariana de),,,,VE,2021/02/23,,58.69727431,v01,es,,,,Venezuela (Bolivarian Republic of),No Urbana Borburata,10.413928,-67.96754577,0.53,VIII,15.177,2911,89,5889.0
VE081107,EMSR884/AOI07 - Puerto Cabello,No Urbana Borburata,,,,VE081107,Puerto Cabello,,,,VE0811,Carabobo,,,,VE08,Venezuela (República Bolivariana de),,,,VE,2021/02/23,,58.69727431,v01,es,,,,Venezuela (Bolivarian Republic of),No Urbana Borburata,10.413928,-67.96754577,0.53,IX,0.0,0,0,0.0
VE081107,EMSR884/AOI07 - Puerto Cabello,No Urbana Borburata,,,,VE081107,Puerto Cabello,,,,VE0811,Carabobo,,,,VE08,Venezuela (República Bolivariana de),,,,VE,2021/02/23,,58.69727431,v01,es,,,,Venezuela (Bolivarian Republic of),No Urbana Borburata,10.413928,-67.96754577,0.53,X+,0.0,0,0,0.0
VE081201,EMSR884/AOI09 - Valencia; EMSR884/AOI10 - Guacara,Urbana San Diego,,,,VE081201,San Diego,,,,VE0812,Carabobo,,,,VE08,Venezuela (República Bolivariana de),,,,VE,2021/02/23,,114.00622978,v01,es,,,,Venezuela (Bolivarian Republic of),Urbana San Diego,10.270591,-67.96187857,8.81,I,0.0,0,0,0.0
VE081201,EMSR884/AOI09 - Valencia; EMSR884/AOI10 - Guacara,Urbana San Diego,,,,VE081201,San Diego,,,,VE0812,Carabobo,,,,VE08,Venezuela (República Bolivariana de),,,,VE,2021/02/23,,114.00622978,v01,es,,,,Venezuela (Bolivarian Republic of),Urbana San Diego,10.270591,-67.96187857,8.81,II-III,0.0,0,0,0.0
VE081201,EMSR884/AOI09 - Valencia; EMSR884/AOI10 - Guacara,Urbana San Diego,,,,VE081201,San Diego,,,,VE0812,Carabobo,,,,VE08,Venezuela (República Bolivariana de),,,,VE,2021/02/23,,114.00622978,v01,es,,,,Venezuela (Bolivarian Republic of),Urbana San Diego,10.270591,-67.96187857,8.81,IV,0.0,0,0,0.0
VE081201,EMSR884/AOI09 - Valencia; EMSR884/AOI10 - Guacara,Urbana San Diego,,,,VE081201,San Diego,,,,VE0812,Carabobo,,,,VE08,Venezuela (República Bolivariana de),,,,VE,2021/02/23,,114.00622978,v01,es,,,,Venezuela (Bolivarian Republic of),Urbana San Diego,10.270591,-67.96187857,8.81,V,0.0,0,0,0.0
VE081201,EMSR884/AOI09 - Valencia; EMSR884/AOI10 - Guacara,Urbana San Diego,,,,VE081201,San Diego,,,,VE0812,Carabobo,,,,VE08,Venezuela (República Bolivariana de),,,,VE,2021/02/23,,114.00622978,v01,es,,,,Venezuela (Bolivarian Republic of),Urbana San Diego,10.270591,-67.96187857,8.81,VI,33.958,516,9,907.0
VE081201,EMSR884/AOI09 - Valencia; EMSR884/AOI10 - Guacara,Urbana San Diego,,,,VE081201,San Diego,,,,VE0812,Carabobo,,,,VE08,Venezuela (República Bolivariana de),,,,VE,2021/02/23,,114.00622978,v01,es,,,,Venezuela (Bolivarian Republic of),Urbana San Diego,10.270591,-67.96187857,8.81,VII,80.768,41134,1054,116684.0
VE081201,EMSR884/AOI09 - Valencia; EMSR884/AOI10 - Guacara,Urbana San Diego,,,,VE081201,San Diego,,,,VE0812,Carabobo,,,,VE08,Venezuela (República Bolivariana de),,,,VE,2021/02/23,,114.00622978,v01,es,,,,Venezuela (Bolivarian Republic of),Urbana San Diego,10.270591,-67.96187857,8.81,VIII,0.0,0,0,0.0
VE081201,EMSR884/AOI09 - Valencia; EMSR884/AOI10 - Guacara,Urbana San Diego,,,,VE081201,San Diego,,,,VE0812,Carabobo,,,,VE08,Venezuela (República Bolivariana de),,,,VE,2021/02/23,,114.00622978,v01,es,,,,Venezuela (Bolivarian Republic of),Urbana San Diego,10.270591,-67.96187857,8.81,IX,0.0,0,0,0.0
VE081201,EMSR884/AOI09 - Valencia; EMSR884/AOI10 - Guacara,Urbana San Diego,,,,VE081201,San Diego,,,,VE0812,Carabobo,,,,VE08,Venezuela (República Bolivariana de),,,,VE,2021/02/23,,114.00622978,v01,es,,,,Venezuela (Bolivarian Republic of),Urbana San Diego,10.270591,-67.96187857,8.81,X+,0.0,0,0,0.0
VE081301,EMSR884/AOI04 - Maracay; EMSR884/AOI10 - Guacara,Urbana San Joaquín,,,,VE081301,San Joaquín,,,,VE0813,Carabobo,,,,VE08,Venezuela (República Bolivariana de),,,,VE,2021/02/23,,137.48363535,v01,es,,,,Venezuela (Bolivarian Republic of),Urbana San Joaquin,10.277068,-67.79780808,4.0,I,0.0,0,0,0.0
VE081301,EMSR884/AOI04 - Maracay; EMSR884/AOI10 - Guacara,Urbana San Joaquín,,,,VE081301,San Joaquín,,,,VE0813,Carabobo,,,,VE08,Venezuela (República Bolivariana de),,,,VE,2021/02/23,,137.48363535,v01,es,,,,Venezuela (Bolivarian Republic of),Urbana San Joaquin,10.277068,-67.79780808,4.0,II-III,0.0,0,0,0.0
VE081301,EMSR884/AOI04 - Maracay; EMSR884/AOI10 - Guacara,Urbana San Joaquín,,,,VE081301,San Joaquín,,,,VE0813,Carabobo,,,,VE08,Venezuela (República Bolivariana de),,,,VE,2021/02/23,,137.48363535,v01,es,,,,Venezuela (Bolivarian Republic of),Urbana San Joaquin,10.277068,-67.79780808,4.0,IV,0.0,0,0,0.0
VE081301,EMSR884/AOI04 - Maracay; EMSR884/AOI10 - Guacara,Urbana San Joaquín,,,,VE081301,San Joaquín,,,,VE0813,Carabobo,,,,VE08,Venezuela (República Bolivariana de),,,,VE,2021/02/23,,137.48363535,v01,es,,,,Venezuela (Bolivarian Republic of),Urbana San Joaquin,10.277068,-67.79780808,4.0,V,0.0,0,0,0.0
VE081301,EMSR884/AOI04 - Maracay; EMSR884/AOI10 - Guacara,Urbana San Joaquín,,,,VE081301,San Joaquín,,,,VE0813,Carabobo,,,,VE08,Venezuela (República Bolivariana de),,,,VE,2021/02/23,,137.48363535,v01,es,,,,Venezuela (Bolivarian Republic of),Urbana San Joaquin,10.277068,-67.79780808,4.0,VI,47.138,55,0,75.0
VE081301,EMSR884/AOI04 - Maracay; EMSR884/AOI10 - Guacara,Urbana San Joaquín,,,,VE081301,San Joaquín,,,,VE0813,Carabobo,,,,VE08,Venezuela (República Bolivariana de),,,,VE,2021/02/23,,137.48363535,v01,es,,,,Venezuela (Bolivarian Republic of),Urbana San Joaquin,10.277068,-67.79780808,4.0,VII,91.216,24324,942,70341.0
VE081301,EMSR884/AOI04 - Maracay; EMSR884/AOI10 - Guacara,Urbana San Joaquín,,,,VE081301,San Joaquín,,,,VE0813,Carabobo,,,,VE08,Venezuela (República Bolivariana de),,,,VE,2021/02/23,,137.48363535,v01,es,,,,Venezuela (Bolivarian Republic of),Urbana San Joaquin,10.277068,-67.79780808,4.0,VIII,0.0,0,0,0.0
VE081301,EMSR884/AOI04 - Maracay; EMSR884/AOI10 - Guacara,Urbana San Joaquín,,,,VE081301,San Joaquín,,,,VE0813,Carabobo,,,,VE08,Venezuela (República Bolivariana de),,,,VE,2021/02/23,,137.48363535,v01,es,,,,Venezuela (Bolivarian Republic of),Urbana San Joaquin,10.277068,-67.79780808,4.0,IX,0.0,0,0,0.0
VE081301,EMSR884/AOI04 - Maracay; EMSR884/AOI10 - Guacara,Urbana San Joaquín,,,,VE081301,San Joaquín,,,,VE0813,Carabobo,,,,VE08,Venezuela (República Bolivariana de),,,,VE,2021/02/23,,137.48363535,v01,es,,,,Venezuela (Bolivarian Republic of),Urbana San Joaquin,10.277068,-67.79780808,4.0,X+,0.0,0,0,0.0
VE081401,EMSR884/AOI09 - Valencia,Urbana Candelaria,,,,VE081401,Valencia,,,,VE0814,Carabobo,,,,VE08,Venezuela (República Bolivariana de),,,,VE,2021/02/23,,3.91562289,v01,es,,,,Venezuela (Bolivarian Republic of),Urbana Candelaria,10.176394,-68.01585349,1.04,I,0.0,0,0,0.0
VE081401,EMSR884/AOI09 - Valencia,Urbana Candelaria,,,,VE081401,Valencia,,,,VE0814,Carabobo,,,,VE08,Venezuela (República Bolivariana de),,,,VE,2021/02/23,,3.91562289,v01,es,,,,Venezuela (Bolivarian Republic of),Urbana Candelaria,10.176394,-68.01585349,1.04,II-III,0.0,0,0,0.0
VE081401,EMSR884/AOI09 - Valencia,Urbana Candelaria,,,,VE081401,Valencia,,,,VE0814,Carabobo,,,,VE08,Venezuela (República Bolivariana de),,,,VE,2021/02/23,,3.91562289,v01,es,,,,Venezuela (Bolivarian Republic of),Urbana Candelaria,10.176394,-68.01585349,1.04,IV,0.0,0,0,0.0
VE081401,EMSR884/AOI09 - Valencia,Urbana Candelaria,,,,VE081401,Valencia,,,,VE0814,Carabobo,,,,VE08,Venezuela (República Bolivariana de),,,,VE,2021/02/23,,3.91562289,v01,es,,,,Venezuela (Bolivarian Republic of),Urbana Candelaria,10.176394,-68.01585349,1.04,V,0.0,0,0,0.0
VE081401,EMSR884/AOI09 - Valencia,Urbana Candelaria,,,,VE081401,Valencia,,,,VE0814,Carabobo,,,,VE08,Venezuela (República Bolivariana de),,,,VE,2021/02/23,,3.91562289,v01,es,,,,Venezuela (Bolivarian Republic of),Urbana Candelaria,10.176394,-68.01585349,1.04,VI,0.546,1043,24,4331.0
VE081401,EMSR884/AOI09 - Valencia,Urbana Candelaria,,,,VE081401,Valencia,,,,VE0814,Carabobo,,,,VE08,Venezuela (República Bolivariana de),,,,VE,2021/02/23,,3.91562289,v01,es,,,,Venezuela (Bolivarian Republic of),Urbana Candelaria,10.176394,-68.01585349,1.04,VII,3.395,3463,10,19463.0
VE081401,EMSR884/AOI09 - Valencia,Urbana Candelaria,,,,VE081401,Valencia,,,,VE0814,Carabobo,,,,VE08,Venezuela (República Bolivariana de),,,,VE,2021/02/23,,3.91562289,v01,es,,,,Venezuela (Bolivarian Republic of),Urbana Candelaria,10.176394,-68.01585349,1.04,VIII,0.0,0,0,0.0
VE081401,EMSR884/AOI09 - Valencia,Urbana Candelaria,,,,VE081401,Valencia,,,,VE0814,Carabobo,,,,VE08,Venezuela (República Bolivariana de),,,,VE,2021/02/23,,3.91562289,v01,es,,,,Venezuela (Bolivarian Republic of),Urbana Candelaria,10.176394,-68.01585349,1.04,IX,0.0,0,0,0.0
VE081401,EMSR884/AOI09 - Valencia,Urbana Candelaria,,,,VE081401,Valencia,,,,VE0814,Carabobo,,,,VE08,Venezuela (República Bolivariana de),,,,VE,2021/02/23,,3.91562289,v01,es,,,,Venezuela (Bolivarian Republic of),Urbana Candelaria,10.176394,-68.01585349,1.04,X+,0.0,0,0,0.0
VE081402,EMSR884/AOI09 - Valencia,Urbana Catedral,,,,VE081402,Valencia,,,,VE0814,Carabobo,,,,VE08,Venezuela (República Bolivariana de),,,,VE,2021/02/23,,0.56656837,v01,es,,,,Venezuela (Bolivarian Republic of),Urbana Catedral,10.1848115,-68.00147292,0.22,I,0.0,0,0,0.0
VE081402,EMSR884/AOI09 - Valencia,Urbana Catedral,,,,VE081402,Valencia,,,,VE0814,Carabobo,,,,VE08,Venezuela (República Bolivariana de),,,,VE,2021/02/23,,0.56656837,v01,es,,,,Venezuela (Bolivarian Republic of),Urbana Catedral,10.1848115,-68.00147292,0.22,II-III,0.0,0,0,0.0
VE081402,EMSR884/AOI09 - Valencia,Urbana Catedral,,,,VE081402,Valencia,,,,VE0814,Carabobo,,,,VE08,Venezuela (República Bolivariana de),,,,VE,2021/02/23,,0.56656837,v01,es,,,,Venezuela (Bolivarian Republic of),Urbana Catedral,10.1848115,-68.00147292,0.22,IV,0.0,0,0,0.0
VE081402,EMSR884/AOI09 - Valencia,Urbana Catedral,,,,VE081402,Valencia,,,,VE0814,Carabobo,,,,VE08,Venezuela (República Bolivariana de),,,,VE,2021/02/23,,0.56656837,v01,es,,,,Venezuela (Bolivarian Republic of),Urbana Catedral,10.1848115,-68.00147292,0.22,V,0.0,0,0,0.0
VE081402,EMSR884/AOI09 - Valencia,Urbana Catedral,,,,VE081402,Valencia,,,,VE0814,Carabobo,,,,VE08,Venezuela (República Bolivariana de),,,,VE,2021/02/23,,0.56656837,v01,es,,,,Venezuela (Bolivarian Republic of),Urbana Catedral,10.1848115,-68.00147292,0.22,VI,0.0,0,0,0.0
VE081402,EMSR884/AOI09 - Valencia,Urbana Catedral,,,,VE081402,Valencia,,,,VE0814,Carabobo,,,,VE08,Venezuela (República Bolivariana de),,,,VE,2021/02/23,,0.56656837,v01,es,,,,Venezuela (Bolivarian Republic of),Urbana Catedral,10.1848115,-68.00147292,0.22,VII,0.57,506,10,3739.0
VE081402,EMSR884/AOI09 - Valencia,Urbana Catedral,,,,VE081402,Valencia,,,,VE0814,Carabobo,,,,VE08,Venezuela (República Bolivariana de),,,,VE,2021/02/23,,0.56656837,v01,es,,,,Venezuela (Bolivarian Republic of),Urbana Catedral,10.1848115,-68.00147292,0.22,VIII,0.0,0,0,0.0
VE081402,EMSR884/AOI09 - Valencia,Urbana Catedral,,,,VE081402,Valencia,,,,VE0814,Carabobo,,,,VE08,Venezuela (República Bolivariana de),,,,VE,2021/02/23,,0.56656837,v01,es,,,,Venezuela (Bolivarian Republic of),Urbana Catedral,10.1848115,-68.00147292,0.22,IX,0.0,0,0,0.0
VE081402,EMSR884/AOI09 - Valencia,Urbana Catedral,,,,VE081402,Valencia,,,,VE0814,Carabobo,,,,VE08,Venezuela (República Bolivariana de),,,,VE,2021/02/23,,0.56656837,v01,es,,,,Venezuela (Bolivarian Republic of),Urbana Catedral,10.1848115,-68.00147292,0.22,X+,0.0,0,0,0.0
VE081403,EMSR884/AOI09 - Valencia,Urbana el Socorro,,,,VE081403,Valencia,,,,VE0814,Carabobo,,,,VE08,Venezuela (República Bolivariana de),,,,VE,2021/02/23,,1.06814163,v01,es,,,,Venezuela (Bolivarian Republic of),Urbana el Socorro,10.183713,-68.00917285,0.32,I,0.0,0,0,0.0
VE081403,EMSR884/AOI09 - Valencia,Urbana el Socorro,,,,VE081403,Valencia,,,,VE0814,Carabobo,,,,VE08,Venezuela (República Bolivariana de),,,,VE,2021/02/23,,1.06814163,v01,es,,,,Venezuela (Bolivarian Republic of),Urbana el Socorro,10.183713,-68.00917285,0.32,II-III,0.0,0,0,0.0
VE081403,EMSR884/AOI09 - Valencia,Urbana el Socorro,,,,VE081403,Valencia,,,,VE0814,Carabobo,,,,VE08,Venezuela (República Bolivariana de),,,,VE,2021/02/23,,1.06814163,v01,es,,,,Venezuela (Bolivarian Republic of),Urbana el Socorro,10.183713,-68.00917285,0.32,IV,0.0,0,0,0.0
VE081403,EMSR884/AOI09 - Valencia,Urbana el Socorro,,,,VE081403,Valencia,,,,VE0814,Carabobo,,,,VE08,Venezuela (República Bolivariana de),,,,VE,2021/02/23,,1.06814163,v01,es,,,,Venezuela (Bolivarian Republic of),Urbana el Socorro,10.183713,-68.00917285,0.32,V,0.0,0,0,0.0
VE081403,EMSR884/AOI09 - Valencia,Urbana el Socorro,,,,VE081403,Valencia,,,,VE0814,Carabobo,,,,VE08,Venezuela (República Bolivariana de),,,,VE,2021/02/23,,1.06814163,v01,es,,,,Venezuela (Bolivarian Republic of),Urbana el Socorro,10.183713,-68.00917285,0.32,VI,0.0,0,0,0.0
VE081403,EMSR884/AOI09 - Valencia,Urbana el Socorro,,,,VE081403,Valencia,,,,VE0814,Carabobo,,,,VE08,Venezuela (República Bolivariana de),,,,VE,2021/02/23,,1.06814163,v01,es,,,,Venezuela (Bolivarian Republic of),Urbana el Socorro,10.183713,-68.00917285,0.32,VII,1.075,1423,33,7131.0
VE081403,EMSR884/AOI09 - Valencia,Urbana el Socorro,,,,VE081403,Valencia,,,,VE0814,Carabobo,,,,VE08,Venezuela (República Bolivariana de),,,,VE,2021/02/23,,1.06814163,v01,es,,,,Venezuela (Bolivarian Republic of),Urbana el Socorro,10.183713,-68.00917285,0.32,VIII,0.0,0,0,0.0
VE081403,EMSR884/AOI09 - Valencia,Urbana el Socorro,,,,VE081403,Valencia,,,,VE0814,Carabobo,,,,VE08,Venezuela (República Bolivariana de),,,,VE,2021/02/23,,1.06814163,v01,es,,,,Venezuela (Bolivarian Republic of),Urbana el Socorro,10.183713,-68.00917285,0.32,IX,0.0,0,0,0.0
VE081403,EMSR884/AOI09 - Valencia,Urbana el Socorro,,,,VE081403,Valencia,,,,VE0814,Carabobo,,,,VE08,Venezuela (República Bolivariana de),,,,VE,2021/02/23,,1.06814163,v01,es,,,,Venezuela (Bolivarian Republic of),Urbana el Socorro,10.183713,-68.00917285,0.32,X+,0.0,0,0,0.0
VE081404,EMSR884/AOI09 - Valencia,Urbana Miguel Peña,,,,VE081404,Valencia,,,,VE0814,Carabobo,,,,VE08,Venezuela (República Bolivariana de),,,,VE,2021/02/23,,174.99553486,v01,es,,,,Venezuela (Bolivarian Republic of),Urbana Miguel Pena,10.0612745,-68.01967191,13.57,I,0.0,0,0,0.0
VE081404,EMSR884/AOI09 - Valencia,Urbana Miguel Peña,,,,VE081404,Valencia,,,,VE0814,Carabobo,,,,VE08,Venezuela (República Bolivariana de),,,,VE,2021/02/23,,174.99553486,v01,es,,,,Venezuela (Bolivarian Republic of),Urbana Miguel Pena,10.0612745,-68.01967191,13.57,II-III,0.0,0,0,0.0
VE081404,EMSR884/AOI09 - Valencia,Urbana Miguel Peña,,,,VE081404,Valencia,,,,VE0814,Carabobo,,,,VE08,Venezuela (República Bolivariana de),,,,VE,2021/02/23,,174.99553486,v01,es,,,,Venezuela (Bolivarian Republic of),Urbana Miguel Pena,10.0612745,-68.01967191,13.57,IV,0.0,0,0,0.0
VE081404,EMSR884/AOI09 - Valencia,Urbana Miguel Peña,,,,VE081404,Valencia,,,,VE0814,Carabobo,,,,VE08,Venezuela (República Bolivariana de),,,,VE,2021/02/23,,174.99553486,v01,es,,,,Venezuela (Bolivarian Republic of),Urbana Miguel Pena,10.0612745,-68.01967191,13.57,V,0.237,0,0,0.0
VE081404,EMSR884/AOI09 - Valencia,Urbana Miguel Peña,,,,VE081404,Valencia,,,,VE0814,Carabobo,,,,VE08,Venezuela (República Bolivariana de),,,,VE,2021/02/23,,174.99553486,v01,es,,,,Venezuela (Bolivarian Republic of),Urbana Miguel Pena,10.0612745,-68.01967191,13.57,VI,82.197,9688,136,28203.0
VE081404,EMSR884/AOI09 - Valencia,Urbana Miguel Peña,,,,VE081404,Valencia,,,,VE0814,Carabobo,,,,VE08,Venezuela (República Bolivariana de),,,,VE,2021/02/23,,174.99553486,v01,es,,,,Venezuela (Bolivarian Republic of),Urbana Miguel Pena,10.0612745,-68.01967191,13.57,VII,93.66,88239,170,257599.0
VE081404,EMSR884/AOI09 - Valencia,Urbana Miguel Peña,,,,VE081404,Valencia,,,,VE0814,Carabobo,,,,VE08,Venezuela (República Bolivariana de),,,,VE,2021/02/23,,174.99553486,v01,es,,,,Venezuela (Bolivarian Republic of),Urbana Miguel Pena,10.0612745,-68.01967191,13.57,VIII,0.0,0,0,0.0
VE081404,EMSR884/AOI09 - Valencia,Urbana Miguel Peña,,,,VE081404,Valencia,,,,VE0814,Carabobo,,,,VE08,Venezuela (República Bolivariana de),,,,VE,2021/02/23,,174.99553486,v01,es,,,,Venezuela (Bolivarian Republic of),Urbana Miguel Pena,10.0612745,-68.01967191,13.57,IX,0.0,0,0,0.0
VE081404,EMSR884/AOI09 - Valencia,Urbana Miguel Peña,,,,VE081404,Valencia,,,,VE0814,Carabobo,,,,VE08,Venezuela (República Bolivariana de),,,,VE,2021/02/23,,174.99553486,v01,es,,,,Venezuela (Bolivarian Republic of),Urbana Miguel Pena,10.0612745,-68.01967191,13.57,X+,0.0,0,0,0.0
VE081405,EMSR884/AOI09 - Valencia,Urbana Rafael Urdaneta,,,,VE081405,Valencia,,,,VE0814,Carabobo,,,,VE08,Venezuela (República Bolivariana de),,,,VE,2021/02/23,,50.12602614,v01,es,,,,Venezuela (Bolivarian Republic of),Urbana Rafael Urdaneta,10.14137,-67.94744651,12.15,I,0.0,0,0,0.0
VE081405,EMSR884/AOI09 - Valencia,Urbana Rafael Urdaneta,,,,VE081405,Valencia,,,,VE0814,Carabobo,,,,VE08,Venezuela (República Bolivariana de),,,,VE,2021/02/23,,50.12602614,v01,es,,,,Venezuela (Bolivarian Republic of),Urbana Rafael Urdaneta,10.14137,-67.94744651,12.15,II-III,0.0,0,0,0.0
VE081405,EMSR884/AOI09 - Valencia,Urbana Rafael Urdaneta,,,,VE081405,Valencia,,,,VE0814,Carabobo,,,,VE08,Venezuela (República Bolivariana de),,,,VE,2021/02/23,,50.12602614,v01,es,,,,Venezuela (Bolivarian Republic of),Urbana Rafael Urdaneta,10.14137,-67.94744651,12.15,IV,0.0,0,0,0.0
VE081405,EMSR884/AOI09 - Valencia,Urbana Rafael Urdaneta,,,,VE081405,Valencia,,,,VE0814,Carabobo,,,,VE08,Venezuela (República Bolivariana de),,,,VE,2021/02/23,,50.12602614,v01,es,,,,Venezuela (Bolivarian Republic of),Urbana Rafael Urdaneta,10.14137,-67.94744651,12.15,V,0.0,0,0,0.0
VE081405,EMSR884/AOI09 - Valencia,Urbana Rafael Urdaneta,,,,VE081405,Valencia,,,,VE0814,Carabobo,,,,VE08,Venezuela (República Bolivariana de),,,,VE,2021/02/23,,50.12602614,v01,es,,,,Venezuela (Bolivarian Republic of),Urbana Rafael Urdaneta,10.14137,-67.94744651,12.15,VI,0.011,0,0,2.0
VE081405,EMSR884/AOI09 - Valencia,Urbana Rafael Urdaneta,,,,VE081405,Valencia,,,,VE0814,Carabobo,,,,VE08,Venezuela (República Bolivariana de),,,,VE,2021/02/23,,50.12602614,v01,es,,,,Venezuela (Bolivarian Republic of),Urbana Rafael Urdaneta,10.14137,-67.94744651,12.15,VII,50.432,51407,384,150271.0
VE081405,EMSR884/AOI09 - Valencia,Urbana Rafael Urdaneta,,,,VE081405,Valencia,,,,VE0814,Carabobo,,,,VE08,Venezuela (República Bolivariana de),,,,VE,2021/02/23,,50.12602614,v01,es,,,,Venezuela (Bolivarian Republic of),Urbana Rafael Urdaneta,10.14137,-67.94744651,12.15,VIII,0.0,0,0,0.0
VE081405,EMSR884/AOI09 - Valencia,Urbana Rafael Urdaneta,,,,VE081405,Valencia,,,,VE0814,Carabobo,,,,VE08,Venezuela (República Bolivariana de),,,,VE,2021/02/23,,50.12602614,v01,es,,,,Venezuela (Bolivarian Republic of),Urbana Rafael Urdaneta,10.14137,-67.94744651,12.15,IX,0.0,0,0,0.0
VE081405,EMSR884/AOI09 - Valencia,Urbana Rafael Urdaneta,,,,VE081405,Valencia,,,,VE0814,Carabobo,,,,VE08,Venezuela (República Bolivariana de),,,,VE,2021/02/23,,50.12602614,v01,es,,,,Venezuela (Bolivarian Republic of),Urbana Rafael Urdaneta,10.14137,-67.94744651,12.15,X+,0.0,0,0,0.0
VE081406,EMSR884/AOI09 - Valencia,Urbana San Blas,,,,VE081406,Valencia,,,,VE0814,Carabobo,,,,VE08,Venezuela (República Bolivariana de),,,,VE,2021/02/23,,2.72245049,v01,es,,,,Venezuela (Bolivarian Republic of),Urbana San Blas,10.1799315,-67.99309618,0.97,I,0.0,0,0,0.0
VE081406,EMSR884/AOI09 - Valencia,Urbana San Blas,,,,VE081406,Valencia,,,,VE0814,Carabobo,,,,VE08,Venezuela (República Bolivariana de),,,,VE,2021/02/23,,2.72245049,v01,es,,,,Venezuela (Bolivarian Republic of),Urbana San Blas,10.1799315,-67.99309618,0.97,II-III,0.0,0,0,0.0
VE081406,EMSR884/AOI09 - Valencia,Urbana San Blas,,,,VE081406,Valencia,,,,VE0814,Carabobo,,,,VE08,Venezuela (República Bolivariana de),,,,VE,2021/02/23,,2.72245049,v01,es,,,,Venezuela (Bolivarian Republic of),Urbana San Blas,10.1799315,-67.99309618,0.97,IV,0.0,0,0,0.0
VE081406,EMSR884/AOI09 - Valencia,Urbana San Blas,,,,VE081406,Valencia,,,,VE0814,Carabobo,,,,VE08,Venezuela (República Bolivariana de),,,,VE,2021/02/23,,2.72245049,v01,es,,,,Venezuela (Bolivarian Republic of),Urbana San Blas,10.1799315,-67.99309618,0.97,V,0.0,0,0,0.0
VE081406,EMSR884/AOI09 - Valencia,Urbana San Blas,,,,VE081406,Valencia,,,,VE0814,Carabobo,,,,VE08,Venezuela (República Bolivariana de),,,,VE,2021/02/23,,2.72245049,v01,es,,,,Venezuela (Bolivarian Republic of),Urbana San Blas,10.1799315,-67.99309618,0.97,VI,0.26,273,0,1074.0
VE081406,EMSR884/AOI09 - Valencia,Urbana San Blas,,,,VE081406,Valencia,,,,VE0814,Carabobo,,,,VE08,Venezuela (República Bolivariana de),,,,VE,2021/02/23,,2.72245049,v01,es,,,,Venezuela (Bolivarian Republic of),Urbana San Blas,10.1799315,-67.99309618,0.97,VII,2.479,3695,26,19217.0
VE081406,EMSR884/AOI09 - Valencia,Urbana San Blas,,,,VE081406,Valencia,,,,VE0814,Carabobo,,,,VE08,Venezuela (República Bolivariana de),,,,VE,2021/02/23,,2.72245049,v01,es,,,,Venezuela (Bolivarian Republic of),Urbana San Blas,10.1799315,-67.99309618,0.97,VIII,0.0,0,0,0.0
VE081406,EMSR884/AOI09 - Valencia,Urbana San Blas,,,,VE081406,Valencia,,,,VE0814,Carabobo,,,,VE08,Venezuela (República Bolivariana de),,,,VE,2021/02/23,,2.72245049,v01,es,,,,Venezuela (Bolivarian Republic of),Urbana San Blas,10.1799315,-67.99309618,0.97,IX,0.0,0,0,0.0
VE081406,EMSR884/AOI09 - Valencia,Urbana San Blas,,,,VE081406,Valencia,,,,VE0814,Carabobo,,,,VE08,Venezuela (República Bolivariana de),,,,VE,2021/02/23,,2.72245049,v01,es,,,,Venezuela (Bolivarian Republic of),Urbana San Blas,10.1799315,-67.99309618,0.97,X+,0.0,0,0,0.0
VE081407,EMSR884/AOI09 - Valencia,Urbana San José,,,,VE081407,Valencia,,,,VE0814,Carabobo,,,,VE08,Venezuela (República Bolivariana de),,,,VE,2021/02/23,,83.35666533,v01,es,,,,Venezuela (Bolivarian Republic of),Urbana San Jose,10.1990245,-68.05020526,7.28,I,0.0,0,0,0.0
VE081407,EMSR884/AOI09 - Valencia,Urbana San José,,,,VE081407,Valencia,,,,VE0814,Carabobo,,,,VE08,Venezuela (República Bolivariana de),,,,VE,2021/02/23,,83.35666533,v01,es,,,,Venezuela (Bolivarian Republic of),Urbana San Jose,10.1990245,-68.05020526,7.28,II-III,0.0,0,0,0.0
VE081407,EMSR884/AOI09 - Valencia,Urbana San José,,,,VE081407,Valencia,,,,VE0814,Carabobo,,,,VE08,Venezuela (República Bolivariana de),,,,VE,2021/02/23,,83.35666533,v01,es,,,,Venezuela (Bolivarian Republic of),Urbana San Jose,10.1990245,-68.05020526,7.28,IV,0.0,0,0,0.0
VE081407,EMSR884/AOI09 - Valencia,Urbana San José,,,,VE081407,Valencia,,,,VE0814,Carabobo,,,,VE08,Venezuela (República Bolivariana de),,,,VE,2021/02/23,,83.35666533,v01,es,,,,Venezuela (Bolivarian Republic of),Urbana San Jose,10.1990245,-68.05020526,7.28,V,0.0,0,0,0.0
VE081407,EMSR884/AOI09 - Valencia,Urbana San José,,,,VE081407,Valencia,,,,VE0814,Carabobo,,,,VE08,Venezuela (República Bolivariana de),,,,VE,2021/02/23,,83.35666533,v01,es,,,,Venezuela (Bolivarian Republic of),Urbana San Jose,10.1990245,-68.05020526,7.28,VI,24.61,14,0,25.0
VE081407,EMSR884/AOI09 - Valencia,Urbana San José,,,,VE081407,Valencia,,,,VE0814,Carabobo,,,,VE08,Venezuela (República Bolivariana de),,,,VE,2021/02/23,,83.35666533,v01,es,,,,Venezuela (Bolivarian Republic of),Urbana San Jose,10.1990245,-68.05020526,7.28,VII,59.275,30289,284,111827.0
VE081407,EMSR884/AOI09 - Valencia,Urbana San José,,,,VE081407,Valencia,,,,VE0814,Carabobo,,,,VE08,Venezuela (República Bolivariana de),,,,VE,2021/02/23,,83.35666533,v01,es,,,,Venezuela (Bolivarian Republic of),Urbana San Jose,10.1990245,-68.05020526,7.28,VIII,0.0,0,0,0.0
VE081407,EMSR884/AOI09 - Valencia,Urbana San José,,,,VE081407,Valencia,,,,VE0814,Carabobo,,,,VE08,Venezuela (República Bolivariana de),,,,VE,2021/02/23,,83.35666533,v01,es,,,,Venezuela (Bolivarian Republic of),Urbana San Jose,10.1990245,-68.05020526,7.28,IX,0.0,0,0,0.0
VE081407,EMSR884/AOI09 - Valencia,Urbana San José,,,,VE081407,Valencia,,,,VE0814,Carabobo,,,,VE08,Venezuela (República Bolivariana de),,,,VE,2021/02/23,,83.35666533,v01,es,,,,Venezuela (Bolivarian Republic of),Urbana San Jose,10.1990245,-68.05020526,7.28,X+,0.0,0,0,0.0
VE081408,EMSR884/AOI09 - Valencia,Urbana Santa Rosa,,,,VE081408,Valencia,,,,VE0814,Carabobo,,,,VE08,Venezuela (República Bolivariana de),,,,VE,2021/02/23,,32.86414394,v01,es,,,,Venezuela (Bolivarian Republic of),Urbana Santa Rosa,10.1229995,-67.98501471,3.39,I,0.0,0,0,0.0
VE081408,EMSR884/AOI09 - Valencia,Urbana Santa Rosa,,,,VE081408,Valencia,,,,VE0814,Carabobo,,,,VE08,Venezuela (República Bolivariana de),,,,VE,2021/02/23,,32.86414394,v01,es,,,,Venezuela (Bolivarian Republic of),Urbana Santa Rosa,10.1229995,-67.98501471,3.39,II-III,0.0,0,0,0.0
VE081408,EMSR884/AOI09 - Valencia,Urbana Santa Rosa,,,,VE081408,Valencia,,,,VE0814,Carabobo,,,,VE08,Venezuela (República Bolivariana de),,,,VE,2021/02/23,,32.86414394,v01,es,,,,Venezuela (Bolivarian Republic of),Urbana Santa Rosa,10.1229995,-67.98501471,3.39,IV,0.0,0,0,0.0
VE081408,EMSR884/AOI09 - Valencia,Urbana Santa Rosa,,,,VE081408,Valencia,,,,VE0814,Carabobo,,,,VE08,Venezuela (República Bolivariana de),,,,VE,2021/02/23,,32.86414394,v01,es,,,,Venezuela (Bolivarian Republic of),Urbana Santa Rosa,10.1229995,-67.98501471,3.39,V,0.0,0,0,0.0
VE081408,EMSR884/AOI09 - Valencia,Urbana Santa Rosa,,,,VE081408,Valencia,,,,VE0814,Carabobo,,,,VE08,Venezuela (República Bolivariana de),,,,VE,2021/02/23,,32.86414394,v01,es,,,,Venezuela (Bolivarian Republic of),Urbana Santa Rosa,10.1229995,-67.98501471,3.39,VI,0.0,0,0,0.0
VE081408,EMSR884/AOI09 - Valencia,Urbana Santa Rosa,,,,VE081408,Valencia,,,,VE0814,Carabobo,,,,VE08,Venezuela (República Bolivariana de),,,,VE,2021/02/23,,32.86414394,v01,es,,,,Venezuela (Bolivarian Republic of),Urbana Santa Rosa,10.1229995,-67.98501471,3.39,VII,33.072,19029,39,64698.0
VE081408,EMSR884/AOI09 - Valencia,Urbana Santa Rosa,,,,VE081408,Valencia,,,,VE0814,Carabobo,,,,VE08,Venezuela (República Bolivariana de),,,,VE,2021/02/23,,32.86414394,v01,es,,,,Venezuela (Bolivarian Republic of),Urbana Santa Rosa,10.1229995,-67.98501471,3.39,VIII,0.0,0,0,0.0
VE081408,EMSR884/AOI09 - Valencia,Urbana Santa Rosa,,,,VE081408,Valencia,,,,VE0814,Carabobo,,,,VE08,Venezuela (República Bolivariana de),,,,VE,2021/02/23,,32.86414394,v01,es,,,,Venezuela (Bolivarian Republic of),Urbana Santa Rosa,10.1229995,-67.98501471,3.39,IX,0.0,0,0,0.0
VE081408,EMSR884/AOI09 - Valencia,Urbana Santa Rosa,,,,VE081408,Valencia,,,,VE0814,Carabobo,,,,VE08,Venezuela (República Bolivariana de),,,,VE,2021/02/23,,32.86414394,v01,es,,,,Venezuela (Bolivarian Republic of),Urbana Santa Rosa,10.1229995,-67.98501471,3.39,X+,0.0,0,0,0.0
VE121201,EMSR884/AOI11 - Villa de Cura,Capital San Juan de los Morros,,,,VE121201,Juan Germán Roscio,,,,VE1212,Guárico,,,,VE12,Venezuela (República Bolivariana de),,,,VE,2021/02/23,,581.76748832,v01,es,,,,Venezuela (Bolivarian Republic of),Capital San Juan de los Morros,9.89283762,-67.33969157,7.24,I,0.0,0,0,0.0
VE121201,EMSR884/AOI11 - Villa de Cura,Capital San Juan de los Morros,,,,VE121201,Juan Germán Roscio,,,,VE1212,Guárico,,,,VE12,Venezuela (República Bolivariana de),,,,VE,2021/02/23,,581.76748832,v01,es,,,,Venezuela (Bolivarian Republic of),Capital San Juan de los Morros,9.89283762,-67.33969157,7.24,II-III,0.0,0,0,0.0
VE121201,EMSR884/AOI11 - Villa de Cura,Capital San Juan de los Morros,,,,VE121201,Juan Germán Roscio,,,,VE1212,Guárico,,,,VE12,Venezuela (República Bolivariana de),,,,VE,2021/02/23,,581.76748832,v01,es,,,,Venezuela (Bolivarian Republic of),Capital San Juan de los Morros,9.89283762,-67.33969157,7.24,IV,0.0,0,0,0.0
VE121201,EMSR884/AOI11 - Villa de Cura,Capital San Juan de los Morros,,,,VE121201,Juan Germán Roscio,,,,VE1212,Guárico,,,,VE12,Venezuela (República Bolivariana de),,,,VE,2021/02/23,,581.76748832,v01,es,,,,Venezuela (Bolivarian Republic of),Capital San Juan de los Morros,9.89283762,-67.33969157,7.24,V,243.313,13838,33,23668.0
VE121201,EMSR884/AOI11 - Villa de Cura,Capital San Juan de los Morros,,,,VE121201,Juan Germán Roscio,,,,VE1212,Guárico,,,,VE12,Venezuela (República Bolivariana de),,,,VE,2021/02/23,,581.76748832,v01,es,,,,Venezuela (Bolivarian Republic of),Capital San Juan de los Morros,9.89283762,-67.33969157,7.24,VI,342.135,32387,579,71444.0
VE121201,EMSR884/AOI11 - Villa de Cura,Capital San Juan de los Morros,,,,VE121201,Juan Germán Roscio,,,,VE1212,Guárico,,,,VE12,Venezuela (República Bolivariana de),,,,VE,2021/02/23,,581.76748832,v01,es,,,,Venezuela (Bolivarian Republic of),Capital San Juan de los Morros,9.89283762,-67.33969157,7.24,VII,0.0,0,0,0.0
VE121201,EMSR884/AOI11 - Villa de Cura,Capital San Juan de los Morros,,,,VE121201,Juan Germán Roscio,,,,VE1212,Guárico,,,,VE12,Venezuela (República Bolivariana de),,,,VE,2021/02/23,,581.76748832,v01,es,,,,Venezuela (Bolivarian Republic of),Capital San Juan de los Morros,9.89283762,-67.33969157,7.24,VIII,0.0,0,0,0.0
VE121201,EMSR884/AOI11 - Villa de Cura,Capital San Juan de los Morros,,,,VE121201,Juan Germán Roscio,,,,VE1212,Guárico,,,,VE12,Venezuela (República Bolivariana de),,,,VE,2021/02/23,,581.76748832,v01,es,,,,Venezuela (Bolivarian Republic of),Capital San Juan de los Morros,9.89283762,-67.33969157,7.24,IX,0.0,0,0,0.0
VE121201,EMSR884/AOI11 - Villa de Cura,Capital San Juan de los Morros,,,,VE121201,Juan Germán Roscio,,,,VE1212,Guárico,,,,VE12,Venezuela (República Bolivariana de),,,,VE,2021/02/23,,581.76748832,v01,es,,,,Venezuela (Bolivarian Republic of),Capital San Juan de los Morros,9.89283762,-67.33969157,7.24,X+,0.0,0,0,0.0
VE150301,EMSR884/AOI01 - Petare; EMSR884/AOI02 - Caracas,Nuestra Señora del Rosario de Baruta,,,,VE150301,Baruta,,,,VE1503,Miranda,,,,VE15,Venezuela (República Bolivariana de),,,,VE,2021/02/23,,80.85138044,v01,es,,,,Venezuela (Bolivarian Republic of),Nuestra Senora del Rosario de Baruta,10.4157765,-66.87300327,8.1,I,0.0,0,0,0.0
VE150301,EMSR884/AOI01 - Petare; EMSR884/AOI02 - Caracas,Nuestra Señora del Rosario de Baruta,,,,VE150301,Baruta,,,,VE1503,Miranda,,,,VE15,Venezuela (República Bolivariana de),,,,VE,2021/02/23,,80.85138044,v01,es,,,,Venezuela (Bolivarian Republic of),Nuestra Senora del Rosario de Baruta,10.4157765,-66.87300327,8.1,II-III,0.0,0,0,0.0
VE150301,EMSR884/AOI01 - Petare; EMSR884/AOI02 - Caracas,Nuestra Señora del Rosario de Baruta,,,,VE150301,Baruta,,,,VE1503,Miranda,,,,VE15,Venezuela (República Bolivariana de),,,,VE,2021/02/23,,80.85138044,v01,es,,,,Venezuela (Bolivarian Republic of),Nuestra Senora del Rosario de Baruta,10.4157765,-66.87300327,8.1,IV,0.0,0,0,0.0
VE150301,EMSR884/AOI01 - Petare; EMSR884/AOI02 - Caracas,Nuestra Señora del Rosario de Baruta,,,,VE150301,Baruta,,,,VE1503,Miranda,,,,VE15,Venezuela (República Bolivariana de),,,,VE,2021/02/23,,80.85138044,v01,es,,,,Venezuela (Bolivarian Republic of),Nuestra Senora del Rosario de Baruta,10.4157765,-66.87300327,8.1,V,0.0,0,0,0.0
VE150301,EMSR884/AOI01 - Petare; EMSR884/AOI02 - Caracas,Nuestra Señora del Rosario de Baruta,,,,VE150301,Baruta,,,,VE1503,Miranda,,,,VE15,Venezuela (República Bolivariana de),,,,VE,2021/02/23,,80.85138044,v01,es,,,,Venezuela (Bolivarian Republic of),Nuestra Senora del Rosario de Baruta,10.4157765,-66.87300327,8.1,VI,39.488,7184,119,28775.0
VE150301,EMSR884/AOI01 - Petare; EMSR884/AOI02 - Caracas,Nuestra Señora del Rosario de Baruta,,,,VE150301,Baruta,,,,VE1503,Miranda,,,,VE15,Venezuela (República Bolivariana de),,,,VE,2021/02/23,,80.85138044,v01,es,,,,Venezuela (Bolivarian Republic of),Nuestra Senora del Rosario de Baruta,10.4157765,-66.87300327,8.1,VII,41.872,28766,3974,201607.0
VE150301,EMSR884/AOI01 - Petare; EMSR884/AOI02 - Caracas,Nuestra Señora del Rosario de Baruta,,,,VE150301,Baruta,,,,VE1503,Miranda,,,,VE15,Venezuela (República Bolivariana de),,,,VE,2021/02/23,,80.85138044,v01,es,,,,Venezuela (Bolivarian Republic of),Nuestra Senora del Rosario de Baruta,10.4157765,-66.87300327,8.1,VIII,0.0,0,0,0.0
VE150301,EMSR884/AOI01 - Petare; EMSR884/AOI02 - Caracas,Nuestra Señora del Rosario de Baruta,,,,VE150301,Baruta,,,,VE1503,Miranda,,,,VE15,Venezuela (República Bolivariana de),,,,VE,2021/02/23,,80.85138044,v01,es,,,,Venezuela (Bolivarian Republic of),Nuestra Senora del Rosario de Baruta,10.4157765,-66.87300327,8.1,IX,0.0,0,0,0.0
VE150301,EMSR884/AOI01 - Petare; EMSR884/AOI02 - Caracas,Nuestra Señora del Rosario de Baruta,,,,VE150301,Baruta,,,,VE1503,Miranda,,,,VE15,Venezuela (República Bolivariana de),,,,VE,2021/02/23,,80.85138044,v01,es,,,,Venezuela (Bolivarian Republic of),Nuestra Senora del Rosario de Baruta,10.4157765,-66.87300327,8.1,X+,0.0,0,0,0.0
VE150302,EMSR884/AOI01 - Petare; EMSR884/AOI02 - Caracas,El Cafetal,,,,VE150302,Baruta,,,,VE1503,Miranda,,,,VE15,Venezuela (República Bolivariana de),,,,VE,2021/02/23,,8.48172546,v01,es,,,,Venezuela (Bolivarian Republic of),El Cafetal,10.4680275,-66.8394483,2.18,I,0.0,0,0,0.0
VE150302,EMSR884/AOI01 - Petare; EMSR884/AOI02 - Caracas,El Cafetal,,,,VE150302,Baruta,,,,VE1503,Miranda,,,,VE15,Venezuela (República Bolivariana de),,,,VE,2021/02/23,,8.48172546,v01,es,,,,Venezuela (Bolivarian Republic of),El Cafetal,10.4680275,-66.8394483,2.18,II-III,0.0,0,0,0.0
VE150302,EMSR884/AOI01 - Petare; EMSR884/AOI02 - Caracas,El Cafetal,,,,VE150302,Baruta,,,,VE1503,Miranda,,,,VE15,Venezuela (República Bolivariana de),,,,VE,2021/02/23,,8.48172546,v01,es,,,,Venezuela (Bolivarian Republic of),El Cafetal,10.4680275,-66.8394483,2.18,IV,0.0,0,0,0.0
VE150302,EMSR884/AOI01 - Petare; EMSR884/AOI02 - Caracas,El Cafetal,,,,VE150302,Baruta,,,,VE1503,Miranda,,,,VE15,Venezuela (República Bolivariana de),,,,VE,2021/02/23,,8.48172546,v01,es,,,,Venezuela (Bolivarian Republic of),El Cafetal,10.4680275,-66.8394483,2.18,V,0.0,0,0,0.0
VE150302,EMSR884/AOI01 - Petare; EMSR884/AOI02 - Caracas,El Cafetal,,,,VE150302,Baruta,,,,VE1503,Miranda,,,,VE15,Venezuela (República Bolivariana de),,,,VE,2021/02/23,,8.48172546,v01,es,,,,Venezuela (Bolivarian Republic of),El Cafetal,10.4680275,-66.8394483,2.18,VI,3.334,3473,424,26342.0
VE150302,EMSR884/AOI01 - Petare; EMSR884/AOI02 - Caracas,El Cafetal,,,,VE150302,Baruta,,,,VE1503,Miranda,,,,VE15,Venezuela (República Bolivariana de),,,,VE,2021/02/23,,8.48172546,v01,es,,,,Venezuela (Bolivarian Republic of),El Cafetal,10.4680275,-66.8394483,2.18,VII,5.201,4515,516,36062.0
VE150302,EMSR884/AOI01 - Petare; EMSR884/AOI02 - Caracas,El Cafetal,,,,VE150302,Baruta,,,,VE1503,Miranda,,,,VE15,Venezuela (República Bolivariana de),,,,VE,2021/02/23,,8.48172546,v01,es,,,,Venezuela (Bolivarian Republic of),El Cafetal,10.4680275,-66.8394483,2.18,VIII,0.0,0,0,0.0
VE150302,EMSR884/AOI01 - Petare; EMSR884/AOI02 - Caracas,El Cafetal,,,,VE150302,Baruta,,,,VE1503,Miranda,,,,VE15,Venezuela (República Bolivariana de),,,,VE,2021/02/23,,8.48172546,v01,es,,,,Venezuela (Bolivarian Republic of),El Cafetal,10.4680275,-66.8394483,2.18,IX,0.0,0,0,0.0
VE150302,EMSR884/AOI01 - Petare; EMSR884/AOI02 - Caracas,El Cafetal,,,,VE150302,Baruta,,,,VE1503,Miranda,,,,VE15,Venezuela (República Bolivariana de),,,,VE,2021/02/23,,8.48172546,v01,es,,,,Venezuela (Bolivarian Republic of),El Cafetal,10.4680275,-66.8394483,2.18,X+,0.0,0,0,0.0
VE150303,EMSR884/AOI01 - Petare; EMSR884/AOI02 - Caracas,Las Minas de Baruta,,,,VE150303,Baruta,,,,VE1503,Miranda,,,,VE15,Venezuela (República Bolivariana de),,,,VE,2021/02/23,,4.36348258,v01,es,,,,Venezuela (Bolivarian Republic of),Las Minas de Baruta,10.461111,-66.85937374,1.0,I,0.0,0,0,0.0
VE150303,EMSR884/AOI01 - Petare; EMSR884/AOI02 - Caracas,Las Minas de Baruta,,,,VE150303,Baruta,,,,VE1503,Miranda,,,,VE15,Venezuela (República Bolivariana de),,,,VE,2021/02/23,,4.36348258,v01,es,,,,Venezuela (Bolivarian Republic of),Las Minas de Baruta,10.461111,-66.85937374,1.0,II-III,0.0,0,0,0.0
VE150303,EMSR884/AOI01 - Petare; EMSR884/AOI02 - Caracas,Las Minas de Baruta,,,,VE150303,Baruta,,,,VE1503,Miranda,,,,VE15,Venezuela (República Bolivariana de),,,,VE,2021/02/23,,4.36348258,v01,es,,,,Venezuela (Bolivarian Republic of),Las Minas de Baruta,10.461111,-66.85937374,1.0,IV,0.0,0,0,0.0
VE150303,EMSR884/AOI01 - Petare; EMSR884/AOI02 - Caracas,Las Minas de Baruta,,,,VE150303,Baruta,,,,VE1503,Miranda,,,,VE15,Venezuela (República Bolivariana de),,,,VE,2021/02/23,,4.36348258,v01,es,,,,Venezuela (Bolivarian Republic of),Las Minas de Baruta,10.461111,-66.85937374,1.0,V,0.0,0,0,0.0
VE150303,EMSR884/AOI01 - Petare; EMSR884/AOI02 - Caracas,Las Minas de Baruta,,,,VE150303,Baruta,,,,VE1503,Miranda,,,,VE15,Venezuela (República Bolivariana de),,,,VE,2021/02/23,,4.36348258,v01,es,,,,Venezuela (Bolivarian Republic of),Las Minas de Baruta,10.461111,-66.85937374,1.0,VI,0.0,0,0,0.0
VE150303,EMSR884/AOI01 - Petare; EMSR884/AOI02 - Caracas,Las Minas de Baruta,,,,VE150303,Baruta,,,,VE1503,Miranda,,,,VE15,Venezuela (República Bolivariana de),,,,VE,2021/02/23,,4.36348258,v01,es,,,,Venezuela (Bolivarian Republic of),Las Minas de Baruta,10.461111,-66.85937374,1.0,VII,4.391,4098,378,26796.0
VE150303,EMSR884/AOI01 - Petare; EMSR884/AOI02 - Caracas,Las Minas de Baruta,,,,VE150303,Baruta,,,,VE1503,Miranda,,,,VE15,Venezuela (República Bolivariana de),,,,VE,2021/02/23,,4.36348258,v01,es,,,,Venezuela (Bolivarian Republic of),Las Minas de Baruta,10.461111,-66.85937374,1.0,VIII,0.0,0,0,0.0
VE150303,EMSR884/AOI01 - Petare; EMSR884/AOI02 - Caracas,Las Minas de Baruta,,,,VE150303,Baruta,,,,VE1503,Miranda,,,,VE15,Venezuela (República Bolivariana de),,,,VE,2021/02/23,,4.36348258,v01,es,,,,Venezuela (Bolivarian Republic of),Las Minas de Baruta,10.461111,-66.85937374,1.0,IX,0.0,0,0,0.0
VE150303,EMSR884/AOI01 - Petare; EMSR884/AOI02 - Caracas,Las Minas de Baruta,,,,VE150303,Baruta,,,,VE1503,Miranda,,,,VE15,Venezuela (República Bolivariana de),,,,VE,2021/02/23,,4.36348258,v01,es,,,,Venezuela (Bolivarian Republic of),Las Minas de Baruta,10.461111,-66.85937374,1.0,X+,0.0,0,0,0.0
VE150701,EMSR884/AOI01 - Petare; EMSR884/AOI02 - Caracas,Chacao,,,,VE150701,Chacao,,,,VE1507,Miranda,,,,VE15,Venezuela (República Bolivariana de),,,,VE,2021/02/23,,19.34472955,v01,es,,,,Venezuela (Bolivarian Republic of),Chacao,10.516405,-66.85111069,3.01,I,0.0,0,0,0.0
VE150701,EMSR884/AOI01 - Petare; EMSR884/AOI02 - Caracas,Chacao,,,,VE150701,Chacao,,,,VE1507,Miranda,,,,VE15,Venezuela (República Bolivariana de),,,,VE,2021/02/23,,19.34472955,v01,es,,,,Venezuela (Bolivarian Republic of),Chacao,10.516405,-66.85111069,3.01,II-III,0.0,0,0,0.0
VE150701,EMSR884/AOI01 - Petare; EMSR884/AOI02 - Caracas,Chacao,,,,VE150701,Chacao,,,,VE1507,Miranda,,,,VE15,Venezuela (República Bolivariana de),,,,VE,2021/02/23,,19.34472955,v01,es,,,,Venezuela (Bolivarian Republic of),Chacao,10.516405,-66.85111069,3.01,IV,0.0,0,0,0.0
VE150701,EMSR884/AOI01 - Petare; EMSR884/AOI02 - Caracas,Chacao,,,,VE150701,Chacao,,,,VE1507,Miranda,,,,VE15,Venezuela (República Bolivariana de),,,,VE,2021/02/23,,19.34472955,v01,es,,,,Venezuela (Bolivarian Republic of),Chacao,10.516405,-66.85111069,3.01,V,0.0,0,0,0.0
VE150701,EMSR884/AOI01 - Petare; EMSR884/AOI02 - Caracas,Chacao,,,,VE150701,Chacao,,,,VE1507,Miranda,,,,VE15,Venezuela (República Bolivariana de),,,,VE,2021/02/23,,19.34472955,v01,es,,,,Venezuela (Bolivarian Republic of),Chacao,10.516405,-66.85111069,3.01,VI,0.0,0,0,0.0
VE150701,EMSR884/AOI01 - Petare; EMSR884/AOI02 - Caracas,Chacao,,,,VE150701,Chacao,,,,VE1507,Miranda,,,,VE15,Venezuela (República Bolivariana de),,,,VE,2021/02/23,,19.34472955,v01,es,,,,Venezuela (Bolivarian Republic of),Chacao,10.516405,-66.85111069,3.01,VII,13.043,9588,1757,71963.0
VE150701,EMSR884/AOI01 - Petare; EMSR884/AOI02 - Caracas,Chacao,,,,VE150701,Chacao,,,,VE1507,Miranda,,,,VE15,Venezuela (República Bolivariana de),,,,VE,2021/02/23,,19.34472955,v01,es,,,,Venezuela (Bolivarian Republic of),Chacao,10.516405,-66.85111069,3.01,VIII,6.423,1,0,28.0
VE150701,EMSR884/AOI01 - Petare; EMSR884/AOI02 - Caracas,Chacao,,,,VE150701,Chacao,,,,VE1507,Miranda,,,,VE15,Venezuela (República Bolivariana de),,,,VE,2021/02/23,,19.34472955,v01,es,,,,Venezuela (Bolivarian Republic of),Chacao,10.516405,-66.85111069,3.01,IX,0.0,0,0,0.0
VE150701,EMSR884/AOI01 - Petare; EMSR884/AOI02 - Caracas,Chacao,,,,VE150701,Chacao,,,,VE1507,Miranda,,,,VE15,Venezuela (República Bolivariana de),,,,VE,2021/02/23,,19.34472955,v01,es,,,,Venezuela (Bolivarian Republic of),Chacao,10.516405,-66.85111069,3.01,X+,0.0,0,0,0.0
VE150901,EMSR884/AOI01 - Petare; EMSR884/AOI02 - Caracas,El Hatillo,,,,VE150901,El Hatillo,,,,VE1509,Miranda,,,,VE15,Venezuela (República Bolivariana de),,,,VE,2021/02/23,,113.75448218,v01,es,,,,Venezuela (Bolivarian Republic of),El Hatillo,10.4073985,-66.79685734,4.88,I,0.0,0,0,0.0
VE150901,EMSR884/AOI01 - Petare; EMSR884/AOI02 - Caracas,El Hatillo,,,,VE150901,El Hatillo,,,,VE1509,Miranda,,,,VE15,Venezuela (República Bolivariana de),,,,VE,2021/02/23,,113.75448218,v01,es,,,,Venezuela (Bolivarian Republic of),El Hatillo,10.4073985,-66.79685734,4.88,II-III,0.0,0,0,0.0
VE150901,EMSR884/AOI01 - Petare; EMSR884/AOI02 - Caracas,El Hatillo,,,,VE150901,El Hatillo,,,,VE1509,Miranda,,,,VE15,Venezuela (República Bolivariana de),,,,VE,2021/02/23,,113.75448218,v01,es,,,,Venezuela (Bolivarian Republic of),El Hatillo,10.4073985,-66.79685734,4.88,IV,0.0,0,0,0.0
VE150901,EMSR884/AOI01 - Petare; EMSR884/AOI02 - Caracas,El Hatillo,,,,VE150901,El Hatillo,,,,VE1509,Miranda,,,,VE15,Venezuela (República Bolivariana de),,,,VE,2021/02/23,,113.75448218,v01,es,,,,Venezuela (Bolivarian Republic of),El Hatillo,10.4073985,-66.79685734,4.88,V,0.0,0,0,0.0
VE150901,EMSR884/AOI01 - Petare; EMSR884/AOI02 - Caracas,El Hatillo,,,,VE150901,El Hatillo,,,,VE1509,Miranda,,,,VE15,Venezuela (República Bolivariana de),,,,VE,2021/02/23,,113.75448218,v01,es,,,,Venezuela (Bolivarian Republic of),El Hatillo,10.4073985,-66.79685734,4.88,VI,25.511,1942,106,10100.0
VE150901,EMSR884/AOI01 - Petare; EMSR884/AOI02 - Caracas,El Hatillo,,,,VE150901,El Hatillo,,,,VE1509,Miranda,,,,VE15,Venezuela (República Bolivariana de),,,,VE,2021/02/23,,113.75448218,v01,es,,,,Venezuela (Bolivarian Republic of),El Hatillo,10.4073985,-66.79685734,4.88,VII,88.959,23056,1497,124777.0
VE150901,EMSR884/AOI01 - Petare; EMSR884/AOI02 - Caracas,El Hatillo,,,,VE150901,El Hatillo,,,,VE1509,Miranda,,,,VE15,Venezuela (República Bolivariana de),,,,VE,2021/02/23,,113.75448218,v01,es,,,,Venezuela (Bolivarian Republic of),El Hatillo,10.4073985,-66.79685734,4.88,VIII,0.0,0,0,0.0
VE150901,EMSR884/AOI01 - Petare; EMSR884/AOI02 - Caracas,El Hatillo,,,,VE150901,El Hatillo,,,,VE1509,Miranda,,,,VE15,Venezuela (República Bolivariana de),,,,VE,2021/02/23,,113.75448218,v01,es,,,,Venezuela (Bolivarian Republic of),El Hatillo,10.4073985,-66.79685734,4.88,IX,0.0,0,0,0.0
VE150901,EMSR884/AOI01 - Petare; EMSR884/AOI02 - Caracas,El Hatillo,,,,VE150901,El Hatillo,,,,VE1509,Miranda,,,,VE15,Venezuela (República Bolivariana de),,,,VE,2021/02/23,,113.75448218,v01,es,,,,Venezuela (Bolivarian Republic of),El Hatillo,10.4073985,-66.79685734,4.88,X+,0.0,0,0,0.0
VE151301,EMSR884/AOI02 - Caracas,San Antonio de los Altos,,,,VE151301,Los Salías,,,,VE1513,Miranda,,,,VE15,Venezuela (República Bolivariana de),,,,VE,2021/02/23,,57.3234601,v01,es,,,,Venezuela (Bolivarian Republic of),San Antonio de los Altos,10.3848485,-66.95892837,3.66,I,0.0,0,0,0.0
VE151301,EMSR884/AOI02 - Caracas,San Antonio de los Altos,,,,VE151301,Los Salías,,,,VE1513,Miranda,,,,VE15,Venezuela (República Bolivariana de),,,,VE,2021/02/23,,57.3234601,v01,es,,,,Venezuela (Bolivarian Republic of),San Antonio de los Altos,10.3848485,-66.95892837,3.66,II-III,0.0,0,0,0.0
VE151301,EMSR884/AOI02 - Caracas,San Antonio de los Altos,,,,VE151301,Los Salías,,,,VE1513,Miranda,,,,VE15,Venezuela (República Bolivariana de),,,,VE,2021/02/23,,57.3234601,v01,es,,,,Venezuela (Bolivarian Republic of),San Antonio de los Altos,10.3848485,-66.95892837,3.66,IV,0.0,0,0,0.0
VE151301,EMSR884/AOI02 - Caracas,San Antonio de los Altos,,,,VE151301,Los Salías,,,,VE1513,Miranda,,,,VE15,Venezuela (República Bolivariana de),,,,VE,2021/02/23,,57.3234601,v01,es,,,,Venezuela (Bolivarian Republic of),San Antonio de los Altos,10.3848485,-66.95892837,3.66,V,0.0,0,0,0.0
VE151301,EMSR884/AOI02 - Caracas,San Antonio de los Altos,,,,VE151301,Los Salías,,,,VE1513,Miranda,,,,VE15,Venezuela (República Bolivariana de),,,,VE,2021/02/23,,57.3234601,v01,es,,,,Venezuela (Bolivarian Republic of),San Antonio de los Altos,10.3848485,-66.95892837,3.66,VI,57.647,15644,541,92740.0
VE151301,EMSR884/AOI02 - Caracas,San Antonio de los Altos,,,,VE151301,Los Salías,,,,VE1513,Miranda,,,,VE15,Venezuela (República Bolivariana de),,,,VE,2021/02/23,,57.3234601,v01,es,,,,Venezuela (Bolivarian Republic of),San Antonio de los Altos,10.3848485,-66.95892837,3.66,VII,0.038,3,0,2.0
VE151301,EMSR884/AOI02 - Caracas,San Antonio de los Altos,,,,VE151301,Los Salías,,,,VE1513,Miranda,,,,VE15,Venezuela (República Bolivariana de),,,,VE,2021/02/23,,57.3234601,v01,es,,,,Venezuela (Bolivarian Republic of),San Antonio de los Altos,10.3848485,-66.95892837,3.66,VIII,0.0,0,0,0.0
VE151301,EMSR884/AOI02 - Caracas,San Antonio de los Altos,,,,VE151301,Los Salías,,,,VE1513,Miranda,,,,VE15,Venezuela (República Bolivariana de),,,,VE,2021/02/23,,57.3234601,v01,es,,,,Venezuela (Bolivarian Republic of),San Antonio de los Altos,10.3848485,-66.95892837,3.66,IX,0.0,0,0,0.0
VE151301,EMSR884/AOI02 - Caracas,San Antonio de los Altos,,,,VE151301,Los Salías,,,,VE1513,Miranda,,,,VE15,Venezuela (República Bolivariana de),,,,VE,2021/02/23,,57.3234601,v01,es,,,,Venezuela (Bolivarian Republic of),San Antonio de los Altos,10.3848485,-66.95892837,3.66,X+,0.0,0,0,0.0
VE151701,EMSR884/AOI01 - Petare,Guarenas,,,,VE151701,Plaza,,,,VE1517,Miranda,,,,VE15,Venezuela (República Bolivariana de),,,,VE,2021/02/23,,193.51307282,v01,es,,,,Venezuela (Bolivarian Republic of),Guarenas,10.4731185,-66.6520027,6.56,I,0.0,0,0,0.0
VE151701,EMSR884/AOI01 - Petare,Guarenas,,,,VE151701,Plaza,,,,VE1517,Miranda,,,,VE15,Venezuela (República Bolivariana de),,,,VE,2021/02/23,,193.51307282,v01,es,,,,Venezuela (Bolivarian Republic of),Guarenas,10.4731185,-66.6520027,6.56,II-III,0.0,0,0,0.0
VE151701,EMSR884/AOI01 - Petare,Guarenas,,,,VE151701,Plaza,,,,VE1517,Miranda,,,,VE15,Venezuela (República Bolivariana de),,,,VE,2021/02/23,,193.51307282,v01,es,,,,Venezuela (Bolivarian Republic of),Guarenas,10.4731185,-66.6520027,6.56,IV,0.0,0,0,0.0
VE151701,EMSR884/AOI01 - Petare,Guarenas,,,,VE151701,Plaza,,,,VE1517,Miranda,,,,VE15,Venezuela (República Bolivariana de),,,,VE,2021/02/23,,193.51307282,v01,es,,,,Venezuela (Bolivarian Republic of),Guarenas,10.4731185,-66.6520027,6.56,V,0.0,0,0,0.0
VE151701,EMSR884/AOI01 - Petare,Guarenas,,,,VE151701,Plaza,,,,VE1517,Miranda,,,,VE15,Venezuela (República Bolivariana de),,,,VE,2021/02/23,,193.51307282,v01,es,,,,Venezuela (Bolivarian Republic of),Guarenas,10.4731185,-66.6520027,6.56,VI,0.0,0,0,0.0
VE151701,EMSR884/AOI01 - Petare,Guarenas,,,,VE151701,Plaza,,,,VE1517,Miranda,,,,VE15,Venezuela (República Bolivariana de),,,,VE,2021/02/23,,193.51307282,v01,es,,,,Venezuela (Bolivarian Republic of),Guarenas,10.4731185,-66.6520027,6.56,VII,182.577,34732,28861,189755.0
VE151701,EMSR884/AOI01 - Petare,Guarenas,,,,VE151701,Plaza,,,,VE1517,Miranda,,,,VE15,Venezuela (República Bolivariana de),,,,VE,2021/02/23,,193.51307282,v01,es,,,,Venezuela (Bolivarian Republic of),Guarenas,10.4731185,-66.6520027,6.56,VIII,12.156,1,0,1.0
VE151701,EMSR884/AOI01 - Petare,Guarenas,,,,VE151701,Plaza,,,,VE1517,Miranda,,,,VE15,Venezuela (República Bolivariana de),,,,VE,2021/02/23,,193.51307282,v01,es,,,,Venezuela (Bolivarian Republic of),Guarenas,10.4731185,-66.6520027,6.56,IX,0.0,0,0,0.0
VE151701,EMSR884/AOI01 - Petare,Guarenas,,,,VE151701,Plaza,,,,VE1517,Miranda,,,,VE15,Venezuela (República Bolivariana de),,,,VE,2021/02/23,,193.51307282,v01,es,,,,Venezuela (Bolivarian Republic of),Guarenas,10.4731185,-66.6520027,6.56,X+,0.0,0,0,0.0
VE151901,EMSR884/AOI01 - Petare; EMSR884/AOI02 - Caracas,Petare,,,,VE151901,Sucre,,,,VE1519,Miranda,,,,VE15,Venezuela (República Bolivariana de),,,,VE,2021/02/23,,49.90892675,v01,es,,,,Venezuela (Bolivarian Republic of),Petare,10.4983805,-66.79029622,7.41,I,0.0,0,0,0.0
VE151901,EMSR884/AOI01 - Petare; EMSR884/AOI02 - Caracas,Petare,,,,VE151901,Sucre,,,,VE1519,Miranda,,,,VE15,Venezuela (República Bolivariana de),,,,VE,2021/02/23,,49.90892675,v01,es,,,,Venezuela (Bolivarian Republic of),Petare,10.4983805,-66.79029622,7.41,II-III,0.0,0,0,0.0
VE151901,EMSR884/AOI01 - Petare; EMSR884/AOI02 - Caracas,Petare,,,,VE151901,Sucre,,,,VE1519,Miranda,,,,VE15,Venezuela (República Bolivariana de),,,,VE,2021/02/23,,49.90892675,v01,es,,,,Venezuela (Bolivarian Republic of),Petare,10.4983805,-66.79029622,7.41,IV,0.0,0,0,0.0
VE151901,EMSR884/AOI01 - Petare; EMSR884/AOI02 - Caracas,Petare,,,,VE151901,Sucre,,,,VE1519,Miranda,,,,VE15,Venezuela (República Bolivariana de),,,,VE,2021/02/23,,49.90892675,v01,es,,,,Venezuela (Bolivarian Republic of),Petare,10.4983805,-66.79029622,7.41,V,0.0,0,0,0.0
VE151901,EMSR884/AOI01 - Petare; EMSR884/AOI02 - Caracas,Petare,,,,VE151901,Sucre,,,,VE1519,Miranda,,,,VE15,Venezuela (República Bolivariana de),,,,VE,2021/02/23,,49.90892675,v01,es,,,,Venezuela (Bolivarian Republic of),Petare,10.4983805,-66.79029622,7.41,VI,0.221,153,9,455.0
VE151901,EMSR884/AOI01 - Petare; EMSR884/AOI02 - Caracas,Petare,,,,VE151901,Sucre,,,,VE1519,Miranda,,,,VE15,Venezuela (República Bolivariana de),,,,VE,2021/02/23,,49.90892675,v01,es,,,,Venezuela (Bolivarian Republic of),Petare,10.4983805,-66.79029622,7.41,VII,43.478,49414,16306,269318.0
VE151901,EMSR884/AOI01 - Petare; EMSR884/AOI02 - Caracas,Petare,,,,VE151901,Sucre,,,,VE1519,Miranda,,,,VE15,Venezuela (República Bolivariana de),,,,VE,2021/02/23,,49.90892675,v01,es,,,,Venezuela (Bolivarian Republic of),Petare,10.4983805,-66.79029622,7.41,VIII,6.525,5,0,42.0
VE151901,EMSR884/AOI01 - Petare; EMSR884/AOI02 - Caracas,Petare,,,,VE151901,Sucre,,,,VE1519,Miranda,,,,VE15,Venezuela (República Bolivariana de),,,,VE,2021/02/23,,49.90892675,v01,es,,,,Venezuela (Bolivarian Republic of),Petare,10.4983805,-66.79029622,7.41,IX,0.0,0,0,0.0
VE151901,EMSR884/AOI01 - Petare; EMSR884/AOI02 - Caracas,Petare,,,,VE151901,Sucre,,,,VE1519,Miranda,,,,VE15,Venezuela (República Bolivariana de),,,,VE,2021/02/23,,49.90892675,v01,es,,,,Venezuela (Bolivarian Republic of),Petare,10.4983805,-66.79029622,7.41,X+,0.0,0,0,0.0
VE151902,EMSR884/AOI01 - Petare,Caucaguita,,,,VE151902,Sucre,,,,VE1519,Miranda,,,,VE15,Venezuela (República Bolivariana de),,,,VE,2021/02/23,,55.87192536,v01,es,,,,Venezuela (Bolivarian Republic of),Caucaguita,10.4952635,-66.74256773,1.91,I,0.0,0,0,0.0
VE151902,EMSR884/AOI01 - Petare,Caucaguita,,,,VE151902,Sucre,,,,VE1519,Miranda,,,,VE15,Venezuela (República Bolivariana de),,,,VE,2021/02/23,,55.87192536,v01,es,,,,Venezuela (Bolivarian Republic of),Caucaguita,10.4952635,-66.74256773,1.91,II-III,0.0,0,0,0.0
VE151902,EMSR884/AOI01 - Petare,Caucaguita,,,,VE151902,Sucre,,,,VE1519,Miranda,,,,VE15,Venezuela (República Bolivariana de),,,,VE,2021/02/23,,55.87192536,v01,es,,,,Venezuela (Bolivarian Republic of),Caucaguita,10.4952635,-66.74256773,1.91,IV,0.0,0,0,0.0
VE151902,EMSR884/AOI01 - Petare,Caucaguita,,,,VE151902,Sucre,,,,VE1519,Miranda,,,,VE15,Venezuela (República Bolivariana de),,,,VE,2021/02/23,,55.87192536,v01,es,,,,Venezuela (Bolivarian Republic of),Caucaguita,10.4952635,-66.74256773,1.91,V,0.0,0,0,0.0
VE151902,EMSR884/AOI01 - Petare,Caucaguita,,,,VE151902,Sucre,,,,VE1519,Miranda,,,,VE15,Venezuela (República Bolivariana de),,,,VE,2021/02/23,,55.87192536,v01,es,,,,Venezuela (Bolivarian Republic of),Caucaguita,10.4952635,-66.74256773,1.91,VI,0.0,0,0,0.0
VE151902,EMSR884/AOI01 - Petare,Caucaguita,,,,VE151902,Sucre,,,,VE1519,Miranda,,,,VE15,Venezuela (República Bolivariana de),,,,VE,2021/02/23,,55.87192536,v01,es,,,,Venezuela (Bolivarian Republic of),Caucaguita,10.4952635,-66.74256773,1.91,VII,46.148,13538,353,66483.0
VE151902,EMSR884/AOI01 - Petare,Caucaguita,,,,VE151902,Sucre,,,,VE1519,Miranda,,,,VE15,Venezuela (República Bolivariana de),,,,VE,2021/02/23,,55.87192536,v01,es,,,,Venezuela (Bolivarian Republic of),Caucaguita,10.4952635,-66.74256773,1.91,VIII,10.076,25,0,110.0
VE151902,EMSR884/AOI01 - Petare,Caucaguita,,,,VE151902,Sucre,,,,VE1519,Miranda,,,,VE15,Venezuela (República Bolivariana de),,,,VE,2021/02/23,,55.87192536,v01,es,,,,Venezuela (Bolivarian Republic of),Caucaguita,10.4952635,-66.74256773,1.91,IX,0.0,0,0,0.0
VE151902,EMSR884/AOI01 - Petare,Caucaguita,,,,VE151902,Sucre,,,,VE1519,Miranda,,,,VE15,Venezuela (República Bolivariana de),,,,VE,2021/02/23,,55.87192536,v01,es,,,,Venezuela (Bolivarian Republic of),Caucaguita,10.4952635,-66.74256773,1.91,X+,0.0,0,0,0.0
VE151903,EMSR884/AOI01 - Petare,Filas de Mariches,,,,VE151903,Sucre,,,,VE1519,Miranda,,,,VE15,Venezuela (República Bolivariana de),,,,VE,2021/02/23,,33.5629033,v01,es,,,,Venezuela (Bolivarian Republic of),Filas de Mariches,10.42192,-66.72305297,1.12,I,0.0,0,0,0.0
VE151903,EMSR884/AOI01 - Petare,Filas de Mariches,,,,VE151903,Sucre,,,,VE1519,Miranda,,,,VE15,Venezuela (República Bolivariana de),,,,VE,2021/02/23,,33.5629033,v01,es,,,,Venezuela (Bolivarian Republic of),Filas de Mariches,10.42192,-66.72305297,1.12,II-III,0.0,0,0,0.0
VE151903,EMSR884/AOI01 - Petare,Filas de Mariches,,,,VE151903,Sucre,,,,VE1519,Miranda,,,,VE15,Venezuela (República Bolivariana de),,,,VE,2021/02/23,,33.5629033,v01,es,,,,Venezuela (Bolivarian Republic of),Filas de Mariches,10.42192,-66.72305297,1.12,IV,0.0,0,0,0.0
VE151903,EMSR884/AOI01 - Petare,Filas de Mariches,,,,VE151903,Sucre,,,,VE1519,Miranda,,,,VE15,Venezuela (República Bolivariana de),,,,VE,2021/02/23,,33.5629033,v01,es,,,,Venezuela (Bolivarian Republic of),Filas de Mariches,10.42192,-66.72305297,1.12,V,0.0,0,0,0.0
VE151903,EMSR884/AOI01 - Petare,Filas de Mariches,,,,VE151903,Sucre,,,,VE1519,Miranda,,,,VE15,Venezuela (República Bolivariana de),,,,VE,2021/02/23,,33.5629033,v01,es,,,,Venezuela (Bolivarian Republic of),Filas de Mariches,10.42192,-66.72305297,1.12,VI,12.172,353,0,1215.0
VE151903,EMSR884/AOI01 - Petare,Filas de Mariches,,,,VE151903,Sucre,,,,VE1519,Miranda,,,,VE15,Venezuela (República Bolivariana de),,,,VE,2021/02/23,,33.5629033,v01,es,,,,Venezuela (Bolivarian Republic of),Filas de Mariches,10.42192,-66.72305297,1.12,VII,21.603,9398,20,43494.0
VE151903,EMSR884/AOI01 - Petare,Filas de Mariches,,,,VE151903,Sucre,,,,VE1519,Miranda,,,,VE15,Venezuela (República Bolivariana de),,,,VE,2021/02/23,,33.5629033,v01,es,,,,Venezuela (Bolivarian Republic of),Filas de Mariches,10.42192,-66.72305297,1.12,VIII,0.0,0,0,0.0
VE151903,EMSR884/AOI01 - Petare,Filas de Mariches,,,,VE151903,Sucre,,,,VE1519,Miranda,,,,VE15,Venezuela (República Bolivariana de),,,,VE,2021/02/23,,33.5629033,v01,es,,,,Venezuela (Bolivarian Republic of),Filas de Mariches,10.42192,-66.72305297,1.12,IX,0.0,0,0,0.0
VE151903,EMSR884/AOI01 - Petare,Filas de Mariches,,,,VE151903,Sucre,,,,VE1519,Miranda,,,,VE15,Venezuela (República Bolivariana de),,,,VE,2021/02/23,,33.5629033,v01,es,,,,Venezuela (Bolivarian Republic of),Filas de Mariches,10.42192,-66.72305297,1.12,X+,0.0,0,0,0.0
VE151904,EMSR884/AOI01 - Petare,La Dolorita,,,,VE151904,Sucre,,,,VE1519,Miranda,,,,VE15,Venezuela (República Bolivariana de),,,,VE,2021/02/23,,12.60938517,v01,es,,,,Venezuela (Bolivarian Republic of),La Dolorita,10.461361,-66.77217435,1.96,I,0.0,0,0,0.0
VE151904,EMSR884/AOI01 - Petare,La Dolorita,,,,VE151904,Sucre,,,,VE1519,Miranda,,,,VE15,Venezuela (República Bolivariana de),,,,VE,2021/02/23,,12.60938517,v01,es,,,,Venezuela (Bolivarian Republic of),La Dolorita,10.461361,-66.77217435,1.96,II-III,0.0,0,0,0.0
VE151904,EMSR884/AOI01 - Petare,La Dolorita,,,,VE151904,Sucre,,,,VE1519,Miranda,,,,VE15,Venezuela (República Bolivariana de),,,,VE,2021/02/23,,12.60938517,v01,es,,,,Venezuela (Bolivarian Republic of),La Dolorita,10.461361,-66.77217435,1.96,IV,0.0,0,0,0.0
VE151904,EMSR884/AOI01 - Petare,La Dolorita,,,,VE151904,Sucre,,,,VE1519,Miranda,,,,VE15,Venezuela (República Bolivariana de),,,,VE,2021/02/23,,12.60938517,v01,es,,,,Venezuela (Bolivarian Republic of),La Dolorita,10.461361,-66.77217435,1.96,V,0.0,0,0,0.0
VE151904,EMSR884/AOI01 - Petare,La Dolorita,,,,VE151904,Sucre,,,,VE1519,Miranda,,,,VE15,Venezuela (República Bolivariana de),,,,VE,2021/02/23,,12.60938517,v01,es,,,,Venezuela (Bolivarian Republic of),La Dolorita,10.461361,-66.77217435,1.96,VI,0.404,0,0,152.0
VE151904,EMSR884/AOI01 - Petare,La Dolorita,,,,VE151904,Sucre,,,,VE1519,Miranda,,,,VE15,Venezuela (República Bolivariana de),,,,VE,2021/02/23,,12.60938517,v01,es,,,,Venezuela (Bolivarian Republic of),La Dolorita,10.461361,-66.77217435,1.96,VII,12.285,11268,308,66169.0
VE151904,EMSR884/AOI01 - Petare,La Dolorita,,,,VE151904,Sucre,,,,VE1519,Miranda,,,,VE15,Venezuela (República Bolivariana de),,,,VE,2021/02/23,,12.60938517,v01,es,,,,Venezuela (Bolivarian Republic of),La Dolorita,10.461361,-66.77217435,1.96,VIII,0.0,0,0,0.0
VE151904,EMSR884/AOI01 - Petare,La Dolorita,,,,VE151904,Sucre,,,,VE1519,Miranda,,,,VE15,Venezuela (República Bolivariana de),,,,VE,2021/02/23,,12.60938517,v01,es,,,,Venezuela (Bolivarian Republic of),La Dolorita,10.461361,-66.77217435,1.96,IX,0.0,0,0,0.0
VE151904,EMSR884/AOI01 - Petare,La Dolorita,,,,VE151904,Sucre,,,,VE1519,Miranda,,,,VE15,Venezuela (República Bolivariana de),,,,VE,2021/02/23,,12.60938517,v01,es,,,,Venezuela (Bolivarian Republic of),La Dolorita,10.461361,-66.77217435,1.96,X+,0.0,0,0,0.0
VE151905,EMSR884/AOI01 - Petare; EMSR884/AOI02 - Caracas,Leoncio Martínez,,,,VE151905,Sucre,,,,VE1519,Miranda,,,,VE15,Venezuela (República Bolivariana de),,,,VE,2021/02/23,,20.92280039,v01,es,,,,Venezuela (Bolivarian Republic of),Leoncio Martinez,10.5122315,-66.82719657,2.83,I,0.0,0,0,0.0
VE151905,EMSR884/AOI01 - Petare; EMSR884/AOI02 - Caracas,Leoncio Martínez,,,,VE151905,Sucre,,,,VE1519,Miranda,,,,VE15,Venezuela (República Bolivariana de),,,,VE,2021/02/23,,20.92280039,v01,es,,,,Venezuela (Bolivarian Republic of),Leoncio Martinez,10.5122315,-66.82719657,2.83,II-III,0.0,0,0,0.0
VE151905,EMSR884/AOI01 - Petare; EMSR884/AOI02 - Caracas,Leoncio Martínez,,,,VE151905,Sucre,,,,VE1519,Miranda,,,,VE15,Venezuela (República Bolivariana de),,,,VE,2021/02/23,,20.92280039,v01,es,,,,Venezuela (Bolivarian Republic of),Leoncio Martinez,10.5122315,-66.82719657,2.83,IV,0.0,0,0,0.0
VE151905,EMSR884/AOI01 - Petare; EMSR884/AOI02 - Caracas,Leoncio Martínez,,,,VE151905,Sucre,,,,VE1519,Miranda,,,,VE15,Venezuela (República Bolivariana de),,,,VE,2021/02/23,,20.92280039,v01,es,,,,Venezuela (Bolivarian Republic of),Leoncio Martinez,10.5122315,-66.82719657,2.83,V,0.0,0,0,0.0
VE151905,EMSR884/AOI01 - Petare; EMSR884/AOI02 - Caracas,Leoncio Martínez,,,,VE151905,Sucre,,,,VE1519,Miranda,,,,VE15,Venezuela (República Bolivariana de),,,,VE,2021/02/23,,20.92280039,v01,es,,,,Venezuela (Bolivarian Republic of),Leoncio Martinez,10.5122315,-66.82719657,2.83,VI,0.0,0,0,0.0
VE151905,EMSR884/AOI01 - Petare; EMSR884/AOI02 - Caracas,Leoncio Martínez,,,,VE151905,Sucre,,,,VE1519,Miranda,,,,VE15,Venezuela (República Bolivariana de),,,,VE,2021/02/23,,20.92280039,v01,es,,,,Venezuela (Bolivarian Republic of),Leoncio Martinez,10.5122315,-66.82719657,2.83,VII,14.279,8913,843,66276.0
VE151905,EMSR884/AOI01 - Petare; EMSR884/AOI02 - Caracas,Leoncio Martínez,,,,VE151905,Sucre,,,,VE1519,Miranda,,,,VE15,Venezuela (República Bolivariana de),,,,VE,2021/02/23,,20.92280039,v01,es,,,,Venezuela (Bolivarian Republic of),Leoncio Martinez,10.5122315,-66.82719657,2.83,VIII,6.775,0,0,0.0
VE151905,EMSR884/AOI01 - Petare; EMSR884/AOI02 - Caracas,Leoncio Martínez,,,,VE151905,Sucre,,,,VE1519,Miranda,,,,VE15,Venezuela (República Bolivariana de),,,,VE,2021/02/23,,20.92280039,v01,es,,,,Venezuela (Bolivarian Republic of),Leoncio Martinez,10.5122315,-66.82719657,2.83,IX,0.0,0,0,0.0
VE151905,EMSR884/AOI01 - Petare; EMSR884/AOI02 - Caracas,Leoncio Martínez,,,,VE151905,Sucre,,,,VE1519,Miranda,,,,VE15,Venezuela (República Bolivariana de),,,,VE,2021/02/23,,20.92280039,v01,es,,,,Venezuela (Bolivarian Republic of),Leoncio Martinez,10.5122315,-66.82719657,2.83,X+,0.0,0,0,0.0
VE220101,EMSR884/AOI08 - San Felipe,Arístides Bastidas,,,,VE220101,Arístides Bastidas,,,,VE2201,Yaracuy,,,,VE22,Venezuela (República Bolivariana de),,,,VE,2021/02/23,,64.12467442,v01,es,,,,Venezuela (Bolivarian Republic of),Aristides Bastidas,10.255794,-68.86161871,0.84,I,0.0,0,0,0.0
VE220101,EMSR884/AOI08 - San Felipe,Arístides Bastidas,,,,VE220101,Arístides Bastidas,,,,VE2201,Yaracuy,,,,VE22,Venezuela (República Bolivariana de),,,,VE,2021/02/23,,64.12467442,v01,es,,,,Venezuela (Bolivarian Republic of),Aristides Bastidas,10.255794,-68.86161871,0.84,II-III,0.0,0,0,0.0
VE220101,EMSR884/AOI08 - San Felipe,Arístides Bastidas,,,,VE220101,Arístides Bastidas,,,,VE2201,Yaracuy,,,,VE22,Venezuela (República Bolivariana de),,,,VE,2021/02/23,,64.12467442,v01,es,,,,Venezuela (Bolivarian Republic of),Aristides Bastidas,10.255794,-68.86161871,0.84,IV,0.0,0,0,0.0
VE220101,EMSR884/AOI08 - San Felipe,Arístides Bastidas,,,,VE220101,Arístides Bastidas,,,,VE2201,Yaracuy,,,,VE22,Venezuela (República Bolivariana de),,,,VE,2021/02/23,,64.12467442,v01,es,,,,Venezuela (Bolivarian Republic of),Aristides Bastidas,10.255794,-68.86161871,0.84,V,0.0,0,0,0.0
VE220101,EMSR884/AOI08 - San Felipe,Arístides Bastidas,,,,VE220101,Arístides Bastidas,,,,VE2201,Yaracuy,,,,VE22,Venezuela (República Bolivariana de),,,,VE,2021/02/23,,64.12467442,v01,es,,,,Venezuela (Bolivarian Republic of),Aristides Bastidas,10.255794,-68.86161871,0.84,VI,19.569,734,0,515.0
VE220101,EMSR884/AOI08 - San Felipe,Arístides Bastidas,,,,VE220101,Arístides Bastidas,,,,VE2201,Yaracuy,,,,VE22,Venezuela (República Bolivariana de),,,,VE,2021/02/23,,64.12467442,v01,es,,,,Venezuela (Bolivarian Republic of),Aristides Bastidas,10.255794,-68.86161871,0.84,VII,44.962,8471,0,11226.0
VE220101,EMSR884/AOI08 - San Felipe,Arístides Bastidas,,,,VE220101,Arístides Bastidas,,,,VE2201,Yaracuy,,,,VE22,Venezuela (República Bolivariana de),,,,VE,2021/02/23,,64.12467442,v01,es,,,,Venezuela (Bolivarian Republic of),Aristides Bastidas,10.255794,-68.86161871,0.84,VIII,0.0,0,0,0.0
VE220101,EMSR884/AOI08 - San Felipe,Arístides Bastidas,,,,VE220101,Arístides Bastidas,,,,VE2201,Yaracuy,,,,VE22,Venezuela (República Bolivariana de),,,,VE,2021/02/23,,64.12467442,v01,es,,,,Venezuela (Bolivarian Republic of),Aristides Bastidas,10.255794,-68.86161871,0.84,IX,0.0,0,0,0.0
VE220101,EMSR884/AOI08 - San Felipe,Arístides Bastidas,,,,VE220101,Arístides Bastidas,,,,VE2201,Yaracuy,,,,VE22,Venezuela (República Bolivariana de),,,,VE,2021/02/23,,64.12467442,v01,es,,,,Venezuela (Bolivarian Republic of),Aristides Bastidas,10.255794,-68.86161871,0.84,X+,0.0,0,0,0.0
VE220401,EMSR884/AOI08 - San Felipe,Cocorote,,,,VE220401,Cocorote,,,,VE2204,Yaracuy,,,,VE22,Venezuela (República Bolivariana de),,,,VE,2021/02/23,,86.88822145,v01,es,,,,Venezuela (Bolivarian Republic of),Cocorote,10.2958905,-68.78378455,1.68,I,0.0,0,0,0.0
VE220401,EMSR884/AOI08 - San Felipe,Cocorote,,,,VE220401,Cocorote,,,,VE2204,Yaracuy,,,,VE22,Venezuela (República Bolivariana de),,,,VE,2021/02/23,,86.88822145,v01,es,,,,Venezuela (Bolivarian Republic of),Cocorote,10.2958905,-68.78378455,1.68,II-III,0.0,0,0,0.0
VE220401,EMSR884/AOI08 - San Felipe,Cocorote,,,,VE220401,Cocorote,,,,VE2204,Yaracuy,,,,VE22,Venezuela (República Bolivariana de),,,,VE,2021/02/23,,86.88822145,v01,es,,,,Venezuela (Bolivarian Republic of),Cocorote,10.2958905,-68.78378455,1.68,IV,0.0,0,0,0.0
VE220401,EMSR884/AOI08 - San Felipe,Cocorote,,,,VE220401,Cocorote,,,,VE2204,Yaracuy,,,,VE22,Venezuela (República Bolivariana de),,,,VE,2021/02/23,,86.88822145,v01,es,,,,Venezuela (Bolivarian Republic of),Cocorote,10.2958905,-68.78378455,1.68,V,0.0,0,0,0.0
VE220401,EMSR884/AOI08 - San Felipe,Cocorote,,,,VE220401,Cocorote,,,,VE2204,Yaracuy,,,,VE22,Venezuela (República Bolivariana de),,,,VE,2021/02/23,,86.88822145,v01,es,,,,Venezuela (Bolivarian Republic of),Cocorote,10.2958905,-68.78378455,1.68,VI,3.198,62,0,51.0
VE220401,EMSR884/AOI08 - San Felipe,Cocorote,,,,VE220401,Cocorote,,,,VE2204,Yaracuy,,,,VE22,Venezuela (República Bolivariana de),,,,VE,2021/02/23,,86.88822145,v01,es,,,,Venezuela (Bolivarian Republic of),Cocorote,10.2958905,-68.78378455,1.68,VII,84.24,13664,7081,28255.0
VE220401,EMSR884/AOI08 - San Felipe,Cocorote,,,,VE220401,Cocorote,,,,VE2204,Yaracuy,,,,VE22,Venezuela (República Bolivariana de),,,,VE,2021/02/23,,86.88822145,v01,es,,,,Venezuela (Bolivarian Republic of),Cocorote,10.2958905,-68.78378455,1.68,VIII,0.0,0,0,0.0
VE220401,EMSR884/AOI08 - San Felipe,Cocorote,,,,VE220401,Cocorote,,,,VE2204,Yaracuy,,,,VE22,Venezuela (República Bolivariana de),,,,VE,2021/02/23,,86.88822145,v01,es,,,,Venezuela (Bolivarian Republic of),Cocorote,10.2958905,-68.78378455,1.68,IX,0.0,0,0,0.0
VE220401,EMSR884/AOI08 - San Felipe,Cocorote,,,,VE220401,Cocorote,,,,VE2204,Yaracuy,,,,VE22,Venezuela (República Bolivariana de),,,,VE,2021/02/23,,86.88822145,v01,es,,,,Venezuela (Bolivarian Republic of),Cocorote,10.2958905,-68.78378455,1.68,X+,0.0,0,0,0.0
VE220501,EMSR884/AOI08 - San Felipe,Independencia,,,,VE220501,Independencia,,,,VE2205,Yaracuy,,,,VE22,Venezuela (República Bolivariana de),,,,VE,2021/02/23,,84.96095605,v01,es,,,,Venezuela (Bolivarian Republic of),Independencia,10.312383,-68.73241902,3.15,I,0.0,0,0,0.0
VE220501,EMSR884/AOI08 - San Felipe,Independencia,,,,VE220501,Independencia,,,,VE2205,Yaracuy,,,,VE22,Venezuela (República Bolivariana de),,,,VE,2021/02/23,,84.96095605,v01,es,,,,Venezuela (Bolivarian Republic of),Independencia,10.312383,-68.73241902,3.15,II-III,0.0,0,0,0.0
VE220501,EMSR884/AOI08 - San Felipe,Independencia,,,,VE220501,Independencia,,,,VE2205,Yaracuy,,,,VE22,Venezuela (República Bolivariana de),,,,VE,2021/02/23,,84.96095605,v01,es,,,,Venezuela (Bolivarian Republic of),Independencia,10.312383,-68.73241902,3.15,IV,0.0,0,0,0.0
VE220501,EMSR884/AOI08 - San Felipe,Independencia,,,,VE220501,Independencia,,,,VE2205,Yaracuy,,,,VE22,Venezuela (República Bolivariana de),,,,VE,2021/02/23,,84.96095605,v01,es,,,,Venezuela (Bolivarian Republic of),Independencia,10.312383,-68.73241902,3.15,V,0.0,0,0,0.0
VE220501,EMSR884/AOI08 - San Felipe,Independencia,,,,VE220501,Independencia,,,,VE2205,Yaracuy,,,,VE22,Venezuela (República Bolivariana de),,,,VE,2021/02/23,,84.96095605,v01,es,,,,Venezuela (Bolivarian Republic of),Independencia,10.312383,-68.73241902,3.15,VI,2.881,17,0,16.0
VE220501,EMSR884/AOI08 - San Felipe,Independencia,,,,VE220501,Independencia,,,,VE2205,Yaracuy,,,,VE22,Venezuela (República Bolivariana de),,,,VE,2021/02/23,,84.96095605,v01,es,,,,Venezuela (Bolivarian Republic of),Independencia,10.312383,-68.73241902,3.15,VII,45.32,7004,4465,17968.0
VE220501,EMSR884/AOI08 - San Felipe,Independencia,,,,VE220501,Independencia,,,,VE2205,Yaracuy,,,,VE22,Venezuela (República Bolivariana de),,,,VE,2021/02/23,,84.96095605,v01,es,,,,Venezuela (Bolivarian Republic of),Independencia,10.312383,-68.73241902,3.15,VIII,37.294,14804,8175,39067.0
VE220501,EMSR884/AOI08 - San Felipe,Independencia,,,,VE220501,Independencia,,,,VE2205,Yaracuy,,,,VE22,Venezuela (República Bolivariana de),,,,VE,2021/02/23,,84.96095605,v01,es,,,,Venezuela (Bolivarian Republic of),Independencia,10.312383,-68.73241902,3.15,IX,0.0,0,0,0.0
VE220501,EMSR884/AOI08 - San Felipe,Independencia,,,,VE220501,Independencia,,,,VE2205,Yaracuy,,,,VE22,Venezuela (República Bolivariana de),,,,VE,2021/02/23,,84.96095605,v01,es,,,,Venezuela (Bolivarian Republic of),Independencia,10.312383,-68.73241902,3.15,X+,0.0,0,0,0.0
VE220701,EMSR884/AOI08 - San Felipe,La Trinidad,,,,VE220701,La Trinidad,,,,VE2207,Yaracuy,,,,VE22,Venezuela (República Bolivariana de),,,,VE,2021/02/23,,44.60525998,v01,es,,,,Venezuela (Bolivarian Republic of),La Trinidad,10.2347455,-68.74555551,0.86,I,0.0,0,0,0.0
VE220701,EMSR884/AOI08 - San Felipe,La Trinidad,,,,VE220701,La Trinidad,,,,VE2207,Yaracuy,,,,VE22,Venezuela (República Bolivariana de),,,,VE,2021/02/23,,44.60525998,v01,es,,,,Venezuela (Bolivarian Republic of),La Trinidad,10.2347455,-68.74555551,0.86,II-III,0.0,0,0,0.0
VE220701,EMSR884/AOI08 - San Felipe,La Trinidad,,,,VE220701,La Trinidad,,,,VE2207,Yaracuy,,,,VE22,Venezuela (República Bolivariana de),,,,VE,2021/02/23,,44.60525998,v01,es,,,,Venezuela (Bolivarian Republic of),La Trinidad,10.2347455,-68.74555551,0.86,IV,0.0,0,0,0.0
VE220701,EMSR884/AOI08 - San Felipe,La Trinidad,,,,VE220701,La Trinidad,,,,VE2207,Yaracuy,,,,VE22,Venezuela (República Bolivariana de),,,,VE,2021/02/23,,44.60525998,v01,es,,,,Venezuela (Bolivarian Republic of),La Trinidad,10.2347455,-68.74555551,0.86,V,0.0,0,0,0.0
VE220701,EMSR884/AOI08 - San Felipe,La Trinidad,,,,VE220701,La Trinidad,,,,VE2207,Yaracuy,,,,VE22,Venezuela (República Bolivariana de),,,,VE,2021/02/23,,44.60525998,v01,es,,,,Venezuela (Bolivarian Republic of),La Trinidad,10.2347455,-68.74555551,0.86,VI,8.278,93,0,63.0
VE220701,EMSR884/AOI08 - San Felipe,La Trinidad,,,,VE220701,La Trinidad,,,,VE2207,Yaracuy,,,,VE22,Venezuela (República Bolivariana de),,,,VE,2021/02/23,,44.60525998,v01,es,,,,Venezuela (Bolivarian Republic of),La Trinidad,10.2347455,-68.74555551,0.86,VII,36.61,7856,5,12388.0
VE220701,EMSR884/AOI08 - San Felipe,La Trinidad,,,,VE220701,La Trinidad,,,,VE2207,Yaracuy,,,,VE22,Venezuela (República Bolivariana de),,,,VE,2021/02/23,,44.60525998,v01,es,,,,Venezuela (Bolivarian Republic of),La Trinidad,10.2347455,-68.74555551,0.86,VIII,0.0,0,0,0.0
VE220701,EMSR884/AOI08 - San Felipe,La Trinidad,,,,VE220701,La Trinidad,,,,VE2207,Yaracuy,,,,VE22,Venezuela (República Bolivariana de),,,,VE,2021/02/23,,44.60525998,v01,es,,,,Venezuela (Bolivarian Republic of),La Trinidad,10.2347455,-68.74555551,0.86,IX,0.0,0,0,0.0
VE220701,EMSR884/AOI08 - San Felipe,La Trinidad,,,,VE220701,La Trinidad,,,,VE2207,Yaracuy,,,,VE22,Venezuela (República Bolivariana de),,,,VE,2021/02/23,,44.60525998,v01,es,,,,Venezuela (Bolivarian Republic of),La Trinidad,10.2347455,-68.74555551,0.86,X+,0.0,0,0,0.0
VE220801,EMSR884/AOI08 - San Felipe,Manuel Monge,,,,VE220801,Manuel Monge,,,,VE2208,Yaracuy,,,,VE22,Venezuela (República Bolivariana de),,,,VE,2021/02/23,,411.14101812,v01,es,,,,Venezuela (Bolivarian Republic of),Manuel Monge,10.61329365,-68.74726916,0.62,I,0.0,0,0,0.0
VE220801,EMSR884/AOI08 - San Felipe,Manuel Monge,,,,VE220801,Manuel Monge,,,,VE2208,Yaracuy,,,,VE22,Venezuela (República Bolivariana de),,,,VE,2021/02/23,,411.14101812,v01,es,,,,Venezuela (Bolivarian Republic of),Manuel Monge,10.61329365,-68.74726916,0.62,II-III,0.0,0,0,0.0
VE220801,EMSR884/AOI08 - San Felipe,Manuel Monge,,,,VE220801,Manuel Monge,,,,VE2208,Yaracuy,,,,VE22,Venezuela (República Bolivariana de),,,,VE,2021/02/23,,411.14101812,v01,es,,,,Venezuela (Bolivarian Republic of),Manuel Monge,10.61329365,-68.74726916,0.62,IV,0.0,0,0,0.0
VE220801,EMSR884/AOI08 - San Felipe,Manuel Monge,,,,VE220801,Manuel Monge,,,,VE2208,Yaracuy,,,,VE22,Venezuela (República Bolivariana de),,,,VE,2021/02/23,,411.14101812,v01,es,,,,Venezuela (Bolivarian Republic of),Manuel Monge,10.61329365,-68.74726916,0.62,V,0.0,0,0,0.0
VE220801,EMSR884/AOI08 - San Felipe,Manuel Monge,,,,VE220801,Manuel Monge,,,,VE2208,Yaracuy,,,,VE22,Venezuela (República Bolivariana de),,,,VE,2021/02/23,,411.14101812,v01,es,,,,Venezuela (Bolivarian Republic of),Manuel Monge,10.61329365,-68.74726916,0.62,VI,11.661,32,0,20.0
VE220801,EMSR884/AOI08 - San Felipe,Manuel Monge,,,,VE220801,Manuel Monge,,,,VE2208,Yaracuy,,,,VE22,Venezuela (República Bolivariana de),,,,VE,2021/02/23,,411.14101812,v01,es,,,,Venezuela (Bolivarian Republic of),Manuel Monge,10.61329365,-68.74726916,0.62,VII,273.703,3982,0,3935.0
VE220801,EMSR884/AOI08 - San Felipe,Manuel Monge,,,,VE220801,Manuel Monge,,,,VE2208,Yaracuy,,,,VE22,Venezuela (República Bolivariana de),,,,VE,2021/02/23,,411.14101812,v01,es,,,,Venezuela (Bolivarian Republic of),Manuel Monge,10.61329365,-68.74726916,0.62,VIII,128.414,3071,5,4341.0
VE220801,EMSR884/AOI08 - San Felipe,Manuel Monge,,,,VE220801,Manuel Monge,,,,VE2208,Yaracuy,,,,VE22,Venezuela (República Bolivariana de),,,,VE,2021/02/23,,411.14101812,v01,es,,,,Venezuela (Bolivarian Republic of),Manuel Monge,10.61329365,-68.74726916,0.62,IX,0.0,0,0,0.0
VE220801,EMSR884/AOI08 - San Felipe,Manuel Monge,,,,VE220801,Manuel Monge,,,,VE2208,Yaracuy,,,,VE22,Venezuela (República Bolivariana de),,,,VE,2021/02/23,,411.14101812,v01,es,,,,Venezuela (Bolivarian Republic of),Manuel Monge,10.61329365,-68.74726916,0.62,X+,0.0,0,0,0.0
VE221101,EMSR884/AOI08 - San Felipe,Capital San Felipe,,,,VE221101,San Felipe,,,,VE2211,Yaracuy,,,,VE22,Venezuela (República Bolivariana de),,,,VE,2021/02/23,,57.56651425,v01,es,,,,Venezuela (Bolivarian Republic of),Capital San Felipe,10.3560095,-68.73172943,2.95,I,0.0,0,0,0.0
VE221101,EMSR884/AOI08 - San Felipe,Capital San Felipe,,,,VE221101,San Felipe,,,,VE2211,Yaracuy,,,,VE22,Venezuela (República Bolivariana de),,,,VE,2021/02/23,,57.56651425,v01,es,,,,Venezuela (Bolivarian Republic of),Capital San Felipe,10.3560095,-68.73172943,2.95,II-III,0.0,0,0,0.0
VE221101,EMSR884/AOI08 - San Felipe,Capital San Felipe,,,,VE221101,San Felipe,,,,VE2211,Yaracuy,,,,VE22,Venezuela (República Bolivariana de),,,,VE,2021/02/23,,57.56651425,v01,es,,,,Venezuela (Bolivarian Republic of),Capital San Felipe,10.3560095,-68.73172943,2.95,IV,0.0,0,0,0.0
VE221101,EMSR884/AOI08 - San Felipe,Capital San Felipe,,,,VE221101,San Felipe,,,,VE2211,Yaracuy,,,,VE22,Venezuela (República Bolivariana de),,,,VE,2021/02/23,,57.56651425,v01,es,,,,Venezuela (Bolivarian Republic of),Capital San Felipe,10.3560095,-68.73172943,2.95,V,0.0,0,0,0.0
VE221101,EMSR884/AOI08 - San Felipe,Capital San Felipe,,,,VE221101,San Felipe,,,,VE2211,Yaracuy,,,,VE22,Venezuela (República Bolivariana de),,,,VE,2021/02/23,,57.56651425,v01,es,,,,Venezuela (Bolivarian Republic of),Capital San Felipe,10.3560095,-68.73172943,2.95,VI,0.0,0,0,0.0
VE221101,EMSR884/AOI08 - San Felipe,Capital San Felipe,,,,VE221101,San Felipe,,,,VE2211,Yaracuy,,,,VE22,Venezuela (República Bolivariana de),,,,VE,2021/02/23,,57.56651425,v01,es,,,,Venezuela (Bolivarian Republic of),Capital San Felipe,10.3560095,-68.73172943,2.95,VII,21.589,647,539,1730.0
VE221101,EMSR884/AOI08 - San Felipe,Capital San Felipe,,,,VE221101,San Felipe,,,,VE2211,Yaracuy,,,,VE22,Venezuela (República Bolivariana de),,,,VE,2021/02/23,,57.56651425,v01,es,,,,Venezuela (Bolivarian Republic of),Capital San Felipe,10.3560095,-68.73172943,2.95,VIII,36.341,19508,17277,50903.0
VE221101,EMSR884/AOI08 - San Felipe,Capital San Felipe,,,,VE221101,San Felipe,,,,VE2211,Yaracuy,,,,VE22,Venezuela (República Bolivariana de),,,,VE,2021/02/23,,57.56651425,v01,es,,,,Venezuela (Bolivarian Republic of),Capital San Felipe,10.3560095,-68.73172943,2.95,IX,0.0,0,0,0.0
VE221101,EMSR884/AOI08 - San Felipe,Capital San Felipe,,,,VE221101,San Felipe,,,,VE2211,Yaracuy,,,,VE22,Venezuela (República Bolivariana de),,,,VE,2021/02/23,,57.56651425,v01,es,,,,Venezuela (Bolivarian Republic of),Capital San Felipe,10.3560095,-68.73172943,2.95,X+,0.0,0,0,0.0
VE221102,EMSR884/AOI08 - San Felipe,Albarico,,,,VE221102,San Felipe,,,,VE2211,Yaracuy,,,,VE22,Venezuela (República Bolivariana de),,,,VE,2021/02/23,,224.98423964,v01,es,,,,Venezuela (Bolivarian Republic of),Albarico,10.487514,-68.65936521,1.26,I,0.0,0,0,0.0
VE221102,EMSR884/AOI08 - San Felipe,Albarico,,,,VE221102,San Felipe,,,,VE2211,Yaracuy,,,,VE22,Venezuela (República Bolivariana de),,,,VE,2021/02/23,,224.98423964,v01,es,,,,Venezuela (Bolivarian Republic of),Albarico,10.487514,-68.65936521,1.26,II-III,0.0,0,0,0.0
VE221102,EMSR884/AOI08 - San Felipe,Albarico,,,,VE221102,San Felipe,,,,VE2211,Yaracuy,,,,VE22,Venezuela (República Bolivariana de),,,,VE,2021/02/23,,224.98423964,v01,es,,,,Venezuela (Bolivarian Republic of),Albarico,10.487514,-68.65936521,1.26,IV,0.0,0,0,0.0
VE221102,EMSR884/AOI08 - San Felipe,Albarico,,,,VE221102,San Felipe,,,,VE2211,Yaracuy,,,,VE22,Venezuela (República Bolivariana de),,,,VE,2021/02/23,,224.98423964,v01,es,,,,Venezuela (Bolivarian Republic of),Albarico,10.487514,-68.65936521,1.26,V,0.0,0,0,0.0
VE221102,EMSR884/AOI08 - San Felipe,Albarico,,,,VE221102,San Felipe,,,,VE2211,Yaracuy,,,,VE22,Venezuela (República Bolivariana de),,,,VE,2021/02/23,,224.98423964,v01,es,,,,Venezuela (Bolivarian Republic of),Albarico,10.487514,-68.65936521,1.26,VI,0.0,0,0,0.0
VE221102,EMSR884/AOI08 - San Felipe,Albarico,,,,VE221102,San Felipe,,,,VE2211,Yaracuy,,,,VE22,Venezuela (República Bolivariana de),,,,VE,2021/02/23,,224.98423964,v01,es,,,,Venezuela (Bolivarian Republic of),Albarico,10.487514,-68.65936521,1.26,VII,6.667,1,0,1.0
VE221102,EMSR884/AOI08 - San Felipe,Albarico,,,,VE221102,San Felipe,,,,VE2211,Yaracuy,,,,VE22,Venezuela (República Bolivariana de),,,,VE,2021/02/23,,224.98423964,v01,es,,,,Venezuela (Bolivarian Republic of),Albarico,10.487514,-68.65936521,1.26,VIII,200.207,11489,8809,21813.0
VE221102,EMSR884/AOI08 - San Felipe,Albarico,,,,VE221102,San Felipe,,,,VE2211,Yaracuy,,,,VE22,Venezuela (República Bolivariana de),,,,VE,2021/02/23,,224.98423964,v01,es,,,,Venezuela (Bolivarian Republic of),Albarico,10.487514,-68.65936521,1.26,IX,19.52,192,29,395.0
VE221102,EMSR884/AOI08 - San Felipe,Albarico,,,,VE221102,San Felipe,,,,VE2211,Yaracuy,,,,VE22,Venezuela (República Bolivariana de),,,,VE,2021/02/23,,224.98423964,v01,es,,,,Venezuela (Bolivarian Republic of),Albarico,10.487514,-68.65936521,1.26,X+,0.0,0,0,0.0
VE221103,EMSR884/AOI08 - San Felipe,San Javier,,,,VE221103,San Felipe,,,,VE2211,Yaracuy,,,,VE22,Venezuela (República Bolivariana de),,,,VE,2021/02/23,,115.62041045,v01,es,,,,Venezuela (Bolivarian Republic of),San Javier,10.3022055,-68.65268789,0.79,I,0.0,0,0,0.0
VE221103,EMSR884/AOI08 - San Felipe,San Javier,,,,VE221103,San Felipe,,,,VE2211,Yaracuy,,,,VE22,Venezuela (República Bolivariana de),,,,VE,2021/02/23,,115.62041045,v01,es,,,,Venezuela (Bolivarian Republic of),San Javier,10.3022055,-68.65268789,0.79,II-III,0.0,0,0,0.0
VE221103,EMSR884/AOI08 - San Felipe,San Javier,,,,VE221103,San Felipe,,,,VE2211,Yaracuy,,,,VE22,Venezuela (República Bolivariana de),,,,VE,2021/02/23,,115.62041045,v01,es,,,,Venezuela (Bolivarian Republic of),San Javier,10.3022055,-68.65268789,0.79,IV,0.0,0,0,0.0
VE221103,EMSR884/AOI08 - San Felipe,San Javier,,,,VE221103,San Felipe,,,,VE2211,Yaracuy,,,,VE22,Venezuela (República Bolivariana de),,,,VE,2021/02/23,,115.62041045,v01,es,,,,Venezuela (Bolivarian Republic of),San Javier,10.3022055,-68.65268789,0.79,V,0.0,0,0,0.0
VE221103,EMSR884/AOI08 - San Felipe,San Javier,,,,VE221103,San Felipe,,,,VE2211,Yaracuy,,,,VE22,Venezuela (República Bolivariana de),,,,VE,2021/02/23,,115.62041045,v01,es,,,,Venezuela (Bolivarian Republic of),San Javier,10.3022055,-68.65268789,0.79,VI,16.246,18,0,10.0
VE221103,EMSR884/AOI08 - San Felipe,San Javier,,,,VE221103,San Felipe,,,,VE2211,Yaracuy,,,,VE22,Venezuela (República Bolivariana de),,,,VE,2021/02/23,,115.62041045,v01,es,,,,Venezuela (Bolivarian Republic of),San Javier,10.3022055,-68.65268789,0.79,VII,38.506,267,7,207.0
VE221103,EMSR884/AOI08 - San Felipe,San Javier,,,,VE221103,San Felipe,,,,VE2211,Yaracuy,,,,VE22,Venezuela (República Bolivariana de),,,,VE,2021/02/23,,115.62041045,v01,es,,,,Venezuela (Bolivarian Republic of),San Javier,10.3022055,-68.65268789,0.79,VIII,61.601,5058,3366,10347.0
VE221103,EMSR884/AOI08 - San Felipe,San Javier,,,,VE221103,San Felipe,,,,VE2211,Yaracuy,,,,VE22,Venezuela (República Bolivariana de),,,,VE,2021/02/23,,115.62041045,v01,es,,,,Venezuela (Bolivarian Republic of),San Javier,10.3022055,-68.65268789,0.79,IX,0.0,0,0,0.0
VE221103,EMSR884/AOI08 - San Felipe,San Javier,,,,VE221103,San Felipe,,,,VE2211,Yaracuy,,,,VE22,Venezuela (República Bolivariana de),,,,VE,2021/02/23,,115.62041045,v01,es,,,,Venezuela (Bolivarian Republic of),San Javier,10.3022055,-68.65268789,0.79,X+,0.0,0,0,0.0
VE221201,EMSR884/AOI08 - San Felipe,Sucre,,,,VE221201,Sucre,,,,VE2212,Yaracuy,,,,VE22,Venezuela (República Bolivariana de),,,,VE,2021/02/23,,142.49510054,v01,es,,,,Venezuela (Bolivarian Republic of),Sucre,10.254912,-68.81862092,1.01,I,0.0,0,0,0.0
VE221201,EMSR884/AOI08 - San Felipe,Sucre,,,,VE221201,Sucre,,,,VE2212,Yaracuy,,,,VE22,Venezuela (República Bolivariana de),,,,VE,2021/02/23,,142.49510054,v01,es,,,,Venezuela (Bolivarian Republic of),Sucre,10.254912,-68.81862092,1.01,II-III,0.0,0,0,0.0
VE221201,EMSR884/AOI08 - San Felipe,Sucre,,,,VE221201,Sucre,,,,VE2212,Yaracuy,,,,VE22,Venezuela (República Bolivariana de),,,,VE,2021/02/23,,142.49510054,v01,es,,,,Venezuela (Bolivarian Republic of),Sucre,10.254912,-68.81862092,1.01,IV,0.0,0,0,0.0
VE221201,EMSR884/AOI08 - San Felipe,Sucre,,,,VE221201,Sucre,,,,VE2212,Yaracuy,,,,VE22,Venezuela (República Bolivariana de),,,,VE,2021/02/23,,142.49510054,v01,es,,,,Venezuela (Bolivarian Republic of),Sucre,10.254912,-68.81862092,1.01,V,0.0,0,0,0.0
VE221201,EMSR884/AOI08 - San Felipe,Sucre,,,,VE221201,Sucre,,,,VE2212,Yaracuy,,,,VE22,Venezuela (República Bolivariana de),,,,VE,2021/02/23,,142.49510054,v01,es,,,,Venezuela (Bolivarian Republic of),Sucre,10.254912,-68.81862092,1.01,VI,28.721,284,0,326.0
VE221201,EMSR884/AOI08 - San Felipe,Sucre,,,,VE221201,Sucre,,,,VE2212,Yaracuy,,,,VE22,Venezuela (República Bolivariana de),,,,VE,2021/02/23,,142.49510054,v01,es,,,,Venezuela (Bolivarian Republic of),Sucre,10.254912,-68.81862092,1.01,VII,114.673,9723,0,14076.0
VE221201,EMSR884/AOI08 - San Felipe,Sucre,,,,VE221201,Sucre,,,,VE2212,Yaracuy,,,,VE22,Venezuela (República Bolivariana de),,,,VE,2021/02/23,,142.49510054,v01,es,,,,Venezuela (Bolivarian Republic of),Sucre,10.254912,-68.81862092,1.01,VIII,0.0,0,0,0.0
VE221201,EMSR884/AOI08 - San Felipe,Sucre,,,,VE221201,Sucre,,,,VE2212,Yaracuy,,,,VE22,Venezuela (República Bolivariana de),,,,VE,2021/02/23,,142.49510054,v01,es,,,,Venezuela (Bolivarian Republic of),Sucre,10.254912,-68.81862092,1.01,IX,0.0,0,0,0.0
VE221201,EMSR884/AOI08 - San Felipe,Sucre,,,,VE221201,Sucre,,,,VE2212,Yaracuy,,,,VE22,Venezuela (República Bolivariana de),,,,VE,2021/02/23,,142.49510054,v01,es,,,,Venezuela (Bolivarian Republic of),Sucre,10.254912,-68.81862092,1.01,X+,0.0,0,0,0.0
VE221401,EMSR884/AOI08 - San Felipe,Capital Veroes,,,,VE221401,Veroes,,,,VE2214,Yaracuy,,,,VE22,Venezuela (República Bolivariana de),,,,VE,2021/02/23,,394.95610298,v01,es,,,,Venezuela (Bolivarian Republic of),Capital Veroes,10.500152,-68.54916419,0.72,I,0.0,0,0,0.0
VE221401,EMSR884/AOI08 - San Felipe,Capital Veroes,,,,VE221401,Veroes,,,,VE2214,Yaracuy,,,,VE22,Venezuela (República Bolivariana de),,,,VE,2021/02/23,,394.95610298,v01,es,,,,Venezuela (Bolivarian Republic of),Capital Veroes,10.500152,-68.54916419,0.72,II-III,0.0,0,0,0.0
VE221401,EMSR884/AOI08 - San Felipe,Capital Veroes,,,,VE221401,Veroes,,,,VE2214,Yaracuy,,,,VE22,Venezuela (República Bolivariana de),,,,VE,2021/02/23,,394.95610298,v01,es,,,,Venezuela (Bolivarian Republic of),Capital Veroes,10.500152,-68.54916419,0.72,IV,0.0,0,0,0.0
VE221401,EMSR884/AOI08 - San Felipe,Capital Veroes,,,,VE221401,Veroes,,,,VE2214,Yaracuy,,,,VE22,Venezuela (República Bolivariana de),,,,VE,2021/02/23,,394.95610298,v01,es,,,,Venezuela (Bolivarian Republic of),Capital Veroes,10.500152,-68.54916419,0.72,V,0.0,0,0,0.0
VE221401,EMSR884/AOI08 - San Felipe,Capital Veroes,,,,VE221401,Veroes,,,,VE2214,Yaracuy,,,,VE22,Venezuela (República Bolivariana de),,,,VE,2021/02/23,,394.95610298,v01,es,,,,Venezuela (Bolivarian Republic of),Capital Veroes,10.500152,-68.54916419,0.72,VI,0.0,0,0,0.0
VE221401,EMSR884/AOI08 - San Felipe,Capital Veroes,,,,VE221401,Veroes,,,,VE2214,Yaracuy,,,,VE22,Venezuela (República Bolivariana de),,,,VE,2021/02/23,,394.95610298,v01,es,,,,Venezuela (Bolivarian Republic of),Capital Veroes,10.500152,-68.54916419,0.72,VII,9.792,2,0,3.0
VE221401,EMSR884/AOI08 - San Felipe,Capital Veroes,,,,VE221401,Veroes,,,,VE2214,Yaracuy,,,,VE22,Venezuela (República Bolivariana de),,,,VE,2021/02/23,,394.95610298,v01,es,,,,Venezuela (Bolivarian Republic of),Capital Veroes,10.500152,-68.54916419,0.72,VIII,247.109,1780,0,2106.0
VE221401,EMSR884/AOI08 - San Felipe,Capital Veroes,,,,VE221401,Veroes,,,,VE2214,Yaracuy,,,,VE22,Venezuela (República Bolivariana de),,,,VE,2021/02/23,,394.95610298,v01,es,,,,Venezuela (Bolivarian Republic of),Capital Veroes,10.500152,-68.54916419,0.72,IX,140.589,4157,450,7239.0
VE221401,EMSR884/AOI08 - San Felipe,Capital Veroes,,,,VE221401,Veroes,,,,VE2214,Yaracuy,,,,VE22,Venezuela (República Bolivariana de),,,,VE,2021/02/23,,394.95610298,v01,es,,,,Venezuela (Bolivarian Republic of),Capital Veroes,10.500152,-68.54916419,0.72,X+,0.0,0,0,0.0
VE221402,EMSR884/AOI08 - San Felipe,El Guayabo,,,,VE221402,Veroes,,,,VE2214,Yaracuy,,,,VE22,Venezuela (República Bolivariana de),,,,VE,2021/02/23,,573.36032415,v01,es,,,,Venezuela (Bolivarian Republic of),El Guayabo,10.37065888,-68.5143455,0.68,I,0.0,0,0,0.0
VE221402,EMSR884/AOI08 - San Felipe,El Guayabo,,,,VE221402,Veroes,,,,VE2214,Yaracuy,,,,VE22,Venezuela (República Bolivariana de),,,,VE,2021/02/23,,573.36032415,v01,es,,,,Venezuela (Bolivarian Republic of),El Guayabo,10.37065888,-68.5143455,0.68,II-III,0.0,0,0,0.0
VE221402,EMSR884/AOI08 - San Felipe,El Guayabo,,,,VE221402,Veroes,,,,VE2214,Yaracuy,,,,VE22,Venezuela (República Bolivariana de),,,,VE,2021/02/23,,573.36032415,v01,es,,,,Venezuela (Bolivarian Republic of),El Guayabo,10.37065888,-68.5143455,0.68,IV,0.0,0,0,0.0
VE221402,EMSR884/AOI08 - San Felipe,El Guayabo,,,,VE221402,Veroes,,,,VE2214,Yaracuy,,,,VE22,Venezuela (República Bolivariana de),,,,VE,2021/02/23,,573.36032415,v01,es,,,,Venezuela (Bolivarian Republic of),El Guayabo,10.37065888,-68.5143455,0.68,V,0.0,0,0,0.0
VE221402,EMSR884/AOI08 - San Felipe,El Guayabo,,,,VE221402,Veroes,,,,VE2214,Yaracuy,,,,VE22,Venezuela (República Bolivariana de),,,,VE,2021/02/23,,573.36032415,v01,es,,,,Venezuela (Bolivarian Republic of),El Guayabo,10.37065888,-68.5143455,0.68,VI,31.097,44,0,6.0
VE221402,EMSR884/AOI08 - San Felipe,El Guayabo,,,,VE221402,Veroes,,,,VE2214,Yaracuy,,,,VE22,Venezuela (República Bolivariana de),,,,VE,2021/02/23,,573.36032415,v01,es,,,,Venezuela (Bolivarian Republic of),El Guayabo,10.37065888,-68.5143455,0.68,VII,158.276,397,0,173.0
VE221402,EMSR884/AOI08 - San Felipe,El Guayabo,,,,VE221402,Veroes,,,,VE2214,Yaracuy,,,,VE22,Venezuela (República Bolivariana de),,,,VE,2021/02/23,,573.36032415,v01,es,,,,Venezuela (Bolivarian Republic of),El Guayabo,10.37065888,-68.5143455,0.68,VIII,241.182,3199,1,2694.0
VE221402,EMSR884/AOI08 - San Felipe,El Guayabo,,,,VE221402,Veroes,,,,VE2214,Yaracuy,,,,VE22,Venezuela (República Bolivariana de),,,,VE,2021/02/23,,573.36032415,v01,es,,,,Venezuela (Bolivarian Republic of),El Guayabo,10.37065888,-68.5143455,0.68,IX,146.417,5020,13,5113.0
VE221402,EMSR884/AOI08 - San Felipe,El Guayabo,,,,VE221402,Veroes,,,,VE2214,Yaracuy,,,,VE22,Venezuela (República Bolivariana de),,,,VE,2021/02/23,,573.36032415,v01,es,,,,Venezuela (Bolivarian Republic of),El Guayabo,10.37065888,-68.5143455,0.68,X+,0.0,0,0,0.0
VE240101,EMSR884/AOI12 - Caraballeda,Caraballeda,,,,VE240101,Vargas,,,,VE2401,La Guaira,,,,VE24,Venezuela (República Bolivariana de),,,,VE,2021/02/23,,66.23536386,v01,es,,,,Venezuela (Bolivarian Republic of),Caraballeda,10.5799045,-66.82506624,2.18,I,0.0,0,0,0.0
VE240101,EMSR884/AOI12 - Caraballeda,Caraballeda,,,,VE240101,Vargas,,,,VE2401,La Guaira,,,,VE24,Venezuela (República Bolivariana de),,,,VE,2021/02/23,,66.23536386,v01,es,,,,Venezuela (Bolivarian Republic of),Caraballeda,10.5799045,-66.82506624,2.18,II-III,0.0,0,0,0.0
VE240101,EMSR884/AOI12 - Caraballeda,Caraballeda,,,,VE240101,Vargas,,,,VE2401,La Guaira,,,,VE24,Venezuela (República Bolivariana de),,,,VE,2021/02/23,,66.23536386,v01,es,,,,Venezuela (Bolivarian Republic of),Caraballeda,10.5799045,-66.82506624,2.18,IV,0.0,0,0,0.0
VE240101,EMSR884/AOI12 - Caraballeda,Caraballeda,,,,VE240101,Vargas,,,,VE2401,La Guaira,,,,VE24,Venezuela (República Bolivariana de),,,,VE,2021/02/23,,66.23536386,v01,es,,,,Venezuela (Bolivarian Republic of),Caraballeda,10.5799045,-66.82506624,2.18,V,0.0,0,0,0.0
VE240101,EMSR884/AOI12 - Caraballeda,Caraballeda,,,,VE240101,Vargas,,,,VE2401,La Guaira,,,,VE24,Venezuela (República Bolivariana de),,,,VE,2021/02/23,,66.23536386,v01,es,,,,Venezuela (Bolivarian Republic of),Caraballeda,10.5799045,-66.82506624,2.18,VI,0.0,0,0,0.0
VE240101,EMSR884/AOI12 - Caraballeda,Caraballeda,,,,VE240101,Vargas,,,,VE2401,La Guaira,,,,VE24,Venezuela (República Bolivariana de),,,,VE,2021/02/23,,66.23536386,v01,es,,,,Venezuela (Bolivarian Republic of),Caraballeda,10.5799045,-66.82506624,2.18,VII,0.0,0,0,0.0
VE240101,EMSR884/AOI12 - Caraballeda,Caraballeda,,,,VE240101,Vargas,,,,VE2401,La Guaira,,,,VE24,Venezuela (República Bolivariana de),,,,VE,2021/02/23,,66.23536386,v01,es,,,,Venezuela (Bolivarian Republic of),Caraballeda,10.5799045,-66.82506624,2.18,VIII,59.146,676,647,2170.0
VE240101,EMSR884/AOI12 - Caraballeda,Caraballeda,,,,VE240101,Vargas,,,,VE2401,La Guaira,,,,VE24,Venezuela (República Bolivariana de),,,,VE,2021/02/23,,66.23536386,v01,es,,,,Venezuela (Bolivarian Republic of),Caraballeda,10.5799045,-66.82506624,2.18,IX,7.506,10455,7618,40022.0
VE240101,EMSR884/AOI12 - Caraballeda,Caraballeda,,,,VE240101,Vargas,,,,VE2401,La Guaira,,,,VE24,Venezuela (República Bolivariana de),,,,VE,2021/02/23,,66.23536386,v01,es,,,,Venezuela (Bolivarian Republic of),Caraballeda,10.5799045,-66.82506624,2.18,X+,0.0,0,0,0.0
VE240102,EMSR884/AOI03 - Antimano,Carayaca,,,,VE240102,Vargas,,,,VE2401,La Guaira,,,,VE24,Venezuela (República Bolivariana de),,,,VE,2021/02/23,,472.20398459,v01,es,,,,Venezuela (Bolivarian Republic of),Carayaca,10.48421986,-67.24610896,1.33,I,0.0,0,0,0.0
VE240102,EMSR884/AOI03 - Antimano,Carayaca,,,,VE240102,Vargas,,,,VE2401,La Guaira,,,,VE24,Venezuela (República Bolivariana de),,,,VE,2021/02/23,,472.20398459,v01,es,,,,Venezuela (Bolivarian Republic of),Carayaca,10.48421986,-67.24610896,1.33,II-III,0.0,0,0,0.0
VE240102,EMSR884/AOI03 - Antimano,Carayaca,,,,VE240102,Vargas,,,,VE2401,La Guaira,,,,VE24,Venezuela (República Bolivariana de),,,,VE,2021/02/23,,472.20398459,v01,es,,,,Venezuela (Bolivarian Republic of),Carayaca,10.48421986,-67.24610896,1.33,IV,0.0,0,0,0.0
VE240102,EMSR884/AOI03 - Antimano,Carayaca,,,,VE240102,Vargas,,,,VE2401,La Guaira,,,,VE24,Venezuela (República Bolivariana de),,,,VE,2021/02/23,,472.20398459,v01,es,,,,Venezuela (Bolivarian Republic of),Carayaca,10.48421986,-67.24610896,1.33,V,0.0,0,0,0.0
VE240102,EMSR884/AOI03 - Antimano,Carayaca,,,,VE240102,Vargas,,,,VE2401,La Guaira,,,,VE24,Venezuela (República Bolivariana de),,,,VE,2021/02/23,,472.20398459,v01,es,,,,Venezuela (Bolivarian Republic of),Carayaca,10.48421986,-67.24610896,1.33,VI,0.0,0,0,0.0
VE240102,EMSR884/AOI03 - Antimano,Carayaca,,,,VE240102,Vargas,,,,VE2401,La Guaira,,,,VE24,Venezuela (República Bolivariana de),,,,VE,2021/02/23,,472.20398459,v01,es,,,,Venezuela (Bolivarian Republic of),Carayaca,10.48421986,-67.24610896,1.33,VII,321.59,14249,2287,26996.0
VE240102,EMSR884/AOI03 - Antimano,Carayaca,,,,VE240102,Vargas,,,,VE2401,La Guaira,,,,VE24,Venezuela (República Bolivariana de),,,,VE,2021/02/23,,472.20398459,v01,es,,,,Venezuela (Bolivarian Republic of),Carayaca,10.48421986,-67.24610896,1.33,VIII,153.601,9542,7352,25480.0
VE240102,EMSR884/AOI03 - Antimano,Carayaca,,,,VE240102,Vargas,,,,VE2401,La Guaira,,,,VE24,Venezuela (República Bolivariana de),,,,VE,2021/02/23,,472.20398459,v01,es,,,,Venezuela (Bolivarian Republic of),Carayaca,10.48421986,-67.24610896,1.33,IX,0.0,0,0,0.0
VE240102,EMSR884/AOI03 - Antimano,Carayaca,,,,VE240102,Vargas,,,,VE2401,La Guaira,,,,VE24,Venezuela (República Bolivariana de),,,,VE,2021/02/23,,472.20398459,v01,es,,,,Venezuela (Bolivarian Republic of),Carayaca,10.48421986,-67.24610896,1.33,X+,0.0,0,0,0.0
VE240104,EMSR884/AOI12 - Caraballeda,Catia la Mar,,,,VE240104,Vargas,,,,VE2401,La Guaira,,,,VE24,Venezuela (República Bolivariana de),,,,VE,2021/02/23,,40.74114323,v01,es,,,,Venezuela (Bolivarian Republic of),Catia la Mar,10.578645,-67.05331721,2.97,I,0.0,0,0,0.0
VE240104,EMSR884/AOI12 - Caraballeda,Catia la Mar,,,,VE240104,Vargas,,,,VE2401,La Guaira,,,,VE24,Venezuela (República Bolivariana de),,,,VE,2021/02/23,,40.74114323,v01,es,,,,Venezuela (Bolivarian Republic of),Catia la Mar,10.578645,-67.05331721,2.97,II-III,0.0,0,0,0.0
VE240104,EMSR884/AOI12 - Caraballeda,Catia la Mar,,,,VE240104,Vargas,,,,VE2401,La Guaira,,,,VE24,Venezuela (República Bolivariana de),,,,VE,2021/02/23,,40.74114323,v01,es,,,,Venezuela (Bolivarian Republic of),Catia la Mar,10.578645,-67.05331721,2.97,IV,0.0,0,0,0.0
VE240104,EMSR884/AOI12 - Caraballeda,Catia la Mar,,,,VE240104,Vargas,,,,VE2401,La Guaira,,,,VE24,Venezuela (República Bolivariana de),,,,VE,2021/02/23,,40.74114323,v01,es,,,,Venezuela (Bolivarian Republic of),Catia la Mar,10.578645,-67.05331721,2.97,V,0.0,0,0,0.0
VE240104,EMSR884/AOI12 - Caraballeda,Catia la Mar,,,,VE240104,Vargas,,,,VE2401,La Guaira,,,,VE24,Venezuela (República Bolivariana de),,,,VE,2021/02/23,,40.74114323,v01,es,,,,Venezuela (Bolivarian Republic of),Catia la Mar,10.578645,-67.05331721,2.97,VI,0.0,0,0,0.0
VE240104,EMSR884/AOI12 - Caraballeda,Catia la Mar,,,,VE240104,Vargas,,,,VE2401,La Guaira,,,,VE24,Venezuela (República Bolivariana de),,,,VE,2021/02/23,,40.74114323,v01,es,,,,Venezuela (Bolivarian Republic of),Catia la Mar,10.578645,-67.05331721,2.97,VII,0.0,0,0,0.0
VE240104,EMSR884/AOI12 - Caraballeda,Catia la Mar,,,,VE240104,Vargas,,,,VE2401,La Guaira,,,,VE24,Venezuela (República Bolivariana de),,,,VE,2021/02/23,,40.74114323,v01,es,,,,Venezuela (Bolivarian Republic of),Catia la Mar,10.578645,-67.05331721,2.97,VIII,36.172,14958,13260,61304.0
VE240104,EMSR884/AOI12 - Caraballeda,Catia la Mar,,,,VE240104,Vargas,,,,VE2401,La Guaira,,,,VE24,Venezuela (República Bolivariana de),,,,VE,2021/02/23,,40.74114323,v01,es,,,,Venezuela (Bolivarian Republic of),Catia la Mar,10.578645,-67.05331721,2.97,IX,4.825,8093,6915,45900.0
VE240104,EMSR884/AOI12 - Caraballeda,Catia la Mar,,,,VE240104,Vargas,,,,VE2401,La Guaira,,,,VE24,Venezuela (República Bolivariana de),,,,VE,2021/02/23,,40.74114323,v01,es,,,,Venezuela (Bolivarian Republic of),Catia la Mar,10.578645,-67.05331721,2.97,X+,0.0,0,0,0.0
VE240106,EMSR884/AOI12 - Caraballeda,La Guaira,,,,VE240106,Vargas,,,,VE2401,La Guaira,,,,VE24,Venezuela (República Bolivariana de),,,,VE,2021/02/23,,11.58897699,v01,es,,,,Venezuela (Bolivarian Republic of),La Guaira,10.5842865,-66.92512897,0.58,I,0.0,0,0,0.0
VE240106,EMSR884/AOI12 - Caraballeda,La Guaira,,,,VE240106,Vargas,,,,VE2401,La Guaira,,,,VE24,Venezuela (República Bolivariana de),,,,VE,2021/02/23,,11.58897699,v01,es,,,,Venezuela (Bolivarian Republic of),La Guaira,10.5842865,-66.92512897,0.58,II-III,0.0,0,0,0.0
VE240106,EMSR884/AOI12 - Caraballeda,La Guaira,,,,VE240106,Vargas,,,,VE2401,La Guaira,,,,VE24,Venezuela (República Bolivariana de),,,,VE,2021/02/23,,11.58897699,v01,es,,,,Venezuela (Bolivarian Republic of),La Guaira,10.5842865,-66.92512897,0.58,IV,0.0,0,0,0.0
VE240106,EMSR884/AOI12 - Caraballeda,La Guaira,,,,VE240106,Vargas,,,,VE2401,La Guaira,,,,VE24,Venezuela (República Bolivariana de),,,,VE,2021/02/23,,11.58897699,v01,es,,,,Venezuela (Bolivarian Republic of),La Guaira,10.5842865,-66.92512897,0.58,V,0.0,0,0,0.0
VE240106,EMSR884/AOI12 - Caraballeda,La Guaira,,,,VE240106,Vargas,,,,VE2401,La Guaira,,,,VE24,Venezuela (República Bolivariana de),,,,VE,2021/02/23,,11.58897699,v01,es,,,,Venezuela (Bolivarian Republic of),La Guaira,10.5842865,-66.92512897,0.58,VI,0.0,0,0,0.0
VE240106,EMSR884/AOI12 - Caraballeda,La Guaira,,,,VE240106,Vargas,,,,VE2401,La Guaira,,,,VE24,Venezuela (República Bolivariana de),,,,VE,2021/02/23,,11.58897699,v01,es,,,,Venezuela (Bolivarian Republic of),La Guaira,10.5842865,-66.92512897,0.58,VII,0.0,0,0,0.0
VE240106,EMSR884/AOI12 - Caraballeda,La Guaira,,,,VE240106,Vargas,,,,VE2401,La Guaira,,,,VE24,Venezuela (República Bolivariana de),,,,VE,2021/02/23,,11.58897699,v01,es,,,,Venezuela (Bolivarian Republic of),La Guaira,10.5842865,-66.92512897,0.58,VIII,9.533,638,469,2912.0
VE240106,EMSR884/AOI12 - Caraballeda,La Guaira,,,,VE240106,Vargas,,,,VE2401,La Guaira,,,,VE24,Venezuela (República Bolivariana de),,,,VE,2021/02/23,,11.58897699,v01,es,,,,Venezuela (Bolivarian Republic of),La Guaira,10.5842865,-66.92512897,0.58,IX,2.129,4124,5055,20638.0
VE240106,EMSR884/AOI12 - Caraballeda,La Guaira,,,,VE240106,Vargas,,,,VE2401,La Guaira,,,,VE24,Venezuela (República Bolivariana de),,,,VE,2021/02/23,,11.58897699,v01,es,,,,Venezuela (Bolivarian Republic of),La Guaira,10.5842865,-66.92512897,0.58,X+,0.0,0,0,0.0
VE240107,EMSR884/AOI12 - Caraballeda,Macuto,,,,VE240107,Vargas,,,,VE2401,La Guaira,,,,VE24,Venezuela (República Bolivariana de),,,,VE,2021/02/23,,32.05647248,v01,es,,,,Venezuela (Bolivarian Republic of),Macuto,10.5773205,-66.88930243,0.71,I,0.0,0,0,0.0
VE240107,EMSR884/AOI12 - Caraballeda,Macuto,,,,VE240107,Vargas,,,,VE2401,La Guaira,,,,VE24,Venezuela (República Bolivariana de),,,,VE,2021/02/23,,32.05647248,v01,es,,,,Venezuela (Bolivarian Republic of),Macuto,10.5773205,-66.88930243,0.71,II-III,0.0,0,0,0.0
VE240107,EMSR884/AOI12 - Caraballeda,Macuto,,,,VE240107,Vargas,,,,VE2401,La Guaira,,,,VE24,Venezuela (República Bolivariana de),,,,VE,2021/02/23,,32.05647248,v01,es,,,,Venezuela (Bolivarian Republic of),Macuto,10.5773205,-66.88930243,0.71,IV,0.0,0,0,0.0
VE240107,EMSR884/AOI12 - Caraballeda,Macuto,,,,VE240107,Vargas,,,,VE2401,La Guaira,,,,VE24,Venezuela (República Bolivariana de),,,,VE,2021/02/23,,32.05647248,v01,es,,,,Venezuela (Bolivarian Republic of),Macuto,10.5773205,-66.88930243,0.71,V,0.0,0,0,0.0
VE240107,EMSR884/AOI12 - Caraballeda,Macuto,,,,VE240107,Vargas,,,,VE2401,La Guaira,,,,VE24,Venezuela (República Bolivariana de),,,,VE,2021/02/23,,32.05647248,v01,es,,,,Venezuela (Bolivarian Republic of),Macuto,10.5773205,-66.88930243,0.71,VI,0.0,0,0,0.0
VE240107,EMSR884/AOI12 - Caraballeda,Macuto,,,,VE240107,Vargas,,,,VE2401,La Guaira,,,,VE24,Venezuela (República Bolivariana de),,,,VE,2021/02/23,,32.05647248,v01,es,,,,Venezuela (Bolivarian Republic of),Macuto,10.5773205,-66.88930243,0.71,VII,0.0,0,0,0.0
VE240107,EMSR884/AOI12 - Caraballeda,Macuto,,,,VE240107,Vargas,,,,VE2401,La Guaira,,,,VE24,Venezuela (República Bolivariana de),,,,VE,2021/02/23,,32.05647248,v01,es,,,,Venezuela (Bolivarian Republic of),Macuto,10.5773205,-66.88930243,0.71,VIII,29.501,1674,621,4601.0
VE240107,EMSR884/AOI12 - Caraballeda,Macuto,,,,VE240107,Vargas,,,,VE2401,La Guaira,,,,VE24,Venezuela (República Bolivariana de),,,,VE,2021/02/23,,32.05647248,v01,es,,,,Venezuela (Bolivarian Republic of),Macuto,10.5773205,-66.88930243,0.71,IX,2.758,2922,2891,14239.0
VE240107,EMSR884/AOI12 - Caraballeda,Macuto,,,,VE240107,Vargas,,,,VE2401,La Guaira,,,,VE24,Venezuela (República Bolivariana de),,,,VE,2021/02/23,,32.05647248,v01,es,,,,Venezuela (Bolivarian Republic of),Macuto,10.5773205,-66.88930243,0.71,X+,0.0,0,0,0.0
VE240108,EMSR884/AOI12 - Caraballeda,Maiquetía,,,,VE240108,Vargas,,,,VE2401,La Guaira,,,,VE24,Venezuela (República Bolivariana de),,,,VE,2021/02/23,,23.35649088,v01,es,,,,Venezuela (Bolivarian Republic of),Maiquetia,10.577393,-66.95035379,1.15,I,0.0,0,0,0.0
VE240108,EMSR884/AOI12 - Caraballeda,Maiquetía,,,,VE240108,Vargas,,,,VE2401,La Guaira,,,,VE24,Venezuela (República Bolivariana de),,,,VE,2021/02/23,,23.35649088,v01,es,,,,Venezuela (Bolivarian Republic of),Maiquetia,10.577393,-66.95035379,1.15,II-III,0.0,0,0,0.0
VE240108,EMSR884/AOI12 - Caraballeda,Maiquetía,,,,VE240108,Vargas,,,,VE2401,La Guaira,,,,VE24,Venezuela (República Bolivariana de),,,,VE,2021/02/23,,23.35649088,v01,es,,,,Venezuela (Bolivarian Republic of),Maiquetia,10.577393,-66.95035379,1.15,IV,0.0,0,0,0.0
VE240108,EMSR884/AOI12 - Caraballeda,Maiquetía,,,,VE240108,Vargas,,,,VE2401,La Guaira,,,,VE24,Venezuela (República Bolivariana de),,,,VE,2021/02/23,,23.35649088,v01,es,,,,Venezuela (Bolivarian Republic of),Maiquetia,10.577393,-66.95035379,1.15,V,0.0,0,0,0.0
VE240108,EMSR884/AOI12 - Caraballeda,Maiquetía,,,,VE240108,Vargas,,,,VE2401,La Guaira,,,,VE24,Venezuela (República Bolivariana de),,,,VE,2021/02/23,,23.35649088,v01,es,,,,Venezuela (Bolivarian Republic of),Maiquetia,10.577393,-66.95035379,1.15,VI,0.0,0,0,0.0
VE240108,EMSR884/AOI12 - Caraballeda,Maiquetía,,,,VE240108,Vargas,,,,VE2401,La Guaira,,,,VE24,Venezuela (República Bolivariana de),,,,VE,2021/02/23,,23.35649088,v01,es,,,,Venezuela (Bolivarian Republic of),Maiquetia,10.577393,-66.95035379,1.15,VII,0.0,0,0,0.0
VE240108,EMSR884/AOI12 - Caraballeda,Maiquetía,,,,VE240108,Vargas,,,,VE2401,La Guaira,,,,VE24,Venezuela (República Bolivariana de),,,,VE,2021/02/23,,23.35649088,v01,es,,,,Venezuela (Bolivarian Republic of),Maiquetia,10.577393,-66.95035379,1.15,VIII,19.652,694,686,4077.0
VE240108,EMSR884/AOI12 - Caraballeda,Maiquetía,,,,VE240108,Vargas,,,,VE2401,La Guaira,,,,VE24,Venezuela (República Bolivariana de),,,,VE,2021/02/23,,23.35649088,v01,es,,,,Venezuela (Bolivarian Republic of),Maiquetia,10.577393,-66.95035379,1.15,IX,3.851,6612,6872,34442.0
VE240108,EMSR884/AOI12 - Caraballeda,Maiquetía,,,,VE240108,Vargas,,,,VE2401,La Guaira,,,,VE24,Venezuela (República Bolivariana de),,,,VE,2021/02/23,,23.35649088,v01,es,,,,Venezuela (Bolivarian Republic of),Maiquetia,10.577393,-66.95035379,1.15,X+,0.0,0,0,0.0
VE240109,EMSR884/AOI12 - Caraballeda,Naiguata,,,,VE240109,Vargas,,,,VE2401,La Guaira,,,,VE24,Venezuela (República Bolivariana de),,,,VE,2021/02/23,,239.83964705,v01,es,,,,Venezuela (Bolivarian Republic of),Naiguata,10.5833285,-66.66202338,0.79,I,0.0,0,0,0.0
VE240109,EMSR884/AOI12 - Caraballeda,Naiguata,,,,VE240109,Vargas,,,,VE2401,La Guaira,,,,VE24,Venezuela (República Bolivariana de),,,,VE,2021/02/23,,239.83964705,v01,es,,,,Venezuela (Bolivarian Republic of),Naiguata,10.5833285,-66.66202338,0.79,II-III,0.0,0,0,0.0
VE240109,EMSR884/AOI12 - Caraballeda,Naiguata,,,,VE240109,Vargas,,,,VE2401,La Guaira,,,,VE24,Venezuela (República Bolivariana de),,,,VE,2021/02/23,,239.83964705,v01,es,,,,Venezuela (Bolivarian Republic of),Naiguata,10.5833285,-66.66202338,0.79,IV,0.0,0,0,0.0
VE240109,EMSR884/AOI12 - Caraballeda,Naiguata,,,,VE240109,Vargas,,,,VE2401,La Guaira,,,,VE24,Venezuela (República Bolivariana de),,,,VE,2021/02/23,,239.83964705,v01,es,,,,Venezuela (Bolivarian Republic of),Naiguata,10.5833285,-66.66202338,0.79,V,0.0,0,0,0.0
VE240109,EMSR884/AOI12 - Caraballeda,Naiguata,,,,VE240109,Vargas,,,,VE2401,La Guaira,,,,VE24,Venezuela (República Bolivariana de),,,,VE,2021/02/23,,239.83964705,v01,es,,,,Venezuela (Bolivarian Republic of),Naiguata,10.5833285,-66.66202338,0.79,VI,0.0,0,0,0.0
VE240109,EMSR884/AOI12 - Caraballeda,Naiguata,,,,VE240109,Vargas,,,,VE2401,La Guaira,,,,VE24,Venezuela (República Bolivariana de),,,,VE,2021/02/23,,239.83964705,v01,es,,,,Venezuela (Bolivarian Republic of),Naiguata,10.5833285,-66.66202338,0.79,VII,20.81,2,0,3.0
VE240109,EMSR884/AOI12 - Caraballeda,Naiguata,,,,VE240109,Vargas,,,,VE2401,La Guaira,,,,VE24,Venezuela (República Bolivariana de),,,,VE,2021/02/23,,239.83964705,v01,es,,,,Venezuela (Bolivarian Republic of),Naiguata,10.5833285,-66.66202338,0.79,VIII,212.373,1248,186,2610.0
VE240109,EMSR884/AOI12 - Caraballeda,Naiguata,,,,VE240109,Vargas,,,,VE2401,La Guaira,,,,VE24,Venezuela (República Bolivariana de),,,,VE,2021/02/23,,239.83964705,v01,es,,,,Venezuela (Bolivarian Republic of),Naiguata,10.5833285,-66.66202338,0.79,IX,8.166,3322,143,12480.0
VE240109,EMSR884/AOI12 - Caraballeda,Naiguata,,,,VE240109,Vargas,,,,VE2401,La Guaira,,,,VE24,Venezuela (República Bolivariana de),,,,VE,2021/02/23,,239.83964705,v01,es,,,,Venezuela (Bolivarian Republic of),Naiguata,10.5833285,-66.66202338,0.79,X+,0.0,0,0,0.0
VE240110,EMSR884/AOI12 - Caraballeda,Urimare,,,,VE240110,Vargas,,,,VE2401,La Guaira,,,,VE24,Venezuela (República Bolivariana de),,,,VE,2021/02/23,,26.03871913,v01,es,,,,Venezuela (Bolivarian Republic of),Urimare,10.5839595,-66.99816571,2.54,I,0.0,0,0,0.0
VE240110,EMSR884/AOI12 - Caraballeda,Urimare,,,,VE240110,Vargas,,,,VE2401,La Guaira,,,,VE24,Venezuela (República Bolivariana de),,,,VE,2021/02/23,,26.03871913,v01,es,,,,Venezuela (Bolivarian Republic of),Urimare,10.5839595,-66.99816571,2.54,II-III,0.0,0,0,0.0
VE240110,EMSR884/AOI12 - Caraballeda,Urimare,,,,VE240110,Vargas,,,,VE2401,La Guaira,,,,VE24,Venezuela (República Bolivariana de),,,,VE,2021/02/23,,26.03871913,v01,es,,,,Venezuela (Bolivarian Republic of),Urimare,10.5839595,-66.99816571,2.54,IV,0.0,0,0,0.0
VE240110,EMSR884/AOI12 - Caraballeda,Urimare,,,,VE240110,Vargas,,,,VE2401,La Guaira,,,,VE24,Venezuela (República Bolivariana de),,,,VE,2021/02/23,,26.03871913,v01,es,,,,Venezuela (Bolivarian Republic of),Urimare,10.5839595,-66.99816571,2.54,V,0.0,0,0,0.0
VE240110,EMSR884/AOI12 - Caraballeda,Urimare,,,,VE240110,Vargas,,,,VE2401,La Guaira,,,,VE24,Venezuela (República Bolivariana de),,,,VE,2021/02/23,,26.03871913,v01,es,,,,Venezuela (Bolivarian Republic of),Urimare,10.5839595,-66.99816571,2.54,VI,0.0,0,0,0.0
VE240110,EMSR884/AOI12 - Caraballeda,Urimare,,,,VE240110,Vargas,,,,VE2401,La Guaira,,,,VE24,Venezuela (República Bolivariana de),,,,VE,2021/02/23,,26.03871913,v01,es,,,,Venezuela (Bolivarian Republic of),Urimare,10.5839595,-66.99816571,2.54,VII,0.0,0,0,0.0
VE240110,EMSR884/AOI12 - Caraballeda,Urimare,,,,VE240110,Vargas,,,,VE2401,La Guaira,,,,VE24,Venezuela (República Bolivariana de),,,,VE,2021/02/23,,26.03871913,v01,es,,,,Venezuela (Bolivarian Republic of),Urimare,10.5839595,-66.99816571,2.54,VIII,12.337,172,110,1401.0
VE240110,EMSR884/AOI12 - Caraballeda,Urimare,,,,VE240110,Vargas,,,,VE2401,La Guaira,,,,VE24,Venezuela (República Bolivariana de),,,,VE,2021/02/23,,26.03871913,v01,es,,,,Venezuela (Bolivarian Republic of),Urimare,10.5839595,-66.99816571,2.54,IX,13.866,10163,8416,54862.0
VE240110,EMSR884/AOI12 - Caraballeda,Urimare,,,,VE240110,Vargas,,,,VE2401,La Guaira,,,,VE24,Venezuela (República Bolivariana de),,,,VE,2021/02/23,,26.03871913,v01,es,,,,Venezuela (Bolivarian Republic of),Urimare,10.5839595,-66.99816571,2.54,X+,0.0,0,0,0.0
VE240111,EMSR884/AOI12 - Caraballeda,Carlos Soublette,,,,VE240111,Vargas,,,,VE2401,La Guaira,,,,VE24,Venezuela (República Bolivariana de),,,,VE,2021/02/23,,7.49074363,v01,es,,,,Venezuela (Bolivarian Republic of),Carlos Soublette,10.5759865,-66.97004871,0.53,I,0.0,0,0,0.0
VE240111,EMSR884/AOI12 - Caraballeda,Carlos Soublette,,,,VE240111,Vargas,,,,VE2401,La Guaira,,,,VE24,Venezuela (República Bolivariana de),,,,VE,2021/02/23,,7.49074363,v01,es,,,,Venezuela (Bolivarian Republic of),Carlos Soublette,10.5759865,-66.97004871,0.53,II-III,0.0,0,0,0.0
VE240111,EMSR884/AOI12 - Caraballeda,Carlos Soublette,,,,VE240111,Vargas,,,,VE2401,La Guaira,,,,VE24,Venezuela (República Bolivariana de),,,,VE,2021/02/23,,7.49074363,v01,es,,,,Venezuela (Bolivarian Republic of),Carlos Soublette,10.5759865,-66.97004871,0.53,IV,0.0,0,0,0.0
VE240111,EMSR884/AOI12 - Caraballeda,Carlos Soublette,,,,VE240111,Vargas,,,,VE2401,La Guaira,,,,VE24,Venezuela (República Bolivariana de),,,,VE,2021/02/23,,7.49074363,v01,es,,,,Venezuela (Bolivarian Republic of),Carlos Soublette,10.5759865,-66.97004871,0.53,V,0.0,0,0,0.0
VE240111,EMSR884/AOI12 - Caraballeda,Carlos Soublette,,,,VE240111,Vargas,,,,VE2401,La Guaira,,,,VE24,Venezuela (República Bolivariana de),,,,VE,2021/02/23,,7.49074363,v01,es,,,,Venezuela (Bolivarian Republic of),Carlos Soublette,10.5759865,-66.97004871,0.53,VI,0.0,0,0,0.0
VE240111,EMSR884/AOI12 - Caraballeda,Carlos Soublette,,,,VE240111,Vargas,,,,VE2401,La Guaira,,,,VE24,Venezuela (República Bolivariana de),,,,VE,2021/02/23,,7.49074363,v01,es,,,,Venezuela (Bolivarian Republic of),Carlos Soublette,10.5759865,-66.97004871,0.53,VII,0.0,0,0,0.0
VE240111,EMSR884/AOI12 - Caraballeda,Carlos Soublette,,,,VE240111,Vargas,,,,VE2401,La Guaira,,,,VE24,Venezuela (República Bolivariana de),,,,VE,2021/02/23,,7.49074363,v01,es,,,,Venezuela (Bolivarian Republic of),Carlos Soublette,10.5759865,-66.97004871,0.53,VIII,5.168,111,21,676.0
VE240111,EMSR884/AOI12 - Caraballeda,Carlos Soublette,,,,VE240111,Vargas,,,,VE2401,La Guaira,,,,VE24,Venezuela (República Bolivariana de),,,,VE,2021/02/23,,7.49074363,v01,es,,,,Venezuela (Bolivarian Republic of),Carlos Soublette,10.5759865,-66.97004871,0.53,IX,2.37,4279,5360,25389.0
VE240111,EMSR884/AOI12 - Caraballeda,Carlos Soublette,,,,VE240111,Vargas,,,,VE2401,La Guaira,,,,VE24,Venezuela (República Bolivariana de),,,,VE,2021/02/23,,7.49074363,v01,es,,,,Venezuela (Bolivarian Republic of),Carlos Soublette,10.5759865,-66.97004871,0.53,X+,0.0,0,0,0.0
VE081103,EMSR884/AOI07 - Puerto Cabello,Urbanafraternidad,,,,VE081103,Puerto Cabello,,,,VE0811,Carabobo,,,,VE08,Venezuela (República Bolivariana de),,,,VE,2021/02/23,,7.02015921,v01,es,,,,Venezuela (Bolivarian Republic of),Urbanafraternidad,10.47542493,-67.98314212,1.6,I,0.0,0,0,0.0
VE081103,EMSR884/AOI07 - Puerto Cabello,Urbanafraternidad,,,,VE081103,Puerto Cabello,,,,VE0811,Carabobo,,,,VE08,Venezuela (República Bolivariana de),,,,VE,2021/02/23,,7.02015921,v01,es,,,,Venezuela (Bolivarian Republic of),Urbanafraternidad,10.47542493,-67.98314212,1.6,II-III,0.0,0,0,0.0
VE081103,EMSR884/AOI07 - Puerto Cabello,Urbanafraternidad,,,,VE081103,Puerto Cabello,,,,VE0811,Carabobo,,,,VE08,Venezuela (República Bolivariana de),,,,VE,2021/02/23,,7.02015921,v01,es,,,,Venezuela (Bolivarian Republic of),Urbanafraternidad,10.47542493,-67.98314212,1.6,IV,0.0,0,0,0.0
VE081103,EMSR884/AOI07 - Puerto Cabello,Urbanafraternidad,,,,VE081103,Puerto Cabello,,,,VE0811,Carabobo,,,,VE08,Venezuela (República Bolivariana de),,,,VE,2021/02/23,,7.02015921,v01,es,,,,Venezuela (Bolivarian Republic of),Urbanafraternidad,10.47542493,-67.98314212,1.6,V,0.0,0,0,0.0
VE081103,EMSR884/AOI07 - Puerto Cabello,Urbanafraternidad,,,,VE081103,Puerto Cabello,,,,VE0811,Carabobo,,,,VE08,Venezuela (República Bolivariana de),,,,VE,2021/02/23,,7.02015921,v01,es,,,,Venezuela (Bolivarian Republic of),Urbanafraternidad,10.47542493,-67.98314212,1.6,VI,0.0,0,0,0.0
VE081103,EMSR884/AOI07 - Puerto Cabello,Urbanafraternidad,,,,VE081103,Puerto Cabello,,,,VE0811,Carabobo,,,,VE08,Venezuela (República Bolivariana de),,,,VE,2021/02/23,,7.02015921,v01,es,,,,Venezuela (Bolivarian Republic of),Urbanafraternidad,10.47542493,-67.98314212,1.6,VII,0.0,0,0,0.0
VE081103,EMSR884/AOI07 - Puerto Cabello,Urbanafraternidad,,,,VE081103,Puerto Cabello,,,,VE0811,Carabobo,,,,VE08,Venezuela (República Bolivariana de),,,,VE,2021/02/23,,7.02015921,v01,es,,,,Venezuela (Bolivarian Republic of),Urbanafraternidad,10.47542493,-67.98314212,1.6,VIII,7.064,3036,256,11727.0
VE081103,EMSR884/AOI07 - Puerto Cabello,Urbanafraternidad,,,,VE081103,Puerto Cabello,,,,VE0811,Carabobo,,,,VE08,Venezuela (República Bolivariana de),,,,VE,2021/02/23,,7.02015921,v01,es,,,,Venezuela (Bolivarian Republic of),Urbanafraternidad,10.47542493,-67.98314212,1.6,IX,0.0,0,0,0.0
VE081103,EMSR884/AOI07 - Puerto Cabello,Urbanafraternidad,,,,VE081103,Puerto Cabello,,,,VE0811,Carabobo,,,,VE08,Venezuela (República Bolivariana de),,,,VE,2021/02/23,,7.02015921,v01,es,,,,Venezuela (Bolivarian Republic of),Urbanafraternidad,10.47542493,-67.98314212,1.6,X+,0.0,0,0,0.0
VE081106,EMSR884/AOI07 - Puerto Cabello,Urbana Unión,,,,VE081106,Puerto Cabello,,,,VE0811,Carabobo,,,,VE08,Venezuela (República Bolivariana de),,,,VE,2021/02/23,,0.98880883,v01,es,,,,Venezuela (Bolivarian Republic of),Urbana Union,10.4772305,-68.00806568,0.43,I,0.0,0,0,0.0
VE081106,EMSR884/AOI07 - Puerto Cabello,Urbana Unión,,,,VE081106,Puerto Cabello,,,,VE0811,Carabobo,,,,VE08,Venezuela (República Bolivariana de),,,,VE,2021/02/23,,0.98880883,v01,es,,,,Venezuela (Bolivarian Republic of),Urbana Union,10.4772305,-68.00806568,0.43,II-III,0.0,0,0,0.0
VE081106,EMSR884/AOI07 - Puerto Cabello,Urbana Unión,,,,VE081106,Puerto Cabello,,,,VE0811,Carabobo,,,,VE08,Venezuela (República Bolivariana de),,,,VE,2021/02/23,,0.98880883,v01,es,,,,Venezuela (Bolivarian Republic of),Urbana Union,10.4772305,-68.00806568,0.43,IV,0.0,0,0,0.0
VE081106,EMSR884/AOI07 - Puerto Cabello,Urbana Unión,,,,VE081106,Puerto Cabello,,,,VE0811,Carabobo,,,,VE08,Venezuela (República Bolivariana de),,,,VE,2021/02/23,,0.98880883,v01,es,,,,Venezuela (Bolivarian Republic of),Urbana Union,10.4772305,-68.00806568,0.43,V,0.0,0,0,0.0
VE081106,EMSR884/AOI07 - Puerto Cabello,Urbana Unión,,,,VE081106,Puerto Cabello,,,,VE0811,Carabobo,,,,VE08,Venezuela (República Bolivariana de),,,,VE,2021/02/23,,0.98880883,v01,es,,,,Venezuela (Bolivarian Republic of),Urbana Union,10.4772305,-68.00806568,0.43,VI,0.0,0,0,0.0
VE081106,EMSR884/AOI07 - Puerto Cabello,Urbana Unión,,,,VE081106,Puerto Cabello,,,,VE0811,Carabobo,,,,VE08,Venezuela (República Bolivariana de),,,,VE,2021/02/23,,0.98880883,v01,es,,,,Venezuela (Bolivarian Republic of),Urbana Union,10.4772305,-68.00806568,0.43,VII,0.0,0,0,0.0
VE081106,EMSR884/AOI07 - Puerto Cabello,Urbana Unión,,,,VE081106,Puerto Cabello,,,,VE0811,Carabobo,,,,VE08,Venezuela (República Bolivariana de),,,,VE,2021/02/23,,0.98880883,v01,es,,,,Venezuela (Bolivarian Republic of),Urbana Union,10.4772305,-68.00806568,0.43,VIII,0.995,1034,228,3499.0
VE081106,EMSR884/AOI07 - Puerto Cabello,Urbana Unión,,,,VE081106,Puerto Cabello,,,,VE0811,Carabobo,,,,VE08,Venezuela (República Bolivariana de),,,,VE,2021/02/23,,0.98880883,v01,es,,,,Venezuela (Bolivarian Republic of),Urbana Union,10.4772305,-68.00806568,0.43,IX,0.0,0,0,0.0
VE081106,EMSR884/AOI07 - Puerto Cabello,Urbana Unión,,,,VE081106,Puerto Cabello,,,,VE0811,Carabobo,,,,VE08,Venezuela (República Bolivariana de),,,,VE,2021/02/23,,0.98880883,v01,es,,,,Venezuela (Bolivarian Republic of),Urbana Union,10.4772305,-68.00806568,0.43,X+,0.0,0,0,0.0
VE081105,EMSR884/AOI07 - Puerto Cabello,Urbana Juan José Flores,,,,VE081105,Puerto Cabello,,,,VE0811,Carabobo,,,,VE08,Venezuela (República Bolivariana de),,,,VE,2021/02/23,,29.63904442,v01,es,,,,Venezuela (Bolivarian Republic of),Urbana Juan Jose Flores,10.48010484,-68.07069405,3.73,I,0.0,0,0,0.0
VE081105,EMSR884/AOI07 - Puerto Cabello,Urbana Juan José Flores,,,,VE081105,Puerto Cabello,,,,VE0811,Carabobo,,,,VE08,Venezuela (República Bolivariana de),,,,VE,2021/02/23,,29.63904442,v01,es,,,,Venezuela (Bolivarian Republic of),Urbana Juan Jose Flores,10.48010484,-68.07069405,3.73,II-III,0.0,0,0,0.0
VE081105,EMSR884/AOI07 - Puerto Cabello,Urbana Juan José Flores,,,,VE081105,Puerto Cabello,,,,VE0811,Carabobo,,,,VE08,Venezuela (República Bolivariana de),,,,VE,2021/02/23,,29.63904442,v01,es,,,,Venezuela (Bolivarian Republic of),Urbana Juan Jose Flores,10.48010484,-68.07069405,3.73,IV,0.0,0,0,0.0
VE081105,EMSR884/AOI07 - Puerto Cabello,Urbana Juan José Flores,,,,VE081105,Puerto Cabello,,,,VE0811,Carabobo,,,,VE08,Venezuela (República Bolivariana de),,,,VE,2021/02/23,,29.63904442,v01,es,,,,Venezuela (Bolivarian Republic of),Urbana Juan Jose Flores,10.48010484,-68.07069405,3.73,V,0.0,0,0,0.0
VE081105,EMSR884/AOI07 - Puerto Cabello,Urbana Juan José Flores,,,,VE081105,Puerto Cabello,,,,VE0811,Carabobo,,,,VE08,Venezuela (República Bolivariana de),,,,VE,2021/02/23,,29.63904442,v01,es,,,,Venezuela (Bolivarian Republic of),Urbana Juan Jose Flores,10.48010484,-68.07069405,3.73,VI,0.0,0,0,0.0
VE081105,EMSR884/AOI07 - Puerto Cabello,Urbana Juan José Flores,,,,VE081105,Puerto Cabello,,,,VE0811,Carabobo,,,,VE08,Venezuela (República Bolivariana de),,,,VE,2021/02/23,,29.63904442,v01,es,,,,Venezuela (Bolivarian Republic of),Urbana Juan Jose Flores,10.48010484,-68.07069405,3.73,VII,0.0,0,0,0.0
VE081105,EMSR884/AOI07 - Puerto Cabello,Urbana Juan José Flores,,,,VE081105,Puerto Cabello,,,,VE0811,Carabobo,,,,VE08,Venezuela (República Bolivariana de),,,,VE,2021/02/23,,29.63904442,v01,es,,,,Venezuela (Bolivarian Republic of),Urbana Juan Jose Flores,10.48010484,-68.07069405,3.73,VIII,28.213,16106,449,46076.0
VE081105,EMSR884/AOI07 - Puerto Cabello,Urbana Juan José Flores,,,,VE081105,Puerto Cabello,,,,VE0811,Carabobo,,,,VE08,Venezuela (República Bolivariana de),,,,VE,2021/02/23,,29.63904442,v01,es,,,,Venezuela (Bolivarian Republic of),Urbana Juan Jose Flores,10.48010484,-68.07069405,3.73,IX,1.613,0,0,23.0
VE081105,EMSR884/AOI07 - Puerto Cabello,Urbana Juan José Flores,,,,VE081105,Puerto Cabello,,,,VE0811,Carabobo,,,,VE08,Venezuela (República Bolivariana de),,,,VE,2021/02/23,,29.63904442,v01,es,,,,Venezuela (Bolivarian Republic of),Urbana Juan Jose Flores,10.48010484,-68.07069405,3.73,X+,0.0,0,0,0.0
