portee,gt_variant,zone,methode,critere,seuil_a,seuil_b,n,tp,fp,fn,tn,precision,recall,f1,kappa
sans_zones_nuageuses,PD_endommage,GLOBAL,t_test,kappa,3.0,,271375,597,2218,2299,266261,0.21207815275310835,0.206146408839779,0.20907021537383996,0.2006609905486377
sans_zones_nuageuses,PD_endommage,GLOBAL,t_test,f1,3.0,,271375,597,2218,2299,266261,0.21207815275310835,0.206146408839779,0.20907021537383996,0.2006609905486377
sans_zones_nuageuses,PD_endommage,GLOBAL,bdpm,kappa,0.52,,271375,890,6450,2006,262029,0.12125340599455041,0.30732044198895025,0.17389605314576004,0.16105628071398417
sans_zones_nuageuses,PD_endommage,GLOBAL,bdpm,f1,0.52,,271375,890,6450,2006,262029,0.12125340599455041,0.30732044198895025,0.17389605314576004,0.16105628071398417
sans_zones_nuageuses,PD_endommage,GLOBAL,burst_asc,kappa,0.38,,271375,1565,30462,1331,238017,0.0488650201392575,0.5404005524861878,0.08962574807433496,0.0714510059974641
sans_zones_nuageuses,PD_endommage,GLOBAL,burst_asc,f1,0.38,,271375,1565,30462,1331,238017,0.0488650201392575,0.5404005524861878,0.08962574807433496,0.0714510059974641
sans_zones_nuageuses,PD_endommage,GLOBAL,burst_desc,kappa,0.38,,271375,1644,35899,1252,232580,0.043789787710092426,0.5676795580110497,0.08130764855708598,0.06273605400169663
sans_zones_nuageuses,PD_endommage,GLOBAL,burst_desc,f1,0.38,,271375,1644,35899,1252,232580,0.043789787710092426,0.5676795580110497,0.08130764855708598,0.06273605400169663
sans_zones_nuageuses,PD_endommage,GLOBAL,burst_moyenne,kappa,0.34,,271375,966,14763,1930,253716,0.06141522029372497,0.3335635359116022,0.10373154362416107,0.08728021365587854
sans_zones_nuageuses,PD_endommage,GLOBAL,burst_moyenne,f1,0.34,,271375,966,14763,1930,253716,0.06141522029372497,0.3335635359116022,0.10373154362416107,0.08728021365587854
sans_zones_nuageuses,PD_endommage,GLOBAL,burst_sensible,kappa,0.34,,271375,1590,36922,1306,231557,0.0412858329871209,0.5490331491712708,0.07679675425038641,0.05809959976359212
sans_zones_nuageuses,PD_endommage,GLOBAL,burst_sensible,f1,0.34,,271375,1590,36922,1306,231557,0.0412858329871209,0.5490331491712708,0.07679675425038641,0.05809959976359212
sans_zones_nuageuses,PD_endommage,GLOBAL,burst_meilleure_couverture,kappa,0.38,,271375,1565,31077,1331,237402,0.047944366154034676,0.5404005524861878,0.08807473690134504,0.06983997207271234
sans_zones_nuageuses,PD_endommage,GLOBAL,burst_meilleure_couverture,f1,0.38,,271375,1565,31077,1331,237402,0.047944366154034676,0.5404005524861878,0.08807473690134504,0.06983997207271234
sans_zones_nuageuses,PD_endommage,GLOBAL,fusion_ET_tstat_bdpm,kappa,2.4,0.4,271375,618,2201,2278,266278,0.2192266761262859,0.21339779005524862,0.2162729658792651,0.20793425746155672
sans_zones_nuageuses,PD_endommage,GLOBAL,fusion_ET_tstat_bdpm,f1,2.4,0.4,271375,618,2201,2278,266278,0.2192266761262859,0.21339779005524862,0.2162729658792651,0.20793425746155672
sans_zones_nuageuses,PD_endommage,GLOBAL,fusion_ET_tstat_asc,kappa,2.8,0.54,271375,764,2751,2132,265728,0.21735419630156472,0.2638121546961326,0.23834035251910776,0.2293219154625607
sans_zones_nuageuses,PD_endommage,GLOBAL,fusion_ET_tstat_asc,f1,2.8,0.54,271375,764,2751,2132,265728,0.21735419630156472,0.2638121546961326,0.23834035251910776,0.2293219154625607
sans_zones_nuageuses,PD_endommage,GLOBAL,fusion_ET_tstat_desc,kappa,2.8,0.48,271375,756,2422,2140,266057,0.23788546255506607,0.2610497237569061,0.24892986499835365,0.24044792143272617
sans_zones_nuageuses,PD_endommage,GLOBAL,fusion_ET_tstat_desc,f1,2.8,0.48,271375,756,2422,2140,266057,0.23788546255506607,0.2610497237569061,0.24892986499835365,0.24044792143272617
sans_zones_nuageuses,PD_endommage,GLOBAL,fusion_ET_tstat_moyenne,kappa,2.8,0.48,271375,771,2533,2125,265946,0.23335351089588377,0.2662292817679558,0.24870967741935485,0.2400663142361334
sans_zones_nuageuses,PD_endommage,GLOBAL,fusion_ET_tstat_moyenne,f1,2.8,0.48,271375,771,2533,2125,265946,0.23335351089588377,0.2662292817679558,0.24870967741935485,0.2400663142361334
sans_zones_nuageuses,PD_endommage,GLOBAL,fusion_ET_tstat_sensible,kappa,2.8,0.42,271375,762,2586,2134,265893,0.22759856630824374,0.26312154696132595,0.24407431133888535,0.2353232820147051
sans_zones_nuageuses,PD_endommage,GLOBAL,fusion_ET_tstat_sensible,f1,2.8,0.42,271375,762,2586,2134,265893,0.22759856630824374,0.26312154696132595,0.24407431133888535,0.2353232820147051
sans_zones_nuageuses,PD_endommage,GLOBAL,fusion_ET_tstat_meilleure_couverture,kappa,2.8,0.54,271375,764,2751,2132,265728,0.21735419630156472,0.2638121546961326,0.23834035251910776,0.2293219154625607
sans_zones_nuageuses,PD_endommage,GLOBAL,fusion_ET_tstat_meilleure_couverture,f1,2.8,0.54,271375,764,2751,2132,265728,0.21735419630156472,0.2638121546961326,0.23834035251910776,0.2293219154625607
sans_zones_nuageuses,PD_endommage,San Felipe,t_test,kappa,2.6,,89312,19,3973,164,85156,0.004759519038076153,0.10382513661202186,0.00910179640718563,0.005203817962563771
sans_zones_nuageuses,PD_endommage,San Felipe,t_test,f1,2.6,,89312,19,3973,164,85156,0.004759519038076153,0.10382513661202186,0.00910179640718563,0.005203817962563771
sans_zones_nuageuses,PD_endommage,San Felipe,bdpm,kappa,0.42,,89312,0,0,183,89129,nan,0.0,nan,0.0
sans_zones_nuageuses,PD_endommage,San Felipe,burst_asc,kappa,0.2,,89312,1,31,182,89098,0.03125,0.00546448087431694,0.009302325581395349,0.008697696677804944
sans_zones_nuageuses,PD_endommage,San Felipe,burst_asc,f1,0.2,,89312,1,31,182,89098,0.03125,0.00546448087431694,0.009302325581395349,0.008697696677804944
sans_zones_nuageuses,PD_endommage,San Felipe,burst_desc,kappa,0.0,,89312,0,0,183,89129,nan,0.0,nan,0.0
sans_zones_nuageuses,PD_endommage,San Felipe,burst_desc,f1,1.0,,89312,82,73016,101,16113,0.0011217817176940547,0.44808743169398907,0.00223796072651847,-0.0018573917358748505
sans_zones_nuageuses,PD_endommage,San Felipe,burst_moyenne,kappa,0.2,,89312,1,15,182,89114,0.0625,0.00546448087431694,0.010050251256281405,0.009723968257904319
sans_zones_nuageuses,PD_endommage,San Felipe,burst_moyenne,f1,0.2,,89312,1,15,182,89114,0.0625,0.00546448087431694,0.010050251256281405,0.009723968257904319
sans_zones_nuageuses,PD_endommage,San Felipe,burst_sensible,kappa,0.2,,89312,1,46,182,89083,0.02127659574468085,0.00546448087431694,0.008695652173913044,0.007864822229047084
sans_zones_nuageuses,PD_endommage,San Felipe,burst_sensible,f1,0.2,,89312,1,46,182,89083,0.02127659574468085,0.00546448087431694,0.008695652173913044,0.007864822229047084
sans_zones_nuageuses,PD_endommage,San Felipe,burst_meilleure_couverture,kappa,0.2,,89312,1,32,182,89097,0.030303030303030304,0.00546448087431694,0.009259259259259259,0.008638585377040292
sans_zones_nuageuses,PD_endommage,San Felipe,burst_meilleure_couverture,f1,0.2,,89312,1,32,182,89097,0.030303030303030304,0.00546448087431694,0.009259259259259259,0.008638585377040292
sans_zones_nuageuses,PD_endommage,San Felipe,fusion_ET_tstat_bdpm,kappa,1.0,0.42,89312,0,0,183,89129,nan,0.0,nan,0.0
sans_zones_nuageuses,PD_endommage,San Felipe,fusion_ET_tstat_asc,kappa,2.4,0.2,89312,1,8,182,89121,0.1111111111111111,0.00546448087431694,0.010416666666666666,0.010226537669813815
sans_zones_nuageuses,PD_endommage,San Felipe,fusion_ET_tstat_asc,f1,2.4,0.2,89312,1,8,182,89121,0.1111111111111111,0.00546448087431694,0.010416666666666666,0.010226537669813815
sans_zones_nuageuses,PD_endommage,San Felipe,fusion_ET_tstat_desc,kappa,2.6,1.0,89312,17,3139,166,85990,0.005386565272496832,0.09289617486338798,0.010182689427972449,0.006333827324947615
sans_zones_nuageuses,PD_endommage,San Felipe,fusion_ET_tstat_desc,f1,2.6,1.0,89312,17,3139,166,85990,0.005386565272496832,0.09289617486338798,0.010182689427972449,0.006333827324947615
sans_zones_nuageuses,PD_endommage,San Felipe,fusion_ET_tstat_moyenne,kappa,2.4,0.2,89312,1,5,182,89124,0.16666666666666666,0.00546448087431694,0.010582010582010581,0.010453275467880436
sans_zones_nuageuses,PD_endommage,San Felipe,fusion_ET_tstat_moyenne,f1,2.4,0.2,89312,1,5,182,89124,0.16666666666666666,0.00546448087431694,0.010582010582010581,0.010453275467880436
sans_zones_nuageuses,PD_endommage,San Felipe,fusion_ET_tstat_sensible,kappa,2.4,0.2,89312,1,13,182,89116,0.07142857142857142,0.00546448087431694,0.01015228426395939,0.009863928947771482
sans_zones_nuageuses,PD_endommage,San Felipe,fusion_ET_tstat_sensible,f1,2.4,0.2,89312,1,13,182,89116,0.07142857142857142,0.00546448087431694,0.01015228426395939,0.009863928947771482
sans_zones_nuageuses,PD_endommage,San Felipe,fusion_ET_tstat_meilleure_couverture,kappa,2.4,0.2,89312,1,8,182,89121,0.1111111111111111,0.00546448087431694,0.010416666666666666,0.010226537669813815
sans_zones_nuageuses,PD_endommage,San Felipe,fusion_ET_tstat_meilleure_couverture,f1,2.4,0.2,89312,1,8,182,89121,0.1111111111111111,0.00546448087431694,0.010416666666666666,0.010226537669813815
sans_zones_nuageuses,PD_endommage,catia_la_mar,t_test,kappa,2.8,,32817,480,1144,1245,29948,0.2955665024630542,0.2782608695652174,0.2866527321588534,0.2483335471848677
sans_zones_nuageuses,PD_endommage,catia_la_mar,t_test,f1,2.6,,32817,631,2008,1094,29084,0.23910572186434256,0.36579710144927535,0.28918423464711274,0.24092747712868806
sans_zones_nuageuses,PD_endommage,catia_la_mar,bdpm,kappa,0.62,,32817,491,3057,1234,28035,0.13838782412626832,0.2846376811594203,0.18623174663379483,0.12428648215307803
sans_zones_nuageuses,PD_endommage,catia_la_mar,bdpm,f1,0.52,,32817,650,4514,1075,26578,0.12587141750580946,0.37681159420289856,0.18870663376397157,0.11930394121328179
sans_zones_nuageuses,PD_endommage,catia_la_mar,burst_asc,kappa,0.38,,32817,1089,10165,636,20927,0.09676559445530478,0.6313043478260869,0.1678095384852454,0.08434166492934958
sans_zones_nuageuses,PD_endommage,catia_la_mar,burst_asc,f1,0.42,,32817,1343,12842,382,18250,0.09467747620726119,0.7785507246376812,0.16882463859208047,0.08286105450477174
sans_zones_nuageuses,PD_endommage,catia_la_mar,burst_desc,kappa,0.38,,32817,1093,11076,632,20016,0.0898183909935081,0.6336231884057971,0.1573341010508133,0.0718758744158979
sans_zones_nuageuses,PD_endommage,catia_la_mar,burst_desc,f1,0.44,,32817,1448,15199,277,15893,0.08698263951462726,0.8394202898550724,0.1576311778793817,0.06894067555041708
sans_zones_nuageuses,PD_endommage,catia_la_mar,burst_moyenne,kappa,0.38,,32817,1106,9365,619,21727,0.10562505968866392,0.6411594202898551,0.18137094129222692,0.10015142572578244
sans_zones_nuageuses,PD_endommage,catia_la_mar,burst_moyenne,f1,0.38,,32817,1106,9365,619,21727,0.10562505968866392,0.6411594202898551,0.18137094129222692,0.10015142572578244
sans_zones_nuageuses,PD_endommage,catia_la_mar,burst_sensible,kappa,0.36,,32817,1260,13424,465,17668,0.08580768183056388,0.7304347826086957,0.15357425802913036,0.06567606361251903
sans_zones_nuageuses,PD_endommage,catia_la_mar,burst_sensible,f1,0.36,,32817,1260,13424,465,17668,0.08580768183056388,0.7304347826086957,0.15357425802913036,0.06567606361251903
sans_zones_nuageuses,PD_endommage,catia_la_mar,burst_meilleure_couverture,kappa,0.38,,32817,1089,10165,636,20927,0.09676559445530478,0.6313043478260869,0.1678095384852454,0.08434166492934958
sans_zones_nuageuses,PD_endommage,catia_la_mar,burst_meilleure_couverture,f1,0.42,,32817,1343,12842,382,18250,0.09467747620726119,0.7785507246376812,0.16882463859208047,0.08286105450477174
sans_zones_nuageuses,PD_endommage,catia_la_mar,fusion_ET_tstat_bdpm,kappa,2.4,0.42,32817,398,1410,1327,29682,0.22013274336283187,0.23072463768115942,0.2253042739881121,0.18125661724324085
sans_zones_nuageuses,PD_endommage,catia_la_mar,fusion_ET_tstat_bdpm,f1,2.4,0.32,32817,405,1457,1320,29635,0.21750805585392052,0.23478260869565218,0.22581544466127684,0.18112810687407158
sans_zones_nuageuses,PD_endommage,catia_la_mar,fusion_ET_tstat_asc,kappa,2.8,0.76,32817,479,1131,1246,29961,0.29751552795031055,0.27768115942028987,0.2872563718140929,0.24914946015839098
sans_zones_nuageuses,PD_endommage,catia_la_mar,fusion_ET_tstat_asc,f1,2.6,0.62,32817,624,1920,1101,29172,0.24528301886792453,0.3617391304347826,0.29234012649332397,0.2450431591480698
sans_zones_nuageuses,PD_endommage,catia_la_mar,fusion_ET_tstat_desc,kappa,2.8,0.62,32817,478,1122,1247,29970,0.29875,0.27710144927536234,0.28751879699248123,0.24955520467505932
sans_zones_nuageuses,PD_endommage,catia_la_mar,fusion_ET_tstat_desc,f1,2.6,0.48,32817,605,1806,1120,29286,0.250933222729158,0.3507246376811594,0.2925531914893617,0.24636873857663197
sans_zones_nuageuses,PD_endommage,catia_la_mar,fusion_ET_tstat_moyenne,kappa,2.8,0.6,32817,478,1120,1247,29972,0.29912390488110135,0.27710144927536234,0.28769184471862774,0.24976341247226258
sans_zones_nuageuses,PD_endommage,catia_la_mar,fusion_ET_tstat_moyenne,f1,2.6,0.5,32817,620,1887,1105,29205,0.2473075388911049,0.35942028985507246,0.2930056710775047,0.246051915470432
sans_zones_nuageuses,PD_endommage,catia_la_mar,fusion_ET_tstat_sensible,kappa,2.8,0.48,32817,477,1116,1248,29976,0.2994350282485876,0.27652173913043476,0.2875226039783002,0.24965015315266123
sans_zones_nuageuses,PD_endommage,catia_la_mar,fusion_ET_tstat_sensible,f1,2.6,0.46,32817,624,1907,1101,29185,0.24654286843145,0.3617391304347826,0.2932330827067669,0.24610015723415185
sans_zones_nuageuses,PD_endommage,catia_la_mar,fusion_ET_tstat_meilleure_couverture,kappa,2.8,0.76,32817,479,1131,1246,29961,0.29751552795031055,0.27768115942028987,0.2872563718140929,0.24914946015839098
sans_zones_nuageuses,PD_endommage,catia_la_mar,fusion_ET_tstat_meilleure_couverture,f1,2.6,0.62,32817,624,1920,1101,29172,0.24528301886792453,0.3617391304347826,0.29234012649332397,0.2450431591480698
sans_zones_nuageuses,PD_endommage,caraballeda,t_test,kappa,2.8,,7319,251,723,357,5988,0.25770020533880905,0.4128289473684211,0.3173198482932997,0.23953130348497584
sans_zones_nuageuses,PD_endommage,caraballeda,t_test,f1,2.8,,7319,251,723,357,5988,0.25770020533880905,0.4128289473684211,0.3173198482932997,0.23953130348497584
sans_zones_nuageuses,PD_endommage,caraballeda,bdpm,kappa,0.46,,7319,230,1055,378,5656,0.17898832684824903,0.3782894736842105,0.24300052826201796,0.14677309963052437
sans_zones_nuageuses,PD_endommage,caraballeda,bdpm,f1,0.46,,7319,230,1055,378,5656,0.17898832684824903,0.3782894736842105,0.24300052826201796,0.14677309963052437
sans_zones_nuageuses,PD_endommage,caraballeda,burst_asc,kappa,0.44,,7319,466,4173,142,2538,0.10045268376805346,0.7664473684210527,0.1776253097007814,0.03602625975416654
sans_zones_nuageuses,PD_endommage,caraballeda,burst_asc,f1,0.44,,7319,466,4173,142,2538,0.10045268376805346,0.7664473684210527,0.1776253097007814,0.03602625975416654
sans_zones_nuageuses,PD_endommage,caraballeda,burst_desc,kappa,0.44,,7319,511,4879,97,1832,0.09480519480519481,0.8404605263157895,0.17039013004334777,0.02478979717886579
sans_zones_nuageuses,PD_endommage,caraballeda,burst_desc,f1,0.44,,7319,511,4879,97,1832,0.09480519480519481,0.8404605263157895,0.17039013004334777,0.02478979717886579
sans_zones_nuageuses,PD_endommage,caraballeda,burst_moyenne,kappa,0.42,,7319,465,4141,143,2570,0.10095527572731221,0.7648026315789473,0.17836593785960875,0.03703195018975521
sans_zones_nuageuses,PD_endommage,caraballeda,burst_moyenne,f1,0.44,,7319,501,4498,107,2213,0.10022004400880176,0.8240131578947368,0.178705189941145,0.035895174924094296
sans_zones_nuageuses,PD_endommage,caraballeda,burst_sensible,kappa,0.4,,7319,535,5123,73,1588,0.09455638034641216,0.8799342105263158,0.17076284711139483,0.024401854393373862
sans_zones_nuageuses,PD_endommage,caraballeda,burst_sensible,f1,0.42,,7319,563,5401,45,1310,0.09439973172367538,0.9259868421052632,0.17133292757151553,0.02421083266149692
sans_zones_nuageuses,PD_endommage,caraballeda,burst_meilleure_couverture,kappa,0.44,,7319,466,4173,142,2538,0.10045268376805346,0.7664473684210527,0.1776253097007814,0.03602625975416654
sans_zones_nuageuses,PD_endommage,caraballeda,burst_meilleure_couverture,f1,0.44,,7319,466,4173,142,2538,0.10045268376805346,0.7664473684210527,0.1776253097007814,0.03602625975416654
sans_zones_nuageuses,PD_endommage,caraballeda,fusion_ET_tstat_bdpm,kappa,2.2,0.42,7319,200,510,408,6201,0.28169014084507044,0.32894736842105265,0.30349013657056145,0.23502456199315852
sans_zones_nuageuses,PD_endommage,caraballeda,fusion_ET_tstat_bdpm,f1,2.2,0.42,7319,200,510,408,6201,0.28169014084507044,0.32894736842105265,0.30349013657056145,0.23502456199315852
sans_zones_nuageuses,PD_endommage,caraballeda,fusion_ET_tstat_asc,kappa,2.8,0.68,7319,250,715,358,5996,0.25906735751295334,0.41118421052631576,0.31786395422759056,0.24044651949489676
sans_zones_nuageuses,PD_endommage,caraballeda,fusion_ET_tstat_asc,f1,2.8,0.68,7319,250,715,358,5996,0.25906735751295334,0.41118421052631576,0.31786395422759056,0.24044651949489676
sans_zones_nuageuses,PD_endommage,caraballeda,fusion_ET_tstat_desc,kappa,2.8,0.58,7319,251,719,357,5992,0.25876288659793817,0.4128289473684211,0.3181242078580482,0.2405642428028452
sans_zones_nuageuses,PD_endommage,caraballeda,fusion_ET_tstat_desc,f1,2.8,0.58,7319,251,719,357,5992,0.25876288659793817,0.4128289473684211,0.3181242078580482,0.2405642428028452
sans_zones_nuageuses,PD_endommage,caraballeda,fusion_ET_tstat_moyenne,kappa,2.8,0.5,7319,249,711,359,6000,0.259375,0.4095394736842105,0.31760204081632654,0.24032809924538456
sans_zones_nuageuses,PD_endommage,caraballeda,fusion_ET_tstat_moyenne,f1,2.8,0.58,7319,250,716,358,5995,0.2587991718426501,0.41118421052631576,0.31766200762388824,0.2401871354073528
sans_zones_nuageuses,PD_endommage,caraballeda,fusion_ET_tstat_sensible,kappa,2.8,0.48,7319,251,720,357,5991,0.2584963954685891,0.4128289473684211,0.3179227359088031,0.240305552302846
sans_zones_nuageuses,PD_endommage,caraballeda,fusion_ET_tstat_sensible,f1,2.8,0.48,7319,251,720,357,5991,0.2584963954685891,0.4128289473684211,0.3179227359088031,0.240305552302846
sans_zones_nuageuses,PD_endommage,caraballeda,fusion_ET_tstat_meilleure_couverture,kappa,2.8,0.68,7319,250,715,358,5996,0.25906735751295334,0.41118421052631576,0.31786395422759056,0.24044651949489676
sans_zones_nuageuses,PD_endommage,caraballeda,fusion_ET_tstat_meilleure_couverture,f1,2.8,0.68,7319,250,715,358,5996,0.25906735751295334,0.41118421052631576,0.31786395422759056,0.24044651949489676
sans_zones_nuageuses,PD_endommage,Caracas,t_test,kappa,2.8,,111677,5,368,14,111290,0.013404825737265416,0.2631578947368421,0.025510204081632654,0.025194586960132413
sans_zones_nuageuses,PD_endommage,Caracas,t_test,f1,2.8,,111677,5,368,14,111290,0.013404825737265416,0.2631578947368421,0.025510204081632654,0.025194586960132413
sans_zones_nuageuses,PD_endommage,Caracas,bdpm,kappa,0.18,,111677,5,6506,14,105152,0.0007679311933650745,0.2631578947368421,0.0015313935681470136,0.001192521200231728
sans_zones_nuageuses,PD_endommage,Caracas,bdpm,f1,0.18,,111677,5,6506,14,105152,0.0007679311933650745,0.2631578947368421,0.0015313935681470136,0.001192521200231728
sans_zones_nuageuses,PD_endommage,Caracas,burst_asc,kappa,0.28,,111677,1,792,18,110866,0.0012610340479192938,0.05263157894736842,0.0024630541871921183,0.0021314573743194697
sans_zones_nuageuses,PD_endommage,Caracas,burst_asc,f1,0.28,,111677,1,792,18,110866,0.0012610340479192938,0.05263157894736842,0.0024630541871921183,0.0021314573743194697
sans_zones_nuageuses,PD_endommage,Caracas,burst_desc,kappa,0.58,,111677,18,20844,1,90814,0.0008628127696289905,0.9473684210526315,0.0017240553613332697,0.0013845686507550452
sans_zones_nuageuses,PD_endommage,Caracas,burst_desc,f1,0.58,,111677,18,20844,1,90814,0.0008628127696289905,0.9473684210526315,0.0017240553613332697,0.0013845686507550452
sans_zones_nuageuses,PD_endommage,Caracas,burst_moyenne,kappa,0.3,,111677,1,302,18,111356,0.0033003300330033004,0.05263157894736842,0.006211180124223602,0.005892877807352657
sans_zones_nuageuses,PD_endommage,Caracas,burst_moyenne,f1,0.3,,111677,1,302,18,111356,0.0033003300330033004,0.05263157894736842,0.006211180124223602,0.005892877807352657
sans_zones_nuageuses,PD_endommage,Caracas,burst_sensible,kappa,0.58,,111677,18,28113,1,83545,0.0006398634957875654,0.9473684210526315,0.0012788632326820606,0.0009391452222017653
sans_zones_nuageuses,PD_endommage,Caracas,burst_sensible,f1,0.58,,111677,18,28113,1,83545,0.0006398634957875654,0.9473684210526315,0.0012788632326820606,0.0009391452222017653
sans_zones_nuageuses,PD_endommage,Caracas,burst_meilleure_couverture,kappa,0.28,,111677,1,792,18,110866,0.0012610340479192938,0.05263157894736842,0.0024630541871921183,0.0021314573743194697
sans_zones_nuageuses,PD_endommage,Caracas,burst_meilleure_couverture,f1,0.28,,111677,1,792,18,110866,0.0012610340479192938,0.05263157894736842,0.0024630541871921183,0.0021314573743194697
sans_zones_nuageuses,PD_endommage,Caracas,fusion_ET_tstat_bdpm,kappa,2.8,0.18,111677,3,35,16,111623,0.07894736842105263,0.15789473684210525,0.10526315789473684,0.10506014554984151
sans_zones_nuageuses,PD_endommage,Caracas,fusion_ET_tstat_bdpm,f1,2.8,0.18,111677,3,35,16,111623,0.07894736842105263,0.15789473684210525,0.10526315789473684,0.10506014554984151
sans_zones_nuageuses,PD_endommage,Caracas,fusion_ET_tstat_asc,kappa,2.8,0.96,111677,5,358,14,111300,0.013774104683195593,0.2631578947368421,0.026178010471204192,0.02586303035015496
sans_zones_nuageuses,PD_endommage,Caracas,fusion_ET_tstat_asc,f1,2.8,0.96,111677,5,358,14,111300,0.013774104683195593,0.2631578947368421,0.026178010471204192,0.02586303035015496
sans_zones_nuageuses,PD_endommage,Caracas,fusion_ET_tstat_desc,kappa,2.8,0.46,111677,3,52,16,111606,0.05454545454545454,0.15789473684210525,0.08108108108108109,0.08084862662904212
sans_zones_nuageuses,PD_endommage,Caracas,fusion_ET_tstat_desc,f1,2.8,0.46,111677,3,52,16,111606,0.05454545454545454,0.15789473684210525,0.08108108108108109,0.08084862662904212
sans_zones_nuageuses,PD_endommage,Caracas,fusion_ET_tstat_moyenne,kappa,2.2,0.34,111677,2,54,17,111604,0.03571428571428571,0.10526315789473684,0.05333333333333334,0.053092756357981136
sans_zones_nuageuses,PD_endommage,Caracas,fusion_ET_tstat_moyenne,f1,2.2,0.34,111677,2,54,17,111604,0.03571428571428571,0.10526315789473684,0.05333333333333334,0.053092756357981136
sans_zones_nuageuses,PD_endommage,Caracas,fusion_ET_tstat_sensible,kappa,2.8,0.56,111677,5,141,14,111517,0.03424657534246575,0.2631578947368421,0.060606060606060615,0.06032313822627206
sans_zones_nuageuses,PD_endommage,Caracas,fusion_ET_tstat_sensible,f1,2.8,0.56,111677,5,141,14,111517,0.03424657534246575,0.2631578947368421,0.060606060606060615,0.06032313822627206
sans_zones_nuageuses,PD_endommage,Caracas,fusion_ET_tstat_meilleure_couverture,kappa,2.8,0.96,111677,5,358,14,111300,0.013774104683195593,0.2631578947368421,0.026178010471204192,0.02586303035015496
sans_zones_nuageuses,PD_endommage,Caracas,fusion_ET_tstat_meilleure_couverture,f1,2.8,0.96,111677,5,358,14,111300,0.013774104683195593,0.2631578947368421,0.026178010471204192,0.02586303035015496
sans_zones_nuageuses,PD_endommage,la_guaira,t_test,kappa,2.8,,16328,60,218,231,15819,0.2158273381294964,0.20618556701030927,0.21089630931458697,0.19691053711557197
sans_zones_nuageuses,PD_endommage,la_guaira,t_test,f1,2.8,,16328,60,218,231,15819,0.2158273381294964,0.20618556701030927,0.21089630931458697,0.19691053711557197
sans_zones_nuageuses,PD_endommage,la_guaira,bdpm,kappa,0.64,,16328,24,101,267,15936,0.192,0.08247422680412371,0.1153846153846154,0.10580743360787692
sans_zones_nuageuses,PD_endommage,la_guaira,bdpm,f1,0.46,,16328,69,755,222,15282,0.08373786407766991,0.23711340206185566,0.12376681614349776,0.10006097205981483
sans_zones_nuageuses,PD_endommage,la_guaira,burst_asc,kappa,0.4,,16328,129,3782,162,12255,0.032983891587829196,0.44329896907216493,0.06139933365064254,0.029191974306289677
sans_zones_nuageuses,PD_endommage,la_guaira,burst_asc,f1,0.4,,16328,129,3782,162,12255,0.032983891587829196,0.44329896907216493,0.06139933365064254,0.029191974306289677
sans_zones_nuageuses,PD_endommage,la_guaira,burst_desc,kappa,0.4,,16328,179,6192,112,9845,0.028096060273112542,0.6151202749140894,0.053737616331432,0.020343751691147063
sans_zones_nuageuses,PD_endommage,la_guaira,burst_desc,f1,0.4,,16328,179,6192,112,9845,0.028096060273112542,0.6151202749140894,0.053737616331432,0.020343751691147063
sans_zones_nuageuses,PD_endommage,la_guaira,burst_moyenne,kappa,0.36,,16328,91,2426,200,13611,0.03615415176797775,0.3127147766323024,0.06481481481481481,0.033949116497269644
sans_zones_nuageuses,PD_endommage,la_guaira,burst_moyenne,f1,0.36,,16328,91,2426,200,13611,0.03615415176797775,0.3127147766323024,0.06481481481481481,0.033949116497269644
sans_zones_nuageuses,PD_endommage,la_guaira,burst_sensible,kappa,0.38,,16328,188,6843,103,9194,0.026738728488124024,0.6460481099656358,0.05135208959300738,0.017731318992758417
sans_zones_nuageuses,PD_endommage,la_guaira,burst_sensible,f1,0.38,,16328,188,6843,103,9194,0.026738728488124024,0.6460481099656358,0.05135208959300738,0.017731318992758417
sans_zones_nuageuses,PD_endommage,la_guaira,burst_meilleure_couverture,kappa,0.4,,16328,129,3782,162,12255,0.032983891587829196,0.44329896907216493,0.06139933365064254,0.029191974306289677
sans_zones_nuageuses,PD_endommage,la_guaira,burst_meilleure_couverture,f1,0.4,,16328,129,3782,162,12255,0.032983891587829196,0.44329896907216493,0.06139933365064254,0.029191974306289677
sans_zones_nuageuses,PD_endommage,la_guaira,fusion_ET_tstat_bdpm,kappa,2.4,0.32,16328,46,112,245,15925,0.2911392405063291,0.15807560137457044,0.20489977728285078,0.1948001717289359
sans_zones_nuageuses,PD_endommage,la_guaira,fusion_ET_tstat_bdpm,f1,2.2,0.36,16328,53,168,238,15869,0.2398190045248869,0.18213058419243985,0.20703125,0.19464036969067516
sans_zones_nuageuses,PD_endommage,la_guaira,fusion_ET_tstat_asc,kappa,2.6,0.56,16328,75,268,216,15769,0.21865889212827988,0.25773195876288657,0.23659305993690852,0.22158212807587152
sans_zones_nuageuses,PD_endommage,la_guaira,fusion_ET_tstat_asc,f1,2.6,0.56,16328,75,268,216,15769,0.21865889212827988,0.25773195876288657,0.23659305993690852,0.22158212807587152
sans_zones_nuageuses,PD_endommage,la_guaira,fusion_ET_tstat_desc,kappa,2.6,0.44,16328,69,219,222,15818,0.23958333333333334,0.23711340206185566,0.2383419689119171,0.2245941761925341
sans_zones_nuageuses,PD_endommage,la_guaira,fusion_ET_tstat_desc,f1,2.6,0.44,16328,69,219,222,15818,0.23958333333333334,0.23711340206185566,0.2383419689119171,0.2245941761925341
sans_zones_nuageuses,PD_endommage,la_guaira,fusion_ET_tstat_moyenne,kappa,2.6,0.48,16328,73,246,218,15791,0.22884012539184953,0.2508591065292096,0.239344262295082,0.22489616265800522
sans_zones_nuageuses,PD_endommage,la_guaira,fusion_ET_tstat_moyenne,f1,2.6,0.48,16328,73,246,218,15791,0.22884012539184953,0.2508591065292096,0.239344262295082,0.22489616265800522
sans_zones_nuageuses,PD_endommage,la_guaira,fusion_ET_tstat_sensible,kappa,2.6,0.38,16328,68,205,223,15832,0.2490842490842491,0.23367697594501718,0.24113475177304966,0.2278119173410796
sans_zones_nuageuses,PD_endommage,la_guaira,fusion_ET_tstat_sensible,f1,2.6,0.42,16328,74,247,217,15790,0.23052959501557632,0.2542955326460481,0.2418300653594771,0.22738543291324184
sans_zones_nuageuses,PD_endommage,la_guaira,fusion_ET_tstat_meilleure_couverture,kappa,2.6,0.56,16328,75,268,216,15769,0.21865889212827988,0.25773195876288657,0.23659305993690852,0.22158212807587152
sans_zones_nuageuses,PD_endommage,la_guaira,fusion_ET_tstat_meilleure_couverture,f1,2.6,0.56,16328,75,268,216,15769,0.21865889212827988,0.25773195876288657,0.23659305993690852,0.22158212807587152
sans_zones_nuageuses,PD_endommage,Moron,t_test,kappa,3.4,,13922,5,22,65,13830,0.18518518518518517,0.07142857142857142,0.10309278350515463,0.10057520343014792
sans_zones_nuageuses,PD_endommage,Moron,t_test,f1,3.4,,13922,5,22,65,13830,0.18518518518518517,0.07142857142857142,0.10309278350515463,0.10057520343014792
sans_zones_nuageuses,PD_endommage,Moron,bdpm,kappa,0.62,,13922,4,268,66,13584,0.014705882352941176,0.05714285714285714,0.023391812865497075,0.015518148120233036
sans_zones_nuageuses,PD_endommage,Moron,bdpm,f1,0.62,,13922,4,268,66,13584,0.014705882352941176,0.05714285714285714,0.023391812865497075,0.015518148120233036
sans_zones_nuageuses,PD_endommage,Moron,burst_asc,kappa,0.42,,13922,26,4851,44,9001,0.005331146196432233,0.37142857142857144,0.01051142106327067,0.0006036719456236382
sans_zones_nuageuses,PD_endommage,Moron,burst_asc,f1,0.42,,13922,26,4851,44,9001,0.005331146196432233,0.37142857142857144,0.01051142106327067,0.0006036719456236382
sans_zones_nuageuses,PD_endommage,Moron,burst_desc,kappa,0.26,,13922,7,439,63,13413,0.01569506726457399,0.1,0.027131782945736434,0.018601628463969462
sans_zones_nuageuses,PD_endommage,Moron,burst_desc,f1,0.26,,13922,7,439,63,13413,0.01569506726457399,0.1,0.027131782945736434,0.018601628463969462
sans_zones_nuageuses,PD_endommage,Moron,burst_moyenne,kappa,0.3,,13922,9,548,61,13304,0.01615798922800718,0.12857142857142856,0.028708133971291863,0.01995303726202336
sans_zones_nuageuses,PD_endommage,Moron,burst_moyenne,f1,0.3,,13922,9,548,61,13304,0.01615798922800718,0.12857142857142856,0.028708133971291863,0.01995303726202336
sans_zones_nuageuses,PD_endommage,Moron,burst_sensible,kappa,0.26,,13922,8,802,62,13050,0.009876543209876543,0.11428571428571428,0.01818181818181818,0.009009092137395116
sans_zones_nuageuses,PD_endommage,Moron,burst_sensible,f1,0.26,,13922,8,802,62,13050,0.009876543209876543,0.11428571428571428,0.01818181818181818,0.009009092137395116
sans_zones_nuageuses,PD_endommage,Moron,burst_meilleure_couverture,kappa,0.42,,13922,26,4851,44,9001,0.005331146196432233,0.37142857142857144,0.01051142106327067,0.0006036719456236382
sans_zones_nuageuses,PD_endommage,Moron,burst_meilleure_couverture,f1,0.42,,13922,26,4851,44,9001,0.005331146196432233,0.37142857142857144,0.01051142106327067,0.0006036719456236382
sans_zones_nuageuses,PD_endommage,Moron,fusion_ET_tstat_bdpm,kappa,3.2,0.14,13922,6,22,64,13830,0.21428571428571427,0.08571428571428572,0.12244897959183673,0.11992037846691318
sans_zones_nuageuses,PD_endommage,Moron,fusion_ET_tstat_bdpm,f1,3.2,0.14,13922,6,22,64,13830,0.21428571428571427,0.08571428571428572,0.12244897959183673,0.11992037846691318
sans_zones_nuageuses,PD_endommage,Moron,fusion_ET_tstat_asc,kappa,3.4,0.76,13922,5,22,65,13830,0.18518518518518517,0.07142857142857142,0.10309278350515463,0.10057520343014792
sans_zones_nuageuses,PD_endommage,Moron,fusion_ET_tstat_asc,f1,3.4,0.76,13922,5,22,65,13830,0.18518518518518517,0.07142857142857142,0.10309278350515463,0.10057520343014792
sans_zones_nuageuses,PD_endommage,Moron,fusion_ET_tstat_desc,kappa,3.4,0.72,13922,5,21,65,13831,0.19230769230769232,0.07142857142857142,0.10416666666666666,0.10172019518755665
sans_zones_nuageuses,PD_endommage,Moron,fusion_ET_tstat_desc,f1,3.4,0.72,13922,5,21,65,13831,0.19230769230769232,0.07142857142857142,0.10416666666666666,0.10172019518755665
sans_zones_nuageuses,PD_endommage,Moron,fusion_ET_tstat_moyenne,kappa,3.4,0.74,13922,5,22,65,13830,0.18518518518518517,0.07142857142857142,0.10309278350515463,0.10057520343014792
sans_zones_nuageuses,PD_endommage,Moron,fusion_ET_tstat_moyenne,f1,3.4,0.74,13922,5,22,65,13830,0.18518518518518517,0.07142857142857142,0.10309278350515463,0.10057520343014792
sans_zones_nuageuses,PD_endommage,Moron,fusion_ET_tstat_sensible,kappa,3.4,0.72,13922,5,22,65,13830,0.18518518518518517,0.07142857142857142,0.10309278350515463,0.10057520343014792
sans_zones_nuageuses,PD_endommage,Moron,fusion_ET_tstat_sensible,f1,3.4,0.72,13922,5,22,65,13830,0.18518518518518517,0.07142857142857142,0.10309278350515463,0.10057520343014792
sans_zones_nuageuses,PD_endommage,Moron,fusion_ET_tstat_meilleure_couverture,kappa,3.4,0.76,13922,5,22,65,13830,0.18518518518518517,0.07142857142857142,0.10309278350515463,0.10057520343014792
sans_zones_nuageuses,PD_endommage,Moron,fusion_ET_tstat_meilleure_couverture,f1,3.4,0.76,13922,5,22,65,13830,0.18518518518518517,0.07142857142857142,0.10309278350515463,0.10057520343014792
sans_zones_nuageuses,PD_endommage,Caraballeda_LaGuaira_CatiaLaMar,t_test,kappa,2.8,,56464,791,2085,1833,51755,0.2750347705146036,0.3014481707317073,0.28763636363636363,0.25124589979991696
sans_zones_nuageuses,PD_endommage,Caraballeda_LaGuaira_CatiaLaMar,t_test,f1,2.8,,56464,791,2085,1833,51755,0.2750347705146036,0.3014481707317073,0.28763636363636363,0.25124589979991696
sans_zones_nuageuses,PD_endommage,Caraballeda_LaGuaira_CatiaLaMar,bdpm,kappa,0.62,,56464,636,3656,1988,50184,0.14818266542404473,0.2423780487804878,0.18392134181607867,0.13396845085923767
sans_zones_nuageuses,PD_endommage,Caraballeda_LaGuaira_CatiaLaMar,bdpm,f1,0.52,,56464,885,5773,1739,48067,0.13292279963953138,0.33727134146341464,0.19069166127989656,0.1328816878150766
sans_zones_nuageuses,PD_endommage,Caraballeda_LaGuaira_CatiaLaMar,burst_asc,kappa,0.38,,56464,1534,16481,1090,37359,0.08515126283652512,0.5846036585365854,0.1486506129172925,0.07348480176892372
sans_zones_nuageuses,PD_endommage,Caraballeda_LaGuaira_CatiaLaMar,burst_asc,f1,0.42,,56464,1915,21009,709,32831,0.08353690455417903,0.7298018292682927,0.1499138875841553,0.07256789765515
sans_zones_nuageuses,PD_endommage,Caraballeda_LaGuaira_CatiaLaMar,burst_desc,kappa,0.38,,56464,1620,20153,1004,33687,0.07440407844578147,0.6173780487804879,0.13280321350985777,0.054365024416484824
sans_zones_nuageuses,PD_endommage,Caraballeda_LaGuaira_CatiaLaMar,burst_desc,f1,0.42,,56464,2002,25265,622,28575,0.07342208530458062,0.7629573170731707,0.13395336388879595,0.053723278287345966
sans_zones_nuageuses,PD_endommage,Caraballeda_LaGuaira_CatiaLaMar,burst_moyenne,kappa,0.38,,56464,1553,15655,1071,38185,0.09024872152487215,0.5918445121951219,0.15661557079467528,0.08263304373082087
sans_zones_nuageuses,PD_endommage,Caraballeda_LaGuaira_CatiaLaMar,burst_moyenne,f1,0.4,,56464,1811,18538,813,35302,0.0889970023096958,0.6901676829268293,0.15766334392547773,0.0820939807650135
sans_zones_nuageuses,PD_endommage,Caraballeda_LaGuaira_CatiaLaMar,burst_sensible,kappa,0.36,,56464,1848,23565,776,30275,0.0727186872860347,0.7042682926829268,0.13182580161928878,0.051957512517036744
sans_zones_nuageuses,PD_endommage,Caraballeda_LaGuaira_CatiaLaMar,burst_sensible,f1,0.38,,56464,2078,26773,546,27067,0.07202523309417351,0.791920731707317,0.13204130262112787,0.05120840523131558
sans_zones_nuageuses,PD_endommage,Caraballeda_LaGuaira_CatiaLaMar,burst_meilleure_couverture,kappa,0.38,,56464,1534,16481,1090,37359,0.08515126283652512,0.5846036585365854,0.1486506129172925,0.07348480176892372
sans_zones_nuageuses,PD_endommage,Caraballeda_LaGuaira_CatiaLaMar,burst_meilleure_couverture,f1,0.42,,56464,1915,21009,709,32831,0.08353690455417903,0.7298018292682927,0.1499138875841553,0.07256789765515
sans_zones_nuageuses,PD_endommage,Caraballeda_LaGuaira_CatiaLaMar,fusion_ET_tstat_bdpm,kappa,2.4,0.36,56464,622,1977,2002,51863,0.23932281646787226,0.23704268292682926,0.23817729274363392,0.20123467710534365
sans_zones_nuageuses,PD_endommage,Caraballeda_LaGuaira_CatiaLaMar,fusion_ET_tstat_bdpm,f1,2.4,0.32,56464,630,2028,1994,51812,0.23702031602708803,0.24009146341463414,0.23854600530102235,0.20118442034642206
sans_zones_nuageuses,PD_endommage,Caraballeda_LaGuaira_CatiaLaMar,fusion_ET_tstat_asc,kappa,2.8,0.68,56464,785,2032,1839,51808,0.27866524671636494,0.29916158536585363,0.2885498989156405,0.2525838453387549
sans_zones_nuageuses,PD_endommage,Caraballeda_LaGuaira_CatiaLaMar,fusion_ET_tstat_asc,f1,2.6,0.62,56464,984,3144,1640,50696,0.23837209302325582,0.375,0.2914691943127962,0.24878222771522937
sans_zones_nuageuses,PD_endommage,Caraballeda_LaGuaira_CatiaLaMar,fusion_ET_tstat_desc,kappa,2.8,0.62,56464,788,2023,1836,51817,0.280327285663465,0.3003048780487805,0.28997240110395583,0.25411703414817316
sans_zones_nuageuses,PD_endommage,Caraballeda_LaGuaira_CatiaLaMar,fusion_ET_tstat_desc,f1,2.6,0.62,56464,993,3181,1631,50659,0.23790129372304744,0.3784298780487805,0.29214474845542804,0.2493039453925039
sans_zones_nuageuses,PD_endommage,Caraballeda_LaGuaira_CatiaLaMar,fusion_ET_tstat_moyenne,kappa,2.8,0.5,56464,778,1973,1846,51867,0.28280625227190115,0.2964939024390244,0.28948837209302325,0.2540011104808941
sans_zones_nuageuses,PD_endommage,Caraballeda_LaGuaira_CatiaLaMar,fusion_ET_tstat_moyenne,f1,2.6,0.5,56464,980,3087,1644,50753,0.24096385542168675,0.37347560975609756,0.29293080257061727,0.2505935414236545
sans_zones_nuageuses,PD_endommage,Caraballeda_LaGuaira_CatiaLaMar,fusion_ET_tstat_sensible,kappa,2.8,0.48,56464,787,2017,1837,51823,0.2806704707560628,0.2999237804878049,0.2899778924097274,0.2541681427090814
sans_zones_nuageuses,PD_endommage,Caraballeda_LaGuaira_CatiaLaMar,fusion_ET_tstat_sensible,f1,2.6,0.48,56464,992,3160,1632,50680,0.23892100192678228,0.3780487804878049,0.29279811097992914,0.2500894874506501
sans_zones_nuageuses,PD_endommage,Caraballeda_LaGuaira_CatiaLaMar,fusion_ET_tstat_meilleure_couverture,kappa,2.8,0.68,56464,785,2032,1839,51808,0.27866524671636494,0.29916158536585363,0.2885498989156405,0.2525838453387549
sans_zones_nuageuses,PD_endommage,Caraballeda_LaGuaira_CatiaLaMar,fusion_ET_tstat_meilleure_couverture,f1,2.6,0.62,56464,984,3144,1640,50696,0.23837209302325582,0.375,0.2914691943127962,0.24878222771522937
sans_zones_nuageuses,PD_non_endommage,GLOBAL,t_test,kappa,3.2,,271375,322,1312,1061,268680,0.19706242350061198,0.23282718727404195,0.21345707656612528,0.20909105811273807
sans_zones_nuageuses,PD_non_endommage,GLOBAL,t_test,f1,3.2,,271375,322,1312,1061,268680,0.19706242350061198,0.23282718727404195,0.21345707656612528,0.20909105811273807
sans_zones_nuageuses,PD_non_endommage,GLOBAL,bdpm,kappa,0.66,,271375,268,3157,1115,266835,0.07824817518248176,0.19378163412870572,0.11148086522462562,0.10498241156885746
sans_zones_nuageuses,PD_non_endommage,GLOBAL,bdpm,f1,0.66,,271375,268,3157,1115,266835,0.07824817518248176,0.19378163412870572,0.11148086522462562,0.10498241156885746
sans_zones_nuageuses,PD_non_endommage,GLOBAL,burst_asc,kappa,0.36,,271375,679,25898,704,244094,0.02554840651691312,0.4909616775126536,0.04856938483547925,0.039261384818886295
sans_zones_nuageuses,PD_non_endommage,GLOBAL,burst_asc,f1,0.36,,271375,679,25898,704,244094,0.02554840651691312,0.4909616775126536,0.04856938483547925,0.039261384818886295
sans_zones_nuageuses,PD_non_endommage,GLOBAL,burst_desc,kappa,0.38,,271375,847,36696,536,233296,0.022560796952827426,0.6124367317425886,0.043518470944869755,0.03402251837122408
sans_zones_nuageuses,PD_non_endommage,GLOBAL,burst_desc,f1,0.38,,271375,847,36696,536,233296,0.022560796952827426,0.6124367317425886,0.043518470944869755,0.03402251837122408
sans_zones_nuageuses,PD_non_endommage,GLOBAL,burst_moyenne,kappa,0.34,,271375,502,15227,881,254765,0.03191556996630428,0.36297903109182933,0.05867227676484338,0.04976978633714883
sans_zones_nuageuses,PD_non_endommage,GLOBAL,burst_moyenne,f1,0.34,,271375,502,15227,881,254765,0.03191556996630428,0.36297903109182933,0.05867227676484338,0.04976978633714883
sans_zones_nuageuses,PD_non_endommage,GLOBAL,burst_sensible,kappa,0.34,,271375,808,37704,575,232288,0.02098047361861238,0.584237165582068,0.04050632911392405,0.03097186409091455
sans_zones_nuageuses,PD_non_endommage,GLOBAL,burst_sensible,f1,0.34,,271375,808,37704,575,232288,0.02098047361861238,0.584237165582068,0.04050632911392405,0.03097186409091455
sans_zones_nuageuses,PD_non_endommage,GLOBAL,burst_meilleure_couverture,kappa,0.36,,271375,679,26409,704,243583,0.025066450088600117,0.4909616775126536,0.047697657265287484,0.038372342401645054
sans_zones_nuageuses,PD_non_endommage,GLOBAL,burst_meilleure_couverture,f1,0.36,,271375,679,26409,704,243583,0.025066450088600117,0.4909616775126536,0.047697657265287484,0.038372342401645054
sans_zones_nuageuses,PD_non_endommage,GLOBAL,fusion_ET_tstat_bdpm,kappa,2.8,0.32,271375,265,1121,1118,268871,0.1911976911976912,0.19161243673174258,0.19140483929216323,0.18725840199460425
sans_zones_nuageuses,PD_non_endommage,GLOBAL,fusion_ET_tstat_bdpm,f1,2.8,0.32,271375,265,1121,1118,268871,0.1911976911976912,0.19161243673174258,0.19140483929216323,0.18725840199460425
sans_zones_nuageuses,PD_non_endommage,GLOBAL,fusion_ET_tstat_asc,kappa,3.2,0.56,271375,312,1125,1071,268867,0.21711899791231734,0.22559652928416485,0.22127659574468084,0.21721090100136223
sans_zones_nuageuses,PD_non_endommage,GLOBAL,fusion_ET_tstat_asc,f1,3.2,0.56,271375,312,1125,1071,268867,0.21711899791231734,0.22559652928416485,0.22127659574468084,0.21721090100136223
sans_zones_nuageuses,PD_non_endommage,GLOBAL,fusion_ET_tstat_desc,kappa,3.2,0.58,271375,317,1112,1066,268880,0.2218334499650105,0.2292118582791034,0.22546230440967283,0.2214295929982141
sans_zones_nuageuses,PD_non_endommage,GLOBAL,fusion_ET_tstat_desc,f1,3.2,0.58,271375,317,1112,1066,268880,0.2218334499650105,0.2292118582791034,0.22546230440967283,0.2214295929982141
sans_zones_nuageuses,PD_non_endommage,GLOBAL,fusion_ET_tstat_moyenne,kappa,3.2,0.5,271375,314,1085,1069,268907,0.22444603288062903,0.22704266088214028,0.22573687994248742,0.22174788728894534
sans_zones_nuageuses,PD_non_endommage,GLOBAL,fusion_ET_tstat_moyenne,f1,3.2,0.5,271375,314,1085,1069,268907,0.22444603288062903,0.22704266088214028,0.22573687994248742,0.22174788728894534
sans_zones_nuageuses,PD_non_endommage,GLOBAL,fusion_ET_tstat_sensible,kappa,3.2,0.46,271375,316,1115,1067,268877,0.22082459818308875,0.2284887924801157,0.22459132906894103,0.22055129133116738
sans_zones_nuageuses,PD_non_endommage,GLOBAL,fusion_ET_tstat_sensible,f1,3.2,0.46,271375,316,1115,1067,268877,0.22082459818308875,0.2284887924801157,0.22459132906894103,0.22055129133116738
sans_zones_nuageuses,PD_non_endommage,GLOBAL,fusion_ET_tstat_meilleure_couverture,kappa,3.2,0.56,271375,312,1125,1071,268867,0.21711899791231734,0.22559652928416485,0.22127659574468084,0.21721090100136223
sans_zones_nuageuses,PD_non_endommage,GLOBAL,fusion_ET_tstat_meilleure_couverture,f1,3.2,0.56,271375,312,1125,1071,268867,0.21711899791231734,0.22559652928416485,0.22127659574468084,0.21721090100136223
sans_zones_nuageuses,PD_non_endommage,San Felipe,t_test,kappa,2.8,,89312,1,1542,13,87756,0.0006480881399870382,0.07142857142857142,0.0012845215157353885,0.000974135417044082
sans_zones_nuageuses,PD_non_endommage,San Felipe,t_test,f1,2.8,,89312,1,1542,13,87756,0.0006480881399870382,0.07142857142857142,0.0012845215157353885,0.000974135417044082
sans_zones_nuageuses,PD_non_endommage,San Felipe,bdpm,kappa,0.42,,89312,0,0,14,89298,nan,0.0,nan,0.0
sans_zones_nuageuses,PD_non_endommage,San Felipe,burst_asc,kappa,1.0,,89312,14,86906,0,2392,0.0001610676484123332,1.0,0.0003220834196056779,8.628908883822085e-06
sans_zones_nuageuses,PD_non_endommage,San Felipe,burst_asc,f1,1.0,,89312,14,86906,0,2392,0.0001610676484123332,1.0,0.0003220834196056779,8.628908883822085e-06
sans_zones_nuageuses,PD_non_endommage,San Felipe,burst_desc,kappa,1.0,,89312,14,73084,0,16214,0.00019152370789898493,1.0,0.00038297406718459356,6.954819623264476e-05
sans_zones_nuageuses,PD_non_endommage,San Felipe,burst_desc,f1,1.0,,89312,14,73084,0,16214,0.00019152370789898493,1.0,0.00038297406718459356,6.954819623264476e-05
sans_zones_nuageuses,PD_non_endommage,San Felipe,burst_moyenne,kappa,0.0,,89312,0,0,14,89298,nan,0.0,nan,0.0
sans_zones_nuageuses,PD_non_endommage,San Felipe,burst_moyenne,f1,1.0,,89312,14,89298,0,0,0.00015675385166606952,1.0,0.00031345856749434657,0.0
sans_zones_nuageuses,PD_non_endommage,San Felipe,burst_sensible,kappa,0.0,,89312,0,0,14,89298,nan,0.0,nan,0.0
sans_zones_nuageuses,PD_non_endommage,San Felipe,burst_sensible,f1,1.0,,89312,14,89298,0,0,0.00015675385166606952,1.0,0.00031345856749434657,0.0
sans_zones_nuageuses,PD_non_endommage,San Felipe,burst_meilleure_couverture,kappa,0.0,,89312,0,0,14,89298,nan,0.0,nan,0.0
sans_zones_nuageuses,PD_non_endommage,San Felipe,burst_meilleure_couverture,f1,1.0,,89312,14,89298,0,0,0.00015675385166606952,1.0,0.00031345856749434657,0.0
sans_zones_nuageuses,PD_non_endommage,San Felipe,fusion_ET_tstat_bdpm,kappa,1.0,0.42,89312,0,0,14,89298,nan,0.0,nan,0.0
sans_zones_nuageuses,PD_non_endommage,San Felipe,fusion_ET_tstat_asc,kappa,2.8,1.0,89312,1,1542,13,87756,0.0006480881399870382,0.07142857142857142,0.0012845215157353885,0.000974135417044082
sans_zones_nuageuses,PD_non_endommage,San Felipe,fusion_ET_tstat_asc,f1,2.8,1.0,89312,1,1542,13,87756,0.0006480881399870382,0.07142857142857142,0.0012845215157353885,0.000974135417044082
sans_zones_nuageuses,PD_non_endommage,San Felipe,fusion_ET_tstat_desc,kappa,2.8,1.0,89312,1,1257,13,88041,0.000794912559618442,0.07142857142857142,0.0015723270440251573,0.0012626613943614799
sans_zones_nuageuses,PD_non_endommage,San Felipe,fusion_ET_tstat_desc,f1,2.8,1.0,89312,1,1257,13,88041,0.000794912559618442,0.07142857142857142,0.0015723270440251573,0.0012626613943614799
sans_zones_nuageuses,PD_non_endommage,San Felipe,fusion_ET_tstat_moyenne,kappa,2.8,1.0,89312,1,1542,13,87756,0.0006480881399870382,0.07142857142857142,0.0012845215157353885,0.000974135417044082
sans_zones_nuageuses,PD_non_endommage,San Felipe,fusion_ET_tstat_moyenne,f1,2.8,1.0,89312,1,1542,13,87756,0.0006480881399870382,0.07142857142857142,0.0012845215157353885,0.000974135417044082
sans_zones_nuageuses,PD_non_endommage,San Felipe,fusion_ET_tstat_sensible,kappa,2.8,1.0,89312,1,1542,13,87756,0.0006480881399870382,0.07142857142857142,0.0012845215157353885,0.000974135417044082
sans_zones_nuageuses,PD_non_endommage,San Felipe,fusion_ET_tstat_sensible,f1,2.8,1.0,89312,1,1542,13,87756,0.0006480881399870382,0.07142857142857142,0.0012845215157353885,0.000974135417044082
sans_zones_nuageuses,PD_non_endommage,San Felipe,fusion_ET_tstat_meilleure_couverture,kappa,2.8,1.0,89312,1,1542,13,87756,0.0006480881399870382,0.07142857142857142,0.0012845215157353885,0.000974135417044082
sans_zones_nuageuses,PD_non_endommage,San Felipe,fusion_ET_tstat_meilleure_couverture,f1,2.8,1.0,89312,1,1542,13,87756,0.0006480881399870382,0.07142857142857142,0.0012845215157353885,0.000974135417044082
sans_zones_nuageuses,PD_non_endommage,catia_la_mar,t_test,kappa,2.8,,32817,278,1346,535,30658,0.17118226600985223,0.3419434194341943,0.22814936397209684,0.20179411737893277
sans_zones_nuageuses,PD_non_endommage,catia_la_mar,t_test,f1,2.8,,32817,278,1346,535,30658,0.17118226600985223,0.3419434194341943,0.22814936397209684,0.20179411737893277
sans_zones_nuageuses,PD_non_endommage,catia_la_mar,bdpm,kappa,0.68,,32817,156,2120,657,29884,0.06854130052724078,0.1918819188191882,0.10100356102298479,0.06694036323210595
sans_zones_nuageuses,PD_non_endommage,catia_la_mar,bdpm,f1,0.62,,32817,222,3326,591,28678,0.06257046223224352,0.2730627306273063,0.10181151112130245,0.06408418966220389
sans_zones_nuageuses,PD_non_endommage,catia_la_mar,burst_asc,kappa,0.38,,32817,520,10734,293,21270,0.04620579349564599,0.6396063960639606,0.08618546448993121,0.04191294534061192
sans_zones_nuageuses,PD_non_endommage,catia_la_mar,burst_asc,f1,0.38,,32817,520,10734,293,21270,0.04620579349564599,0.6396063960639606,0.08618546448993121,0.04191294534061192
sans_zones_nuageuses,PD_non_endommage,catia_la_mar,burst_desc,kappa,0.36,,32817,457,9844,356,22160,0.04436462479370935,0.5621156211562116,0.08223861795933057,0.03806356981975368
sans_zones_nuageuses,PD_non_endommage,catia_la_mar,burst_desc,f1,0.36,,32817,457,9844,356,22160,0.04436462479370935,0.5621156211562116,0.08223861795933057,0.03806356981975368
sans_zones_nuageuses,PD_non_endommage,catia_la_mar,burst_moyenne,kappa,0.34,,32817,345,6025,468,25979,0.05416012558869702,0.42435424354243545,0.09606014200194904,0.05451603802796336
sans_zones_nuageuses,PD_non_endommage,catia_la_mar,burst_moyenne,f1,0.34,,32817,345,6025,468,25979,0.05416012558869702,0.42435424354243545,0.09606014200194904,0.05451603802796336
sans_zones_nuageuses,PD_non_endommage,catia_la_mar,burst_sensible,kappa,0.36,,32817,606,14078,207,17926,0.041269408880414055,0.7453874538745388,0.07820868555204233,0.032800464685732236
sans_zones_nuageuses,PD_non_endommage,catia_la_mar,burst_sensible,f1,0.36,,32817,606,14078,207,17926,0.041269408880414055,0.7453874538745388,0.07820868555204233,0.032800464685732236
sans_zones_nuageuses,PD_non_endommage,catia_la_mar,burst_meilleure_couverture,kappa,0.38,,32817,520,10734,293,21270,0.04620579349564599,0.6396063960639606,0.08618546448993121,0.04191294534061192
sans_zones_nuageuses,PD_non_endommage,catia_la_mar,burst_meilleure_couverture,f1,0.38,,32817,520,10734,293,21270,0.04620579349564599,0.6396063960639606,0.08618546448993121,0.04191294534061192
sans_zones_nuageuses,PD_non_endommage,catia_la_mar,fusion_ET_tstat_bdpm,kappa,2.8,0.32,32817,135,677,678,31327,0.16625615763546797,0.16605166051660517,0.16615384615384615,0.14498495625028734
sans_zones_nuageuses,PD_non_endommage,catia_la_mar,fusion_ET_tstat_bdpm,f1,2.6,0.32,32817,173,1096,640,30908,0.136327817178881,0.21279212792127922,0.16618635926993278,0.1402213046470369
sans_zones_nuageuses,PD_non_endommage,catia_la_mar,fusion_ET_tstat_asc,kappa,2.8,0.74,32817,277,1328,536,30676,0.17258566978193146,0.34071340713407133,0.2291149710504549,0.2028997608812167
sans_zones_nuageuses,PD_non_endommage,catia_la_mar,fusion_ET_tstat_asc,f1,2.8,0.74,32817,277,1328,536,30676,0.17258566978193146,0.34071340713407133,0.2291149710504549,0.2028997608812167
sans_zones_nuageuses,PD_non_endommage,catia_la_mar,fusion_ET_tstat_desc,kappa,2.8,0.62,32817,276,1324,537,30680,0.1725,0.33948339483394835,0.22876087857438873,0.20256209044230122
sans_zones_nuageuses,PD_non_endommage,catia_la_mar,fusion_ET_tstat_desc,f1,2.8,0.8,32817,278,1339,535,30665,0.17192331478045764,0.3419434194341943,0.22880658436213994,0.20251304825344532
sans_zones_nuageuses,PD_non_endommage,catia_la_mar,fusion_ET_tstat_moyenne,kappa,2.8,0.6,32817,276,1322,537,30682,0.17271589486858574,0.33948339483394835,0.228950642886769,0.2027697160865979
sans_zones_nuageuses,PD_non_endommage,catia_la_mar,fusion_ET_tstat_moyenne,f1,2.8,0.6,32817,276,1322,537,30682,0.17271589486858574,0.33948339483394835,0.228950642886769,0.2027697160865979
sans_zones_nuageuses,PD_non_endommage,catia_la_mar,fusion_ET_tstat_sensible,kappa,2.8,0.48,32817,275,1318,538,30686,0.17263025737602009,0.33825338253382536,0.228595178719867,0.20243081466452362
sans_zones_nuageuses,PD_non_endommage,catia_la_mar,fusion_ET_tstat_sensible,f1,2.8,0.8,32817,278,1341,535,30663,0.17171093267449042,0.3419434194341943,0.22861842105263158,0.20230722436120674
sans_zones_nuageuses,PD_non_endommage,catia_la_mar,fusion_ET_tstat_meilleure_couverture,kappa,2.8,0.74,32817,277,1328,536,30676,0.17258566978193146,0.34071340713407133,0.2291149710504549,0.2028997608812167
sans_zones_nuageuses,PD_non_endommage,catia_la_mar,fusion_ET_tstat_meilleure_couverture,f1,2.8,0.74,32817,277,1328,536,30676,0.17258566978193146,0.34071340713407133,0.2291149710504549,0.2028997608812167
sans_zones_nuageuses,PD_non_endommage,caraballeda,t_test,kappa,3.2,,7319,145,389,259,6526,0.27153558052434457,0.3589108910891089,0.30916844349680167,0.26283862444142214
sans_zones_nuageuses,PD_non_endommage,caraballeda,t_test,f1,3.2,,7319,145,389,259,6526,0.27153558052434457,0.3589108910891089,0.30916844349680167,0.26283862444142214
sans_zones_nuageuses,PD_non_endommage,caraballeda,bdpm,kappa,0.56,,7319,133,723,271,6192,0.15537383177570094,0.3292079207920792,0.21111111111111114,0.14714689719883
sans_zones_nuageuses,PD_non_endommage,caraballeda,bdpm,f1,0.52,,7319,151,871,253,6044,0.14774951076320939,0.37376237623762376,0.211781206171108,0.14405837073272848
sans_zones_nuageuses,PD_non_endommage,caraballeda,burst_asc,kappa,0.42,,7319,305,4025,99,2890,0.07043879907621248,0.754950495049505,0.12885509083227714,0.031010122600339193
sans_zones_nuageuses,PD_non_endommage,caraballeda,burst_asc,f1,0.44,,7319,326,4313,78,2602,0.0702737658978228,0.806930693069307,0.12928812214951418,0.03086950025187414
sans_zones_nuageuses,PD_non_endommage,caraballeda,burst_desc,kappa,0.42,,7319,317,4655,87,2260,0.06375703942075624,0.7846534653465347,0.11793154761904762,0.017630275014967684
sans_zones_nuageuses,PD_non_endommage,caraballeda,burst_desc,f1,0.44,,7319,343,5047,61,1868,0.06363636363636363,0.849009900990099,0.11839834311356574,0.017495232603384647
sans_zones_nuageuses,PD_non_endommage,caraballeda,burst_moyenne,kappa,0.4,,7319,284,3849,120,3066,0.06871521896927171,0.7029702970297029,0.12519285871721403,0.027379127734274065
sans_zones_nuageuses,PD_non_endommage,caraballeda,burst_moyenne,f1,0.44,,7319,342,4657,62,2258,0.06841368273654731,0.8465346534653465,0.1265963353692393,0.027235433292968545
sans_zones_nuageuses,PD_non_endommage,caraballeda,burst_sensible,kappa,0.42,,7319,383,5581,21,1334,0.06421864520456069,0.948019801980198,0.12028894472361808,0.01884351859651273
sans_zones_nuageuses,PD_non_endommage,caraballeda,burst_sensible,f1,0.42,,7319,383,5581,21,1334,0.06421864520456069,0.948019801980198,0.12028894472361808,0.01884351859651273
sans_zones_nuageuses,PD_non_endommage,caraballeda,burst_meilleure_couverture,kappa,0.42,,7319,305,4025,99,2890,0.07043879907621248,0.754950495049505,0.12885509083227714,0.031010122600339193
sans_zones_nuageuses,PD_non_endommage,caraballeda,burst_meilleure_couverture,f1,0.44,,7319,326,4313,78,2602,0.0702737658978228,0.806930693069307,0.12928812214951418,0.03086950025187414
sans_zones_nuageuses,PD_non_endommage,caraballeda,fusion_ET_tstat_bdpm,kappa,2.2,0.42,7319,157,553,247,6362,0.2211267605633803,0.3886138613861386,0.28186714542190305,0.22751417407000704
sans_zones_nuageuses,PD_non_endommage,caraballeda,fusion_ET_tstat_bdpm,f1,2.2,0.42,7319,157,553,247,6362,0.2211267605633803,0.3886138613861386,0.28186714542190305,0.22751417407000704
sans_zones_nuageuses,PD_non_endommage,caraballeda,fusion_ET_tstat_asc,kappa,3.2,0.9,7319,145,389,259,6526,0.27153558052434457,0.3589108910891089,0.30916844349680167,0.26283862444142214
sans_zones_nuageuses,PD_non_endommage,caraballeda,fusion_ET_tstat_asc,f1,3.2,0.9,7319,145,389,259,6526,0.27153558052434457,0.3589108910891089,0.30916844349680167,0.26283862444142214
sans_zones_nuageuses,PD_non_endommage,caraballeda,fusion_ET_tstat_desc,kappa,3.2,0.58,7319,145,386,259,6529,0.2730696798493409,0.3589108910891089,0.3101604278074866,0.2640169486002742
sans_zones_nuageuses,PD_non_endommage,caraballeda,fusion_ET_tstat_desc,f1,3.2,0.58,7319,145,386,259,6529,0.2730696798493409,0.3589108910891089,0.3101604278074866,0.2640169486002742
sans_zones_nuageuses,PD_non_endommage,caraballeda,fusion_ET_tstat_moyenne,kappa,3.2,0.68,7319,145,389,259,6526,0.27153558052434457,0.3589108910891089,0.30916844349680167,0.26283862444142214
sans_zones_nuageuses,PD_non_endommage,caraballeda,fusion_ET_tstat_moyenne,f1,3.2,0.68,7319,145,389,259,6526,0.27153558052434457,0.3589108910891089,0.30916844349680167,0.26283862444142214
sans_zones_nuageuses,PD_non_endommage,caraballeda,fusion_ET_tstat_sensible,kappa,3.2,0.48,7319,145,387,259,6528,0.2725563909774436,0.3589108910891089,0.3098290598290598,0.2636233772868127
sans_zones_nuageuses,PD_non_endommage,caraballeda,fusion_ET_tstat_sensible,f1,3.2,0.48,7319,145,387,259,6528,0.2725563909774436,0.3589108910891089,0.3098290598290598,0.2636233772868127
sans_zones_nuageuses,PD_non_endommage,caraballeda,fusion_ET_tstat_meilleure_couverture,kappa,3.2,0.9,7319,145,389,259,6526,0.27153558052434457,0.3589108910891089,0.30916844349680167,0.26283862444142214
sans_zones_nuageuses,PD_non_endommage,caraballeda,fusion_ET_tstat_meilleure_couverture,f1,3.2,0.9,7319,145,389,259,6526,0.27153558052434457,0.3589108910891089,0.30916844349680167,0.26283862444142214
sans_zones_nuageuses,PD_non_endommage,Caracas,t_test,kappa,2.8,,111677,2,371,1,111303,0.005361930294906166,0.6666666666666666,0.010638297872340425,0.010585564354900833
sans_zones_nuageuses,PD_non_endommage,Caracas,t_test,f1,2.8,,111677,2,371,1,111303,0.005361930294906166,0.6666666666666666,0.010638297872340425,0.010585564354900833
sans_zones_nuageuses,PD_non_endommage,Caracas,bdpm,kappa,0.18,,111677,2,6509,1,105165,0.0003071724773460298,0.6666666666666666,0.0006140620202640468,0.0005603904860476065
sans_zones_nuageuses,PD_non_endommage,Caracas,bdpm,f1,0.18,,111677,2,6509,1,105165,0.0003071724773460298,0.6666666666666666,0.0006140620202640468,0.0005603904860476065
sans_zones_nuageuses,PD_non_endommage,Caracas,burst_asc,kappa,0.34,,111677,1,2405,2,109269,0.00041562759767248546,0.3333333333333333,0.0008302200083022,0.0007766022158400593
sans_zones_nuageuses,PD_non_endommage,Caracas,burst_asc,f1,0.34,,111677,1,2405,2,109269,0.00041562759767248546,0.3333333333333333,0.0008302200083022,0.0007766022158400593
sans_zones_nuageuses,PD_non_endommage,Caracas,burst_desc,kappa,0.38,,111677,2,5835,1,105839,0.00034264176803152307,0.6666666666666666,0.0006849315068493151,0.0006312666326660752
sans_zones_nuageuses,PD_non_endommage,Caracas,burst_desc,f1,0.38,,111677,2,5835,1,105839,0.00034264176803152307,0.6666666666666666,0.0006849315068493151,0.0006312666326660752
sans_zones_nuageuses,PD_non_endommage,Caracas,burst_moyenne,kappa,0.34,,111677,1,853,2,110821,0.00117096018735363,0.3333333333333333,0.0023337222870478415,0.0022803060728150562
sans_zones_nuageuses,PD_non_endommage,Caracas,burst_moyenne,f1,0.34,,111677,1,853,2,110821,0.00117096018735363,0.3333333333333333,0.0023337222870478415,0.0022803060728150562
sans_zones_nuageuses,PD_non_endommage,Caracas,burst_sensible,kappa,0.38,,111677,2,8712,1,102962,0.00022951572182694515,0.6666666666666666,0.0004588734656418493,0.00040518734601072766
sans_zones_nuageuses,PD_non_endommage,Caracas,burst_sensible,f1,0.38,,111677,2,8712,1,102962,0.00022951572182694515,0.6666666666666666,0.0004588734656418493,0.00040518734601072766
sans_zones_nuageuses,PD_non_endommage,Caracas,burst_meilleure_couverture,kappa,0.34,,111677,1,2405,2,109269,0.00041562759767248546,0.3333333333333333,0.0008302200083022,0.0007766022158400593
sans_zones_nuageuses,PD_non_endommage,Caracas,burst_meilleure_couverture,f1,0.34,,111677,1,2405,2,109269,0.00041562759767248546,0.3333333333333333,0.0008302200083022,0.0007766022158400593
sans_zones_nuageuses,PD_non_endommage,Caracas,fusion_ET_tstat_bdpm,kappa,2.8,0.18,111677,2,36,1,111638,0.05263157894736842,0.6666666666666666,0.09756097560975609,0.09751603626372675
sans_zones_nuageuses,PD_non_endommage,Caracas,fusion_ET_tstat_bdpm,f1,2.8,0.18,111677,2,36,1,111638,0.05263157894736842,0.6666666666666666,0.09756097560975609,0.09751603626372675
sans_zones_nuageuses,PD_non_endommage,Caracas,fusion_ET_tstat_asc,kappa,2.2,0.34,111677,1,144,2,111530,0.006896551724137931,0.3333333333333333,0.013513513513513514,0.013461584771773451
sans_zones_nuageuses,PD_non_endommage,Caracas,fusion_ET_tstat_asc,f1,2.2,0.34,111677,1,144,2,111530,0.006896551724137931,0.3333333333333333,0.013513513513513514,0.013461584771773451
sans_zones_nuageuses,PD_non_endommage,Caracas,fusion_ET_tstat_desc,kappa,2.8,0.46,111677,2,53,1,111621,0.03636363636363636,0.6666666666666666,0.06896551724137931,0.06891808101843305
sans_zones_nuageuses,PD_non_endommage,Caracas,fusion_ET_tstat_desc,f1,2.8,0.46,111677,2,53,1,111621,0.03636363636363636,0.6666666666666666,0.06896551724137931,0.06891808101843305
sans_zones_nuageuses,PD_non_endommage,Caracas,fusion_ET_tstat_moyenne,kappa,2.2,0.34,111677,1,55,2,111619,0.017857142857142856,0.3333333333333333,0.03389830508474576,0.03384903667801189
sans_zones_nuageuses,PD_non_endommage,Caracas,fusion_ET_tstat_moyenne,f1,2.2,0.34,111677,1,55,2,111619,0.017857142857142856,0.3333333333333333,0.03389830508474576,0.03384903667801189
sans_zones_nuageuses,PD_non_endommage,Caracas,fusion_ET_tstat_sensible,kappa,2.8,0.46,111677,2,100,1,111574,0.0196078431372549,0.6666666666666666,0.03809523809523809,0.038045032383685944
sans_zones_nuageuses,PD_non_endommage,Caracas,fusion_ET_tstat_sensible,f1,2.8,0.46,111677,2,100,1,111574,0.0196078431372549,0.6666666666666666,0.03809523809523809,0.038045032383685944
sans_zones_nuageuses,PD_non_endommage,Caracas,fusion_ET_tstat_meilleure_couverture,kappa,2.2,0.34,111677,1,144,2,111530,0.006896551724137931,0.3333333333333333,0.013513513513513514,0.013461584771773451
sans_zones_nuageuses,PD_non_endommage,Caracas,fusion_ET_tstat_meilleure_couverture,f1,2.2,0.34,111677,1,144,2,111530,0.006896551724137931,0.3333333333333333,0.013513513513513514,0.013461584771773451
sans_zones_nuageuses,PD_non_endommage,la_guaira,t_test,kappa,3.0,,16328,20,137,103,16068,0.12738853503184713,0.16260162601626016,0.14285714285714288,0.13555447807715876
sans_zones_nuageuses,PD_non_endommage,la_guaira,t_test,f1,3.0,,16328,20,137,103,16068,0.12738853503184713,0.16260162601626016,0.14285714285714288,0.13555447807715876
sans_zones_nuageuses,PD_non_endommage,la_guaira,bdpm,kappa,0.66,,16328,10,69,113,16136,0.12658227848101267,0.08130081300813008,0.09900990099009901,0.09366961670990455
sans_zones_nuageuses,PD_non_endommage,la_guaira,bdpm,f1,0.66,,16328,10,69,113,16136,0.12658227848101267,0.08130081300813008,0.09900990099009901,0.09366961670990455
sans_zones_nuageuses,PD_non_endommage,la_guaira,burst_asc,kappa,0.4,,16328,57,3854,66,12351,0.014574277678343135,0.4634146341463415,0.02825979176995538,0.013855409639490762
sans_zones_nuageuses,PD_non_endommage,la_guaira,burst_asc,f1,0.4,,16328,57,3854,66,12351,0.014574277678343135,0.4634146341463415,0.02825979176995538,0.013855409639490762
sans_zones_nuageuses,PD_non_endommage,la_guaira,burst_desc,kappa,0.24,,16328,5,363,118,15842,0.01358695652173913,0.04065040650406504,0.02036659877800407,0.009178302710395101
sans_zones_nuageuses,PD_non_endommage,la_guaira,burst_desc,f1,0.44,,16328,85,7621,38,8584,0.011030365948611471,0.6910569105691057,0.021714139736875714,0.006988330189573059
sans_zones_nuageuses,PD_non_endommage,la_guaira,burst_moyenne,kappa,0.26,,16328,3,123,120,16082,0.023809523809523808,0.024390243902439025,0.024096385542168676,0.016599102381448808
sans_zones_nuageuses,PD_non_endommage,la_guaira,burst_moyenne,f1,0.4,,16328,54,3928,69,12277,0.013561024610748368,0.43902439024390244,0.02630937880633374,0.011868117652452435
sans_zones_nuageuses,PD_non_endommage,la_guaira,burst_sensible,kappa,0.44,,16328,100,9042,23,7163,0.010938525486764383,0.8130081300813008,0.021586616297895305,0.006821902179848468
sans_zones_nuageuses,PD_non_endommage,la_guaira,burst_sensible,f1,0.44,,16328,100,9042,23,7163,0.010938525486764383,0.8130081300813008,0.021586616297895305,0.006821902179848468
sans_zones_nuageuses,PD_non_endommage,la_guaira,burst_meilleure_couverture,kappa,0.4,,16328,57,3854,66,12351,0.014574277678343135,0.4634146341463415,0.02825979176995538,0.013855409639490762
sans_zones_nuageuses,PD_non_endommage,la_guaira,burst_meilleure_couverture,f1,0.4,,16328,57,3854,66,12351,0.014574277678343135,0.4634146341463415,0.02825979176995538,0.013855409639490762
sans_zones_nuageuses,PD_non_endommage,la_guaira,fusion_ET_tstat_bdpm,kappa,2.6,0.4,16328,21,62,102,16143,0.25301204819277107,0.17073170731707318,0.2038834951456311,0.19902128232355096
sans_zones_nuageuses,PD_non_endommage,la_guaira,fusion_ET_tstat_bdpm,f1,2.6,0.4,16328,21,62,102,16143,0.25301204819277107,0.17073170731707318,0.2038834951456311,0.19902128232355096
sans_zones_nuageuses,PD_non_endommage,la_guaira,fusion_ET_tstat_asc,kappa,3.0,0.38,16328,14,48,109,16157,0.22580645161290322,0.11382113821138211,0.15135135135135136,0.14704461394516716
sans_zones_nuageuses,PD_non_endommage,la_guaira,fusion_ET_tstat_asc,f1,3.0,0.6,16328,20,121,103,16084,0.14184397163120568,0.16260162601626016,0.15151515151515152,0.14463227208456045
sans_zones_nuageuses,PD_non_endommage,la_guaira,fusion_ET_tstat_desc,kappa,3.0,0.58,16328,20,117,103,16088,0.145985401459854,0.16260162601626016,0.15384615384615383,0.14707503933205726
sans_zones_nuageuses,PD_non_endommage,la_guaira,fusion_ET_tstat_desc,f1,3.0,0.58,16328,20,117,103,16088,0.145985401459854,0.16260162601626016,0.15384615384615383,0.14707503933205726
sans_zones_nuageuses,PD_non_endommage,la_guaira,fusion_ET_tstat_moyenne,kappa,3.0,0.48,16328,20,113,103,16092,0.15037593984962405,0.16260162601626016,0.15625,0.14959358611127735
sans_zones_nuageuses,PD_non_endommage,la_guaira,fusion_ET_tstat_moyenne,f1,3.0,0.48,16328,20,113,103,16092,0.15037593984962405,0.16260162601626016,0.15625,0.14959358611127735
sans_zones_nuageuses,PD_non_endommage,la_guaira,fusion_ET_tstat_sensible,kappa,3.0,0.42,16328,20,103,103,16102,0.16260162601626016,0.16260162601626016,0.16260162601626016,0.1562455630727192
sans_zones_nuageuses,PD_non_endommage,la_guaira,fusion_ET_tstat_sensible,f1,3.0,0.42,16328,20,103,103,16102,0.16260162601626016,0.16260162601626016,0.16260162601626016,0.1562455630727192
sans_zones_nuageuses,PD_non_endommage,la_guaira,fusion_ET_tstat_meilleure_couverture,kappa,3.0,0.38,16328,14,48,109,16157,0.22580645161290322,0.11382113821138211,0.15135135135135136,0.14704461394516716
sans_zones_nuageuses,PD_non_endommage,la_guaira,fusion_ET_tstat_meilleure_couverture,f1,3.0,0.6,16328,20,121,103,16084,0.14184397163120568,0.16260162601626016,0.15151515151515152,0.14463227208456045
sans_zones_nuageuses,PD_non_endommage,Moron,t_test,kappa,4.4,,13922,3,0,23,13896,1.0,0.11538461538461539,0.20689655172413793,0.20658998666938216
sans_zones_nuageuses,PD_non_endommage,Moron,t_test,f1,4.4,,13922,3,0,23,13896,1.0,0.11538461538461539,0.20689655172413793,0.20658998666938216
sans_zones_nuageuses,PD_non_endommage,Moron,bdpm,kappa,0.62,,13922,4,268,22,13628,0.014705882352941176,0.15384615384615385,0.026845637583892617,0.023516595994979315
sans_zones_nuageuses,PD_non_endommage,Moron,bdpm,f1,0.62,,13922,4,268,22,13628,0.014705882352941176,0.15384615384615385,0.026845637583892617,0.023516595994979315
sans_zones_nuageuses,PD_non_endommage,Moron,burst_asc,kappa,0.24,,13922,1,191,25,13705,0.005208333333333333,0.038461538461538464,0.009174311926605503,0.005904108810149144
sans_zones_nuageuses,PD_non_endommage,Moron,burst_asc,f1,0.24,,13922,1,191,25,13705,0.005208333333333333,0.038461538461538464,0.009174311926605503,0.005904108810149144
sans_zones_nuageuses,PD_non_endommage,Moron,burst_desc,kappa,0.26,,13922,5,441,21,13455,0.011210762331838564,0.19230769230769232,0.0211864406779661,0.01771963068983767
sans_zones_nuageuses,PD_non_endommage,Moron,burst_desc,f1,0.26,,13922,5,441,21,13455,0.011210762331838564,0.19230769230769232,0.0211864406779661,0.01771963068983767
sans_zones_nuageuses,PD_non_endommage,Moron,burst_moyenne,kappa,0.3,,13922,8,549,18,13347,0.01436265709156194,0.3076923076923077,0.0274442538593482,0.02396123825696404
sans_zones_nuageuses,PD_non_endommage,Moron,burst_moyenne,f1,0.3,,13922,8,549,18,13347,0.01436265709156194,0.3076923076923077,0.0274442538593482,0.02396123825696404
sans_zones_nuageuses,PD_non_endommage,Moron,burst_sensible,kappa,0.26,,13922,6,804,20,13092,0.007407407407407408,0.23076923076923078,0.014354066985645933,0.01077412554222244
sans_zones_nuageuses,PD_non_endommage,Moron,burst_sensible,f1,0.26,,13922,6,804,20,13092,0.007407407407407408,0.23076923076923078,0.014354066985645933,0.01077412554222244
sans_zones_nuageuses,PD_non_endommage,Moron,burst_meilleure_couverture,kappa,0.24,,13922,1,191,25,13705,0.005208333333333333,0.038461538461538464,0.009174311926605503,0.005904108810149144
sans_zones_nuageuses,PD_non_endommage,Moron,burst_meilleure_couverture,f1,0.24,,13922,1,191,25,13705,0.005208333333333333,0.038461538461538464,0.009174311926605503,0.005904108810149144
sans_zones_nuageuses,PD_non_endommage,Moron,fusion_ET_tstat_bdpm,kappa,3.6,-0.1,13922,4,3,22,13893,0.5714285714285714,0.15384615384615385,0.24242424242424246,0.2418235445321103
sans_zones_nuageuses,PD_non_endommage,Moron,fusion_ET_tstat_bdpm,f1,3.6,-0.1,13922,4,3,22,13893,0.5714285714285714,0.15384615384615385,0.24242424242424246,0.2418235445321103
sans_zones_nuageuses,PD_non_endommage,Moron,fusion_ET_tstat_asc,kappa,4.4,0.68,13922,3,0,23,13896,1.0,0.11538461538461539,0.20689655172413793,0.20658998666938216
sans_zones_nuageuses,PD_non_endommage,Moron,fusion_ET_tstat_asc,f1,4.4,0.68,13922,3,0,23,13896,1.0,0.11538461538461539,0.20689655172413793,0.20658998666938216
sans_zones_nuageuses,PD_non_endommage,Moron,fusion_ET_tstat_desc,kappa,4.4,0.56,13922,3,0,23,13896,1.0,0.11538461538461539,0.20689655172413793,0.20658998666938216
sans_zones_nuageuses,PD_non_endommage,Moron,fusion_ET_tstat_desc,f1,4.4,0.56,13922,3,0,23,13896,1.0,0.11538461538461539,0.20689655172413793,0.20658998666938216
sans_zones_nuageuses,PD_non_endommage,Moron,fusion_ET_tstat_moyenne,kappa,4.4,0.62,13922,3,0,23,13896,1.0,0.11538461538461539,0.20689655172413793,0.20658998666938216
sans_zones_nuageuses,PD_non_endommage,Moron,fusion_ET_tstat_moyenne,f1,4.4,0.62,13922,3,0,23,13896,1.0,0.11538461538461539,0.20689655172413793,0.20658998666938216
sans_zones_nuageuses,PD_non_endommage,Moron,fusion_ET_tstat_sensible,kappa,4.4,0.56,13922,3,0,23,13896,1.0,0.11538461538461539,0.20689655172413793,0.20658998666938216
sans_zones_nuageuses,PD_non_endommage,Moron,fusion_ET_tstat_sensible,f1,4.4,0.56,13922,3,0,23,13896,1.0,0.11538461538461539,0.20689655172413793,0.20658998666938216
sans_zones_nuageuses,PD_non_endommage,Moron,fusion_ET_tstat_meilleure_couverture,kappa,4.4,0.68,13922,3,0,23,13896,1.0,0.11538461538461539,0.20689655172413793,0.20658998666938216
sans_zones_nuageuses,PD_non_endommage,Moron,fusion_ET_tstat_meilleure_couverture,f1,4.4,0.68,13922,3,0,23,13896,1.0,0.11538461538461539,0.20689655172413793,0.20658998666938216
sans_zones_nuageuses,PD_non_endommage,Caraballeda_LaGuaira_CatiaLaMar,t_test,kappa,3.2,,56464,316,983,1024,54141,0.2432640492686682,0.23582089552238805,0.23948465327775673,0.22129150640564743
sans_zones_nuageuses,PD_non_endommage,Caraballeda_LaGuaira_CatiaLaMar,t_test,f1,3.0,,56464,393,1542,947,53582,0.20310077519379846,0.29328358208955224,0.24,0.21807197088138147
sans_zones_nuageuses,PD_non_endommage,Caraballeda_LaGuaira_CatiaLaMar,bdpm,kappa,0.66,,56464,267,2964,1073,52160,0.08263695450324977,0.19925373134328359,0.11682345219864362,0.0861645287340971
sans_zones_nuageuses,PD_non_endommage,Caraballeda_LaGuaira_CatiaLaMar,bdpm,f1,0.52,,56464,475,6183,865,48941,0.07134274556924002,0.35447761194029853,0.11877969492373094,0.08252886500848888
sans_zones_nuageuses,PD_non_endommage,Caraballeda_LaGuaira_CatiaLaMar,burst_asc,kappa,0.38,,56464,798,17217,542,37907,0.04429641965029142,0.5955223880597015,0.08245931283905966,0.04005085601251679
sans_zones_nuageuses,PD_non_endommage,Caraballeda_LaGuaira_CatiaLaMar,burst_asc,f1,0.42,,56464,1006,21918,334,33206,0.043884138893735825,0.7507462686567165,0.08292120013188263,0.03986627066018091
sans_zones_nuageuses,PD_non_endommage,Caraballeda_LaGuaira_CatiaLaMar,burst_desc,kappa,0.38,,56464,831,20942,509,34182,0.038166536536076795,0.6201492537313433,0.07190758447626877,0.028468360835051172
sans_zones_nuageuses,PD_non_endommage,Caraballeda_LaGuaira_CatiaLaMar,burst_desc,f1,0.42,,56464,1031,26236,309,28888,0.037811273700810506,0.7694029850746269,0.07208026007620513,0.028111455479669752
sans_zones_nuageuses,PD_non_endommage,Caraballeda_LaGuaira_CatiaLaMar,burst_moyenne,kappa,0.38,,56464,805,16403,535,38721,0.04678056717805672,0.6007462686567164,0.08680181151606643,0.04473695212315903
sans_zones_nuageuses,PD_non_endommage,Caraballeda_LaGuaira_CatiaLaMar,burst_moyenne,f1,0.4,,56464,942,19407,398,35717,0.0462922010909627,0.7029850746268657,0.08686430909677717,0.04430587784843637
sans_zones_nuageuses,PD_non_endommage,Caraballeda_LaGuaira_CatiaLaMar,burst_sensible,kappa,0.36,,56464,957,24456,383,30668,0.037657891630267976,0.7141791044776119,0.0715433783127126,0.02770603886535679
sans_zones_nuageuses,PD_non_endommage,Caraballeda_LaGuaira_CatiaLaMar,burst_sensible,f1,0.36,,56464,957,24456,383,30668,0.037657891630267976,0.7141791044776119,0.0715433783127126,0.02770603886535679
sans_zones_nuageuses,PD_non_endommage,Caraballeda_LaGuaira_CatiaLaMar,burst_meilleure_couverture,kappa,0.38,,56464,798,17217,542,37907,0.04429641965029142,0.5955223880597015,0.08245931283905966,0.04005085601251679
sans_zones_nuageuses,PD_non_endommage,Caraballeda_LaGuaira_CatiaLaMar,burst_meilleure_couverture,f1,0.42,,56464,1006,21918,334,33206,0.043884138893735825,0.7507462686567165,0.08292120013188263,0.03986627066018091
sans_zones_nuageuses,PD_non_endommage,Caraballeda_LaGuaira_CatiaLaMar,fusion_ET_tstat_bdpm,kappa,2.8,0.32,56464,261,1034,1079,54090,0.20154440154440154,0.1947761194029851,0.19810246679316887,0.1789501269130892
sans_zones_nuageuses,PD_non_endommage,Caraballeda_LaGuaira_CatiaLaMar,fusion_ET_tstat_bdpm,f1,2.8,0.32,56464,261,1034,1079,54090,0.20154440154440154,0.1947761194029851,0.19810246679316887,0.1789501269130892
sans_zones_nuageuses,PD_non_endommage,Caraballeda_LaGuaira_CatiaLaMar,fusion_ET_tstat_asc,kappa,3.2,0.96,56464,316,983,1024,54141,0.2432640492686682,0.23582089552238805,0.23948465327775673,0.22129150640564743
sans_zones_nuageuses,PD_non_endommage,Caraballeda_LaGuaira_CatiaLaMar,fusion_ET_tstat_asc,f1,3.0,0.74,56464,391,1522,949,53602,0.2043910088865656,0.2917910447761194,0.2403934829388257,0.21858239900596788
sans_zones_nuageuses,PD_non_endommage,Caraballeda_LaGuaira_CatiaLaMar,fusion_ET_tstat_desc,kappa,3.2,0.8,56464,316,983,1024,54141,0.2432640492686682,0.23582089552238805,0.23948465327775673,0.22129150640564743
sans_zones_nuageuses,PD_non_endommage,Caraballeda_LaGuaira_CatiaLaMar,fusion_ET_tstat_desc,f1,3.0,0.62,56464,391,1513,949,53611,0.20535714285714285,0.2917910447761194,0.24106041923551172,0.21931204846081595
sans_zones_nuageuses,PD_non_endommage,Caraballeda_LaGuaira_CatiaLaMar,fusion_ET_tstat_moyenne,kappa,3.2,0.88,56464,316,983,1024,54141,0.2432640492686682,0.23582089552238805,0.23948465327775673,0.22129150640564743
sans_zones_nuageuses,PD_non_endommage,Caraballeda_LaGuaira_CatiaLaMar,fusion_ET_tstat_moyenne,f1,3.0,0.6,56464,390,1511,950,53613,0.20515518148342976,0.291044776119403,0.2406664609688368,0.21892138205964315
sans_zones_nuageuses,PD_non_endommage,Caraballeda_LaGuaira_CatiaLaMar,fusion_ET_tstat_sensible,kappa,3.2,0.48,56464,314,969,1026,54155,0.24473889321901793,0.23432835820895523,0.2394205108654213,0.22134303921584508
sans_zones_nuageuses,PD_non_endommage,Caraballeda_LaGuaira_CatiaLaMar,fusion_ET_tstat_sensible,f1,3.0,0.48,56464,390,1506,950,53618,0.20569620253164558,0.291044776119403,0.24103831891223734,0.21932823791615866
sans_zones_nuageuses,PD_non_endommage,Caraballeda_LaGuaira_CatiaLaMar,fusion_ET_tstat_meilleure_couverture,kappa,3.2,0.96,56464,316,983,1024,54141,0.2432640492686682,0.23582089552238805,0.23948465327775673,0.22129150640564743
sans_zones_nuageuses,PD_non_endommage,Caraballeda_LaGuaira_CatiaLaMar,fusion_ET_tstat_meilleure_couverture,f1,3.0,0.74,56464,391,1522,949,53602,0.2043910088865656,0.2917910447761194,0.2403934829388257,0.21858239900596788
sans_zones_nuageuses,Destroyed_seul,GLOBAL,t_test,kappa,3.6,,271375,120,593,512,270150,0.16830294530154277,0.189873417721519,0.17843866171003717,0.1764050963588689
sans_zones_nuageuses,Destroyed_seul,GLOBAL,t_test,f1,3.6,,271375,120,593,512,270150,0.16830294530154277,0.189873417721519,0.17843866171003717,0.1764050963588689
sans_zones_nuageuses,Destroyed_seul,GLOBAL,bdpm,kappa,0.66,,271375,126,3299,506,267444,0.03678832116788321,0.19936708860759494,0.062114863199408434,0.058412376158272335
sans_zones_nuageuses,Destroyed_seul,GLOBAL,bdpm,f1,0.66,,271375,126,3299,506,267444,0.03678832116788321,0.19936708860759494,0.062114863199408434,0.058412376158272335
sans_zones_nuageuses,Destroyed_seul,GLOBAL,burst_asc,kappa,0.28,,271375,101,6667,531,264076,0.014923167848699764,0.15981012658227847,0.0272972972972973,0.02313589195061861
sans_zones_nuageuses,Destroyed_seul,GLOBAL,burst_asc,f1,0.28,,271375,101,6667,531,264076,0.014923167848699764,0.15981012658227847,0.0272972972972973,0.02313589195061861
sans_zones_nuageuses,Destroyed_seul,GLOBAL,burst_desc,kappa,0.34,,271375,280,24700,352,246043,0.01120896717373899,0.4430379746835443,0.021864750898016556,0.017400973716305446
sans_zones_nuageuses,Destroyed_seul,GLOBAL,burst_desc,f1,0.34,,271375,280,24700,352,246043,0.01120896717373899,0.4430379746835443,0.021864750898016556,0.017400973716305446
sans_zones_nuageuses,Destroyed_seul,GLOBAL,burst_moyenne,kappa,0.34,,271375,259,15470,373,255273,0.016466399643969738,0.4098101265822785,0.031660656439092966,0.02730508490486148
sans_zones_nuageuses,Destroyed_seul,GLOBAL,burst_moyenne,f1,0.34,,271375,259,15470,373,255273,0.016466399643969738,0.4098101265822785,0.031660656439092966,0.02730508490486148
sans_zones_nuageuses,Destroyed_seul,GLOBAL,burst_sensible,kappa,0.34,,271375,414,38098,218,232645,0.010749896136269215,0.6550632911392406,0.02115266707541386,0.016646390702025993
sans_zones_nuageuses,Destroyed_seul,GLOBAL,burst_sensible,f1,0.34,,271375,414,38098,218,232645,0.010749896136269215,0.6550632911392406,0.02115266707541386,0.016646390702025993
sans_zones_nuageuses,Destroyed_seul,GLOBAL,burst_meilleure_couverture,kappa,0.28,,271375,101,6775,531,263968,0.014688772542175684,0.15981012658227847,0.026904635055940332,0.022735933813968857
sans_zones_nuageuses,Destroyed_seul,GLOBAL,burst_meilleure_couverture,f1,0.28,,271375,101,6775,531,263968,0.014688772542175684,0.15981012658227847,0.026904635055940332,0.022735933813968857
sans_zones_nuageuses,Destroyed_seul,GLOBAL,fusion_ET_tstat_bdpm,kappa,3.2,0.28,271375,94,577,538,270166,0.14008941877794337,0.14873417721518986,0.14428242517267842,0.1422249777884077
sans_zones_nuageuses,Destroyed_seul,GLOBAL,fusion_ET_tstat_bdpm,f1,3.2,0.28,271375,94,577,538,270166,0.14008941877794337,0.14873417721518986,0.14428242517267842,0.1422249777884077
sans_zones_nuageuses,Destroyed_seul,GLOBAL,fusion_ET_tstat_asc,kappa,3.2,0.58,271375,192,1255,440,269488,0.1326883206634416,0.3037974683544304,0.1847041847041847,0.18205253169876262
sans_zones_nuageuses,Destroyed_seul,GLOBAL,fusion_ET_tstat_asc,f1,3.2,0.58,271375,192,1255,440,269488,0.1326883206634416,0.3037974683544304,0.1847041847041847,0.18205253169876262
sans_zones_nuageuses,Destroyed_seul,GLOBAL,fusion_ET_tstat_desc,kappa,3.2,0.48,271375,184,1139,448,269604,0.13907785336356765,0.2911392405063291,0.18823529411764706,0.18566849692222137
sans_zones_nuageuses,Destroyed_seul,GLOBAL,fusion_ET_tstat_desc,f1,3.2,0.48,271375,184,1139,448,269604,0.13907785336356765,0.2911392405063291,0.18823529411764706,0.18566849692222137
sans_zones_nuageuses,Destroyed_seul,GLOBAL,fusion_ET_tstat_moyenne,kappa,3.2,0.5,271375,191,1208,441,269535,0.13652609006433167,0.3022151898734177,0.18808468734613493,0.18547137463963395
sans_zones_nuageuses,Destroyed_seul,GLOBAL,fusion_ET_tstat_moyenne,f1,3.2,0.5,271375,191,1208,441,269535,0.13652609006433167,0.3022151898734177,0.18808468734613493,0.18547137463963395
sans_zones_nuageuses,Destroyed_seul,GLOBAL,fusion_ET_tstat_sensible,kappa,3.2,0.46,271375,193,1238,439,269505,0.13487071977638015,0.30537974683544306,0.18710615608337372,0.18447130003858947
sans_zones_nuageuses,Destroyed_seul,GLOBAL,fusion_ET_tstat_sensible,f1,3.2,0.46,271375,193,1238,439,269505,0.13487071977638015,0.30537974683544306,0.18710615608337372,0.18447130003858947
sans_zones_nuageuses,Destroyed_seul,GLOBAL,fusion_ET_tstat_meilleure_couverture,kappa,3.2,0.58,271375,192,1255,440,269488,0.1326883206634416,0.3037974683544304,0.1847041847041847,0.18205253169876262
sans_zones_nuageuses,Destroyed_seul,GLOBAL,fusion_ET_tstat_meilleure_couverture,f1,3.2,0.58,271375,192,1255,440,269488,0.1326883206634416,0.3037974683544304,0.1847041847041847,0.18205253169876262
sans_zones_nuageuses,Destroyed_seul,catia_la_mar,t_test,kappa,3.2,,32817,82,615,268,31852,0.11764705882352941,0.2342857142857143,0.15663801337153774,0.1444898556157793
sans_zones_nuageuses,Destroyed_seul,catia_la_mar,t_test,f1,3.2,,32817,82,615,268,31852,0.11764705882352941,0.2342857142857143,0.15663801337153774,0.1444898556157793
sans_zones_nuageuses,Destroyed_seul,catia_la_mar,bdpm,kappa,0.78,,32817,20,431,330,32036,0.04434589800443459,0.05714285714285714,0.049937578027465665,0.038388620537505774
sans_zones_nuageuses,Destroyed_seul,catia_la_mar,bdpm,f1,0.66,,32817,79,2611,271,29856,0.029368029739776952,0.2257142857142857,0.05197368421052631,0.03373583019652183
sans_zones_nuageuses,Destroyed_seul,catia_la_mar,burst_asc,kappa,0.3,,32817,105,4056,245,28411,0.025234318673395817,0.3,0.04655287076036355,0.027416887784993196
sans_zones_nuageuses,Destroyed_seul,catia_la_mar,burst_asc,f1,0.3,,32817,105,4056,245,28411,0.025234318673395817,0.3,0.04655287076036355,0.027416887784993196
sans_zones_nuageuses,Destroyed_seul,catia_la_mar,burst_desc,kappa,0.32,,32817,134,6147,216,26320,0.021334182455023085,0.38285714285714284,0.040416226813451965,0.02062847747898466
sans_zones_nuageuses,Destroyed_seul,catia_la_mar,burst_desc,f1,0.32,,32817,134,6147,216,26320,0.021334182455023085,0.38285714285714284,0.040416226813451965,0.02062847747898466
sans_zones_nuageuses,Destroyed_seul,catia_la_mar,burst_moyenne,kappa,0.3,,32817,77,2417,273,30050,0.030874097834803528,0.22,0.05414908579465542,0.03611935341730379
sans_zones_nuageuses,Destroyed_seul,catia_la_mar,burst_moyenne,f1,0.3,,32817,77,2417,273,30050,0.030874097834803528,0.22,0.05414908579465542,0.03611935341730379
sans_zones_nuageuses,Destroyed_seul,catia_la_mar,burst_sensible,kappa,0.3,,32817,147,7191,203,25276,0.020032706459525755,0.42,0.038241415192507795,0.018253718021346153
sans_zones_nuageuses,Destroyed_seul,catia_la_mar,burst_sensible,f1,0.3,,32817,147,7191,203,25276,0.020032706459525755,0.42,0.038241415192507795,0.018253718021346153
sans_zones_nuageuses,Destroyed_seul,catia_la_mar,burst_meilleure_couverture,kappa,0.3,,32817,105,4056,245,28411,0.025234318673395817,0.3,0.04655287076036355,0.027416887784993196
sans_zones_nuageuses,Destroyed_seul,catia_la_mar,burst_meilleure_couverture,f1,0.3,,32817,105,4056,245,28411,0.025234318673395817,0.3,0.04655287076036355,0.027416887784993196
sans_zones_nuageuses,Destroyed_seul,catia_la_mar,fusion_ET_tstat_bdpm,kappa,2.8,0.32,32817,60,752,290,31715,0.07389162561576355,0.17142857142857143,0.10327022375215146,0.0897016937648831
sans_zones_nuageuses,Destroyed_seul,catia_la_mar,fusion_ET_tstat_bdpm,f1,2.8,0.32,32817,60,752,290,31715,0.07389162561576355,0.17142857142857143,0.10327022375215146,0.0897016937648831
sans_zones_nuageuses,Destroyed_seul,catia_la_mar,fusion_ET_tstat_asc,kappa,3.2,0.62,32817,82,598,268,31869,0.12058823529411765,0.2342857142857143,0.1592233009708738,0.1472141911706679
sans_zones_nuageuses,Destroyed_seul,catia_la_mar,fusion_ET_tstat_asc,f1,3.2,0.62,32817,82,598,268,31869,0.12058823529411765,0.2342857142857143,0.1592233009708738,0.1472141911706679
sans_zones_nuageuses,Destroyed_seul,catia_la_mar,fusion_ET_tstat_desc,kappa,3.2,0.48,32817,79,573,271,31894,0.12116564417177914,0.2257142857142857,0.15768463073852293,0.14582902226635716
sans_zones_nuageuses,Destroyed_seul,catia_la_mar,fusion_ET_tstat_desc,f1,3.2,0.62,32817,82,608,268,31859,0.11884057971014493,0.2342857142857143,0.1576923076923077,0.14560093298952248
sans_zones_nuageuses,Destroyed_seul,catia_la_mar,fusion_ET_tstat_moyenne,kappa,3.2,0.54,32817,82,597,268,31870,0.12076583210603829,0.2342857142857143,0.15937803692905733,0.14737722886940666
sans_zones_nuageuses,Destroyed_seul,catia_la_mar,fusion_ET_tstat_moyenne,f1,3.2,0.54,32817,82,597,268,31870,0.12076583210603829,0.2342857142857143,0.15937803692905733,0.14737722886940666
sans_zones_nuageuses,Destroyed_seul,catia_la_mar,fusion_ET_tstat_sensible,kappa,3.2,0.38,32817,75,500,275,31967,0.13043478260869565,0.21428571428571427,0.16216216216216214,0.15090361722318998
sans_zones_nuageuses,Destroyed_seul,catia_la_mar,fusion_ET_tstat_sensible,f1,3.2,0.38,32817,75,500,275,31967,0.13043478260869565,0.21428571428571427,0.16216216216216214,0.15090361722318998
sans_zones_nuageuses,Destroyed_seul,catia_la_mar,fusion_ET_tstat_meilleure_couverture,kappa,3.2,0.62,32817,82,598,268,31869,0.12058823529411765,0.2342857142857143,0.1592233009708738,0.1472141911706679
sans_zones_nuageuses,Destroyed_seul,catia_la_mar,fusion_ET_tstat_meilleure_couverture,f1,3.2,0.62,32817,82,598,268,31869,0.12058823529411765,0.2342857142857143,0.1592233009708738,0.1472141911706679
sans_zones_nuageuses,Destroyed_seul,caraballeda,t_test,kappa,3.2,,7319,101,433,133,6652,0.1891385767790262,0.43162393162393164,0.2630208333333333,0.22872978991189785
sans_zones_nuageuses,Destroyed_seul,caraballeda,t_test,f1,3.2,,7319,101,433,133,6652,0.1891385767790262,0.43162393162393164,0.2630208333333333,0.22872978991189785
sans_zones_nuageuses,Destroyed_seul,caraballeda,bdpm,kappa,0.56,,7319,72,784,162,6301,0.08411214953271028,0.3076923076923077,0.13211009174311925,0.08622399434506756
sans_zones_nuageuses,Destroyed_seul,caraballeda,bdpm,f1,0.56,,7319,72,784,162,6301,0.08411214953271028,0.3076923076923077,0.13211009174311925,0.08622399434506756
sans_zones_nuageuses,Destroyed_seul,caraballeda,burst_asc,kappa,0.36,,7319,122,2798,112,4287,0.04178082191780822,0.5213675213675214,0.07736207989854155,0.019305846704921106
sans_zones_nuageuses,Destroyed_seul,caraballeda,burst_asc,f1,0.44,,7319,192,4447,42,2638,0.04138823022203061,0.8205128205128205,0.07880155961420068,0.01909105199117413
sans_zones_nuageuses,Destroyed_seul,caraballeda,burst_desc,kappa,0.46,,7319,215,5451,19,1634,0.037945640663607484,0.9188034188034188,0.07288135593220339,0.012224943580637675
sans_zones_nuageuses,Destroyed_seul,caraballeda,burst_desc,f1,0.46,,7319,215,5451,19,1634,0.037945640663607484,0.9188034188034188,0.07288135593220339,0.012224943580637675
sans_zones_nuageuses,Destroyed_seul,caraballeda,burst_moyenne,kappa,0.4,,7319,175,3958,59,3127,0.04234212436486814,0.7478632478632479,0.08014655369819097,0.020894151222187848
sans_zones_nuageuses,Destroyed_seul,caraballeda,burst_moyenne,f1,0.4,,7319,175,3958,59,3127,0.04234212436486814,0.7478632478632479,0.08014655369819097,0.020894151222187848
sans_zones_nuageuses,Destroyed_seul,caraballeda,burst_sensible,kappa,0.36,,7319,180,4458,54,2627,0.03880983182406209,0.7692307692307693,0.07389162561576354,0.013863526254984689
sans_zones_nuageuses,Destroyed_seul,caraballeda,burst_sensible,f1,0.36,,7319,180,4458,54,2627,0.03880983182406209,0.7692307692307693,0.07389162561576354,0.013863526254984689
sans_zones_nuageuses,Destroyed_seul,caraballeda,burst_meilleure_couverture,kappa,0.36,,7319,122,2798,112,4287,0.04178082191780822,0.5213675213675214,0.07736207989854155,0.019305846704921106
sans_zones_nuageuses,Destroyed_seul,caraballeda,burst_meilleure_couverture,f1,0.44,,7319,192,4447,42,2638,0.04138823022203061,0.8205128205128205,0.07880155961420068,0.01909105199117413
sans_zones_nuageuses,Destroyed_seul,caraballeda,fusion_ET_tstat_bdpm,kappa,3.2,0.28,7319,54,202,180,6883,0.2109375,0.23076923076923078,0.22040816326530613,0.19346418954900388
sans_zones_nuageuses,Destroyed_seul,caraballeda,fusion_ET_tstat_bdpm,f1,3.2,0.28,7319,54,202,180,6883,0.2109375,0.23076923076923078,0.22040816326530613,0.19346418954900388
sans_zones_nuageuses,Destroyed_seul,caraballeda,fusion_ET_tstat_asc,kappa,3.2,0.58,7319,101,428,133,6657,0.19092627599243855,0.43162393162393164,0.26474442988204455,0.23063638024480854
sans_zones_nuageuses,Destroyed_seul,caraballeda,fusion_ET_tstat_asc,f1,3.2,0.58,7319,101,428,133,6657,0.19092627599243855,0.43162393162393164,0.26474442988204455,0.23063638024480854
sans_zones_nuageuses,Destroyed_seul,caraballeda,fusion_ET_tstat_desc,kappa,3.2,0.56,7319,101,426,133,6659,0.19165085388994307,0.43162393162393164,0.2654402102496715,0.23140588710800056
sans_zones_nuageuses,Destroyed_seul,caraballeda,fusion_ET_tstat_desc,f1,3.2,0.56,7319,101,426,133,6659,0.19165085388994307,0.43162393162393164,0.2654402102496715,0.23140588710800056
sans_zones_nuageuses,Destroyed_seul,caraballeda,fusion_ET_tstat_moyenne,kappa,3.2,0.5,7319,101,429,133,6656,0.19056603773584907,0.43162393162393164,0.26439790575916233,0.23025310666290477
sans_zones_nuageuses,Destroyed_seul,caraballeda,fusion_ET_tstat_moyenne,f1,3.2,0.5,7319,101,429,133,6656,0.19056603773584907,0.43162393162393164,0.26439790575916233,0.23025310666290477
sans_zones_nuageuses,Destroyed_seul,caraballeda,fusion_ET_tstat_sensible,kappa,3.2,0.46,7319,101,428,133,6657,0.19092627599243855,0.43162393162393164,0.26474442988204455,0.23063638024480854
sans_zones_nuageuses,Destroyed_seul,caraballeda,fusion_ET_tstat_sensible,f1,3.2,0.46,7319,101,428,133,6657,0.19092627599243855,0.43162393162393164,0.26474442988204455,0.23063638024480854
sans_zones_nuageuses,Destroyed_seul,caraballeda,fusion_ET_tstat_meilleure_couverture,kappa,3.2,0.58,7319,101,428,133,6657,0.19092627599243855,0.43162393162393164,0.26474442988204455,0.23063638024480854
sans_zones_nuageuses,Destroyed_seul,caraballeda,fusion_ET_tstat_meilleure_couverture,f1,3.2,0.58,7319,101,428,133,6657,0.19092627599243855,0.43162393162393164,0.26474442988204455,0.23063638024480854
sans_zones_nuageuses,Destroyed_seul,Caracas,t_test,kappa,2.8,,111677,2,371,1,111303,0.005361930294906166,0.6666666666666666,0.010638297872340425,0.010585564354900833
sans_zones_nuageuses,Destroyed_seul,Caracas,t_test,f1,2.8,,111677,2,371,1,111303,0.005361930294906166,0.6666666666666666,0.010638297872340425,0.010585564354900833
sans_zones_nuageuses,Destroyed_seul,Caracas,bdpm,kappa,0.18,,111677,2,6509,1,105165,0.0003071724773460298,0.6666666666666666,0.0006140620202640468,0.0005603904860476065
sans_zones_nuageuses,Destroyed_seul,Caracas,bdpm,f1,0.18,,111677,2,6509,1,105165,0.0003071724773460298,0.6666666666666666,0.0006140620202640468,0.0005603904860476065
sans_zones_nuageuses,Destroyed_seul,Caracas,burst_asc,kappa,0.34,,111677,1,2405,2,109269,0.00041562759767248546,0.3333333333333333,0.0008302200083022,0.0007766022158400593
sans_zones_nuageuses,Destroyed_seul,Caracas,burst_asc,f1,0.34,,111677,1,2405,2,109269,0.00041562759767248546,0.3333333333333333,0.0008302200083022,0.0007766022158400593
sans_zones_nuageuses,Destroyed_seul,Caracas,burst_desc,kappa,0.38,,111677,2,5835,1,105839,0.00034264176803152307,0.6666666666666666,0.0006849315068493151,0.0006312666326660752
sans_zones_nuageuses,Destroyed_seul,Caracas,burst_desc,f1,0.38,,111677,2,5835,1,105839,0.00034264176803152307,0.6666666666666666,0.0006849315068493151,0.0006312666326660752
sans_zones_nuageuses,Destroyed_seul,Caracas,burst_moyenne,kappa,0.34,,111677,1,853,2,110821,0.00117096018735363,0.3333333333333333,0.0023337222870478415,0.0022803060728150562
sans_zones_nuageuses,Destroyed_seul,Caracas,burst_moyenne,f1,0.34,,111677,1,853,2,110821,0.00117096018735363,0.3333333333333333,0.0023337222870478415,0.0022803060728150562
sans_zones_nuageuses,Destroyed_seul,Caracas,burst_sensible,kappa,0.38,,111677,2,8712,1,102962,0.00022951572182694515,0.6666666666666666,0.0004588734656418493,0.00040518734601072766
sans_zones_nuageuses,Destroyed_seul,Caracas,burst_sensible,f1,0.38,,111677,2,8712,1,102962,0.00022951572182694515,0.6666666666666666,0.0004588734656418493,0.00040518734601072766
sans_zones_nuageuses,Destroyed_seul,Caracas,burst_meilleure_couverture,kappa,0.34,,111677,1,2405,2,109269,0.00041562759767248546,0.3333333333333333,0.0008302200083022,0.0007766022158400593
sans_zones_nuageuses,Destroyed_seul,Caracas,burst_meilleure_couverture,f1,0.34,,111677,1,2405,2,109269,0.00041562759767248546,0.3333333333333333,0.0008302200083022,0.0007766022158400593
sans_zones_nuageuses,Destroyed_seul,Caracas,fusion_ET_tstat_bdpm,kappa,2.8,0.18,111677,2,36,1,111638,0.05263157894736842,0.6666666666666666,0.09756097560975609,0.09751603626372675
sans_zones_nuageuses,Destroyed_seul,Caracas,fusion_ET_tstat_bdpm,f1,2.8,0.18,111677,2,36,1,111638,0.05263157894736842,0.6666666666666666,0.09756097560975609,0.09751603626372675
sans_zones_nuageuses,Destroyed_seul,Caracas,fusion_ET_tstat_asc,kappa,2.2,0.34,111677,1,144,2,111530,0.006896551724137931,0.3333333333333333,0.013513513513513514,0.013461584771773451
sans_zones_nuageuses,Destroyed_seul,Caracas,fusion_ET_tstat_asc,f1,2.2,0.34,111677,1,144,2,111530,0.006896551724137931,0.3333333333333333,0.013513513513513514,0.013461584771773451
sans_zones_nuageuses,Destroyed_seul,Caracas,fusion_ET_tstat_desc,kappa,2.8,0.46,111677,2,53,1,111621,0.03636363636363636,0.6666666666666666,0.06896551724137931,0.06891808101843305
sans_zones_nuageuses,Destroyed_seul,Caracas,fusion_ET_tstat_desc,f1,2.8,0.46,111677,2,53,1,111621,0.03636363636363636,0.6666666666666666,0.06896551724137931,0.06891808101843305
sans_zones_nuageuses,Destroyed_seul,Caracas,fusion_ET_tstat_moyenne,kappa,2.2,0.34,111677,1,55,2,111619,0.017857142857142856,0.3333333333333333,0.03389830508474576,0.03384903667801189
sans_zones_nuageuses,Destroyed_seul,Caracas,fusion_ET_tstat_moyenne,f1,2.2,0.34,111677,1,55,2,111619,0.017857142857142856,0.3333333333333333,0.03389830508474576,0.03384903667801189
sans_zones_nuageuses,Destroyed_seul,Caracas,fusion_ET_tstat_sensible,kappa,2.8,0.46,111677,2,100,1,111574,0.0196078431372549,0.6666666666666666,0.03809523809523809,0.038045032383685944
sans_zones_nuageuses,Destroyed_seul,Caracas,fusion_ET_tstat_sensible,f1,2.8,0.46,111677,2,100,1,111574,0.0196078431372549,0.6666666666666666,0.03809523809523809,0.038045032383685944
sans_zones_nuageuses,Destroyed_seul,Caracas,fusion_ET_tstat_meilleure_couverture,kappa,2.2,0.34,111677,1,144,2,111530,0.006896551724137931,0.3333333333333333,0.013513513513513514,0.013461584771773451
sans_zones_nuageuses,Destroyed_seul,Caracas,fusion_ET_tstat_meilleure_couverture,f1,2.2,0.34,111677,1,144,2,111530,0.006896551724137931,0.3333333333333333,0.013513513513513514,0.013461584771773451
sans_zones_nuageuses,Destroyed_seul,la_guaira,t_test,kappa,3.2,,16328,6,62,31,16229,0.08823529411764706,0.16216216216216217,0.1142857142857143,0.11167842902339023
sans_zones_nuageuses,Destroyed_seul,la_guaira,t_test,f1,3.2,,16328,6,62,31,16229,0.08823529411764706,0.16216216216216217,0.1142857142857143,0.11167842902339023
sans_zones_nuageuses,Destroyed_seul,la_guaira,bdpm,kappa,0.72,,16328,4,31,33,16260,0.11428571428571428,0.10810810810810811,0.11111111111111112,0.10914847582238456
sans_zones_nuageuses,Destroyed_seul,la_guaira,bdpm,f1,0.72,,16328,4,31,33,16260,0.11428571428571428,0.10810810810810811,0.11111111111111112,0.10914847582238456
sans_zones_nuageuses,Destroyed_seul,la_guaira,burst_asc,kappa,0.4,,16328,21,3890,16,12401,0.005369470723600102,0.5675675675675675,0.010638297872340427,0.006176409494694101
sans_zones_nuageuses,Destroyed_seul,la_guaira,burst_asc,f1,0.4,,16328,21,3890,16,12401,0.005369470723600102,0.5675675675675675,0.010638297872340427,0.006176409494694101
sans_zones_nuageuses,Destroyed_seul,la_guaira,burst_desc,kappa,0.22,,16328,1,153,36,16138,0.006493506493506494,0.02702702702702703,0.010471204188481676,0.006842058513428233
sans_zones_nuageuses,Destroyed_seul,la_guaira,burst_desc,f1,0.22,,16328,1,153,36,16138,0.006493506493506494,0.02702702702702703,0.010471204188481676,0.006842058513428233
sans_zones_nuageuses,Destroyed_seul,la_guaira,burst_moyenne,kappa,0.4,,16328,20,3962,17,12329,0.005022601707684581,0.5405405405405406,0.009952724558347848,0.00548699473931086
sans_zones_nuageuses,Destroyed_seul,la_guaira,burst_moyenne,f1,0.4,,16328,20,3962,17,12329,0.005022601707684581,0.5405405405405406,0.009952724558347848,0.00548699473931086
sans_zones_nuageuses,Destroyed_seul,la_guaira,burst_sensible,kappa,0.22,,16328,1,236,36,16055,0.004219409282700422,0.02702702702702703,0.0072992700729927,0.0033924746215187474
sans_zones_nuageuses,Destroyed_seul,la_guaira,burst_sensible,f1,0.38,,16328,26,7005,11,9286,0.0036979092589958756,0.7027027027027027,0.0073571024335031135,0.0028616365038700363
sans_zones_nuageuses,Destroyed_seul,la_guaira,burst_meilleure_couverture,kappa,0.4,,16328,21,3890,16,12401,0.005369470723600102,0.5675675675675675,0.010638297872340427,0.006176409494694101
sans_zones_nuageuses,Destroyed_seul,la_guaira,burst_meilleure_couverture,f1,0.4,,16328,21,3890,16,12401,0.005369470723600102,0.5675675675675675,0.010638297872340427,0.006176409494694101
sans_zones_nuageuses,Destroyed_seul,la_guaira,fusion_ET_tstat_bdpm,kappa,2.6,0.66,16328,6,19,31,16272,0.24,0.16216216216216217,0.1935483870967742,0.19207193370318879
sans_zones_nuageuses,Destroyed_seul,la_guaira,fusion_ET_tstat_bdpm,f1,2.6,0.66,16328,6,19,31,16272,0.24,0.16216216216216217,0.1935483870967742,0.19207193370318879
sans_zones_nuageuses,Destroyed_seul,la_guaira,fusion_ET_tstat_asc,kappa,3.2,0.48,16328,6,51,31,16240,0.10526315789473684,0.16216216216216217,0.12765957446808512,0.1252556163735652
sans_zones_nuageuses,Destroyed_seul,la_guaira,fusion_ET_tstat_asc,f1,3.2,0.48,16328,6,51,31,16240,0.10526315789473684,0.16216216216216217,0.12765957446808512,0.1252556163735652
sans_zones_nuageuses,Destroyed_seul,la_guaira,fusion_ET_tstat_desc,kappa,3.2,0.58,16328,6,61,31,16230,0.08955223880597014,0.16216216216216217,0.11538461538461539,0.11279422899510644
sans_zones_nuageuses,Destroyed_seul,la_guaira,fusion_ET_tstat_desc,f1,3.2,0.58,16328,6,61,31,16230,0.08955223880597014,0.16216216216216217,0.11538461538461539,0.11279422899510644
sans_zones_nuageuses,Destroyed_seul,la_guaira,fusion_ET_tstat_moyenne,kappa,3.2,0.48,16328,6,60,31,16231,0.09090909090909091,0.16216216216216217,0.11650485436893203,0.11393165960999543
sans_zones_nuageuses,Destroyed_seul,la_guaira,fusion_ET_tstat_moyenne,f1,3.2,0.48,16328,6,60,31,16231,0.09090909090909091,0.16216216216216217,0.11650485436893203,0.11393165960999543
sans_zones_nuageuses,Destroyed_seul,la_guaira,fusion_ET_tstat_sensible,kappa,3.2,0.42,16328,6,57,31,16234,0.09523809523809523,0.16216216216216217,0.12,0.11748021359370701
sans_zones_nuageuses,Destroyed_seul,la_guaira,fusion_ET_tstat_sensible,f1,3.2,0.42,16328,6,57,31,16234,0.09523809523809523,0.16216216216216217,0.12,0.11748021359370701
sans_zones_nuageuses,Destroyed_seul,la_guaira,fusion_ET_tstat_meilleure_couverture,kappa,3.2,0.48,16328,6,51,31,16240,0.10526315789473684,0.16216216216216217,0.12765957446808512,0.1252556163735652
sans_zones_nuageuses,Destroyed_seul,la_guaira,fusion_ET_tstat_meilleure_couverture,f1,3.2,0.48,16328,6,51,31,16240,0.10526315789473684,0.16216216216216217,0.12765957446808512,0.1252556163735652
sans_zones_nuageuses,Destroyed_seul,Moron,t_test,kappa,4.4,,13922,3,0,5,13914,1.0,0.375,0.5454545454545454,0.5453120305172166
sans_zones_nuageuses,Destroyed_seul,Moron,t_test,f1,4.4,,13922,3,0,5,13914,1.0,0.375,0.5454545454545454,0.5453120305172166
sans_zones_nuageuses,Destroyed_seul,Moron,bdpm,kappa,0.64,,13922,2,207,6,13707,0.009569377990430622,0.25,0.018433179723502304,0.017345488164950046
sans_zones_nuageuses,Destroyed_seul,Moron,bdpm,f1,0.64,,13922,2,207,6,13707,0.009569377990430622,0.25,0.018433179723502304,0.017345488164950046
sans_zones_nuageuses,Destroyed_seul,Moron,burst_asc,kappa,0.38,,13922,3,3547,5,10367,0.0008450704225352113,0.375,0.0016863406408094434,0.0005402840666969562
sans_zones_nuageuses,Destroyed_seul,Moron,burst_asc,f1,0.38,,13922,3,3547,5,10367,0.0008450704225352113,0.375,0.0016863406408094434,0.0005402840666969562
sans_zones_nuageuses,Destroyed_seul,Moron,burst_desc,kappa,0.56,,13922,8,9535,0,4379,0.0008383108037304831,1.0,0.0016752172547377239,0.000527525477401023
sans_zones_nuageuses,Destroyed_seul,Moron,burst_desc,f1,0.56,,13922,8,9535,0,4379,0.0008383108037304831,1.0,0.0016752172547377239,0.000527525477401023
sans_zones_nuageuses,Destroyed_seul,Moron,burst_moyenne,kappa,0.32,,13922,1,1044,7,12870,0.0009569377990430622,0.125,0.0018993352326685659,0.0007596728189426458
sans_zones_nuageuses,Destroyed_seul,Moron,burst_moyenne,f1,0.32,,13922,1,1044,7,12870,0.0009569377990430622,0.125,0.0018993352326685659,0.0007596728189426458
sans_zones_nuageuses,Destroyed_seul,Moron,burst_sensible,kappa,0.56,,13922,8,10719,0,3195,0.0007457816724154004,1.0,0.0014904517931998136,0.0003424413487800265
sans_zones_nuageuses,Destroyed_seul,Moron,burst_sensible,f1,0.56,,13922,8,10719,0,3195,0.0007457816724154004,1.0,0.0014904517931998136,0.0003424413487800265
sans_zones_nuageuses,Destroyed_seul,Moron,burst_meilleure_couverture,kappa,0.38,,13922,3,3547,5,10367,0.0008450704225352113,0.375,0.0016863406408094434,0.0005402840666969562
sans_zones_nuageuses,Destroyed_seul,Moron,burst_meilleure_couverture,f1,0.38,,13922,3,3547,5,10367,0.0008450704225352113,0.375,0.0016863406408094434,0.0005402840666969562
sans_zones_nuageuses,Destroyed_seul,Moron,fusion_ET_tstat_bdpm,kappa,4.2,-0.1,13922,3,0,5,13914,1.0,0.375,0.5454545454545454,0.5453120305172166
sans_zones_nuageuses,Destroyed_seul,Moron,fusion_ET_tstat_bdpm,f1,4.2,-0.1,13922,3,0,5,13914,1.0,0.375,0.5454545454545454,0.5453120305172166
sans_zones_nuageuses,Destroyed_seul,Moron,fusion_ET_tstat_asc,kappa,4.4,0.68,13922,3,0,5,13914,1.0,0.375,0.5454545454545454,0.5453120305172166
sans_zones_nuageuses,Destroyed_seul,Moron,fusion_ET_tstat_asc,f1,4.4,0.68,13922,3,0,5,13914,1.0,0.375,0.5454545454545454,0.5453120305172166
sans_zones_nuageuses,Destroyed_seul,Moron,fusion_ET_tstat_desc,kappa,4.4,0.56,13922,3,0,5,13914,1.0,0.375,0.5454545454545454,0.5453120305172166
sans_zones_nuageuses,Destroyed_seul,Moron,fusion_ET_tstat_desc,f1,4.4,0.56,13922,3,0,5,13914,1.0,0.375,0.5454545454545454,0.5453120305172166
sans_zones_nuageuses,Destroyed_seul,Moron,fusion_ET_tstat_moyenne,kappa,4.4,0.62,13922,3,0,5,13914,1.0,0.375,0.5454545454545454,0.5453120305172166
sans_zones_nuageuses,Destroyed_seul,Moron,fusion_ET_tstat_moyenne,f1,4.4,0.62,13922,3,0,5,13914,1.0,0.375,0.5454545454545454,0.5453120305172166
sans_zones_nuageuses,Destroyed_seul,Moron,fusion_ET_tstat_sensible,kappa,4.4,0.56,13922,3,0,5,13914,1.0,0.375,0.5454545454545454,0.5453120305172166
sans_zones_nuageuses,Destroyed_seul,Moron,fusion_ET_tstat_sensible,f1,4.4,0.56,13922,3,0,5,13914,1.0,0.375,0.5454545454545454,0.5453120305172166
sans_zones_nuageuses,Destroyed_seul,Moron,fusion_ET_tstat_meilleure_couverture,kappa,4.4,0.68,13922,3,0,5,13914,1.0,0.375,0.5454545454545454,0.5453120305172166
sans_zones_nuageuses,Destroyed_seul,Moron,fusion_ET_tstat_meilleure_couverture,f1,4.4,0.68,13922,3,0,5,13914,1.0,0.375,0.5454545454545454,0.5453120305172166
sans_zones_nuageuses,Destroyed_seul,Caraballeda_LaGuaira_CatiaLaMar,t_test,kappa,3.2,,56464,189,1110,432,54733,0.14549653579676675,0.30434782608695654,0.19687500000000002,0.18474243250700007
sans_zones_nuageuses,Destroyed_seul,Caraballeda_LaGuaira_CatiaLaMar,t_test,f1,3.2,,56464,189,1110,432,54733,0.14549653579676675,0.30434782608695654,0.19687500000000002,0.18474243250700007
sans_zones_nuageuses,Destroyed_seul,Caraballeda_LaGuaira_CatiaLaMar,bdpm,kappa,0.66,,56464,125,3106,496,52737,0.0386877127824203,0.20128824476650564,0.06490134994807892,0.04732431091426782
sans_zones_nuageuses,Destroyed_seul,Caraballeda_LaGuaira_CatiaLaMar,bdpm,f1,0.66,,56464,125,3106,496,52737,0.0386877127824203,0.20128824476650564,0.06490134994807892,0.04732431091426782
sans_zones_nuageuses,Destroyed_seul,Caraballeda_LaGuaira_CatiaLaMar,burst_asc,kappa,0.28,,56464,101,3958,520,51885,0.024882976102488297,0.16264090177133655,0.04316239316239316,0.024553235053110894
sans_zones_nuageuses,Destroyed_seul,Caraballeda_LaGuaira_CatiaLaMar,burst_asc,f1,0.3,,56464,154,6348,467,49495,0.023685019993848047,0.24798711755233493,0.04324020777762179,0.023636164138911685
sans_zones_nuageuses,Destroyed_seul,Caraballeda_LaGuaira_CatiaLaMar,burst_desc,kappa,0.38,,56464,409,21364,212,34479,0.01878473338538557,0.6586151368760065,0.03652764133249978,0.015472190665563977
sans_zones_nuageuses,Destroyed_seul,Caraballeda_LaGuaira_CatiaLaMar,burst_desc,f1,0.38,,56464,409,21364,212,34479,0.01878473338538557,0.6586151368760065,0.03652764133249978,0.015472190665563977
sans_zones_nuageuses,Destroyed_seul,Caraballeda_LaGuaira_CatiaLaMar,burst_moyenne,kappa,0.34,,56464,257,10014,364,45829,0.02502190633823386,0.4138486312399356,0.047190598604480355,0.02700860563548789
sans_zones_nuageuses,Destroyed_seul,Caraballeda_LaGuaira_CatiaLaMar,burst_moyenne,f1,0.34,,56464,257,10014,364,45829,0.02502190633823386,0.4138486312399356,0.047190598604480355,0.02700860563548789
sans_zones_nuageuses,Destroyed_seul,Caraballeda_LaGuaira_CatiaLaMar,burst_sensible,kappa,0.34,,56464,412,21100,209,34743,0.019152101152844925,0.6634460547504025,0.03722947634753535,0.016196594529637186
sans_zones_nuageuses,Destroyed_seul,Caraballeda_LaGuaira_CatiaLaMar,burst_sensible,f1,0.34,,56464,412,21100,209,34743,0.019152101152844925,0.6634460547504025,0.03722947634753535,0.016196594529637186
sans_zones_nuageuses,Destroyed_seul,Caraballeda_LaGuaira_CatiaLaMar,burst_meilleure_couverture,kappa,0.28,,56464,101,3958,520,51885,0.024882976102488297,0.16264090177133655,0.04316239316239316,0.024553235053110894
sans_zones_nuageuses,Destroyed_seul,Caraballeda_LaGuaira_CatiaLaMar,burst_meilleure_couverture,f1,0.3,,56464,154,6348,467,49495,0.023685019993848047,0.24798711755233493,0.04324020777762179,0.023636164138911685
sans_zones_nuageuses,Destroyed_seul,Caraballeda_LaGuaira_CatiaLaMar,fusion_ET_tstat_bdpm,kappa,3.2,0.32,56464,89,545,532,55298,0.14037854889589904,0.143317230273752,0.14183266932270916,0.1321894866423823
sans_zones_nuageuses,Destroyed_seul,Caraballeda_LaGuaira_CatiaLaMar,fusion_ET_tstat_bdpm,f1,3.0,0.32,56464,109,801,512,55042,0.11978021978021978,0.17552334943639292,0.14239059438275636,0.13102947291442088
sans_zones_nuageuses,Destroyed_seul,Caraballeda_LaGuaira_CatiaLaMar,fusion_ET_tstat_asc,kappa,3.2,0.62,56464,189,1088,432,54755,0.1480031323414252,0.30434782608695654,0.19915700737618544,0.18712695926388906
sans_zones_nuageuses,Destroyed_seul,Caraballeda_LaGuaira_CatiaLaMar,fusion_ET_tstat_asc,f1,3.2,0.62,56464,189,1088,432,54755,0.1480031323414252,0.30434782608695654,0.19915700737618544,0.18712695926388906
sans_zones_nuageuses,Destroyed_seul,Caraballeda_LaGuaira_CatiaLaMar,fusion_ET_tstat_desc,kappa,3.2,0.62,56464,189,1101,432,54742,0.14651162790697675,0.30434782608695654,0.1978021978021978,0.18571133289992237
sans_zones_nuageuses,Destroyed_seul,Caraballeda_LaGuaira_CatiaLaMar,fusion_ET_tstat_desc,f1,3.2,0.62,56464,189,1101,432,54742,0.14651162790697675,0.30434782608695654,0.1978021978021978,0.18571133289992237
sans_zones_nuageuses,Destroyed_seul,Caraballeda_LaGuaira_CatiaLaMar,fusion_ET_tstat_moyenne,kappa,3.2,0.54,56464,189,1087,432,54756,0.1481191222570533,0.30434782608695654,0.1992619926199262,0.18723665137408388
sans_zones_nuageuses,Destroyed_seul,Caraballeda_LaGuaira_CatiaLaMar,fusion_ET_tstat_moyenne,f1,3.2,0.54,56464,189,1087,432,54756,0.1481191222570533,0.30434782608695654,0.1992619926199262,0.18723665137408388
sans_zones_nuageuses,Destroyed_seul,Caraballeda_LaGuaira_CatiaLaMar,fusion_ET_tstat_sensible,kappa,3.2,0.46,56464,189,1083,432,54760,0.14858490566037735,0.30434782608695654,0.19968304278922347,0.18767657025023105
sans_zones_nuageuses,Destroyed_seul,Caraballeda_LaGuaira_CatiaLaMar,fusion_ET_tstat_sensible,f1,3.2,0.46,56464,189,1083,432,54760,0.14858490566037735,0.30434782608695654,0.19968304278922347,0.18767657025023105
sans_zones_nuageuses,Destroyed_seul,Caraballeda_LaGuaira_CatiaLaMar,fusion_ET_tstat_meilleure_couverture,kappa,3.2,0.62,56464,189,1088,432,54755,0.1480031323414252,0.30434782608695654,0.19915700737618544,0.18712695926388906
sans_zones_nuageuses,Destroyed_seul,Caraballeda_LaGuaira_CatiaLaMar,fusion_ET_tstat_meilleure_couverture,f1,3.2,0.62,56464,189,1088,432,54755,0.1480031323414252,0.30434782608695654,0.19915700737618544,0.18712695926388906
aoi_complete,PD_endommage,GLOBAL,t_test,kappa,3.2,,288374,469,1220,2453,284232,0.27767910005920665,0.16050650239561945,0.20342658859249624,0.197469277216886
aoi_complete,PD_endommage,GLOBAL,t_test,f1,3.0,,288374,598,2329,2324,283123,0.2043047488896481,0.20465434633812457,0.2044793981877244,0.19632910091110803
aoi_complete,PD_endommage,GLOBAL,bdpm,kappa,0.62,,288374,640,4312,2282,281140,0.12924071082390953,0.2190280629705681,0.16256032512065025,0.1517493836738719
aoi_complete,PD_endommage,GLOBAL,bdpm,f1,0.52,,288374,890,7108,2032,278344,0.11127781945486372,0.30458590006844627,0.163003663003663,0.15039320546639406
aoi_complete,PD_endommage,GLOBAL,burst_asc,kappa,0.38,,288374,1571,33815,1351,251637,0.044396088848697224,0.5376454483230664,0.08201942153075076,0.06450739284535592
aoi_complete,PD_endommage,GLOBAL,burst_asc,f1,0.38,,288374,1571,33815,1351,251637,0.044396088848697224,0.5376454483230664,0.08201942153075076,0.06450739284535592
aoi_complete,PD_endommage,GLOBAL,burst_desc,kappa,0.38,,288374,1662,40780,1260,244672,0.03915932331181377,0.5687885010266941,0.07327396173176969,0.055363645228091875
aoi_complete,PD_endommage,GLOBAL,burst_desc,f1,0.38,,288374,1662,40780,1260,244672,0.03915932331181377,0.5687885010266941,0.07327396173176969,0.055363645228091875
aoi_complete,PD_endommage,GLOBAL,burst_moyenne,kappa,0.34,,288374,972,16692,1950,268760,0.05502717391304348,0.3326488706365503,0.09443310988050133,0.0784076667797652
aoi_complete,PD_endommage,GLOBAL,burst_moyenne,f1,0.34,,288374,972,16692,1950,268760,0.05502717391304348,0.3326488706365503,0.09443310988050133,0.0784076667797652
aoi_complete,PD_endommage,GLOBAL,burst_sensible,kappa,0.34,,288374,1608,41467,1314,243985,0.037330237957051655,0.5503080082135524,0.06991760332195578,0.05192506021754546
aoi_complete,PD_endommage,GLOBAL,burst_sensible,f1,0.34,,288374,1608,41467,1314,243985,0.037330237957051655,0.5503080082135524,0.06991760332195578,0.05192506021754546
aoi_complete,PD_endommage,GLOBAL,burst_meilleure_couverture,kappa,0.38,,288374,1571,34449,1351,251003,0.043614658523042756,0.5376454483230664,0.08068409429407837,0.06312256465948204
aoi_complete,PD_endommage,GLOBAL,burst_meilleure_couverture,f1,0.38,,288374,1571,34449,1351,251003,0.043614658523042756,0.5376454483230664,0.08068409429407837,0.06312256465948204
aoi_complete,PD_endommage,GLOBAL,fusion_ET_tstat_bdpm,kappa,2.4,0.4,288374,618,2301,2304,283151,0.2117163412127441,0.21149897330595482,0.21160760143810992,0.20354149124364562
aoi_complete,PD_endommage,GLOBAL,fusion_ET_tstat_bdpm,f1,2.4,0.4,288374,618,2301,2304,283151,0.2117163412127441,0.21149897330595482,0.21160760143810992,0.20354149124364562
aoi_complete,PD_endommage,GLOBAL,fusion_ET_tstat_asc,kappa,2.8,0.5,288374,743,2640,2179,282812,0.2196275495122672,0.2542778918548939,0.23568596352101506,0.22728380194572592
aoi_complete,PD_endommage,GLOBAL,fusion_ET_tstat_asc,f1,2.8,0.5,288374,743,2640,2179,282812,0.2196275495122672,0.2542778918548939,0.23568596352101506,0.22728380194572592
aoi_complete,PD_endommage,GLOBAL,fusion_ET_tstat_desc,kappa,2.8,0.48,288374,757,2499,2165,282953,0.23249385749385748,0.2590691307323751,0.24506312722563936,0.23691299497896734
aoi_complete,PD_endommage,GLOBAL,fusion_ET_tstat_desc,f1,2.8,0.48,288374,757,2499,2165,282953,0.23249385749385748,0.2590691307323751,0.24506312722563936,0.23691299497896734
aoi_complete,PD_endommage,GLOBAL,fusion_ET_tstat_moyenne,kappa,2.8,0.48,288374,772,2594,2150,282858,0.22935234699940582,0.26420260095824777,0.2455470737913486,0.2372728957036091
aoi_complete,PD_endommage,GLOBAL,fusion_ET_tstat_moyenne,f1,2.8,0.48,288374,772,2594,2150,282858,0.22935234699940582,0.26420260095824777,0.2455470737913486,0.2372728957036091
aoi_complete,PD_endommage,GLOBAL,fusion_ET_tstat_sensible,kappa,2.8,0.42,288374,763,2660,2159,282792,0.2229038854805726,0.26112251882272414,0.2405043341213554,0.23210917646898094
aoi_complete,PD_endommage,GLOBAL,fusion_ET_tstat_sensible,f1,2.8,0.42,288374,763,2660,2159,282792,0.2229038854805726,0.26112251882272414,0.2405043341213554,0.23210917646898094
aoi_complete,PD_endommage,GLOBAL,fusion_ET_tstat_meilleure_couverture,kappa,2.8,0.5,288374,743,2640,2179,282812,0.2196275495122672,0.2542778918548939,0.23568596352101506,0.22728380194572592
aoi_complete,PD_endommage,GLOBAL,fusion_ET_tstat_meilleure_couverture,f1,2.8,0.5,288374,743,2640,2179,282812,0.2196275495122672,0.2542778918548939,0.23568596352101506,0.22728380194572592
aoi_complete,PD_endommage,San Felipe,t_test,kappa,2.6,,89679,19,3975,164,85521,0.004757135703555333,0.10382513661202186,0.009097438352884844,0.005215371772543217
aoi_complete,PD_endommage,San Felipe,t_test,f1,2.6,,89679,19,3975,164,85521,0.004757135703555333,0.10382513661202186,0.009097438352884844,0.005215371772543217
aoi_complete,PD_endommage,San Felipe,bdpm,kappa,0.42,,89679,0,0,183,89496,nan,0.0,nan,0.0
aoi_complete,PD_endommage,San Felipe,burst_asc,kappa,0.2,,89679,1,33,182,89463,0.029411764705882353,0.00546448087431694,0.009216589861751152,0.008582623757948504
aoi_complete,PD_endommage,San Felipe,burst_asc,f1,0.2,,89679,1,33,182,89463,0.029411764705882353,0.00546448087431694,0.009216589861751152,0.008582623757948504
aoi_complete,PD_endommage,San Felipe,burst_desc,kappa,0.0,,89679,0,0,183,89496,nan,0.0,nan,0.0
aoi_complete,PD_endommage,San Felipe,burst_desc,f1,1.0,,89679,82,73249,101,16247,0.0011182173978262944,0.44808743169398907,0.0022308675898468316,-0.0018477181396269909
aoi_complete,PD_endommage,San Felipe,burst_moyenne,kappa,0.2,,89679,1,15,182,89481,0.0625,0.00546448087431694,0.010050251256281405,0.009725303968330039
aoi_complete,PD_endommage,San Felipe,burst_moyenne,f1,0.2,,89679,1,15,182,89481,0.0625,0.00546448087431694,0.010050251256281405,0.009725303968330039
aoi_complete,PD_endommage,San Felipe,burst_sensible,kappa,0.2,,89679,1,48,182,89448,0.02040816326530612,0.00546448087431694,0.008620689655172414,0.007765400844423788
aoi_complete,PD_endommage,San Felipe,burst_sensible,f1,0.2,,89679,1,48,182,89448,0.02040816326530612,0.00546448087431694,0.008620689655172414,0.007765400844423788
aoi_complete,PD_endommage,San Felipe,burst_meilleure_couverture,kappa,0.2,,89679,1,34,182,89462,0.02857142857142857,0.00546448087431694,0.009174311926605503,0.008524655411408325
aoi_complete,PD_endommage,San Felipe,burst_meilleure_couverture,f1,0.2,,89679,1,34,182,89462,0.02857142857142857,0.00546448087431694,0.009174311926605503,0.008524655411408325
aoi_complete,PD_endommage,San Felipe,fusion_ET_tstat_bdpm,kappa,1.0,0.42,89679,0,0,183,89496,nan,0.0,nan,0.0
aoi_complete,PD_endommage,San Felipe,fusion_ET_tstat_asc,kappa,2.4,0.2,89679,1,8,182,89488,0.1111111111111111,0.00546448087431694,0.010416666666666666,0.010227315897698088
aoi_complete,PD_endommage,San Felipe,fusion_ET_tstat_asc,f1,2.4,0.2,89679,1,8,182,89488,0.1111111111111111,0.00546448087431694,0.010416666666666666,0.010227315897698088
aoi_complete,PD_endommage,San Felipe,fusion_ET_tstat_desc,kappa,2.6,1.0,89679,17,3141,166,86355,0.005383153894870171,0.09289617486338798,0.010176593834181383,0.00634338653911991
aoi_complete,PD_endommage,San Felipe,fusion_ET_tstat_desc,f1,2.6,1.0,89679,17,3141,166,86355,0.005383153894870171,0.09289617486338798,0.010176593834181383,0.00634338653911991
aoi_complete,PD_endommage,San Felipe,fusion_ET_tstat_moyenne,kappa,2.4,0.2,89679,1,5,182,89491,0.16666666666666666,0.00546448087431694,0.010582010582010581,0.010453802368424057
aoi_complete,PD_endommage,San Felipe,fusion_ET_tstat_moyenne,f1,2.4,0.2,89679,1,5,182,89491,0.16666666666666666,0.00546448087431694,0.010582010582010581,0.010453802368424057
aoi_complete,PD_endommage,San Felipe,fusion_ET_tstat_sensible,kappa,2.4,0.2,89679,1,13,182,89483,0.07142857142857142,0.00546448087431694,0.01015228426395939,0.009865109348032168
aoi_complete,PD_endommage,San Felipe,fusion_ET_tstat_sensible,f1,2.4,0.2,89679,1,13,182,89483,0.07142857142857142,0.00546448087431694,0.01015228426395939,0.009865109348032168
aoi_complete,PD_endommage,San Felipe,fusion_ET_tstat_meilleure_couverture,kappa,2.4,0.2,89679,1,8,182,89488,0.1111111111111111,0.00546448087431694,0.010416666666666666,0.010227315897698088
aoi_complete,PD_endommage,San Felipe,fusion_ET_tstat_meilleure_couverture,f1,2.4,0.2,89679,1,8,182,89488,0.1111111111111111,0.00546448087431694,0.010416666666666666,0.010227315897698088
aoi_complete,PD_endommage,catia_la_mar,t_test,kappa,2.8,,32817,480,1144,1245,29948,0.2955665024630542,0.2782608695652174,0.2866527321588534,0.2483335471848677
aoi_complete,PD_endommage,catia_la_mar,t_test,f1,2.6,,32817,631,2008,1094,29084,0.23910572186434256,0.36579710144927535,0.28918423464711274,0.24092747712868806
aoi_complete,PD_endommage,catia_la_mar,bdpm,kappa,0.62,,32817,491,3057,1234,28035,0.13838782412626832,0.2846376811594203,0.18623174663379483,0.12428648215307803
aoi_complete,PD_endommage,catia_la_mar,bdpm,f1,0.52,,32817,650,4514,1075,26578,0.12587141750580946,0.37681159420289856,0.18870663376397157,0.11930394121328179
aoi_complete,PD_endommage,catia_la_mar,burst_asc,kappa,0.38,,32817,1089,10165,636,20927,0.09676559445530478,0.6313043478260869,0.1678095384852454,0.08434166492934958
aoi_complete,PD_endommage,catia_la_mar,burst_asc,f1,0.42,,32817,1343,12842,382,18250,0.09467747620726119,0.7785507246376812,0.16882463859208047,0.08286105450477174
aoi_complete,PD_endommage,catia_la_mar,burst_desc,kappa,0.38,,32817,1093,11076,632,20016,0.0898183909935081,0.6336231884057971,0.1573341010508133,0.0718758744158979
aoi_complete,PD_endommage,catia_la_mar,burst_desc,f1,0.44,,32817,1448,15199,277,15893,0.08698263951462726,0.8394202898550724,0.1576311778793817,0.06894067555041708
aoi_complete,PD_endommage,catia_la_mar,burst_moyenne,kappa,0.38,,32817,1106,9365,619,21727,0.10562505968866392,0.6411594202898551,0.18137094129222692,0.10015142572578244
aoi_complete,PD_endommage,catia_la_mar,burst_moyenne,f1,0.38,,32817,1106,9365,619,21727,0.10562505968866392,0.6411594202898551,0.18137094129222692,0.10015142572578244
aoi_complete,PD_endommage,catia_la_mar,burst_sensible,kappa,0.36,,32817,1260,13424,465,17668,0.08580768183056388,0.7304347826086957,0.15357425802913036,0.06567606361251903
aoi_complete,PD_endommage,catia_la_mar,burst_sensible,f1,0.36,,32817,1260,13424,465,17668,0.08580768183056388,0.7304347826086957,0.15357425802913036,0.06567606361251903
aoi_complete,PD_endommage,catia_la_mar,burst_meilleure_couverture,kappa,0.38,,32817,1089,10165,636,20927,0.09676559445530478,0.6313043478260869,0.1678095384852454,0.08434166492934958
aoi_complete,PD_endommage,catia_la_mar,burst_meilleure_couverture,f1,0.42,,32817,1343,12842,382,18250,0.09467747620726119,0.7785507246376812,0.16882463859208047,0.08286105450477174
aoi_complete,PD_endommage,catia_la_mar,fusion_ET_tstat_bdpm,kappa,2.4,0.42,32817,398,1410,1327,29682,0.22013274336283187,0.23072463768115942,0.2253042739881121,0.18125661724324085
aoi_complete,PD_endommage,catia_la_mar,fusion_ET_tstat_bdpm,f1,2.4,0.32,32817,405,1457,1320,29635,0.21750805585392052,0.23478260869565218,0.22581544466127684,0.18112810687407158
aoi_complete,PD_endommage,catia_la_mar,fusion_ET_tstat_asc,kappa,2.8,0.76,32817,479,1131,1246,29961,0.29751552795031055,0.27768115942028987,0.2872563718140929,0.24914946015839098
aoi_complete,PD_endommage,catia_la_mar,fusion_ET_tstat_asc,f1,2.6,0.62,32817,624,1920,1101,29172,0.24528301886792453,0.3617391304347826,0.29234012649332397,0.2450431591480698
aoi_complete,PD_endommage,catia_la_mar,fusion_ET_tstat_desc,kappa,2.8,0.62,32817,478,1122,1247,29970,0.29875,0.27710144927536234,0.28751879699248123,0.24955520467505932
aoi_complete,PD_endommage,catia_la_mar,fusion_ET_tstat_desc,f1,2.6,0.48,32817,605,1806,1120,29286,0.250933222729158,0.3507246376811594,0.2925531914893617,0.24636873857663197
aoi_complete,PD_endommage,catia_la_mar,fusion_ET_tstat_moyenne,kappa,2.8,0.6,32817,478,1120,1247,29972,0.29912390488110135,0.27710144927536234,0.28769184471862774,0.24976341247226258
aoi_complete,PD_endommage,catia_la_mar,fusion_ET_tstat_moyenne,f1,2.6,0.5,32817,620,1887,1105,29205,0.2473075388911049,0.35942028985507246,0.2930056710775047,0.246051915470432
aoi_complete,PD_endommage,catia_la_mar,fusion_ET_tstat_sensible,kappa,2.8,0.48,32817,477,1116,1248,29976,0.2994350282485876,0.27652173913043476,0.2875226039783002,0.24965015315266123
aoi_complete,PD_endommage,catia_la_mar,fusion_ET_tstat_sensible,f1,2.6,0.46,32817,624,1907,1101,29185,0.24654286843145,0.3617391304347826,0.2932330827067669,0.24610015723415185
aoi_complete,PD_endommage,catia_la_mar,fusion_ET_tstat_meilleure_couverture,kappa,2.8,0.76,32817,479,1131,1246,29961,0.29751552795031055,0.27768115942028987,0.2872563718140929,0.24914946015839098
aoi_complete,PD_endommage,catia_la_mar,fusion_ET_tstat_meilleure_couverture,f1,2.6,0.62,32817,624,1920,1101,29172,0.24528301886792453,0.3617391304347826,0.29234012649332397,0.2450431591480698
aoi_complete,PD_endommage,caraballeda,t_test,kappa,2.8,,11555,252,775,357,10171,0.2453748782862707,0.41379310344827586,0.3080684596577017,0.25903867050161294
aoi_complete,PD_endommage,caraballeda,t_test,f1,2.8,,11555,252,775,357,10171,0.2453748782862707,0.41379310344827586,0.3080684596577017,0.25903867050161294
aoi_complete,PD_endommage,caraballeda,bdpm,kappa,0.46,,11555,230,1694,379,9252,0.11954261954261955,0.37766830870279144,0.18160284247927358,0.1103742145469205
aoi_complete,PD_endommage,caraballeda,bdpm,f1,0.46,,11555,230,1694,379,9252,0.11954261954261955,0.37766830870279144,0.18160284247927358,0.1103742145469205
aoi_complete,PD_endommage,caraballeda,burst_asc,kappa,0.42,,11555,436,6047,173,4899,0.0672528150547586,0.715927750410509,0.12295544275239707,0.02943435542104424
aoi_complete,PD_endommage,caraballeda,burst_asc,f1,0.42,,11555,436,6047,173,4899,0.0672528150547586,0.715927750410509,0.12295544275239707,0.02943435542104424
aoi_complete,PD_endommage,caraballeda,burst_desc,kappa,0.44,,11555,512,7925,97,3021,0.06068507763423018,0.8407224958949097,0.11319920406809642,0.016509810518939266
aoi_complete,PD_endommage,caraballeda,burst_desc,f1,0.44,,11555,512,7925,97,3021,0.06068507763423018,0.8407224958949097,0.11319920406809642,0.016509810518939266
aoi_complete,PD_endommage,caraballeda,burst_moyenne,kappa,0.4,,11555,417,5864,192,5082,0.06639070211749722,0.6847290640394089,0.12104499274310597,0.02760575430176641
aoi_complete,PD_endommage,caraballeda,burst_moyenne,f1,0.42,,11555,466,6584,143,4362,0.06609929078014185,0.7651888341543513,0.12168690429559995,0.027309251722923873
aoi_complete,PD_endommage,caraballeda,burst_sensible,kappa,0.4,,11555,536,8228,73,2718,0.0611592879963487,0.8801313628899836,0.11437106582737651,0.01753968943074653
aoi_complete,PD_endommage,caraballeda,burst_sensible,f1,0.4,,11555,536,8228,73,2718,0.0611592879963487,0.8801313628899836,0.11437106582737651,0.01753968943074653
aoi_complete,PD_endommage,caraballeda,burst_meilleure_couverture,kappa,0.42,,11555,436,6047,173,4899,0.0672528150547586,0.715927750410509,0.12295544275239707,0.02943435542104424
aoi_complete,PD_endommage,caraballeda,burst_meilleure_couverture,f1,0.42,,11555,436,6047,173,4899,0.0672528150547586,0.715927750410509,0.12295544275239707,0.02943435542104424
aoi_complete,PD_endommage,caraballeda,fusion_ET_tstat_bdpm,kappa,2.2,0.42,11555,200,642,409,10304,0.2375296912114014,0.3284072249589491,0.27567195037904896,0.22847985187998374
aoi_complete,PD_endommage,caraballeda,fusion_ET_tstat_bdpm,f1,2.2,0.42,11555,200,642,409,10304,0.2375296912114014,0.3284072249589491,0.27567195037904896,0.22847985187998374
aoi_complete,PD_endommage,caraballeda,fusion_ET_tstat_asc,kappa,2.8,0.68,11555,251,766,358,10180,0.24680432645034414,0.4121510673234811,0.3087330873308733,0.2599416378286057
aoi_complete,PD_endommage,caraballeda,fusion_ET_tstat_asc,f1,2.8,0.68,11555,251,766,358,10180,0.24680432645034414,0.4121510673234811,0.3087330873308733,0.2599416378286057
aoi_complete,PD_endommage,caraballeda,fusion_ET_tstat_desc,kappa,2.8,0.58,11555,252,771,357,10175,0.24633431085043989,0.41379310344827586,0.3088235294117647,0.2599234624437577
aoi_complete,PD_endommage,caraballeda,fusion_ET_tstat_desc,f1,2.8,0.58,11555,252,771,357,10175,0.24633431085043989,0.41379310344827586,0.3088235294117647,0.2599234624437577
aoi_complete,PD_endommage,caraballeda,fusion_ET_tstat_moyenne,kappa,2.8,0.5,11555,250,762,359,10184,0.24703557312252963,0.41050903119868637,0.30845157310302285,0.2597367625023583
aoi_complete,PD_endommage,caraballeda,fusion_ET_tstat_moyenne,f1,2.8,0.5,11555,250,762,359,10184,0.24703557312252963,0.41050903119868637,0.30845157310302285,0.2597367625023583
aoi_complete,PD_endommage,caraballeda,fusion_ET_tstat_sensible,kappa,2.8,0.48,11555,252,772,357,10174,0.24609375,0.41379310344827586,0.3086344151867728,0.25970187519829535
aoi_complete,PD_endommage,caraballeda,fusion_ET_tstat_sensible,f1,2.8,0.48,11555,252,772,357,10174,0.24609375,0.41379310344827586,0.3086344151867728,0.25970187519829535
aoi_complete,PD_endommage,caraballeda,fusion_ET_tstat_meilleure_couverture,kappa,2.8,0.68,11555,251,766,358,10180,0.24680432645034414,0.4121510673234811,0.3087330873308733,0.2599416378286057
aoi_complete,PD_endommage,caraballeda,fusion_ET_tstat_meilleure_couverture,f1,2.8,0.68,11555,251,766,358,10180,0.24680432645034414,0.4121510673234811,0.3087330873308733,0.2599416378286057
aoi_complete,PD_endommage,Caracas,t_test,kappa,2.8,,119419,5,429,14,118971,0.01152073732718894,0.2631578947368421,0.02207505518763797,0.021776833215576764
aoi_complete,PD_endommage,Caracas,t_test,f1,2.8,,119419,5,429,14,118971,0.01152073732718894,0.2631578947368421,0.02207505518763797,0.021776833215576764
aoi_complete,PD_endommage,Caracas,bdpm,kappa,0.18,,119419,5,6925,14,112475,0.0007215007215007215,0.2631578947368421,0.0014390559792775938,0.0011220747794659495
aoi_complete,PD_endommage,Caracas,bdpm,f1,0.18,,119419,5,6925,14,112475,0.0007215007215007215,0.2631578947368421,0.0014390559792775938,0.0011220747794659495
aoi_complete,PD_endommage,Caracas,burst_asc,kappa,0.28,,119419,1,833,18,118567,0.001199040767386091,0.05263157894736842,0.0023446658851113715,0.0020341792910085837
aoi_complete,PD_endommage,Caracas,burst_asc,f1,0.28,,119419,1,833,18,118567,0.001199040767386091,0.05263157894736842,0.0023446658851113715,0.0020341792910085837
aoi_complete,PD_endommage,Caracas,burst_desc,kappa,0.58,,119419,18,22749,1,96651,0.0007906179997364607,0.9473684210526315,0.0015799174931975775,0.0012623768710550104
aoi_complete,PD_endommage,Caracas,burst_desc,f1,0.58,,119419,18,22749,1,96651,0.0007906179997364607,0.9473684210526315,0.0015799174931975775,0.0012623768710550104
aoi_complete,PD_endommage,Caracas,burst_moyenne,kappa,0.3,,119419,1,319,18,119081,0.003125,0.05263157894736842,0.0058997050147492625,0.005601014714740809
aoi_complete,PD_endommage,Caracas,burst_moyenne,f1,0.3,,119419,1,319,18,119081,0.003125,0.05263157894736842,0.0058997050147492625,0.005601014714740809
aoi_complete,PD_endommage,Caracas,burst_sensible,kappa,0.58,,119419,18,30492,1,88908,0.0005899705014749262,0.9473684210526315,0.0011792066559664582,0.0008614713306129533
aoi_complete,PD_endommage,Caracas,burst_sensible,f1,0.58,,119419,18,30492,1,88908,0.0005899705014749262,0.9473684210526315,0.0011792066559664582,0.0008614713306129533
aoi_complete,PD_endommage,Caracas,burst_meilleure_couverture,kappa,0.28,,119419,1,833,18,118567,0.001199040767386091,0.05263157894736842,0.0023446658851113715,0.0020341792910085837
aoi_complete,PD_endommage,Caracas,burst_meilleure_couverture,f1,0.28,,119419,1,833,18,118567,0.001199040767386091,0.05263157894736842,0.0023446658851113715,0.0020341792910085837
aoi_complete,PD_endommage,Caracas,fusion_ET_tstat_bdpm,kappa,2.8,0.18,119419,3,36,16,119364,0.07692307692307693,0.15789473684210525,0.10344827586206896,0.10325640233235876
aoi_complete,PD_endommage,Caracas,fusion_ET_tstat_bdpm,f1,2.8,0.18,119419,3,36,16,119364,0.07692307692307693,0.15789473684210525,0.10344827586206896,0.10325640233235876
aoi_complete,PD_endommage,Caracas,fusion_ET_tstat_asc,kappa,2.2,0.28,119419,1,57,18,119343,0.017241379310344827,0.05263157894736842,0.025974025974025972,0.02574050704970018
aoi_complete,PD_endommage,Caracas,fusion_ET_tstat_asc,f1,2.2,0.28,119419,1,57,18,119343,0.017241379310344827,0.05263157894736842,0.025974025974025972,0.02574050704970018
aoi_complete,PD_endommage,Caracas,fusion_ET_tstat_desc,kappa,2.8,0.46,119419,3,57,16,119343,0.05,0.15789473684210525,0.07594936708860761,0.07572599183135477
aoi_complete,PD_endommage,Caracas,fusion_ET_tstat_desc,f1,2.8,0.46,119419,3,57,16,119343,0.05,0.15789473684210525,0.07594936708860761,0.07572599183135477
aoi_complete,PD_endommage,Caracas,fusion_ET_tstat_moyenne,kappa,2.2,0.34,119419,2,54,17,119346,0.03571428571428571,0.10526315789473684,0.05333333333333334,0.05310835680332841
aoi_complete,PD_endommage,Caracas,fusion_ET_tstat_moyenne,f1,2.2,0.34,119419,2,54,17,119346,0.03571428571428571,0.10526315789473684,0.05333333333333334,0.05310835680332841
aoi_complete,PD_endommage,Caracas,fusion_ET_tstat_sensible,kappa,2.8,0.56,119419,5,151,14,119249,0.03205128205128205,0.2631578947368421,0.057142857142857134,0.056875331250893425
aoi_complete,PD_endommage,Caracas,fusion_ET_tstat_sensible,f1,2.8,0.56,119419,5,151,14,119249,0.03205128205128205,0.2631578947368421,0.057142857142857134,0.056875331250893425
aoi_complete,PD_endommage,Caracas,fusion_ET_tstat_meilleure_couverture,kappa,2.2,0.28,119419,1,57,18,119343,0.017241379310344827,0.05263157894736842,0.025974025974025972,0.02574050704970018
aoi_complete,PD_endommage,Caracas,fusion_ET_tstat_meilleure_couverture,f1,2.2,0.28,119419,1,57,18,119343,0.017241379310344827,0.05263157894736842,0.025974025974025972,0.02574050704970018
aoi_complete,PD_endommage,la_guaira,t_test,kappa,2.8,,16328,60,218,231,15819,0.2158273381294964,0.20618556701030927,0.21089630931458697,0.19691053711557197
aoi_complete,PD_endommage,la_guaira,t_test,f1,2.8,,16328,60,218,231,15819,0.2158273381294964,0.20618556701030927,0.21089630931458697,0.19691053711557197
aoi_complete,PD_endommage,la_guaira,bdpm,kappa,0.64,,16328,24,101,267,15936,0.192,0.08247422680412371,0.1153846153846154,0.10580743360787692
aoi_complete,PD_endommage,la_guaira,bdpm,f1,0.46,,16328,69,755,222,15282,0.08373786407766991,0.23711340206185566,0.12376681614349776,0.10006097205981483
aoi_complete,PD_endommage,la_guaira,burst_asc,kappa,0.4,,16328,129,3782,162,12255,0.032983891587829196,0.44329896907216493,0.06139933365064254,0.029191974306289677
aoi_complete,PD_endommage,la_guaira,burst_asc,f1,0.4,,16328,129,3782,162,12255,0.032983891587829196,0.44329896907216493,0.06139933365064254,0.029191974306289677
aoi_complete,PD_endommage,la_guaira,burst_desc,kappa,0.4,,16328,179,6192,112,9845,0.028096060273112542,0.6151202749140894,0.053737616331432,0.020343751691147063
aoi_complete,PD_endommage,la_guaira,burst_desc,f1,0.4,,16328,179,6192,112,9845,0.028096060273112542,0.6151202749140894,0.053737616331432,0.020343751691147063
aoi_complete,PD_endommage,la_guaira,burst_moyenne,kappa,0.36,,16328,91,2426,200,13611,0.03615415176797775,0.3127147766323024,0.06481481481481481,0.033949116497269644
aoi_complete,PD_endommage,la_guaira,burst_moyenne,f1,0.36,,16328,91,2426,200,13611,0.03615415176797775,0.3127147766323024,0.06481481481481481,0.033949116497269644
aoi_complete,PD_endommage,la_guaira,burst_sensible,kappa,0.38,,16328,188,6843,103,9194,0.026738728488124024,0.6460481099656358,0.05135208959300738,0.017731318992758417
aoi_complete,PD_endommage,la_guaira,burst_sensible,f1,0.38,,16328,188,6843,103,9194,0.026738728488124024,0.6460481099656358,0.05135208959300738,0.017731318992758417
aoi_complete,PD_endommage,la_guaira,burst_meilleure_couverture,kappa,0.4,,16328,129,3782,162,12255,0.032983891587829196,0.44329896907216493,0.06139933365064254,0.029191974306289677
aoi_complete,PD_endommage,la_guaira,burst_meilleure_couverture,f1,0.4,,16328,129,3782,162,12255,0.032983891587829196,0.44329896907216493,0.06139933365064254,0.029191974306289677
aoi_complete,PD_endommage,la_guaira,fusion_ET_tstat_bdpm,kappa,2.4,0.32,16328,46,112,245,15925,0.2911392405063291,0.15807560137457044,0.20489977728285078,0.1948001717289359
aoi_complete,PD_endommage,la_guaira,fusion_ET_tstat_bdpm,f1,2.2,0.36,16328,53,168,238,15869,0.2398190045248869,0.18213058419243985,0.20703125,0.19464036969067516
aoi_complete,PD_endommage,la_guaira,fusion_ET_tstat_asc,kappa,2.6,0.56,16328,75,268,216,15769,0.21865889212827988,0.25773195876288657,0.23659305993690852,0.22158212807587152
aoi_complete,PD_endommage,la_guaira,fusion_ET_tstat_asc,f1,2.6,0.56,16328,75,268,216,15769,0.21865889212827988,0.25773195876288657,0.23659305993690852,0.22158212807587152
aoi_complete,PD_endommage,la_guaira,fusion_ET_tstat_desc,kappa,2.6,0.44,16328,69,219,222,15818,0.23958333333333334,0.23711340206185566,0.2383419689119171,0.2245941761925341
aoi_complete,PD_endommage,la_guaira,fusion_ET_tstat_desc,f1,2.6,0.44,16328,69,219,222,15818,0.23958333333333334,0.23711340206185566,0.2383419689119171,0.2245941761925341
aoi_complete,PD_endommage,la_guaira,fusion_ET_tstat_moyenne,kappa,2.6,0.48,16328,73,246,218,15791,0.22884012539184953,0.2508591065292096,0.239344262295082,0.22489616265800522
aoi_complete,PD_endommage,la_guaira,fusion_ET_tstat_moyenne,f1,2.6,0.48,16328,73,246,218,15791,0.22884012539184953,0.2508591065292096,0.239344262295082,0.22489616265800522
aoi_complete,PD_endommage,la_guaira,fusion_ET_tstat_sensible,kappa,2.6,0.38,16328,68,205,223,15832,0.2490842490842491,0.23367697594501718,0.24113475177304966,0.2278119173410796
aoi_complete,PD_endommage,la_guaira,fusion_ET_tstat_sensible,f1,2.6,0.42,16328,74,247,217,15790,0.23052959501557632,0.2542955326460481,0.2418300653594771,0.22738543291324184
aoi_complete,PD_endommage,la_guaira,fusion_ET_tstat_meilleure_couverture,kappa,2.6,0.56,16328,75,268,216,15769,0.21865889212827988,0.25773195876288657,0.23659305993690852,0.22158212807587152
aoi_complete,PD_endommage,la_guaira,fusion_ET_tstat_meilleure_couverture,f1,2.6,0.56,16328,75,268,216,15769,0.21865889212827988,0.25773195876288657,0.23659305993690852,0.22158212807587152
aoi_complete,PD_endommage,Moron,t_test,kappa,3.4,,18576,5,22,90,18459,0.18518518518518517,0.05263157894736842,0.08196721311475409,0.07988441238985634
aoi_complete,PD_endommage,Moron,t_test,f1,3.4,,18576,5,22,90,18459,0.18518518518518517,0.05263157894736842,0.08196721311475409,0.07988441238985634
aoi_complete,PD_endommage,Moron,bdpm,kappa,0.62,,18576,4,301,91,18180,0.013114754098360656,0.042105263157894736,0.020000000000000004,0.012296861965831822
aoi_complete,PD_endommage,Moron,bdpm,f1,0.62,,18576,4,301,91,18180,0.013114754098360656,0.042105263157894736,0.020000000000000004,0.012296861965831822
aoi_complete,PD_endommage,Moron,burst_asc,kappa,0.24,,18576,2,251,93,18230,0.007905138339920948,0.021052631578947368,0.011494252873563218,0.004088599518297339
aoi_complete,PD_endommage,Moron,burst_asc,f1,0.24,,18576,2,251,93,18230,0.007905138339920948,0.021052631578947368,0.011494252873563218,0.004088599518297339
aoi_complete,PD_endommage,Moron,burst_desc,kappa,0.26,,18576,11,664,84,17817,0.016296296296296295,0.11578947368421053,0.028571428571428574,0.019782480333706668
aoi_complete,PD_endommage,Moron,burst_desc,f1,0.26,,18576,11,664,84,17817,0.016296296296296295,0.11578947368421053,0.028571428571428574,0.019782480333706668
aoi_complete,PD_endommage,Moron,burst_moyenne,kappa,0.3,,18576,11,822,84,17659,0.013205282112845138,0.11578947368421053,0.023706896551724137,0.01466031719192955
aoi_complete,PD_endommage,Moron,burst_moyenne,f1,0.3,,18576,11,822,84,17659,0.013205282112845138,0.11578947368421053,0.023706896551724137,0.01466031719192955
aoi_complete,PD_endommage,Moron,burst_sensible,kappa,0.26,,18576,14,1149,81,17332,0.012037833190025795,0.14736842105263157,0.022257551669316374,0.012923910422308225
aoi_complete,PD_endommage,Moron,burst_sensible,f1,0.26,,18576,14,1149,81,17332,0.012037833190025795,0.14736842105263157,0.022257551669316374,0.012923910422308225
aoi_complete,PD_endommage,Moron,burst_meilleure_couverture,kappa,0.24,,18576,2,251,93,18230,0.007905138339920948,0.021052631578947368,0.011494252873563218,0.004088599518297339
aoi_complete,PD_endommage,Moron,burst_meilleure_couverture,f1,0.24,,18576,2,251,93,18230,0.007905138339920948,0.021052631578947368,0.011494252873563218,0.004088599518297339
aoi_complete,PD_endommage,Moron,fusion_ET_tstat_bdpm,kappa,3.2,0.24,18576,6,23,89,18458,0.20689655172413793,0.06315789473684211,0.0967741935483871,0.09460841441413759
aoi_complete,PD_endommage,Moron,fusion_ET_tstat_bdpm,f1,3.2,0.24,18576,6,23,89,18458,0.20689655172413793,0.06315789473684211,0.0967741935483871,0.09460841441413759
aoi_complete,PD_endommage,Moron,fusion_ET_tstat_asc,kappa,3.4,0.76,18576,5,22,90,18459,0.18518518518518517,0.05263157894736842,0.08196721311475409,0.07988441238985634
aoi_complete,PD_endommage,Moron,fusion_ET_tstat_asc,f1,3.4,0.76,18576,5,22,90,18459,0.18518518518518517,0.05263157894736842,0.08196721311475409,0.07988441238985634
aoi_complete,PD_endommage,Moron,fusion_ET_tstat_desc,kappa,3.4,0.72,18576,5,21,90,18460,0.19230769230769232,0.05263157894736842,0.08264462809917356,0.08062401794933799
aoi_complete,PD_endommage,Moron,fusion_ET_tstat_desc,f1,3.4,0.72,18576,5,21,90,18460,0.19230769230769232,0.05263157894736842,0.08264462809917356,0.08062401794933799
aoi_complete,PD_endommage,Moron,fusion_ET_tstat_moyenne,kappa,3.4,0.74,18576,5,22,90,18459,0.18518518518518517,0.05263157894736842,0.08196721311475409,0.07988441238985634
aoi_complete,PD_endommage,Moron,fusion_ET_tstat_moyenne,f1,3.4,0.74,18576,5,22,90,18459,0.18518518518518517,0.05263157894736842,0.08196721311475409,0.07988441238985634
aoi_complete,PD_endommage,Moron,fusion_ET_tstat_sensible,kappa,3.4,0.72,18576,5,22,90,18459,0.18518518518518517,0.05263157894736842,0.08196721311475409,0.07988441238985634
aoi_complete,PD_endommage,Moron,fusion_ET_tstat_sensible,f1,3.4,0.72,18576,5,22,90,18459,0.18518518518518517,0.05263157894736842,0.08196721311475409,0.07988441238985634
aoi_complete,PD_endommage,Moron,fusion_ET_tstat_meilleure_couverture,kappa,3.4,0.76,18576,5,22,90,18459,0.18518518518518517,0.05263157894736842,0.08196721311475409,0.07988441238985634
aoi_complete,PD_endommage,Moron,fusion_ET_tstat_meilleure_couverture,f1,3.4,0.76,18576,5,22,90,18459,0.18518518518518517,0.05263157894736842,0.08196721311475409,0.07988441238985634
aoi_complete,PD_endommage,Caraballeda_LaGuaira_CatiaLaMar,t_test,kappa,2.8,,60700,792,2137,1833,55938,0.2703994537384773,0.3017142857142857,0.28519985595966874,0.25103779931378406
aoi_complete,PD_endommage,Caraballeda_LaGuaira_CatiaLaMar,t_test,f1,2.8,,60700,792,2137,1833,55938,0.2703994537384773,0.3017142857142857,0.28519985595966874,0.25103779931378406
aoi_complete,PD_endommage,Caraballeda_LaGuaira_CatiaLaMar,bdpm,kappa,0.62,,60700,636,3983,1989,54092,0.1376921411560944,0.2422857142857143,0.17559359469906127,0.12747440464033827
aoi_complete,PD_endommage,Caraballeda_LaGuaira_CatiaLaMar,bdpm,f1,0.52,,60700,885,6338,1740,51737,0.12252526650976049,0.33714285714285713,0.179731925264013,0.12417236064798129
aoi_complete,PD_endommage,Caraballeda_LaGuaira_CatiaLaMar,burst_asc,kappa,0.38,,60700,1535,18179,1090,39896,0.07786344729633762,0.5847619047619048,0.13742781682259722,0.06614922344394181
aoi_complete,PD_endommage,Caraballeda_LaGuaira_CatiaLaMar,burst_asc,f1,0.42,,60700,1916,23161,709,34914,0.0764046736052957,0.729904761904762,0.13832936250090247,0.06513384152855645
aoi_complete,PD_endommage,Caraballeda_LaGuaira_CatiaLaMar,burst_desc,kappa,0.38,,60700,1621,22415,1004,35660,0.06744050590780495,0.6175238095238095,0.12160084017853794,0.04731506298664757
aoi_complete,PD_endommage,Caraballeda_LaGuaira_CatiaLaMar,burst_desc,f1,0.42,,60700,2003,28121,622,29954,0.06649183375381755,0.7630476190476191,0.12232434578155059,0.046462579683931686
aoi_complete,PD_endommage,Caraballeda_LaGuaira_CatiaLaMar,burst_moyenne,kappa,0.38,,60700,1554,17435,1071,40640,0.08183685291484544,0.592,0.14379568798001294,0.07338529860591722
aoi_complete,PD_endommage,Caraballeda_LaGuaira_CatiaLaMar,burst_moyenne,f1,0.4,,60700,1812,20685,813,37390,0.08054407254300573,0.6902857142857143,0.1442560305708144,0.07241102415584516
aoi_complete,PD_endommage,Caraballeda_LaGuaira_CatiaLaMar,burst_sensible,kappa,0.36,,60700,1849,26124,776,31951,0.06609945304400672,0.7043809523809523,0.12085757239035232,0.045374484997386944
aoi_complete,PD_endommage,Caraballeda_LaGuaira_CatiaLaMar,burst_sensible,f1,0.38,,60700,2079,29610,546,28465,0.06560636182902585,0.792,0.12117503059975519,0.044885825410591815
aoi_complete,PD_endommage,Caraballeda_LaGuaira_CatiaLaMar,burst_meilleure_couverture,kappa,0.38,,60700,1535,18179,1090,39896,0.07786344729633762,0.5847619047619048,0.13742781682259722,0.06614922344394181
aoi_complete,PD_endommage,Caraballeda_LaGuaira_CatiaLaMar,burst_meilleure_couverture,f1,0.42,,60700,1916,23161,709,34914,0.0764046736052957,0.729904761904762,0.13832936250090247,0.06513384152855645
aoi_complete,PD_endommage,Caraballeda_LaGuaira_CatiaLaMar,fusion_ET_tstat_bdpm,kappa,2.4,0.32,60700,630,2112,1995,55963,0.22975929978118162,0.24,0.23476802683063164,0.19939052236260588
aoi_complete,PD_endommage,Caraballeda_LaGuaira_CatiaLaMar,fusion_ET_tstat_bdpm,f1,2.4,0.32,60700,630,2112,1995,55963,0.22975929978118162,0.24,0.23476802683063164,0.19939052236260588
aoi_complete,PD_endommage,Caraballeda_LaGuaira_CatiaLaMar,fusion_ET_tstat_asc,kappa,2.8,0.68,60700,786,2083,1839,55992,0.273963053328686,0.29942857142857143,0.2861303239898071,0.25236245874402274
aoi_complete,PD_endommage,Caraballeda_LaGuaira_CatiaLaMar,fusion_ET_tstat_asc,f1,2.6,0.62,60700,985,3232,1640,54843,0.2335783732511264,0.37523809523809526,0.28792750657702426,0.2478309963256357
aoi_complete,PD_endommage,Caraballeda_LaGuaira_CatiaLaMar,fusion_ET_tstat_desc,kappa,2.8,0.62,60700,789,2075,1836,56000,0.27548882681564246,0.30057142857142854,0.28748405902714513,0.2538096466939882
aoi_complete,PD_endommage,Caraballeda_LaGuaira_CatiaLaMar,fusion_ET_tstat_desc,f1,2.6,0.62,60700,994,3271,1631,54804,0.23305978898007035,0.37866666666666665,0.2885341074020319,0.24828819315277226
aoi_complete,PD_endommage,Caraballeda_LaGuaira_CatiaLaMar,fusion_ET_tstat_moyenne,kappa,2.8,0.5,60700,779,2024,1846,56051,0.277916518016411,0.2967619047619048,0.287030213706706,0.253697653018286
aoi_complete,PD_endommage,Caraballeda_LaGuaira_CatiaLaMar,fusion_ET_tstat_moyenne,f1,2.6,0.5,60700,981,3174,1644,54901,0.23610108303249097,0.3737142857142857,0.28938053097345134,0.2496063643693851
aoi_complete,PD_endommage,Caraballeda_LaGuaira_CatiaLaMar,fusion_ET_tstat_sensible,kappa,2.8,0.48,60700,788,2069,1837,56006,0.2758137906895345,0.3001904761904762,0.28748631886172926,0.25385328432960813
aoi_complete,PD_endommage,Caraballeda_LaGuaira_CatiaLaMar,fusion_ET_tstat_sensible,f1,2.6,0.48,60700,993,3249,1632,54826,0.2340876944837341,0.3782857142857143,0.28920926168632594,0.24908910361104272
aoi_complete,PD_endommage,Caraballeda_LaGuaira_CatiaLaMar,fusion_ET_tstat_meilleure_couverture,kappa,2.8,0.68,60700,786,2083,1839,55992,0.273963053328686,0.29942857142857143,0.2861303239898071,0.25236245874402274
aoi_complete,PD_endommage,Caraballeda_LaGuaira_CatiaLaMar,fusion_ET_tstat_meilleure_couverture,f1,2.6,0.62,60700,985,3232,1640,54843,0.2335783732511264,0.37523809523809526,0.28792750657702426,0.2478309963256357
aoi_complete,PD_non_endommage,GLOBAL,t_test,kappa,3.2,,288374,323,1366,1082,285603,0.19123741859088217,0.2298932384341637,0.2087912087912088,0.2045599752322485
aoi_complete,PD_non_endommage,GLOBAL,t_test,f1,3.2,,288374,323,1366,1082,285603,0.19123741859088217,0.2298932384341637,0.2087912087912088,0.2045599752322485
aoi_complete,PD_non_endommage,GLOBAL,bdpm,kappa,0.66,,288374,268,3394,1137,283575,0.07318405243036592,0.19074733096085408,0.10578251430826918,0.09944045810799347
aoi_complete,PD_non_endommage,GLOBAL,bdpm,f1,0.66,,288374,268,3394,1137,283575,0.07318405243036592,0.19074733096085408,0.10578251430826918,0.09944045810799347
aoi_complete,PD_non_endommage,GLOBAL,burst_asc,kappa,0.36,,288374,684,28661,721,258308,0.02330891122848867,0.48683274021352313,0.04448780487804878,0.03551903516717153
aoi_complete,PD_non_endommage,GLOBAL,burst_asc,f1,0.36,,288374,684,28661,721,258308,0.02330891122848867,0.48683274021352313,0.04448780487804878,0.03551903516717153
aoi_complete,PD_non_endommage,GLOBAL,burst_desc,kappa,0.38,,288374,861,41581,544,245388,0.02028650864709486,0.6128113879003558,0.03927292631194836,0.030125015262605675
aoi_complete,PD_non_endommage,GLOBAL,burst_desc,f1,0.38,,288374,861,41581,544,245388,0.02028650864709486,0.6128113879003558,0.03927292631194836,0.030125015262605675
aoi_complete,PD_non_endommage,GLOBAL,burst_moyenne,kappa,0.34,,288374,508,17156,897,269813,0.028759057971014492,0.3615658362989324,0.05328019298337616,0.04465694838710297
aoi_complete,PD_non_endommage,GLOBAL,burst_moyenne,f1,0.34,,288374,508,17156,897,269813,0.028759057971014492,0.3615658362989324,0.05328019298337616,0.04465694838710297
aoi_complete,PD_non_endommage,GLOBAL,burst_sensible,kappa,0.34,,288374,822,42253,583,244716,0.019082994776552526,0.5850533807829181,0.03696043165467626,0.027786140178179233
aoi_complete,PD_non_endommage,GLOBAL,burst_sensible,f1,0.34,,288374,822,42253,583,244716,0.019082994776552526,0.5850533807829181,0.03696043165467626,0.027786140178179233
aoi_complete,PD_non_endommage,GLOBAL,burst_meilleure_couverture,kappa,0.36,,288374,684,29188,721,257781,0.02289769683985003,0.48683274021352313,0.04373821018639895,0.03475509545296156
aoi_complete,PD_non_endommage,GLOBAL,burst_meilleure_couverture,f1,0.36,,288374,684,29188,721,257781,0.02289769683985003,0.48683274021352313,0.04373821018639895,0.03475509545296156
aoi_complete,PD_non_endommage,GLOBAL,fusion_ET_tstat_bdpm,kappa,2.8,0.32,288374,265,1153,1140,285816,0.18688293370944992,0.18861209964412812,0.187743535246192,0.18374832483582873
aoi_complete,PD_non_endommage,GLOBAL,fusion_ET_tstat_bdpm,f1,2.8,0.32,288374,265,1153,1140,285816,0.18688293370944992,0.18861209964412812,0.187743535246192,0.18374832483582873
aoi_complete,PD_non_endommage,GLOBAL,fusion_ET_tstat_asc,kappa,3.2,0.56,288374,313,1144,1092,285825,0.21482498284145504,0.22277580071174377,0.21872816212438853,0.21483321054994564
aoi_complete,PD_non_endommage,GLOBAL,fusion_ET_tstat_asc,f1,3.2,0.56,288374,313,1144,1092,285825,0.21482498284145504,0.22277580071174377,0.21872816212438853,0.21483321054994564
aoi_complete,PD_non_endommage,GLOBAL,fusion_ET_tstat_desc,kappa,3.2,0.58,288374,318,1142,1087,285827,0.21780821917808219,0.22633451957295372,0.2219895287958115,0.21810690038380517
aoi_complete,PD_non_endommage,GLOBAL,fusion_ET_tstat_desc,f1,3.2,0.58,288374,318,1142,1087,285827,0.21780821917808219,0.22633451957295372,0.2219895287958115,0.21810690038380517
aoi_complete,PD_non_endommage,GLOBAL,fusion_ET_tstat_moyenne,kappa,3.2,0.5,288374,315,1106,1090,285863,0.22167487684729065,0.22419928825622776,0.2229299363057325,0.21910375563895085
aoi_complete,PD_non_endommage,GLOBAL,fusion_ET_tstat_moyenne,f1,3.2,0.5,288374,315,1106,1090,285863,0.22167487684729065,0.22419928825622776,0.2229299363057325,0.21910375563895085
aoi_complete,PD_non_endommage,GLOBAL,fusion_ET_tstat_sensible,kappa,3.2,0.46,288374,317,1140,1088,285829,0.2175703500343171,0.22562277580071174,0.22152341020265548,0.21764239405423952
aoi_complete,PD_non_endommage,GLOBAL,fusion_ET_tstat_sensible,f1,3.2,0.46,288374,317,1140,1088,285829,0.2175703500343171,0.22562277580071174,0.22152341020265548,0.21764239405423952
aoi_complete,PD_non_endommage,GLOBAL,fusion_ET_tstat_meilleure_couverture,kappa,3.2,0.56,288374,313,1144,1092,285825,0.21482498284145504,0.22277580071174377,0.21872816212438853,0.21483321054994564
aoi_complete,PD_non_endommage,GLOBAL,fusion_ET_tstat_meilleure_couverture,f1,3.2,0.56,288374,313,1144,1092,285825,0.21482498284145504,0.22277580071174377,0.21872816212438853,0.21483321054994564
aoi_complete,PD_non_endommage,San Felipe,t_test,kappa,2.8,,89679,1,1542,13,88123,0.0006480881399870382,0.07142857142857142,0.0012845215157353885,0.0009754060261778497
aoi_complete,PD_non_endommage,San Felipe,t_test,f1,2.8,,89679,1,1542,13,88123,0.0006480881399870382,0.07142857142857142,0.0012845215157353885,0.0009754060261778497
aoi_complete,PD_non_endommage,San Felipe,bdpm,kappa,0.42,,89679,0,0,14,89665,nan,0.0,nan,0.0
aoi_complete,PD_non_endommage,San Felipe,burst_asc,kappa,1.0,,89679,14,87146,0,2519,0.0001606241395135383,1.0,0.00032119668708559886,9.024934626330805e-06
aoi_complete,PD_non_endommage,San Felipe,burst_asc,f1,1.0,,89679,14,87146,0,2519,0.0001606241395135383,1.0,0.00032119668708559886,9.024934626330805e-06
aoi_complete,PD_non_endommage,San Felipe,burst_desc,kappa,1.0,,89679,14,73317,0,16348,0.00019091516548253807,1.0,0.0003817574476787783,6.961406322959477e-05
aoi_complete,PD_non_endommage,San Felipe,burst_desc,f1,1.0,,89679,14,73317,0,16348,0.00019091516548253807,1.0,0.0003817574476787783,6.961406322959477e-05
aoi_complete,PD_non_endommage,San Felipe,burst_moyenne,kappa,0.0,,89679,0,0,14,89665,nan,0.0,nan,0.0
aoi_complete,PD_non_endommage,San Felipe,burst_moyenne,f1,1.0,,89679,14,89665,0,0,0.00015611235629300058,1.0,0.0003121759780584884,0.0
aoi_complete,PD_non_endommage,San Felipe,burst_sensible,kappa,0.0,,89679,0,0,14,89665,nan,0.0,nan,0.0
aoi_complete,PD_non_endommage,San Felipe,burst_sensible,f1,1.0,,89679,14,89665,0,0,0.00015611235629300058,1.0,0.0003121759780584884,0.0
aoi_complete,PD_non_endommage,San Felipe,burst_meilleure_couverture,kappa,0.0,,89679,0,0,14,89665,nan,0.0,nan,0.0
aoi_complete,PD_non_endommage,San Felipe,burst_meilleure_couverture,f1,1.0,,89679,14,89665,0,0,0.00015611235629300058,1.0,0.0003121759780584884,0.0
aoi_complete,PD_non_endommage,San Felipe,fusion_ET_tstat_bdpm,kappa,1.0,0.42,89679,0,0,14,89665,nan,0.0,nan,0.0
aoi_complete,PD_non_endommage,San Felipe,fusion_ET_tstat_asc,kappa,2.8,1.0,89679,1,1542,13,88123,0.0006480881399870382,0.07142857142857142,0.0012845215157353885,0.0009754060261778497
aoi_complete,PD_non_endommage,San Felipe,fusion_ET_tstat_asc,f1,2.8,1.0,89679,1,1542,13,88123,0.0006480881399870382,0.07142857142857142,0.0012845215157353885,0.0009754060261778497
aoi_complete,PD_non_endommage,San Felipe,fusion_ET_tstat_desc,kappa,2.8,1.0,89679,1,1257,13,88408,0.000794912559618442,0.07142857142857142,0.0015723270440251573,0.0012639290534321003
aoi_complete,PD_non_endommage,San Felipe,fusion_ET_tstat_desc,f1,2.8,1.0,89679,1,1257,13,88408,0.000794912559618442,0.07142857142857142,0.0015723270440251573,0.0012639290534321003
aoi_complete,PD_non_endommage,San Felipe,fusion_ET_tstat_moyenne,kappa,2.8,1.0,89679,1,1542,13,88123,0.0006480881399870382,0.07142857142857142,0.0012845215157353885,0.0009754060261778497
aoi_complete,PD_non_endommage,San Felipe,fusion_ET_tstat_moyenne,f1,2.8,1.0,89679,1,1542,13,88123,0.0006480881399870382,0.07142857142857142,0.0012845215157353885,0.0009754060261778497
aoi_complete,PD_non_endommage,San Felipe,fusion_ET_tstat_sensible,kappa,2.8,1.0,89679,1,1542,13,88123,0.0006480881399870382,0.07142857142857142,0.0012845215157353885,0.0009754060261778497
aoi_complete,PD_non_endommage,San Felipe,fusion_ET_tstat_sensible,f1,2.8,1.0,89679,1,1542,13,88123,0.0006480881399870382,0.07142857142857142,0.0012845215157353885,0.0009754060261778497
aoi_complete,PD_non_endommage,San Felipe,fusion_ET_tstat_meilleure_couverture,kappa,2.8,1.0,89679,1,1542,13,88123,0.0006480881399870382,0.07142857142857142,0.0012845215157353885,0.0009754060261778497
aoi_complete,PD_non_endommage,San Felipe,fusion_ET_tstat_meilleure_couverture,f1,2.8,1.0,89679,1,1542,13,88123,0.0006480881399870382,0.07142857142857142,0.0012845215157353885,0.0009754060261778497
aoi_complete,PD_non_endommage,catia_la_mar,t_test,kappa,2.8,,32817,278,1346,535,30658,0.17118226600985223,0.3419434194341943,0.22814936397209684,0.20179411737893277
aoi_complete,PD_non_endommage,catia_la_mar,t_test,f1,2.8,,32817,278,1346,535,30658,0.17118226600985223,0.3419434194341943,0.22814936397209684,0.20179411737893277
aoi_complete,PD_non_endommage,catia_la_mar,bdpm,kappa,0.68,,32817,156,2120,657,29884,0.06854130052724078,0.1918819188191882,0.10100356102298479,0.06694036323210595
aoi_complete,PD_non_endommage,catia_la_mar,bdpm,f1,0.62,,32817,222,3326,591,28678,0.06257046223224352,0.2730627306273063,0.10181151112130245,0.06408418966220389
aoi_complete,PD_non_endommage,catia_la_mar,burst_asc,kappa,0.38,,32817,520,10734,293,21270,0.04620579349564599,0.6396063960639606,0.08618546448993121,0.04191294534061192
aoi_complete,PD_non_endommage,catia_la_mar,burst_asc,f1,0.38,,32817,520,10734,293,21270,0.04620579349564599,0.6396063960639606,0.08618546448993121,0.04191294534061192
aoi_complete,PD_non_endommage,catia_la_mar,burst_desc,kappa,0.36,,32817,457,9844,356,22160,0.04436462479370935,0.5621156211562116,0.08223861795933057,0.03806356981975368
aoi_complete,PD_non_endommage,catia_la_mar,burst_desc,f1,0.36,,32817,457,9844,356,22160,0.04436462479370935,0.5621156211562116,0.08223861795933057,0.03806356981975368
aoi_complete,PD_non_endommage,catia_la_mar,burst_moyenne,kappa,0.34,,32817,345,6025,468,25979,0.05416012558869702,0.42435424354243545,0.09606014200194904,0.05451603802796336
aoi_complete,PD_non_endommage,catia_la_mar,burst_moyenne,f1,0.34,,32817,345,6025,468,25979,0.05416012558869702,0.42435424354243545,0.09606014200194904,0.05451603802796336
aoi_complete,PD_non_endommage,catia_la_mar,burst_sensible,kappa,0.36,,32817,606,14078,207,17926,0.041269408880414055,0.7453874538745388,0.07820868555204233,0.032800464685732236
aoi_complete,PD_non_endommage,catia_la_mar,burst_sensible,f1,0.36,,32817,606,14078,207,17926,0.041269408880414055,0.7453874538745388,0.07820868555204233,0.032800464685732236
aoi_complete,PD_non_endommage,catia_la_mar,burst_meilleure_couverture,kappa,0.38,,32817,520,10734,293,21270,0.04620579349564599,0.6396063960639606,0.08618546448993121,0.04191294534061192
aoi_complete,PD_non_endommage,catia_la_mar,burst_meilleure_couverture,f1,0.38,,32817,520,10734,293,21270,0.04620579349564599,0.6396063960639606,0.08618546448993121,0.04191294534061192
aoi_complete,PD_non_endommage,catia_la_mar,fusion_ET_tstat_bdpm,kappa,2.8,0.32,32817,135,677,678,31327,0.16625615763546797,0.16605166051660517,0.16615384615384615,0.14498495625028734
aoi_complete,PD_non_endommage,catia_la_mar,fusion_ET_tstat_bdpm,f1,2.6,0.32,32817,173,1096,640,30908,0.136327817178881,0.21279212792127922,0.16618635926993278,0.1402213046470369
aoi_complete,PD_non_endommage,catia_la_mar,fusion_ET_tstat_asc,kappa,2.8,0.74,32817,277,1328,536,30676,0.17258566978193146,0.34071340713407133,0.2291149710504549,0.2028997608812167
aoi_complete,PD_non_endommage,catia_la_mar,fusion_ET_tstat_asc,f1,2.8,0.74,32817,277,1328,536,30676,0.17258566978193146,0.34071340713407133,0.2291149710504549,0.2028997608812167
aoi_complete,PD_non_endommage,catia_la_mar,fusion_ET_tstat_desc,kappa,2.8,0.62,32817,276,1324,537,30680,0.1725,0.33948339483394835,0.22876087857438873,0.20256209044230122
aoi_complete,PD_non_endommage,catia_la_mar,fusion_ET_tstat_desc,f1,2.8,0.8,32817,278,1339,535,30665,0.17192331478045764,0.3419434194341943,0.22880658436213994,0.20251304825344532
aoi_complete,PD_non_endommage,catia_la_mar,fusion_ET_tstat_moyenne,kappa,2.8,0.6,32817,276,1322,537,30682,0.17271589486858574,0.33948339483394835,0.228950642886769,0.2027697160865979
aoi_complete,PD_non_endommage,catia_la_mar,fusion_ET_tstat_moyenne,f1,2.8,0.6,32817,276,1322,537,30682,0.17271589486858574,0.33948339483394835,0.228950642886769,0.2027697160865979
aoi_complete,PD_non_endommage,catia_la_mar,fusion_ET_tstat_sensible,kappa,2.8,0.48,32817,275,1318,538,30686,0.17263025737602009,0.33825338253382536,0.228595178719867,0.20243081466452362
aoi_complete,PD_non_endommage,catia_la_mar,fusion_ET_tstat_sensible,f1,2.8,0.8,32817,278,1341,535,30663,0.17171093267449042,0.3419434194341943,0.22861842105263158,0.20230722436120674
aoi_complete,PD_non_endommage,catia_la_mar,fusion_ET_tstat_meilleure_couverture,kappa,2.8,0.74,32817,277,1328,536,30676,0.17258566978193146,0.34071340713407133,0.2291149710504549,0.2028997608812167
aoi_complete,PD_non_endommage,catia_la_mar,fusion_ET_tstat_meilleure_couverture,f1,2.8,0.74,32817,277,1328,536,30676,0.17258566978193146,0.34071340713407133,0.2291149710504549,0.2028997608812167
aoi_complete,PD_non_endommage,caraballeda,t_test,kappa,3.2,,11555,146,408,259,10742,0.26353790613718414,0.36049382716049383,0.3044838373305527,0.275129896482532
aoi_complete,PD_non_endommage,caraballeda,t_test,f1,3.2,,11555,146,408,259,10742,0.26353790613718414,0.36049382716049383,0.3044838373305527,0.275129896482532
aoi_complete,PD_non_endommage,caraballeda,bdpm,kappa,0.66,,11555,80,601,325,10549,0.11747430249632893,0.19753086419753085,0.14732965009208102,0.10812511669467269
aoi_complete,PD_non_endommage,caraballeda,bdpm,f1,0.52,,11555,151,1436,254,9714,0.09514807813484562,0.3728395061728395,0.15160642570281124,0.10142328694571068
aoi_complete,PD_non_endommage,caraballeda,burst_asc,kappa,0.42,,11555,306,6177,99,4973,0.047200370198981954,0.7555555555555555,0.08885017421602788,0.02448802193070416
aoi_complete,PD_non_endommage,caraballeda,burst_asc,f1,0.42,,11555,306,6177,99,4973,0.047200370198981954,0.7555555555555555,0.08885017421602788,0.02448802193070416
aoi_complete,PD_non_endommage,caraballeda,burst_desc,kappa,0.44,,11555,344,8093,61,3057,0.0407727865354984,0.8493827160493828,0.07781045012440624,0.011704683698615931
aoi_complete,PD_non_endommage,caraballeda,burst_desc,f1,0.44,,11555,344,8093,61,3057,0.0407727865354984,0.8493827160493828,0.07781045012440624,0.011704683698615931
aoi_complete,PD_non_endommage,caraballeda,burst_moyenne,kappa,0.4,,11555,285,5996,120,5154,0.04537494029613119,0.7037037037037037,0.08525276697577028,0.020767053831333933
aoi_complete,PD_non_endommage,caraballeda,burst_moyenne,f1,0.4,,11555,285,5996,120,5154,0.04537494029613119,0.7037037037037037,0.08525276697577028,0.020767053831333933
aoi_complete,PD_non_endommage,caraballeda,burst_sensible,kappa,0.4,,11555,364,8400,41,2750,0.04153354632587859,0.8987654320987655,0.07939797142545535,0.013284915353935672
aoi_complete,PD_non_endommage,caraballeda,burst_sensible,f1,0.4,,11555,364,8400,41,2750,0.04153354632587859,0.8987654320987655,0.07939797142545535,0.013284915353935672
aoi_complete,PD_non_endommage,caraballeda,burst_meilleure_couverture,kappa,0.42,,11555,306,6177,99,4973,0.047200370198981954,0.7555555555555555,0.08885017421602788,0.02448802193070416
aoi_complete,PD_non_endommage,caraballeda,burst_meilleure_couverture,f1,0.42,,11555,306,6177,99,4973,0.047200370198981954,0.7555555555555555,0.08885017421602788,0.02448802193070416
aoi_complete,PD_non_endommage,caraballeda,fusion_ET_tstat_bdpm,kappa,2.8,0.42,11555,104,293,301,10857,0.2619647355163728,0.25679012345679014,0.25935162094763087,0.2327271467122152
aoi_complete,PD_non_endommage,caraballeda,fusion_ET_tstat_bdpm,f1,2.8,0.42,11555,104,293,301,10857,0.2619647355163728,0.25679012345679014,0.25935162094763087,0.2327271467122152
aoi_complete,PD_non_endommage,caraballeda,fusion_ET_tstat_asc,kappa,3.2,0.9,11555,146,408,259,10742,0.26353790613718414,0.36049382716049383,0.3044838373305527,0.275129896482532
aoi_complete,PD_non_endommage,caraballeda,fusion_ET_tstat_asc,f1,3.2,0.9,11555,146,408,259,10742,0.26353790613718414,0.36049382716049383,0.3044838373305527,0.275129896482532
aoi_complete,PD_non_endommage,caraballeda,fusion_ET_tstat_desc,kappa,3.2,0.58,11555,146,405,259,10745,0.26497277676951,0.36049382716049383,0.305439330543933,0.2761957950127694
aoi_complete,PD_non_endommage,caraballeda,fusion_ET_tstat_desc,f1,3.2,0.58,11555,146,405,259,10745,0.26497277676951,0.36049382716049383,0.305439330543933,0.2761957950127694
aoi_complete,PD_non_endommage,caraballeda,fusion_ET_tstat_moyenne,kappa,3.2,0.68,11555,146,408,259,10742,0.26353790613718414,0.36049382716049383,0.3044838373305527,0.275129896482532
aoi_complete,PD_non_endommage,caraballeda,fusion_ET_tstat_moyenne,f1,3.2,0.68,11555,146,408,259,10742,0.26353790613718414,0.36049382716049383,0.3044838373305527,0.275129896482532
aoi_complete,PD_non_endommage,caraballeda,fusion_ET_tstat_sensible,kappa,3.2,0.48,11555,146,406,259,10744,0.2644927536231884,0.36049382716049383,0.3051201671891327,0.27583977593095466
aoi_complete,PD_non_endommage,caraballeda,fusion_ET_tstat_sensible,f1,3.2,0.48,11555,146,406,259,10744,0.2644927536231884,0.36049382716049383,0.3051201671891327,0.27583977593095466
aoi_complete,PD_non_endommage,caraballeda,fusion_ET_tstat_meilleure_couverture,kappa,3.2,0.9,11555,146,408,259,10742,0.26353790613718414,0.36049382716049383,0.3044838373305527,0.275129896482532
aoi_complete,PD_non_endommage,caraballeda,fusion_ET_tstat_meilleure_couverture,f1,3.2,0.9,11555,146,408,259,10742,0.26353790613718414,0.36049382716049383,0.3044838373305527,0.275129896482532
aoi_complete,PD_non_endommage,Caracas,t_test,kappa,2.8,,119419,2,432,1,118984,0.004608294930875576,0.6666666666666666,0.009153318077803204,0.009103874004346733
aoi_complete,PD_non_endommage,Caracas,t_test,f1,2.8,,119419,2,432,1,118984,0.004608294930875576,0.6666666666666666,0.009153318077803204,0.009103874004346733
aoi_complete,PD_non_endommage,Caracas,bdpm,kappa,0.18,,119419,2,6928,1,112488,0.0002886002886002886,0.6666666666666666,0.000576950814943026,0.0005267557492149662
aoi_complete,PD_non_endommage,Caracas,bdpm,f1,0.18,,119419,2,6928,1,112488,0.0002886002886002886,0.6666666666666666,0.000576950814943026,0.0005267557492149662
aoi_complete,PD_non_endommage,Caracas,burst_asc,kappa,0.34,,119419,1,2524,2,116892,0.00039603960396039607,0.3333333333333333,0.0007911392405063291,0.0007409927892294894
aoi_complete,PD_non_endommage,Caracas,burst_asc,f1,0.34,,119419,1,2524,2,116892,0.00039603960396039607,0.3333333333333333,0.0007911392405063291,0.0007409927892294894
aoi_complete,PD_non_endommage,Caracas,burst_desc,kappa,0.38,,119419,2,6379,1,113037,0.0003134304967873374,0.6666666666666666,0.0006265664160401003,0.0005763757108622474
aoi_complete,PD_non_endommage,Caracas,burst_desc,f1,0.38,,119419,2,6379,1,113037,0.0003134304967873374,0.6666666666666666,0.0006265664160401003,0.0005763757108622474
aoi_complete,PD_non_endommage,Caracas,burst_moyenne,kappa,0.34,,119419,1,905,2,118511,0.0011037527593818985,0.3333333333333333,0.0022002200220022,0.002150250259273322
aoi_complete,PD_non_endommage,Caracas,burst_moyenne,f1,0.34,,119419,1,905,2,118511,0.0011037527593818985,0.3333333333333333,0.0022002200220022,0.002150250259273322
aoi_complete,PD_non_endommage,Caracas,burst_sensible,kappa,0.38,,119419,2,9417,1,109999,0.00021233676611105213,0.6666666666666666,0.00042453831458289106,0.00037432985266551487
aoi_complete,PD_non_endommage,Caracas,burst_sensible,f1,0.38,,119419,2,9417,1,109999,0.00021233676611105213,0.6666666666666666,0.00042453831458289106,0.00037432985266551487
aoi_complete,PD_non_endommage,Caracas,burst_meilleure_couverture,kappa,0.34,,119419,1,2524,2,116892,0.00039603960396039607,0.3333333333333333,0.0007911392405063291,0.0007409927892294894
aoi_complete,PD_non_endommage,Caracas,burst_meilleure_couverture,f1,0.34,,119419,1,2524,2,116892,0.00039603960396039607,0.3333333333333333,0.0007911392405063291,0.0007409927892294894
aoi_complete,PD_non_endommage,Caracas,fusion_ET_tstat_bdpm,kappa,2.8,0.18,119419,2,37,1,119379,0.05128205128205128,0.6666666666666666,0.09523809523809523,0.0951958820935471
aoi_complete,PD_non_endommage,Caracas,fusion_ET_tstat_bdpm,f1,2.8,0.18,119419,2,37,1,119379,0.05128205128205128,0.6666666666666666,0.09523809523809523,0.0951958820935471
aoi_complete,PD_non_endommage,Caracas,fusion_ET_tstat_asc,kappa,2.2,0.34,119419,1,145,2,119271,0.00684931506849315,0.3333333333333333,0.01342281879194631,0.013374245576358901
aoi_complete,PD_non_endommage,Caracas,fusion_ET_tstat_asc,f1,2.2,0.34,119419,1,145,2,119271,0.00684931506849315,0.3333333333333333,0.01342281879194631,0.013374245576358901
aoi_complete,PD_non_endommage,Caracas,fusion_ET_tstat_desc,kappa,2.8,0.46,119419,2,58,1,119358,0.03333333333333333,0.6666666666666666,0.06349206349206349,0.06344724876436464
aoi_complete,PD_non_endommage,Caracas,fusion_ET_tstat_desc,f1,2.8,0.46,119419,2,58,1,119358,0.03333333333333333,0.6666666666666666,0.06349206349206349,0.06344724876436464
aoi_complete,PD_non_endommage,Caracas,fusion_ET_tstat_moyenne,kappa,2.2,0.34,119419,1,55,2,119361,0.017857142857142856,0.3333333333333333,0.03389830508474576,0.03385223092831157
aoi_complete,PD_non_endommage,Caracas,fusion_ET_tstat_moyenne,f1,2.2,0.34,119419,1,55,2,119361,0.017857142857142856,0.3333333333333333,0.03389830508474576,0.03385223092831157
aoi_complete,PD_non_endommage,Caracas,fusion_ET_tstat_sensible,kappa,2.8,0.46,119419,2,105,1,119311,0.018691588785046728,0.6666666666666666,0.03636363636363636,0.036316538271107535
aoi_complete,PD_non_endommage,Caracas,fusion_ET_tstat_sensible,f1,2.8,0.46,119419,2,105,1,119311,0.018691588785046728,0.6666666666666666,0.03636363636363636,0.036316538271107535
aoi_complete,PD_non_endommage,Caracas,fusion_ET_tstat_meilleure_couverture,kappa,2.2,0.34,119419,1,145,2,119271,0.00684931506849315,0.3333333333333333,0.01342281879194631,0.013374245576358901
aoi_complete,PD_non_endommage,Caracas,fusion_ET_tstat_meilleure_couverture,f1,2.2,0.34,119419,1,145,2,119271,0.00684931506849315,0.3333333333333333,0.01342281879194631,0.013374245576358901
aoi_complete,PD_non_endommage,la_guaira,t_test,kappa,3.0,,16328,20,137,103,16068,0.12738853503184713,0.16260162601626016,0.14285714285714288,0.13555447807715876
aoi_complete,PD_non_endommage,la_guaira,t_test,f1,3.0,,16328,20,137,103,16068,0.12738853503184713,0.16260162601626016,0.14285714285714288,0.13555447807715876
aoi_complete,PD_non_endommage,la_guaira,bdpm,kappa,0.66,,16328,10,69,113,16136,0.12658227848101267,0.08130081300813008,0.09900990099009901,0.09366961670990455
aoi_complete,PD_non_endommage,la_guaira,bdpm,f1,0.66,,16328,10,69,113,16136,0.12658227848101267,0.08130081300813008,0.09900990099009901,0.09366961670990455
aoi_complete,PD_non_endommage,la_guaira,burst_asc,kappa,0.4,,16328,57,3854,66,12351,0.014574277678343135,0.4634146341463415,0.02825979176995538,0.013855409639490762
aoi_complete,PD_non_endommage,la_guaira,burst_asc,f1,0.4,,16328,57,3854,66,12351,0.014574277678343135,0.4634146341463415,0.02825979176995538,0.013855409639490762
aoi_complete,PD_non_endommage,la_guaira,burst_desc,kappa,0.24,,16328,5,363,118,15842,0.01358695652173913,0.04065040650406504,0.02036659877800407,0.009178302710395101
aoi_complete,PD_non_endommage,la_guaira,burst_desc,f1,0.44,,16328,85,7621,38,8584,0.011030365948611471,0.6910569105691057,0.021714139736875714,0.006988330189573059
aoi_complete,PD_non_endommage,la_guaira,burst_moyenne,kappa,0.26,,16328,3,123,120,16082,0.023809523809523808,0.024390243902439025,0.024096385542168676,0.016599102381448808
aoi_complete,PD_non_endommage,la_guaira,burst_moyenne,f1,0.4,,16328,54,3928,69,12277,0.013561024610748368,0.43902439024390244,0.02630937880633374,0.011868117652452435
aoi_complete,PD_non_endommage,la_guaira,burst_sensible,kappa,0.44,,16328,100,9042,23,7163,0.010938525486764383,0.8130081300813008,0.021586616297895305,0.006821902179848468
aoi_complete,PD_non_endommage,la_guaira,burst_sensible,f1,0.44,,16328,100,9042,23,7163,0.010938525486764383,0.8130081300813008,0.021586616297895305,0.006821902179848468
aoi_complete,PD_non_endommage,la_guaira,burst_meilleure_couverture,kappa,0.4,,16328,57,3854,66,12351,0.014574277678343135,0.4634146341463415,0.02825979176995538,0.013855409639490762
aoi_complete,PD_non_endommage,la_guaira,burst_meilleure_couverture,f1,0.4,,16328,57,3854,66,12351,0.014574277678343135,0.4634146341463415,0.02825979176995538,0.013855409639490762
aoi_complete,PD_non_endommage,la_guaira,fusion_ET_tstat_bdpm,kappa,2.6,0.4,16328,21,62,102,16143,0.25301204819277107,0.17073170731707318,0.2038834951456311,0.19902128232355096
aoi_complete,PD_non_endommage,la_guaira,fusion_ET_tstat_bdpm,f1,2.6,0.4,16328,21,62,102,16143,0.25301204819277107,0.17073170731707318,0.2038834951456311,0.19902128232355096
aoi_complete,PD_non_endommage,la_guaira,fusion_ET_tstat_asc,kappa,3.0,0.38,16328,14,48,109,16157,0.22580645161290322,0.11382113821138211,0.15135135135135136,0.14704461394516716
aoi_complete,PD_non_endommage,la_guaira,fusion_ET_tstat_asc,f1,3.0,0.6,16328,20,121,103,16084,0.14184397163120568,0.16260162601626016,0.15151515151515152,0.14463227208456045
aoi_complete,PD_non_endommage,la_guaira,fusion_ET_tstat_desc,kappa,3.0,0.58,16328,20,117,103,16088,0.145985401459854,0.16260162601626016,0.15384615384615383,0.14707503933205726
aoi_complete,PD_non_endommage,la_guaira,fusion_ET_tstat_desc,f1,3.0,0.58,16328,20,117,103,16088,0.145985401459854,0.16260162601626016,0.15384615384615383,0.14707503933205726
aoi_complete,PD_non_endommage,la_guaira,fusion_ET_tstat_moyenne,kappa,3.0,0.48,16328,20,113,103,16092,0.15037593984962405,0.16260162601626016,0.15625,0.14959358611127735
aoi_complete,PD_non_endommage,la_guaira,fusion_ET_tstat_moyenne,f1,3.0,0.48,16328,20,113,103,16092,0.15037593984962405,0.16260162601626016,0.15625,0.14959358611127735
aoi_complete,PD_non_endommage,la_guaira,fusion_ET_tstat_sensible,kappa,3.0,0.42,16328,20,103,103,16102,0.16260162601626016,0.16260162601626016,0.16260162601626016,0.1562455630727192
aoi_complete,PD_non_endommage,la_guaira,fusion_ET_tstat_sensible,f1,3.0,0.42,16328,20,103,103,16102,0.16260162601626016,0.16260162601626016,0.16260162601626016,0.1562455630727192
aoi_complete,PD_non_endommage,la_guaira,fusion_ET_tstat_meilleure_couverture,kappa,3.0,0.38,16328,14,48,109,16157,0.22580645161290322,0.11382113821138211,0.15135135135135136,0.14704461394516716
aoi_complete,PD_non_endommage,la_guaira,fusion_ET_tstat_meilleure_couverture,f1,3.0,0.6,16328,20,121,103,16084,0.14184397163120568,0.16260162601626016,0.15151515151515152,0.14463227208456045
aoi_complete,PD_non_endommage,Moron,t_test,kappa,3.4,,18576,5,22,42,18507,0.18518518518518517,0.10638297872340426,0.13513513513513514,0.13353536148610076
aoi_complete,PD_non_endommage,Moron,t_test,f1,3.4,,18576,5,22,42,18507,0.18518518518518517,0.10638297872340426,0.13513513513513514,0.13353536148610076
aoi_complete,PD_non_endommage,Moron,bdpm,kappa,0.62,,18576,4,301,43,18228,0.013114754098360656,0.0851063829787234,0.022727272727272724,0.01842342385242571
aoi_complete,PD_non_endommage,Moron,bdpm,f1,0.62,,18576,4,301,43,18228,0.013114754098360656,0.0851063829787234,0.022727272727272724,0.01842342385242571
aoi_complete,PD_non_endommage,Moron,burst_asc,kappa,0.24,,18576,2,251,45,18278,0.007905138339920948,0.0425531914893617,0.013333333333333332,0.009104674016207508
aoi_complete,PD_non_endommage,Moron,burst_asc,f1,0.24,,18576,2,251,45,18278,0.007905138339920948,0.0425531914893617,0.013333333333333332,0.009104674016207508
aoi_complete,PD_non_endommage,Moron,burst_desc,kappa,0.26,,18576,8,667,39,17862,0.011851851851851851,0.1702127659574468,0.022160664819944595,0.017512631830190674
aoi_complete,PD_non_endommage,Moron,burst_desc,f1,0.26,,18576,8,667,39,17862,0.011851851851851851,0.1702127659574468,0.022160664819944595,0.017512631830190674
aoi_complete,PD_non_endommage,Moron,burst_moyenne,kappa,0.3,,18576,10,823,37,17706,0.012004801920768308,0.2127659574468085,0.022727272727272728,0.018023578950787603
aoi_complete,PD_non_endommage,Moron,burst_moyenne,f1,0.3,,18576,10,823,37,17706,0.012004801920768308,0.2127659574468085,0.022727272727272728,0.018023578950787603
aoi_complete,PD_non_endommage,Moron,burst_sensible,kappa,0.26,,18576,11,1152,36,17377,0.009458297506448839,0.23404255319148937,0.01818181818181818,0.013383174387928283
aoi_complete,PD_non_endommage,Moron,burst_sensible,f1,0.26,,18576,11,1152,36,17377,0.009458297506448839,0.23404255319148937,0.01818181818181818,0.013383174387928283
aoi_complete,PD_non_endommage,Moron,burst_meilleure_couverture,kappa,0.24,,18576,2,251,45,18278,0.007905138339920948,0.0425531914893617,0.013333333333333332,0.009104674016207508
aoi_complete,PD_non_endommage,Moron,burst_meilleure_couverture,f1,0.24,,18576,2,251,45,18278,0.007905138339920948,0.0425531914893617,0.013333333333333332,0.009104674016207508
aoi_complete,PD_non_endommage,Moron,fusion_ET_tstat_bdpm,kappa,3.4,-0.1,18576,5,11,42,18518,0.3125,0.10638297872340426,0.15873015873015872,0.1576476064011652
aoi_complete,PD_non_endommage,Moron,fusion_ET_tstat_bdpm,f1,3.4,-0.1,18576,5,11,42,18518,0.3125,0.10638297872340426,0.15873015873015872,0.1576476064011652
aoi_complete,PD_non_endommage,Moron,fusion_ET_tstat_asc,kappa,3.4,0.76,18576,5,22,42,18507,0.18518518518518517,0.10638297872340426,0.13513513513513514,0.13353536148610076
aoi_complete,PD_non_endommage,Moron,fusion_ET_tstat_asc,f1,3.4,0.76,18576,5,22,42,18507,0.18518518518518517,0.10638297872340426,0.13513513513513514,0.13353536148610076
aoi_complete,PD_non_endommage,Moron,fusion_ET_tstat_desc,kappa,3.4,0.72,18576,5,21,42,18508,0.19230769230769232,0.10638297872340426,0.136986301369863,0.1354280867964585
aoi_complete,PD_non_endommage,Moron,fusion_ET_tstat_desc,f1,3.4,0.72,18576,5,21,42,18508,0.19230769230769232,0.10638297872340426,0.136986301369863,0.1354280867964585
aoi_complete,PD_non_endommage,Moron,fusion_ET_tstat_moyenne,kappa,3.4,0.74,18576,5,22,42,18507,0.18518518518518517,0.10638297872340426,0.13513513513513514,0.13353536148610076
aoi_complete,PD_non_endommage,Moron,fusion_ET_tstat_moyenne,f1,3.4,0.74,18576,5,22,42,18507,0.18518518518518517,0.10638297872340426,0.13513513513513514,0.13353536148610076
aoi_complete,PD_non_endommage,Moron,fusion_ET_tstat_sensible,kappa,3.4,0.72,18576,5,22,42,18507,0.18518518518518517,0.10638297872340426,0.13513513513513514,0.13353536148610076
aoi_complete,PD_non_endommage,Moron,fusion_ET_tstat_sensible,f1,3.4,0.72,18576,5,22,42,18507,0.18518518518518517,0.10638297872340426,0.13513513513513514,0.13353536148610076
aoi_complete,PD_non_endommage,Moron,fusion_ET_tstat_meilleure_couverture,kappa,3.4,0.76,18576,5,22,42,18507,0.18518518518518517,0.10638297872340426,0.13513513513513514,0.13353536148610076
aoi_complete,PD_non_endommage,Moron,fusion_ET_tstat_meilleure_couverture,f1,3.4,0.76,18576,5,22,42,18507,0.18518518518518517,0.10638297872340426,0.13513513513513514,0.13353536148610076
aoi_complete,PD_non_endommage,Caraballeda_LaGuaira_CatiaLaMar,t_test,kappa,3.2,,60700,317,1002,1024,58357,0.2403335860500379,0.23639075316927666,0.23834586466165414,0.22128456847737366
aoi_complete,PD_non_endommage,Caraballeda_LaGuaira_CatiaLaMar,t_test,f1,3.2,,60700,317,1002,1024,58357,0.2403335860500379,0.23639075316927666,0.23834586466165414,0.22128456847737366
aoi_complete,PD_non_endommage,Caraballeda_LaGuaira_CatiaLaMar,bdpm,kappa,0.66,,60700,267,3183,1074,56176,0.07739130434782608,0.19910514541387025,0.11145898559799623,0.08225896502638297
aoi_complete,PD_non_endommage,Caraballeda_LaGuaira_CatiaLaMar,bdpm,f1,0.66,,60700,267,3183,1074,56176,0.07739130434782608,0.19910514541387025,0.11145898559799623,0.08225896502638297
aoi_complete,PD_non_endommage,Caraballeda_LaGuaira_CatiaLaMar,burst_asc,kappa,0.38,,60700,799,18915,542,40444,0.04052957289236076,0.5958240119313944,0.07589646164806459,0.03601607303434867
aoi_complete,PD_non_endommage,Caraballeda_LaGuaira_CatiaLaMar,burst_asc,f1,0.42,,60700,1007,24070,334,35289,0.040156318538900185,0.7509321401938852,0.07623589976531152,0.03579555437916575
aoi_complete,PD_non_endommage,Caraballeda_LaGuaira_CatiaLaMar,burst_desc,kappa,0.38,,60700,832,23204,509,36155,0.034614744549841904,0.6204325130499627,0.06557118650746739,0.024757618395283724
aoi_complete,PD_non_endommage,Caraballeda_LaGuaira_CatiaLaMar,burst_desc,f1,0.44,,60700,1121,31669,220,27690,0.03418725221103995,0.8359433258762118,0.0656880841463772,0.024269787031706694
aoi_complete,PD_non_endommage,Caraballeda_LaGuaira_CatiaLaMar,burst_moyenne,kappa,0.34,,60700,492,10834,849,48525,0.043439872858908705,0.3668903803131991,0.07768216625878266,0.03974549488098885
aoi_complete,PD_non_endommage,Caraballeda_LaGuaira_CatiaLaMar,burst_moyenne,f1,0.38,,60700,806,18183,535,41176,0.042445626415293064,0.6010439970171514,0.07929168716182981,0.03965835751397959
aoi_complete,PD_non_endommage,Caraballeda_LaGuaira_CatiaLaMar,burst_sensible,kappa,0.36,,60700,958,27015,383,32344,0.034247309905980766,0.7143922445935869,0.06536126083100224,0.02421917322470266
aoi_complete,PD_non_endommage,Caraballeda_LaGuaira_CatiaLaMar,burst_sensible,f1,0.36,,60700,958,27015,383,32344,0.034247309905980766,0.7143922445935869,0.06536126083100224,0.02421917322470266
aoi_complete,PD_non_endommage,Caraballeda_LaGuaira_CatiaLaMar,burst_meilleure_couverture,kappa,0.38,,60700,799,18915,542,40444,0.04052957289236076,0.5958240119313944,0.07589646164806459,0.03601607303434867
aoi_complete,PD_non_endommage,Caraballeda_LaGuaira_CatiaLaMar,burst_meilleure_couverture,f1,0.42,,60700,1007,24070,334,35289,0.040156318538900185,0.7509321401938852,0.07623589976531152,0.03579555437916575
aoi_complete,PD_non_endommage,Caraballeda_LaGuaira_CatiaLaMar,fusion_ET_tstat_bdpm,kappa,2.8,0.32,60700,261,1056,1080,58303,0.19817767653758542,0.19463087248322147,0.19638826185101582,0.17840118098651475
aoi_complete,PD_non_endommage,Caraballeda_LaGuaira_CatiaLaMar,fusion_ET_tstat_bdpm,f1,2.8,0.32,60700,261,1056,1080,58303,0.19817767653758542,0.19463087248322147,0.19638826185101582,0.17840118098651475
aoi_complete,PD_non_endommage,Caraballeda_LaGuaira_CatiaLaMar,fusion_ET_tstat_asc,kappa,3.2,0.96,60700,317,1002,1024,58357,0.2403335860500379,0.23639075316927666,0.23834586466165414,0.22128456847737366
aoi_complete,PD_non_endommage,Caraballeda_LaGuaira_CatiaLaMar,fusion_ET_tstat_asc,f1,3.0,0.74,60700,392,1556,949,57803,0.20123203285420946,0.2923191648023863,0.2383703253268471,0.21790325702953797
aoi_complete,PD_non_endommage,Caraballeda_LaGuaira_CatiaLaMar,fusion_ET_tstat_desc,kappa,3.2,0.8,60700,317,1002,1024,58357,0.2403335860500379,0.23639075316927666,0.23834586466165414,0.22128456847737366
aoi_complete,PD_non_endommage,Caraballeda_LaGuaira_CatiaLaMar,fusion_ET_tstat_desc,f1,3.0,0.62,60700,392,1547,949,57812,0.20216606498194944,0.2923191648023863,0.23902439024390243,0.21861456145869498
aoi_complete,PD_non_endommage,Caraballeda_LaGuaira_CatiaLaMar,fusion_ET_tstat_moyenne,kappa,3.2,0.88,60700,317,1002,1024,58357,0.2403335860500379,0.23639075316927666,0.23834586466165414,0.22128456847737366
aoi_complete,PD_non_endommage,Caraballeda_LaGuaira_CatiaLaMar,fusion_ET_tstat_moyenne,f1,3.0,0.6,60700,391,1545,950,57814,0.20196280991735538,0.29157345264727813,0.23863289594140982,0.21822584238279788
aoi_complete,PD_non_endommage,Caraballeda_LaGuaira_CatiaLaMar,fusion_ET_tstat_sensible,kappa,3.2,0.48,60700,315,988,1026,58371,0.2417498081350729,0.2348993288590604,0.23827534039334342,0.2213197783176271
aoi_complete,PD_non_endommage,Caraballeda_LaGuaira_CatiaLaMar,fusion_ET_tstat_sensible,f1,3.0,0.48,60700,391,1540,950,57819,0.20248575867426205,0.29157345264727813,0.23899755501222492,0.21862244351174767
aoi_complete,PD_non_endommage,Caraballeda_LaGuaira_CatiaLaMar,fusion_ET_tstat_meilleure_couverture,kappa,3.2,0.96,60700,317,1002,1024,58357,0.2403335860500379,0.23639075316927666,0.23834586466165414,0.22128456847737366
aoi_complete,PD_non_endommage,Caraballeda_LaGuaira_CatiaLaMar,fusion_ET_tstat_meilleure_couverture,f1,3.0,0.74,60700,392,1556,949,57803,0.20123203285420946,0.2923191648023863,0.2383703253268471,0.21790325702953797
aoi_complete,Destroyed_seul,GLOBAL,t_test,kappa,3.6,,288374,120,606,513,287135,0.1652892561983471,0.1895734597156398,0.17660044150110374,0.1746647990574238
aoi_complete,Destroyed_seul,GLOBAL,t_test,f1,3.6,,288374,120,606,513,287135,0.1652892561983471,0.1895734597156398,0.17660044150110374,0.1746647990574238
aoi_complete,Destroyed_seul,GLOBAL,bdpm,kappa,0.66,,288374,126,3536,507,284205,0.03440742763517204,0.1990521327014218,0.05867287543655413,0.05513614457675289
aoi_complete,Destroyed_seul,GLOBAL,bdpm,f1,0.66,,288374,126,3536,507,284205,0.03440742763517204,0.1990521327014218,0.05867287543655413,0.05513614457675289
aoi_complete,Destroyed_seul,GLOBAL,burst_asc,kappa,0.28,,288374,101,7401,532,280340,0.013463076512929885,0.15955766192733017,0.02483097725875845,0.020866929979095446
aoi_complete,Destroyed_seul,GLOBAL,burst_asc,f1,0.28,,288374,101,7401,532,280340,0.013463076512929885,0.15955766192733017,0.02483097725875845,0.020866929979095446
aoi_complete,Destroyed_seul,GLOBAL,burst_desc,kappa,0.34,,288374,281,28093,352,259648,0.009903432720095862,0.4439178515007899,0.019374633709104697,0.015145343409184296
aoi_complete,Destroyed_seul,GLOBAL,burst_desc,f1,0.34,,288374,281,28093,352,259648,0.009903432720095862,0.4439178515007899,0.019374633709104697,0.015145343409184296
aoi_complete,Destroyed_seul,GLOBAL,burst_moyenne,kappa,0.34,,288374,260,17404,373,270337,0.014719202898550724,0.4107424960505529,0.0284199595562114,0.024284631979570828
aoi_complete,Destroyed_seul,GLOBAL,burst_moyenne,f1,0.34,,288374,260,17404,373,270337,0.014719202898550724,0.4107424960505529,0.0284199595562114,0.024284631979570828
aoi_complete,Destroyed_seul,GLOBAL,burst_sensible,kappa,0.34,,288374,415,42660,218,245081,0.009634358676726639,0.655608214849921,0.018989658643726547,0.01472682273233947
aoi_complete,Destroyed_seul,GLOBAL,burst_sensible,f1,0.34,,288374,415,42660,218,245081,0.009634358676726639,0.655608214849921,0.018989658643726547,0.01472682273233947
aoi_complete,Destroyed_seul,GLOBAL,burst_meilleure_couverture,kappa,0.28,,288374,101,7512,532,280229,0.013266780507027454,0.15955766192733017,0.024496725685180697,0.020526797394436226
aoi_complete,Destroyed_seul,GLOBAL,burst_meilleure_couverture,f1,0.28,,288374,101,7512,532,280229,0.013266780507027454,0.15955766192733017,0.024496725685180697,0.020526797394436226
aoi_complete,Destroyed_seul,GLOBAL,fusion_ET_tstat_bdpm,kappa,3.2,0.28,288374,94,588,539,287153,0.1378299120234604,0.1484992101105845,0.14296577946768058,0.14100997990747982
aoi_complete,Destroyed_seul,GLOBAL,fusion_ET_tstat_bdpm,f1,3.2,0.28,288374,94,588,539,287153,0.1378299120234604,0.1484992101105845,0.14296577946768058,0.14100997990747982
aoi_complete,Destroyed_seul,GLOBAL,fusion_ET_tstat_asc,kappa,3.2,0.58,288374,193,1274,440,286467,0.13156100886162236,0.3048973143759874,0.1838095238095238,0.18129871354124252
aoi_complete,Destroyed_seul,GLOBAL,fusion_ET_tstat_asc,f1,3.2,0.58,288374,193,1274,440,286467,0.13156100886162236,0.3048973143759874,0.1838095238095238,0.18129871354124252
aoi_complete,Destroyed_seul,GLOBAL,fusion_ET_tstat_desc,kappa,3.2,0.48,288374,185,1164,448,286577,0.13713862120088954,0.292259083728278,0.18668012108980828,0.18424260819746083
aoi_complete,Destroyed_seul,GLOBAL,fusion_ET_tstat_desc,f1,3.2,0.48,288374,185,1164,448,286577,0.13713862120088954,0.292259083728278,0.18668012108980828,0.18424260819746083
aoi_complete,Destroyed_seul,GLOBAL,fusion_ET_tstat_moyenne,kappa,3.2,0.5,288374,192,1229,441,286512,0.13511611541168192,0.3033175355450237,0.18695228821811102,0.1844753891227667
aoi_complete,Destroyed_seul,GLOBAL,fusion_ET_tstat_moyenne,f1,3.2,0.5,288374,192,1229,441,286512,0.13511611541168192,0.3033175355450237,0.18695228821811102,0.1844753891227667
aoi_complete,Destroyed_seul,GLOBAL,fusion_ET_tstat_sensible,kappa,3.2,0.46,288374,194,1263,439,286478,0.13315030885380919,0.30647709320695105,0.18564593301435403,0.18314595994005542
aoi_complete,Destroyed_seul,GLOBAL,fusion_ET_tstat_sensible,f1,3.2,0.46,288374,194,1263,439,286478,0.13315030885380919,0.30647709320695105,0.18564593301435403,0.18314595994005542
aoi_complete,Destroyed_seul,GLOBAL,fusion_ET_tstat_meilleure_couverture,kappa,3.2,0.58,288374,193,1274,440,286467,0.13156100886162236,0.3048973143759874,0.1838095238095238,0.18129871354124252
aoi_complete,Destroyed_seul,GLOBAL,fusion_ET_tstat_meilleure_couverture,f1,3.2,0.58,288374,193,1274,440,286467,0.13156100886162236,0.3048973143759874,0.1838095238095238,0.18129871354124252
aoi_complete,Destroyed_seul,catia_la_mar,t_test,kappa,3.2,,32817,82,615,268,31852,0.11764705882352941,0.2342857142857143,0.15663801337153774,0.1444898556157793
aoi_complete,Destroyed_seul,catia_la_mar,t_test,f1,3.2,,32817,82,615,268,31852,0.11764705882352941,0.2342857142857143,0.15663801337153774,0.1444898556157793
aoi_complete,Destroyed_seul,catia_la_mar,bdpm,kappa,0.78,,32817,20,431,330,32036,0.04434589800443459,0.05714285714285714,0.049937578027465665,0.038388620537505774
aoi_complete,Destroyed_seul,catia_la_mar,bdpm,f1,0.66,,32817,79,2611,271,29856,0.029368029739776952,0.2257142857142857,0.05197368421052631,0.03373583019652183
aoi_complete,Destroyed_seul,catia_la_mar,burst_asc,kappa,0.3,,32817,105,4056,245,28411,0.025234318673395817,0.3,0.04655287076036355,0.027416887784993196
aoi_complete,Destroyed_seul,catia_la_mar,burst_asc,f1,0.3,,32817,105,4056,245,28411,0.025234318673395817,0.3,0.04655287076036355,0.027416887784993196
aoi_complete,Destroyed_seul,catia_la_mar,burst_desc,kappa,0.32,,32817,134,6147,216,26320,0.021334182455023085,0.38285714285714284,0.040416226813451965,0.02062847747898466
aoi_complete,Destroyed_seul,catia_la_mar,burst_desc,f1,0.32,,32817,134,6147,216,26320,0.021334182455023085,0.38285714285714284,0.040416226813451965,0.02062847747898466
aoi_complete,Destroyed_seul,catia_la_mar,burst_moyenne,kappa,0.3,,32817,77,2417,273,30050,0.030874097834803528,0.22,0.05414908579465542,0.03611935341730379
aoi_complete,Destroyed_seul,catia_la_mar,burst_moyenne,f1,0.3,,32817,77,2417,273,30050,0.030874097834803528,0.22,0.05414908579465542,0.03611935341730379
aoi_complete,Destroyed_seul,catia_la_mar,burst_sensible,kappa,0.3,,32817,147,7191,203,25276,0.020032706459525755,0.42,0.038241415192507795,0.018253718021346153
aoi_complete,Destroyed_seul,catia_la_mar,burst_sensible,f1,0.3,,32817,147,7191,203,25276,0.020032706459525755,0.42,0.038241415192507795,0.018253718021346153
aoi_complete,Destroyed_seul,catia_la_mar,burst_meilleure_couverture,kappa,0.3,,32817,105,4056,245,28411,0.025234318673395817,0.3,0.04655287076036355,0.027416887784993196
aoi_complete,Destroyed_seul,catia_la_mar,burst_meilleure_couverture,f1,0.3,,32817,105,4056,245,28411,0.025234318673395817,0.3,0.04655287076036355,0.027416887784993196
aoi_complete,Destroyed_seul,catia_la_mar,fusion_ET_tstat_bdpm,kappa,2.8,0.32,32817,60,752,290,31715,0.07389162561576355,0.17142857142857143,0.10327022375215146,0.0897016937648831
aoi_complete,Destroyed_seul,catia_la_mar,fusion_ET_tstat_bdpm,f1,2.8,0.32,32817,60,752,290,31715,0.07389162561576355,0.17142857142857143,0.10327022375215146,0.0897016937648831
aoi_complete,Destroyed_seul,catia_la_mar,fusion_ET_tstat_asc,kappa,3.2,0.62,32817,82,598,268,31869,0.12058823529411765,0.2342857142857143,0.1592233009708738,0.1472141911706679
aoi_complete,Destroyed_seul,catia_la_mar,fusion_ET_tstat_asc,f1,3.2,0.62,32817,82,598,268,31869,0.12058823529411765,0.2342857142857143,0.1592233009708738,0.1472141911706679
aoi_complete,Destroyed_seul,catia_la_mar,fusion_ET_tstat_desc,kappa,3.2,0.48,32817,79,573,271,31894,0.12116564417177914,0.2257142857142857,0.15768463073852293,0.14582902226635716
aoi_complete,Destroyed_seul,catia_la_mar,fusion_ET_tstat_desc,f1,3.2,0.62,32817,82,608,268,31859,0.11884057971014493,0.2342857142857143,0.1576923076923077,0.14560093298952248
aoi_complete,Destroyed_seul,catia_la_mar,fusion_ET_tstat_moyenne,kappa,3.2,0.54,32817,82,597,268,31870,0.12076583210603829,0.2342857142857143,0.15937803692905733,0.14737722886940666
aoi_complete,Destroyed_seul,catia_la_mar,fusion_ET_tstat_moyenne,f1,3.2,0.54,32817,82,597,268,31870,0.12076583210603829,0.2342857142857143,0.15937803692905733,0.14737722886940666
aoi_complete,Destroyed_seul,catia_la_mar,fusion_ET_tstat_sensible,kappa,3.2,0.38,32817,75,500,275,31967,0.13043478260869565,0.21428571428571427,0.16216216216216214,0.15090361722318998
aoi_complete,Destroyed_seul,catia_la_mar,fusion_ET_tstat_sensible,f1,3.2,0.38,32817,75,500,275,31967,0.13043478260869565,0.21428571428571427,0.16216216216216214,0.15090361722318998
aoi_complete,Destroyed_seul,catia_la_mar,fusion_ET_tstat_meilleure_couverture,kappa,3.2,0.62,32817,82,598,268,31869,0.12058823529411765,0.2342857142857143,0.1592233009708738,0.1472141911706679
aoi_complete,Destroyed_seul,catia_la_mar,fusion_ET_tstat_meilleure_couverture,f1,3.2,0.62,32817,82,598,268,31869,0.12058823529411765,0.2342857142857143,0.1592233009708738,0.1472141911706679
aoi_complete,Destroyed_seul,caraballeda,t_test,kappa,3.2,,11555,102,452,133,10868,0.18411552346570398,0.4340425531914894,0.2585551330798479,0.23675678300098726
aoi_complete,Destroyed_seul,caraballeda,t_test,f1,3.2,,11555,102,452,133,10868,0.18411552346570398,0.4340425531914894,0.2585551330798479,0.23675678300098726
aoi_complete,Destroyed_seul,caraballeda,bdpm,kappa,0.66,,11555,40,641,195,10679,0.05873715124816446,0.1702127659574468,0.08733624454148473,0.05887682659623358
aoi_complete,Destroyed_seul,caraballeda,bdpm,f1,0.56,,11555,72,1305,163,10015,0.05228758169934641,0.30638297872340425,0.08933002481389578,0.05654949784392923
aoi_complete,Destroyed_seul,caraballeda,burst_asc,kappa,0.36,,11555,122,4232,113,7088,0.028020211299954065,0.5191489361702127,0.053170625408585755,0.01516373782685065
aoi_complete,Destroyed_seul,caraballeda,burst_asc,f1,0.42,,11555,180,6303,55,5017,0.027764923646459973,0.7659574468085106,0.05358737719559393,0.014920860268803073
aoi_complete,Destroyed_seul,caraballeda,burst_desc,kappa,0.46,,11555,216,8673,19,2647,0.024299696253796826,0.9191489361702128,0.04734765453748356,0.008038815608771935
aoi_complete,Destroyed_seul,caraballeda,burst_desc,f1,0.46,,11555,216,8673,19,2647,0.024299696253796826,0.9191489361702128,0.04734765453748356,0.008038815608771935
aoi_complete,Destroyed_seul,caraballeda,burst_moyenne,kappa,0.4,,11555,176,6105,59,5215,0.028021015761821366,0.7489361702127659,0.054020871700429705,0.015417268739932006
aoi_complete,Destroyed_seul,caraballeda,burst_moyenne,f1,0.4,,11555,176,6105,59,5215,0.028021015761821366,0.7489361702127659,0.054020871700429705,0.015417268739932006
aoi_complete,Destroyed_seul,caraballeda,burst_sensible,kappa,0.36,,11555,181,7017,54,4303,0.02514587385384829,0.7702127659574468,0.048701735503834255,0.009694534002712817
aoi_complete,Destroyed_seul,caraballeda,burst_sensible,f1,0.36,,11555,181,7017,54,4303,0.02514587385384829,0.7702127659574468,0.048701735503834255,0.009694534002712817
aoi_complete,Destroyed_seul,caraballeda,burst_meilleure_couverture,kappa,0.36,,11555,122,4232,113,7088,0.028020211299954065,0.5191489361702127,0.053170625408585755,0.01516373782685065
aoi_complete,Destroyed_seul,caraballeda,burst_meilleure_couverture,f1,0.42,,11555,180,6303,55,5017,0.027764923646459973,0.7659574468085106,0.05358737719559393,0.014920860268803073
aoi_complete,Destroyed_seul,caraballeda,fusion_ET_tstat_bdpm,kappa,3.2,0.28,11555,54,211,181,11109,0.2037735849056604,0.2297872340425532,0.216,0.1987263287310161
aoi_complete,Destroyed_seul,caraballeda,fusion_ET_tstat_bdpm,f1,3.2,0.28,11555,54,211,181,11109,0.2037735849056604,0.2297872340425532,0.216,0.1987263287310161
aoi_complete,Destroyed_seul,caraballeda,fusion_ET_tstat_asc,kappa,3.2,0.58,11555,102,447,133,10873,0.18579234972677597,0.4340425531914894,0.2602040816326531,0.23851477487447525
aoi_complete,Destroyed_seul,caraballeda,fusion_ET_tstat_asc,f1,3.2,0.58,11555,102,447,133,10873,0.18579234972677597,0.4340425531914894,0.2602040816326531,0.23851477487447525
aoi_complete,Destroyed_seul,caraballeda,fusion_ET_tstat_desc,kappa,3.2,0.56,11555,102,445,133,10875,0.18647166361974407,0.4340425531914894,0.26086956521739135,0.23922418702983989
aoi_complete,Destroyed_seul,caraballeda,fusion_ET_tstat_desc,f1,3.2,0.56,11555,102,445,133,10875,0.18647166361974407,0.4340425531914894,0.26086956521739135,0.23922418702983989
aoi_complete,Destroyed_seul,caraballeda,fusion_ET_tstat_moyenne,kappa,3.2,0.5,11555,102,448,133,10872,0.18545454545454546,0.4340425531914894,0.25987261146496815,0.2381614073710513
aoi_complete,Destroyed_seul,caraballeda,fusion_ET_tstat_moyenne,f1,3.2,0.5,11555,102,448,133,10872,0.18545454545454546,0.4340425531914894,0.25987261146496815,0.2381614073710513
aoi_complete,Destroyed_seul,caraballeda,fusion_ET_tstat_sensible,kappa,3.2,0.46,11555,102,447,133,10873,0.18579234972677597,0.4340425531914894,0.2602040816326531,0.23851477487447525
aoi_complete,Destroyed_seul,caraballeda,fusion_ET_tstat_sensible,f1,3.2,0.46,11555,102,447,133,10873,0.18579234972677597,0.4340425531914894,0.2602040816326531,0.23851477487447525
aoi_complete,Destroyed_seul,caraballeda,fusion_ET_tstat_meilleure_couverture,kappa,3.2,0.58,11555,102,447,133,10873,0.18579234972677597,0.4340425531914894,0.2602040816326531,0.23851477487447525
aoi_complete,Destroyed_seul,caraballeda,fusion_ET_tstat_meilleure_couverture,f1,3.2,0.58,11555,102,447,133,10873,0.18579234972677597,0.4340425531914894,0.2602040816326531,0.23851477487447525
aoi_complete,Destroyed_seul,Caracas,t_test,kappa,2.8,,119419,2,432,1,118984,0.004608294930875576,0.6666666666666666,0.009153318077803204,0.009103874004346733
aoi_complete,Destroyed_seul,Caracas,t_test,f1,2.8,,119419,2,432,1,118984,0.004608294930875576,0.6666666666666666,0.009153318077803204,0.009103874004346733
aoi_complete,Destroyed_seul,Caracas,bdpm,kappa,0.18,,119419,2,6928,1,112488,0.0002886002886002886,0.6666666666666666,0.000576950814943026,0.0005267557492149662
aoi_complete,Destroyed_seul,Caracas,bdpm,f1,0.18,,119419,2,6928,1,112488,0.0002886002886002886,0.6666666666666666,0.000576950814943026,0.0005267557492149662
aoi_complete,Destroyed_seul,Caracas,burst_asc,kappa,0.34,,119419,1,2524,2,116892,0.00039603960396039607,0.3333333333333333,0.0007911392405063291,0.0007409927892294894
aoi_complete,Destroyed_seul,Caracas,burst_asc,f1,0.34,,119419,1,2524,2,116892,0.00039603960396039607,0.3333333333333333,0.0007911392405063291,0.0007409927892294894
aoi_complete,Destroyed_seul,Caracas,burst_desc,kappa,0.38,,119419,2,6379,1,113037,0.0003134304967873374,0.6666666666666666,0.0006265664160401003,0.0005763757108622474
aoi_complete,Destroyed_seul,Caracas,burst_desc,f1,0.38,,119419,2,6379,1,113037,0.0003134304967873374,0.6666666666666666,0.0006265664160401003,0.0005763757108622474
aoi_complete,Destroyed_seul,Caracas,burst_moyenne,kappa,0.34,,119419,1,905,2,118511,0.0011037527593818985,0.3333333333333333,0.0022002200220022,0.002150250259273322
aoi_complete,Destroyed_seul,Caracas,burst_moyenne,f1,0.34,,119419,1,905,2,118511,0.0011037527593818985,0.3333333333333333,0.0022002200220022,0.002150250259273322
aoi_complete,Destroyed_seul,Caracas,burst_sensible,kappa,0.38,,119419,2,9417,1,109999,0.00021233676611105213,0.6666666666666666,0.00042453831458289106,0.00037432985266551487
aoi_complete,Destroyed_seul,Caracas,burst_sensible,f1,0.38,,119419,2,9417,1,109999,0.00021233676611105213,0.6666666666666666,0.00042453831458289106,0.00037432985266551487
aoi_complete,Destroyed_seul,Caracas,burst_meilleure_couverture,kappa,0.34,,119419,1,2524,2,116892,0.00039603960396039607,0.3333333333333333,0.0007911392405063291,0.0007409927892294894
aoi_complete,Destroyed_seul,Caracas,burst_meilleure_couverture,f1,0.34,,119419,1,2524,2,116892,0.00039603960396039607,0.3333333333333333,0.0007911392405063291,0.0007409927892294894
aoi_complete,Destroyed_seul,Caracas,fusion_ET_tstat_bdpm,kappa,2.8,0.18,119419,2,37,1,119379,0.05128205128205128,0.6666666666666666,0.09523809523809523,0.0951958820935471
aoi_complete,Destroyed_seul,Caracas,fusion_ET_tstat_bdpm,f1,2.8,0.18,119419,2,37,1,119379,0.05128205128205128,0.6666666666666666,0.09523809523809523,0.0951958820935471
aoi_complete,Destroyed_seul,Caracas,fusion_ET_tstat_asc,kappa,2.2,0.34,119419,1,145,2,119271,0.00684931506849315,0.3333333333333333,0.01342281879194631,0.013374245576358901
aoi_complete,Destroyed_seul,Caracas,fusion_ET_tstat_asc,f1,2.2,0.34,119419,1,145,2,119271,0.00684931506849315,0.3333333333333333,0.01342281879194631,0.013374245576358901
aoi_complete,Destroyed_seul,Caracas,fusion_ET_tstat_desc,kappa,2.8,0.46,119419,2,58,1,119358,0.03333333333333333,0.6666666666666666,0.06349206349206349,0.06344724876436464
aoi_complete,Destroyed_seul,Caracas,fusion_ET_tstat_desc,f1,2.8,0.46,119419,2,58,1,119358,0.03333333333333333,0.6666666666666666,0.06349206349206349,0.06344724876436464
aoi_complete,Destroyed_seul,Caracas,fusion_ET_tstat_moyenne,kappa,2.2,0.34,119419,1,55,2,119361,0.017857142857142856,0.3333333333333333,0.03389830508474576,0.03385223092831157
aoi_complete,Destroyed_seul,Caracas,fusion_ET_tstat_moyenne,f1,2.2,0.34,119419,1,55,2,119361,0.017857142857142856,0.3333333333333333,0.03389830508474576,0.03385223092831157
aoi_complete,Destroyed_seul,Caracas,fusion_ET_tstat_sensible,kappa,2.8,0.46,119419,2,105,1,119311,0.018691588785046728,0.6666666666666666,0.03636363636363636,0.036316538271107535
aoi_complete,Destroyed_seul,Caracas,fusion_ET_tstat_sensible,f1,2.8,0.46,119419,2,105,1,119311,0.018691588785046728,0.6666666666666666,0.03636363636363636,0.036316538271107535
aoi_complete,Destroyed_seul,Caracas,fusion_ET_tstat_meilleure_couverture,kappa,2.2,0.34,119419,1,145,2,119271,0.00684931506849315,0.3333333333333333,0.01342281879194631,0.013374245576358901
aoi_complete,Destroyed_seul,Caracas,fusion_ET_tstat_meilleure_couverture,f1,2.2,0.34,119419,1,145,2,119271,0.00684931506849315,0.3333333333333333,0.01342281879194631,0.013374245576358901
aoi_complete,Destroyed_seul,la_guaira,t_test,kappa,3.2,,16328,6,62,31,16229,0.08823529411764706,0.16216216216216217,0.1142857142857143,0.11167842902339023
aoi_complete,Destroyed_seul,la_guaira,t_test,f1,3.2,,16328,6,62,31,16229,0.08823529411764706,0.16216216216216217,0.1142857142857143,0.11167842902339023
aoi_complete,Destroyed_seul,la_guaira,bdpm,kappa,0.72,,16328,4,31,33,16260,0.11428571428571428,0.10810810810810811,0.11111111111111112,0.10914847582238456
aoi_complete,Destroyed_seul,la_guaira,bdpm,f1,0.72,,16328,4,31,33,16260,0.11428571428571428,0.10810810810810811,0.11111111111111112,0.10914847582238456
aoi_complete,Destroyed_seul,la_guaira,burst_asc,kappa,0.4,,16328,21,3890,16,12401,0.005369470723600102,0.5675675675675675,0.010638297872340427,0.006176409494694101
aoi_complete,Destroyed_seul,la_guaira,burst_asc,f1,0.4,,16328,21,3890,16,12401,0.005369470723600102,0.5675675675675675,0.010638297872340427,0.006176409494694101
aoi_complete,Destroyed_seul,la_guaira,burst_desc,kappa,0.22,,16328,1,153,36,16138,0.006493506493506494,0.02702702702702703,0.010471204188481676,0.006842058513428233
aoi_complete,Destroyed_seul,la_guaira,burst_desc,f1,0.22,,16328,1,153,36,16138,0.006493506493506494,0.02702702702702703,0.010471204188481676,0.006842058513428233
aoi_complete,Destroyed_seul,la_guaira,burst_moyenne,kappa,0.4,,16328,20,3962,17,12329,0.005022601707684581,0.5405405405405406,0.009952724558347848,0.00548699473931086
aoi_complete,Destroyed_seul,la_guaira,burst_moyenne,f1,0.4,,16328,20,3962,17,12329,0.005022601707684581,0.5405405405405406,0.009952724558347848,0.00548699473931086
aoi_complete,Destroyed_seul,la_guaira,burst_sensible,kappa,0.22,,16328,1,236,36,16055,0.004219409282700422,0.02702702702702703,0.0072992700729927,0.0033924746215187474
aoi_complete,Destroyed_seul,la_guaira,burst_sensible,f1,0.38,,16328,26,7005,11,9286,0.0036979092589958756,0.7027027027027027,0.0073571024335031135,0.0028616365038700363
aoi_complete,Destroyed_seul,la_guaira,burst_meilleure_couverture,kappa,0.4,,16328,21,3890,16,12401,0.005369470723600102,0.5675675675675675,0.010638297872340427,0.006176409494694101
aoi_complete,Destroyed_seul,la_guaira,burst_meilleure_couverture,f1,0.4,,16328,21,3890,16,12401,0.005369470723600102,0.5675675675675675,0.010638297872340427,0.006176409494694101
aoi_complete,Destroyed_seul,la_guaira,fusion_ET_tstat_bdpm,kappa,2.6,0.66,16328,6,19,31,16272,0.24,0.16216216216216217,0.1935483870967742,0.19207193370318879
aoi_complete,Destroyed_seul,la_guaira,fusion_ET_tstat_bdpm,f1,2.6,0.66,16328,6,19,31,16272,0.24,0.16216216216216217,0.1935483870967742,0.19207193370318879
aoi_complete,Destroyed_seul,la_guaira,fusion_ET_tstat_asc,kappa,3.2,0.48,16328,6,51,31,16240,0.10526315789473684,0.16216216216216217,0.12765957446808512,0.1252556163735652
aoi_complete,Destroyed_seul,la_guaira,fusion_ET_tstat_asc,f1,3.2,0.48,16328,6,51,31,16240,0.10526315789473684,0.16216216216216217,0.12765957446808512,0.1252556163735652
aoi_complete,Destroyed_seul,la_guaira,fusion_ET_tstat_desc,kappa,3.2,0.58,16328,6,61,31,16230,0.08955223880597014,0.16216216216216217,0.11538461538461539,0.11279422899510644
aoi_complete,Destroyed_seul,la_guaira,fusion_ET_tstat_desc,f1,3.2,0.58,16328,6,61,31,16230,0.08955223880597014,0.16216216216216217,0.11538461538461539,0.11279422899510644
aoi_complete,Destroyed_seul,la_guaira,fusion_ET_tstat_moyenne,kappa,3.2,0.48,16328,6,60,31,16231,0.09090909090909091,0.16216216216216217,0.11650485436893203,0.11393165960999543
aoi_complete,Destroyed_seul,la_guaira,fusion_ET_tstat_moyenne,f1,3.2,0.48,16328,6,60,31,16231,0.09090909090909091,0.16216216216216217,0.11650485436893203,0.11393165960999543
aoi_complete,Destroyed_seul,la_guaira,fusion_ET_tstat_sensible,kappa,3.2,0.42,16328,6,57,31,16234,0.09523809523809523,0.16216216216216217,0.12,0.11748021359370701
aoi_complete,Destroyed_seul,la_guaira,fusion_ET_tstat_sensible,f1,3.2,0.42,16328,6,57,31,16234,0.09523809523809523,0.16216216216216217,0.12,0.11748021359370701
aoi_complete,Destroyed_seul,la_guaira,fusion_ET_tstat_meilleure_couverture,kappa,3.2,0.48,16328,6,51,31,16240,0.10526315789473684,0.16216216216216217,0.12765957446808512,0.1252556163735652
aoi_complete,Destroyed_seul,la_guaira,fusion_ET_tstat_meilleure_couverture,f1,3.2,0.48,16328,6,51,31,16240,0.10526315789473684,0.16216216216216217,0.12765957446808512,0.1252556163735652
aoi_complete,Destroyed_seul,Moron,t_test,kappa,4.4,,18576,3,0,5,18568,1.0,0.375,0.5454545454545454,0.5453477443608152
aoi_complete,Destroyed_seul,Moron,t_test,f1,4.4,,18576,3,0,5,18568,1.0,0.375,0.5454545454545454,0.5453477443608152
aoi_complete,Destroyed_seul,Moron,bdpm,kappa,0.64,,18576,2,236,6,18332,0.008403361344537815,0.25,0.016260162601626015,0.015439712932077162
aoi_complete,Destroyed_seul,Moron,bdpm,f1,0.64,,18576,2,236,6,18332,0.008403361344537815,0.25,0.016260162601626015,0.015439712932077162
aoi_complete,Destroyed_seul,Moron,burst_asc,kappa,0.38,,18576,3,4943,5,13625,0.000606550748079256,0.375,0.0012111425111021397,0.0003515092624431956
aoi_complete,Destroyed_seul,Moron,burst_asc,f1,0.38,,18576,3,4943,5,13625,0.000606550748079256,0.375,0.0012111425111021397,0.0003515092624431956
aoi_complete,Destroyed_seul,Moron,burst_desc,kappa,0.56,,18576,8,13127,0,5441,0.0006090597639893414,1.0,0.0012173780719774783,0.0003568831149749855
aoi_complete,Destroyed_seul,Moron,burst_desc,f1,0.56,,18576,8,13127,0,5441,0.0006090597639893414,1.0,0.0012173780719774783,0.0003568831149749855
aoi_complete,Destroyed_seul,Moron,burst_moyenne,kappa,0.32,,18576,1,1550,7,17018,0.0006447453255963894,0.125,0.0012828736369467609,0.0004263324132068109
aoi_complete,Destroyed_seul,Moron,burst_moyenne,f1,0.32,,18576,1,1550,7,17018,0.0006447453255963894,0.125,0.0012828736369467609,0.0004263324132068109
aoi_complete,Destroyed_seul,Moron,burst_sensible,kappa,0.56,,18576,8,14602,0,3966,0.0005475701574264203,1.0,0.0010945409768778219,0.00023388725572763674
aoi_complete,Destroyed_seul,Moron,burst_sensible,f1,0.56,,18576,8,14602,0,3966,0.0005475701574264203,1.0,0.0010945409768778219,0.00023388725572763674
aoi_complete,Destroyed_seul,Moron,burst_meilleure_couverture,kappa,0.38,,18576,3,4943,5,13625,0.000606550748079256,0.375,0.0012111425111021397,0.0003515092624431956
aoi_complete,Destroyed_seul,Moron,burst_meilleure_couverture,f1,0.38,,18576,3,4943,5,13625,0.000606550748079256,0.375,0.0012111425111021397,0.0003515092624431956
aoi_complete,Destroyed_seul,Moron,fusion_ET_tstat_bdpm,kappa,4.2,-0.1,18576,3,0,5,18568,1.0,0.375,0.5454545454545454,0.5453477443608152
aoi_complete,Destroyed_seul,Moron,fusion_ET_tstat_bdpm,f1,4.2,-0.1,18576,3,0,5,18568,1.0,0.375,0.5454545454545454,0.5453477443608152
aoi_complete,Destroyed_seul,Moron,fusion_ET_tstat_asc,kappa,4.4,0.68,18576,3,0,5,18568,1.0,0.375,0.5454545454545454,0.5453477443608152
aoi_complete,Destroyed_seul,Moron,fusion_ET_tstat_asc,f1,4.4,0.68,18576,3,0,5,18568,1.0,0.375,0.5454545454545454,0.5453477443608152
aoi_complete,Destroyed_seul,Moron,fusion_ET_tstat_desc,kappa,4.4,0.56,18576,3,0,5,18568,1.0,0.375,0.5454545454545454,0.5453477443608152
aoi_complete,Destroyed_seul,Moron,fusion_ET_tstat_desc,f1,4.4,0.56,18576,3,0,5,18568,1.0,0.375,0.5454545454545454,0.5453477443608152
aoi_complete,Destroyed_seul,Moron,fusion_ET_tstat_moyenne,kappa,4.4,0.62,18576,3,0,5,18568,1.0,0.375,0.5454545454545454,0.5453477443608152
aoi_complete,Destroyed_seul,Moron,fusion_ET_tstat_moyenne,f1,4.4,0.62,18576,3,0,5,18568,1.0,0.375,0.5454545454545454,0.5453477443608152
aoi_complete,Destroyed_seul,Moron,fusion_ET_tstat_sensible,kappa,4.4,0.56,18576,3,0,5,18568,1.0,0.375,0.5454545454545454,0.5453477443608152
aoi_complete,Destroyed_seul,Moron,fusion_ET_tstat_sensible,f1,4.4,0.56,18576,3,0,5,18568,1.0,0.375,0.5454545454545454,0.5453477443608152
aoi_complete,Destroyed_seul,Moron,fusion_ET_tstat_meilleure_couverture,kappa,4.4,0.68,18576,3,0,5,18568,1.0,0.375,0.5454545454545454,0.5453477443608152
aoi_complete,Destroyed_seul,Moron,fusion_ET_tstat_meilleure_couverture,f1,4.4,0.68,18576,3,0,5,18568,1.0,0.375,0.5454545454545454,0.5453477443608152
aoi_complete,Destroyed_seul,Caraballeda_LaGuaira_CatiaLaMar,t_test,kappa,3.2,,60700,190,1129,432,58949,0.14404852160727824,0.3054662379421222,0.19577537351880472,0.18441692128201165
aoi_complete,Destroyed_seul,Caraballeda_LaGuaira_CatiaLaMar,t_test,f1,3.2,,60700,190,1129,432,58949,0.14404852160727824,0.3054662379421222,0.19577537351880472,0.18441692128201165
aoi_complete,Destroyed_seul,Caraballeda_LaGuaira_CatiaLaMar,bdpm,kappa,0.66,,60700,125,3325,497,56753,0.036231884057971016,0.20096463022508038,0.061394891944990176,0.04480921744443491
aoi_complete,Destroyed_seul,Caraballeda_LaGuaira_CatiaLaMar,bdpm,f1,0.66,,60700,125,3325,497,56753,0.036231884057971016,0.20096463022508038,0.061394891944990176,0.04480921744443491
aoi_complete,Destroyed_seul,Caraballeda_LaGuaira_CatiaLaMar,burst_asc,kappa,0.28,,60700,101,4371,521,55707,0.022584973166368514,0.16237942122186494,0.03965449548488418,0.02205959010393545
aoi_complete,Destroyed_seul,Caraballeda_LaGuaira_CatiaLaMar,burst_asc,f1,0.3,,60700,154,6966,468,53112,0.021629213483146066,0.24758842443729903,0.03978300180831826,0.021337457197430635
aoi_complete,Destroyed_seul,Caraballeda_LaGuaira_CatiaLaMar,burst_desc,kappa,0.38,,60700,410,23626,212,36452,0.017057746713263437,0.6591639871382636,0.03325492740692675,0.013548320534544377
aoi_complete,Destroyed_seul,Caraballeda_LaGuaira_CatiaLaMar,burst_desc,f1,0.38,,60700,410,23626,212,36452,0.017057746713263437,0.6591639871382636,0.03325492740692675,0.013548320534544377
aoi_complete,Destroyed_seul,Caraballeda_LaGuaira_CatiaLaMar,burst_moyenne,kappa,0.34,,60700,258,11068,364,49010,0.02277944552357408,0.41479099678456594,0.043187144291931705,0.02423055293662015
aoi_complete,Destroyed_seul,Caraballeda_LaGuaira_CatiaLaMar,burst_moyenne,f1,0.34,,60700,258,11068,364,49010,0.02277944552357408,0.41479099678456594,0.043187144291931705,0.02423055293662015
aoi_complete,Destroyed_seul,Caraballeda_LaGuaira_CatiaLaMar,burst_sensible,kappa,0.34,,60700,413,23297,209,36781,0.017418810628426824,0.6639871382636656,0.03394706559263521,0.014261534344823053
aoi_complete,Destroyed_seul,Caraballeda_LaGuaira_CatiaLaMar,burst_sensible,f1,0.34,,60700,413,23297,209,36781,0.017418810628426824,0.6639871382636656,0.03394706559263521,0.014261534344823053
aoi_complete,Destroyed_seul,Caraballeda_LaGuaira_CatiaLaMar,burst_meilleure_couverture,kappa,0.28,,60700,101,4371,521,55707,0.022584973166368514,0.16237942122186494,0.03965449548488418,0.02205959010393545
aoi_complete,Destroyed_seul,Caraballeda_LaGuaira_CatiaLaMar,burst_meilleure_couverture,f1,0.3,,60700,154,6966,468,53112,0.021629213483146066,0.24758842443729903,0.03978300180831826,0.021337457197430635
aoi_complete,Destroyed_seul,Caraballeda_LaGuaira_CatiaLaMar,fusion_ET_tstat_bdpm,kappa,3.2,0.32,60700,89,554,533,59524,0.13841368584758942,0.14308681672025725,0.1407114624505929,0.1316658280868183
aoi_complete,Destroyed_seul,Caraballeda_LaGuaira_CatiaLaMar,fusion_ET_tstat_bdpm,f1,3.2,0.32,60700,89,554,533,59524,0.13841368584758942,0.14308681672025725,0.1407114624505929,0.1316658280868183
aoi_complete,Destroyed_seul,Caraballeda_LaGuaira_CatiaLaMar,fusion_ET_tstat_asc,kappa,3.2,0.62,60700,190,1107,432,58971,0.14649190439475712,0.3054662379421222,0.19801980198019803,0.18675514385709052
aoi_complete,Destroyed_seul,Caraballeda_LaGuaira_CatiaLaMar,fusion_ET_tstat_asc,f1,3.2,0.62,60700,190,1107,432,58971,0.14649190439475712,0.3054662379421222,0.19801980198019803,0.18675514385709052
aoi_complete,Destroyed_seul,Caraballeda_LaGuaira_CatiaLaMar,fusion_ET_tstat_desc,kappa,3.2,0.62,60700,190,1120,432,58958,0.1450381679389313,0.3054662379421222,0.19668737060041408,0.18536707356344526
aoi_complete,Destroyed_seul,Caraballeda_LaGuaira_CatiaLaMar,fusion_ET_tstat_desc,f1,3.2,0.62,60700,190,1120,432,58958,0.1450381679389313,0.3054662379421222,0.19668737060041408,0.18536707356344526
aoi_complete,Destroyed_seul,Caraballeda_LaGuaira_CatiaLaMar,fusion_ET_tstat_moyenne,kappa,3.2,0.54,60700,190,1106,432,58972,0.14660493827160495,0.3054662379421222,0.19812304483837329,0.18686269261935043
aoi_complete,Destroyed_seul,Caraballeda_LaGuaira_CatiaLaMar,fusion_ET_tstat_moyenne,f1,3.2,0.54,60700,190,1106,432,58972,0.14660493827160495,0.3054662379421222,0.19812304483837329,0.18686269261935043
aoi_complete,Destroyed_seul,Caraballeda_LaGuaira_CatiaLaMar,fusion_ET_tstat_sensible,kappa,3.2,0.46,60700,190,1102,432,58976,0.14705882352941177,0.3054662379421222,0.19853709508881925,0.18729400389021708
aoi_complete,Destroyed_seul,Caraballeda_LaGuaira_CatiaLaMar,fusion_ET_tstat_sensible,f1,3.2,0.46,60700,190,1102,432,58976,0.14705882352941177,0.3054662379421222,0.19853709508881925,0.18729400389021708
aoi_complete,Destroyed_seul,Caraballeda_LaGuaira_CatiaLaMar,fusion_ET_tstat_meilleure_couverture,kappa,3.2,0.62,60700,190,1107,432,58971,0.14649190439475712,0.3054662379421222,0.19801980198019803,0.18675514385709052
aoi_complete,Destroyed_seul,Caraballeda_LaGuaira_CatiaLaMar,fusion_ET_tstat_meilleure_couverture,f1,3.2,0.62,60700,190,1107,432,58971,0.14649190439475712,0.3054662379421222,0.19801980198019803,0.18675514385709052
