raster,gt_variant,agg,threshold,tp,fp,fn,tn,precision,recall,f1,kappa
eos,large,max,0.72,101,2451,229,21958,0.03957680250783699,0.30606060606060603,0.07009021512838307,0.04759075534194763
eos,large,max,0.78,63,1458,267,22951,0.04142011834319527,0.19090909090909092,0.0680713128038898,0.04718345609716468
eos,all,max,0.72,101,2451,234,21958,0.03957680250783699,0.30149253731343284,0.06996882577069621,0.04716237629737688
eos,large,max,0.82,44,957,286,23452,0.04395604395604396,0.13333333333333333,0.06611570247933884,0.04699458879734914
eos,all,max,0.78,63,1458,272,22951,0.04142011834319527,0.1880597014925373,0.06788793103448276,0.046735038244730215
eos,all,max,0.82,44,957,291,23452,0.04395604395604396,0.13134328358208955,0.06586826347305388,0.046524450900742434
eos,large,max,0.76,73,1749,257,22660,0.04006586169045005,0.22121212121212122,0.06784386617100371,0.04630223095603717
eos,all,max,0.76,73,1749,262,22660,0.04006586169045005,0.21791044776119403,0.06768660176170607,0.045863646289156436
eos,large,p90,0.72,87,2149,243,22260,0.0389087656529517,0.2636363636363636,0.06780982073265783,0.04562290416468811
eos,large,max,0.74,86,2122,244,22287,0.03894927536231884,0.2606060606060606,0.0677698975571316,0.04561901553982295
eos,large,p90,0.7,102,2561,228,21848,0.03830266616597822,0.3090909090909091,0.06815903775476112,0.04550209945191793
eos,all,p90,0.72,87,2149,248,22260,0.0389087656529517,0.25970149253731345,0.0676779463243874,0.04519308709338181
eos,all,max,0.74,86,2122,249,22287,0.03894927536231884,0.25671641791044775,0.06763664962642547,0.045188780689579953
eos,all,p90,0.7,102,2561,233,21848,0.03830266616597822,0.3044776119402985,0.06804536357571715,0.04507793566760641
eos,large,max,0.84,36,791,294,23618,0.04353083434099154,0.10909090909090909,0.062229904926534144,0.04399968187714517
eos,all,max,0.84,36,791,299,23618,0.04353083434099154,0.10746268656716418,0.06196213425129088,0.04352999978225657
eos,large,p90,0.74,72,1808,258,22601,0.03829787234042553,0.21818181818181817,0.06515837104072397,0.043449600513844326
eos,all,p90,0.74,72,1808,263,22601,0.03829787234042553,0.21492537313432836,0.06501128668171557,0.0430178627319304
eos,strict,max,0.76,65,1757,221,22701,0.03567508232711306,0.22727272727272727,0.06166982922201139,0.04253939616928429
eos,large,max,0.7,109,2891,221,21518,0.036333333333333336,0.3303030303030303,0.06546546546546547,0.04245105805447205
eos,strict,max,0.78,55,1466,231,22992,0.03616042077580539,0.19230769230769232,0.06087437742114001,0.042238293728289425
eos,strict,max,0.72,88,2464,198,21994,0.034482758620689655,0.3076923076923077,0.06201550387596899,0.04210359275459919
eos,all,max,0.7,109,2891,226,21518,0.036333333333333336,0.3253731343283582,0.06536731634182909,0.042033783109040705
eos,large,max,0.92,18,314,312,24095,0.05421686746987952,0.05454545454545454,0.054380664652567974,0.04155711891337242
eos,large,max,0.94,15,230,315,24179,0.061224489795918366,0.045454545454545456,0.05217391304347826,0.04127573867303173
eos,all,max,0.92,18,314,317,24095,0.05421686746987952,0.05373134328358209,0.05397301349325337,0.04104851254848141
eos,strict,p90,0.7,90,2573,196,21885,0.033796470146451374,0.3146853146853147,0.061037639877924724,0.04101909644124056
eos,large,p90,0.76,58,1483,272,22926,0.03763789746917586,0.17575757575757575,0.061998931052912876,0.040925116008845665
eos,large,max,0.86,29,640,301,23769,0.043348281016442454,0.08787878787878788,0.058058058058058054,0.04092338885286343
eos,large,max,0.68,125,3434,205,20975,0.03512222534419781,0.3787878787878788,0.06428387760349705,0.04086690673576818
eos,all,max,0.94,15,230,320,24179,0.061224489795918366,0.04477611940298507,0.051724137931034475,0.0407524438990386
eos,strict,p90,0.72,76,2160,210,22298,0.03398926654740608,0.26573426573426573,0.06026962727993655,0.04060663774076298
eos,all,p90,0.76,58,1483,277,22926,0.03763789746917586,0.17313432835820897,0.061833688699360345,0.040492275433857756
eos,all,max,0.86,29,640,306,23769,0.043348281016442454,0.08656716417910448,0.05776892430278885,0.040456334327071984
eos,all,max,0.68,125,3434,210,20975,0.03512222534419781,0.373134328358209,0.06420133538777607,0.04045468121555313
eos,large,p75,0.7,80,2159,250,22250,0.03573023671281822,0.24242424242424243,0.06228104320747372,0.03995859899304422
eos,large,p90,0.8,41,1009,289,23400,0.039047619047619046,0.12424242424242424,0.05942028985507246,0.03993198755517115
eos,large,p75,0.72,69,1841,261,22568,0.03612565445026178,0.20909090909090908,0.06160714285714285,0.03976348524118768
eos,strict,max,0.74,74,2134,212,22324,0.03351449275362319,0.25874125874125875,0.05934242181234965,0.03968888588909288
eos,all,p75,0.7,80,2159,255,22250,0.03573023671281822,0.23880597014925373,0.06216006216006217,0.039538083095917616
eos,all,p90,0.8,41,1009,294,23400,0.039047619047619046,0.12238805970149254,0.0592057761732852,0.039488496717305796
eos,all,p75,0.72,69,1841,266,22568,0.03612565445026178,0.20597014925373133,0.06146993318485523,0.03933939898928566
eos,large,max,0.66,140,3972,190,20437,0.03404669260700389,0.42424242424242425,0.0630346690679874,0.03930891035495302
eos,all,max,0.66,140,3972,195,20437,0.03404669260700389,0.417910447761194,0.062963795817405,0.03890026622290452
eos,strict,p90,0.74,63,1817,223,22641,0.03351063829787234,0.2202797202797203,0.05817174515235457,0.038887631381970975
eos,large,p90,0.82,34,821,296,23588,0.03976608187134503,0.10303030303030303,0.05738396624472574,0.038883373218328035
eos,large,max,0.9,20,402,310,24007,0.04739336492890995,0.06060606060606061,0.05319148936170213,0.03880119669037861
eos,strict,max,0.82,36,965,250,23493,0.03596403596403597,0.1258741258741259,0.055944055944055944,0.038659473060364824
eos,large,max,0.8,47,1218,283,23191,0.03715415019762846,0.14242424242424243,0.05893416927899687,0.03859189947753616
eos,all,p90,0.82,34,821,301,23588,0.03976608187134503,0.10149253731343283,0.05714285714285715,0.03843593785230288
bdpm,large,max,0.78,60,2074,299,58244,0.028116213683223992,0.1671309192200557,0.04813477737665463,0.038394543168904234
eos,all,max,0.9,20,402,315,24007,0.04739336492890995,0.05970149253731343,0.05284015852047556,0.03832404945494844
bdpm,large,max,0.82,24,665,335,59653,0.03483309143686502,0.06685236768802229,0.04580152671755725,0.038320023677384726
eos,large,max,0.88,23,500,307,23909,0.04397705544933078,0.0696969696969697,0.053927315357561546,0.038194674451798694
bdpm,all,max,0.78,60,2074,304,58244,0.028116213683223992,0.16483516483516483,0.04803843074459567,0.03818092909952919
eos,all,max,0.8,47,1218,288,23191,0.03715415019762846,0.14029850746268657,0.05875,0.03815893771366649
bdpm,all,max,0.82,24,665,340,59653,0.03483309143686502,0.06593406593406594,0.045584045584045586,0.03803272966540472
eos,large,max,0.96,12,169,318,24240,0.06629834254143646,0.03636363636363636,0.046966731898238745,0.037874908092995534
eos,large,p90,0.86,23,506,307,23903,0.043478260869565216,0.0696969696969697,0.05355064027939464,0.03774121109322519
eos,all,max,0.88,23,500,312,23909,0.04397705544933078,0.06865671641791045,0.053613053613053616,0.03773066036294492
eos,large,p90,0.68,107,3078,223,21331,0.033594976452119306,0.3242424242424242,0.060881934566145095,0.03761743863699549
eos,strict,max,0.7,95,2905,191,21553,0.03166666666666667,0.3321678321678322,0.0578210590383445,0.03750792282878287
bdpm,large,max,0.76,87,3200,272,57118,0.026467903863705507,0.24233983286908078,0.047723532638507954,0.03745509467986875
eos,all,max,0.96,12,169,323,24240,0.06629834254143646,0.03582089552238806,0.046511627906976744,0.037368520350942326
eos,all,p90,0.64,140,4077,195,20332,0.03319895660422101,0.417910447761194,0.061511423550087874,0.03736414014776833
eos,large,p90,0.64,139,4077,191,20332,0.0329696394686907,0.4212121212121212,0.061152661680598325,0.03733449242873916
eos,all,p90,0.86,23,506,312,23903,0.043478260869565216,0.06865671641791045,0.05324074074074074,0.03728023258324999
bdpm,all,max,0.76,87,3200,277,57118,0.026467903863705507,0.23901098901098902,0.04765817584223501,0.037259728350235534
eos,all,p90,0.68,107,3078,228,21331,0.033594976452119306,0.3194029850746269,0.06079545454545455,0.03720671575907784
bdpm,large,max,0.74,115,4343,244,55975,0.02579632122027815,0.3203342618384401,0.04774756072244135,0.03720373647782529
eos,large,p90,0.84,28,670,302,23739,0.04011461318051576,0.08484848484848485,0.054474708171206226,0.03703109829910018
eos,large,p90,0.78,46,1226,284,23183,0.036163522012578615,0.1393939393939394,0.05742821473158552,0.03702966445092341
bdpm,all,max,0.74,115,4343,249,55975,0.02579632122027815,0.3159340659340659,0.047698050601410205,0.03701727358677855
eos,all,p90,0.78,46,1226,289,23183,0.036163522012578615,0.1373134328358209,0.05724953329184817,0.036601334602267256
eos,all,p90,0.84,28,670,307,23739,0.04011461318051576,0.08358208955223881,0.054211035818005814,0.03658422472786476
eos,large,p75,0.68,90,2611,240,21798,0.03332099222510181,0.2727272727272727,0.059386341141537444,0.03647970542141965
eos,all,max,0.64,150,4466,185,19943,0.03249566724436742,0.44776119402985076,0.0605938194304181,0.0362641743708476
eos,large,p75,0.74,54,1496,276,22913,0.03483870967741935,0.16363636363636364,0.05744680851063829,0.036248524831202535
eos,all,p75,0.68,90,2611,245,21798,0.03332099222510181,0.26865671641791045,0.059288537549407105,0.03606789912102068
eos,strict,p90,0.76,50,1491,236,22967,0.03244646333549643,0.17482517482517482,0.05473453749315819,0.035937235340580354
eos,large,max,0.64,148,4466,182,19943,0.03207628955353273,0.4484848484848485,0.05987055016181231,0.03586573076942998
eos,all,p75,0.74,54,1496,281,22913,0.03483870967741935,0.16119402985074627,0.05729442970822281,0.03582699214146937
eos,large,p90,0.66,119,3556,211,20853,0.03238095238095238,0.3606060606060606,0.05942571785268414,0.0358223665304961
bdpm,large,p90,0.82,20,556,339,59762,0.034722222222222224,0.055710306406685235,0.0427807486631016,0.0357516421465093
bdpm,large,p90,0.74,104,4036,255,56282,0.025120772946859903,0.28969359331476324,0.04623249611024672,0.03573266906779058
eos,strict,p75,0.7,70,2169,216,22289,0.03126395712371594,0.24475524475524477,0.05544554455445544,0.03567854918924351
bdpm,all,p90,0.74,104,4036,260,56282,0.025120772946859903,0.2857142857142857,0.046181172291296625,0.03554574145862089
bdpm,all,p90,0.82,20,556,344,59762,0.034722222222222224,0.054945054945054944,0.04255319148936171,0.03546255509720581
eos,all,p90,0.66,119,3556,216,20853,0.03238095238095238,0.35522388059701493,0.05935162094763092,0.035415252747512095
bdpm,all,max,0.72,141,5589,223,54729,0.024607329842931937,0.3873626373626374,0.04627502461437479,0.03539390290810477
bdpm,large,max,0.8,37,1277,322,59041,0.02815829528158295,0.10306406685236769,0.04423191870890616,0.03526573834969243
bdpm,large,max,0.72,140,5589,219,54729,0.024437074533077325,0.38997214484679665,0.045992115637319315,0.03524926242201692
bdpm,all,max,0.8,37,1277,327,59041,0.02815829528158295,0.10164835164835165,0.04410011918951132,0.03503472723566191
eos,strict,max,0.68,107,3452,179,21006,0.030064624894633324,0.3741258741258741,0.05565669700910274,0.03500854283422893
eos,large,p90,0.9,16,323,314,24086,0.0471976401179941,0.048484848484848485,0.04783258594917787,0.034784108510685974
bdpm,strict,max,0.78,53,2081,257,58291,0.02483598875351453,0.17096774193548386,0.04337152209492635,0.03476039198026201
eos,all,p90,0.62,150,4593,185,19816,0.031625553447185324,0.44776119402985076,0.059078377313903106,0.03466410530217938
eos,all,max,0.62,162,4987,173,19422,0.03146241988735677,0.4835820895522388,0.05908096280087528,0.03453576526689972
bdpm,large,p90,0.78,50,1859,309,58459,0.026191723415400735,0.1392757660167131,0.04409171075837742,0.034474995716169
eos,all,p90,0.9,16,323,319,24086,0.0471976401179941,0.04776119402985075,0.04747774480712167,0.0343262498262983
eos,strict,p75,0.72,59,1851,227,22607,0.030890052356020943,0.2062937062937063,0.05373406193078325,0.03431799356427685
eos,large,p90,0.88,18,393,312,24016,0.043795620437956206,0.05454545454545454,0.04858299595141701,0.034293044001003456
eos,large,p90,0.62,148,4593,182,19816,0.031217042817970893,0.4484848484848485,0.05837112995464406,0.034283857179431755
bdpm,all,p90,0.78,50,1859,314,58459,0.026191723415400735,0.13736263736263737,0.04399472063352398,0.03426419459015489
bdpm,strict,p90,0.82,18,558,292,59814,0.03125,0.05806451612903226,0.040632054176072234,0.03421700307741036
eos,large,max,0.62,160,4987,170,19422,0.031086069555080628,0.48484848484848486,0.058426145700200834,0.03421280772770135
eos,strict,max,0.96,10,171,276,24287,0.055248618784530384,0.03496503496503497,0.042826552462526764,0.034173146222867073
bdpm,large,p90,0.76,74,2906,285,57412,0.024832214765100672,0.20612813370473537,0.044324648098233006,0.03412414721570768
eos,large,p75,0.66,101,3091,229,21318,0.03164160401002506,0.30606060606060603,0.05735377626348665,0.03399695036831884
bdpm,all,p90,0.76,74,2906,290,57412,0.024832214765100672,0.2032967032967033,0.04425837320574163,0.033930044182859276
eos,all,p90,0.88,18,393,317,24016,0.043795620437956206,0.05373134328358209,0.0482573726541555,0.03384435273570084
bdpm,large,p90,0.8,31,1072,328,59246,0.028105167724388033,0.08635097493036212,0.04240766073871409,0.03378177484382899
eos,strict,max,0.84,28,799,258,23659,0.03385731559854897,0.0979020979020979,0.050314465408805034,0.0337170375705836
eos,strict,max,0.66,120,3992,166,20466,0.029182879377431907,0.4195804195804196,0.054570259208731244,0.0336848597107851
eos,strict,p90,0.68,94,3091,192,21367,0.029513343799058084,0.32867132867132864,0.05416306539902046,0.03366520349040156
eos,all,p75,0.66,101,3091,234,21318,0.03164160401002506,0.30149253731343284,0.05727246952083923,0.03359018185190826
bdpm,all,p90,0.8,31,1072,333,59246,0.028105167724388033,0.08516483516483517,0.04226312201772324,0.03354549453957457
bdpm,all,p90,0.72,127,5254,237,55064,0.023601561048132318,0.3489010989010989,0.04421235857267188,0.0333502637688133
eos,strict,max,0.92,14,318,272,24140,0.04216867469879518,0.04895104895104895,0.045307443365695796,0.03330232617273093
bdpm,strict,max,0.82,20,669,290,59703,0.02902757619738752,0.06451612903225806,0.04004004004004004,0.0332274880321364
bdpm,large,p90,0.72,126,5254,233,55064,0.02342007434944238,0.35097493036211697,0.04391008886565604,0.033185277804219274
eos,large,p75,0.64,114,3567,216,20842,0.030969845150774247,0.34545454545454546,0.0568436798803291,0.03317227430059074
eos,large,p75,0.78,36,1002,294,23407,0.03468208092485549,0.10909090909090909,0.05263157894736842,0.0330578512396712
eos,all,p75,0.64,114,3567,221,20842,0.030969845150774247,0.3402985074626866,0.05677290836653387,0.03276756849864835
bdpm,strict,max,0.84,12,313,298,60059,0.036923076923076927,0.03870967741935484,0.03779527559055118,0.03273719286739006
eos,strict,p75,0.68,79,2622,207,21836,0.029248426508700482,0.2762237762237762,0.05289588215600938,0.032675580287340585
eos,all,p75,0.78,36,1002,299,23407,0.03468208092485549,0.10746268656716418,0.05243991260014567,0.032637367115118124
bdpm,large,max,0.84,13,312,346,60006,0.04,0.036211699164345405,0.038011695906432746,0.032572357291125675
eos,strict,max,0.86,23,646,263,23812,0.0343796711509716,0.08041958041958042,0.048167539267015703,0.03250003484192583
eos,large,p75,0.76,42,1220,288,23189,0.03328050713153724,0.12727272727272726,0.052763819095477386,0.03229845281520117
bdpm,all,max,0.84,13,312,351,60006,0.04,0.03571428571428571,0.03773584905660378,0.03225945653866656
bdpm,strict,max,0.76,74,3213,236,57159,0.02251292972315181,0.23870967741935484,0.04114539894356408,0.03210853529157263
bdpm,all,p75,0.72,114,4841,250,55477,0.023007063572149343,0.3131868131868132,0.04286520022560632,0.03204739255836954
eos,strict,max,0.8,39,1226,247,23232,0.0308300395256917,0.13636363636363635,0.05029013539651837,0.03204016405641555
eos,all,p75,0.6,145,4657,190,19752,0.030195751770095793,0.43283582089552236,0.056453182791512554,0.03195041821226625
eos,all,p75,0.76,42,1220,293,23189,0.03328050713153724,0.1253731343283582,0.052598622417031934,0.03188352669110791
bdpm,large,p75,0.72,113,4841,246,55477,0.022809850625756963,0.3147632311977716,0.042537172971955584,0.03185506637510089
eos,strict,p90,0.8,33,1017,253,23441,0.03142857142857143,0.11538461538461539,0.04940119760479042,0.03181106647411693
eos,large,p75,0.82,24,627,306,23782,0.03686635944700461,0.07272727272727272,0.04892966360856269,0.03178835082356879
eos,all,p75,0.62,127,4076,208,20333,0.03021651201522722,0.37910447761194027,0.05597179374173645,0.03168808186314747
eos,large,p75,0.62,126,4076,204,20333,0.029985721085197526,0.38181818181818183,0.05560458958517211,0.03165160817307405
eos,large,p75,0.6,143,4657,187,19752,0.029791666666666668,0.43333333333333335,0.0557504873294347,0.031576346053156915
eos,strict,p90,0.64,118,4099,168,20359,0.027981977709271993,0.4125874125874126,0.05240950477459471,0.031441671445734065
eos,all,p75,0.82,24,627,311,23782,0.03686635944700461,0.07164179104477612,0.0486815415821501,0.03136467655873811
eos,strict,p90,0.66,103,3572,183,20886,0.02802721088435374,0.36013986013986016,0.0520070689219894,0.031229265476595977
eos,large,p75,0.8,29,807,301,23602,0.034688995215311005,0.08787878787878788,0.04974271012006862,0.031211729844095766
eos,strict,p75,0.74,46,1504,240,22954,0.02967741935483871,0.16083916083916083,0.050108932461873645,0.031202119713221774
eos,strict,p75,0.66,90,3102,196,21356,0.02819548872180451,0.3146853146853147,0.05175388154111558,0.0312000141320937
bdpm,strict,p90,0.76,66,2914,244,57458,0.02214765100671141,0.2129032258064516,0.04012158054711246,0.031155424740762272
eos,strict,max,0.94,11,234,275,24224,0.044897959183673466,0.038461538461538464,0.041431261770244816,0.031097035416154405
eos,all,max,0.6,170,5598,165,18811,0.029472954230235784,0.5074626865671642,0.055710306406685235,0.030910360823483404
eos,all,max,0.58,192,6355,143,18054,0.029326409042309456,0.573134328358209,0.05579773321708806,0.03083274882059948
eos,all,p75,0.8,29,807,306,23602,0.034688995215311005,0.08656716417910448,0.04953031596925705,0.03079460838855294
eos,strict,max,0.64,127,4489,159,19969,0.027512998266897747,0.44405594405594406,0.0518155854753162,0.030716211782730395
eos,large,max,0.6,168,5598,162,18811,0.029136316337148804,0.509090909090909,0.05511811023622048,0.030657416702733985
eos,large,max,0.58,190,6355,140,18054,0.029029793735676088,0.5757575757575758,0.05527272727272728,0.03065330384709179
bdpm,strict,max,0.74,95,4363,215,56009,0.021310004486316734,0.3064516129032258,0.0398489932885906,0.030588291882714065
eos,all,p90,0.58,177,5882,158,18527,0.029212741376464763,0.5283582089552239,0.05536440412887081,0.030488070450975617
eos,strict,p90,0.78,38,1234,248,23224,0.029874213836477988,0.13286713286713286,0.04878048780487805,0.03048258165385146
eos,all,p90,0.6,157,5203,178,19206,0.029291044776119404,0.46865671641791046,0.05513608428446006,0.030427010553291174
eos,large,p90,0.58,175,5882,155,18527,0.02889219085355787,0.5303030303030303,0.054798810082981056,0.03026439004858508
bdpm,strict,p90,0.78,43,1866,267,58506,0.022524882137244632,0.13870967741935483,0.03875619648490311,0.030232102431453297
bdpm,strict,max,0.8,31,1283,279,59089,0.02359208523592085,0.1,0.038177339901477834,0.03015979636251141
eos,large,p90,0.6,155,5203,175,19206,0.02892870474057484,0.4696969696969697,0.05450070323488045,0.030127099779710325
eos,all,p75,0.58,159,5308,176,19101,0.029083592463874153,0.4746268656716418,0.05480868665977249,0.030061815216985095
eos,strict,max,0.88,18,505,268,23953,0.03441682600382409,0.06293706293706294,0.04449938195302843,0.030003336927205183
bdpm,strict,max,0.72,119,5611,191,54761,0.020767888307155324,0.38387096774193546,0.03940397350993378,0.03000197153083134
bdpm,large,p75,0.74,83,3668,276,56650,0.022127432684617435,0.23119777158774374,0.040389294403892946,0.029912790849920868
bdpm,all,max,0.7,150,6819,214,53499,0.02152389151958674,0.41208791208791207,0.040910950497749905,0.029849827079851753
bdpm,large,p75,0.78,38,1545,321,58773,0.024005053695514846,0.10584958217270195,0.03913491246138002,0.02977646430354295
eos,large,p75,0.58,157,5308,173,19101,0.028728270814272643,0.47575757575757577,0.05418464193270061,0.02977444804449944
bdpm,large,max,0.7,149,6819,210,53499,0.021383467278989668,0.415041782729805,0.04067148901323871,0.029752947578475568
bdpm,all,p75,0.74,83,3668,281,56650,0.022127432684617435,0.22802197802197802,0.040340218712029155,0.029729580442692683
eos,strict,p90,0.86,18,511,268,23947,0.034026465028355386,0.06293706293706294,0.044171779141104296,0.029611495742098683
eos,strict,p75,0.64,100,3581,186,20877,0.027166530834012496,0.34965034965034963,0.05041593143433325,0.02960075047851255
bdpm,all,p75,0.78,38,1545,326,58773,0.024005053695514846,0.1043956043956044,0.03903441191576785,0.029568744693701215
eos,strict,max,0.62,138,5011,148,19447,0.026801320644785395,0.4825174825174825,0.05078196872125115,0.029528378372091203
bdpm,strict,p90,0.74,86,4054,224,56318,0.02077294685990338,0.27741935483870966,0.038651685393258424,0.029425953973577217
bdpm,all,p90,0.7,142,6519,222,53799,0.02131812040234199,0.3901098901098901,0.040427046263345194,0.02938597634546152
eos,strict,p90,0.62,127,4616,159,19842,0.02677630191861691,0.44405594405594406,0.0505070590574667,0.029344771614738138
bdpm,large,p90,0.7,141,6519,218,53799,0.02117117117117117,0.39275766016713093,0.04017666334235646,0.029277467877080576
eos,strict,max,0.9,15,407,271,24051,0.035545023696682464,0.05244755244755245,0.042372881355932195,0.02899376803225728
bdpm,all,max,0.68,177,8300,187,52018,0.020880028311902797,0.48626373626373626,0.04004071937563625,0.028869778445852496
eos,all,p90,0.56,190,6524,145,17885,0.02829907655644921,0.5671641791044776,0.053908355795148244,0.028862288617519223
eos,strict,p90,0.82,26,829,260,23629,0.0304093567251462,0.09090909090909091,0.0455740578439965,0.028749729129099587
eos,large,p90,0.56,188,6524,142,17885,0.02800953516090584,0.5696969696969697,0.05339392218119852,0.028695271665771575
bdpm,all,p90,0.68,169,7953,195,52365,0.02080768283673972,0.4642857142857143,0.03983030874381334,0.02867722344928982
bdpm,large,max,0.68,175,8300,184,52018,0.02064896755162242,0.48746518105849584,0.039619651347068144,0.028591966486009007
eos,all,max,0.56,202,7008,133,17401,0.028016643550624134,0.6029850746268657,0.0535453943008615,0.028405350451587565
bdpm,large,p90,0.68,167,7953,192,52365,0.020566502463054186,0.46518105849582175,0.0393914376695365,0.028380919117560303
eos,all,p75,0.56,172,5948,163,18461,0.028104575163398694,0.5134328358208955,0.05329202168861348,0.02834774388113931
bdpm,large,p75,0.76,57,2550,302,57768,0.02186421173762946,0.15877437325905291,0.03843560350640594,0.028329370567659346
eos,large,max,0.56,200,7008,130,17401,0.02774694783573807,0.6060606060606061,0.053064473335102155,0.02827520407697581
eos,large,p75,0.84,19,512,311,23897,0.035781544256120526,0.05757575757575758,0.044134727061556335,0.02814449136768221
bdpm,all,p75,0.76,57,2550,307,57768,0.02186421173762946,0.1565934065934066,0.038370918882531135,0.028140025261519895
bdpm,all,p75,0.7,128,6048,236,54270,0.02072538860103627,0.3516483516483517,0.03914373088685015,0.0281332123328132
eos,large,p75,0.56,170,5948,160,18461,0.02778685845047401,0.5151515151515151,0.05272952853598015,0.02812839418409171
bdpm,large,p75,0.7,127,6048,232,54270,0.0205668016194332,0.35376044568245124,0.03887358432812978,0.02800375404049524
eos,strict,p75,0.6,125,4677,161,19781,0.02603082049146189,0.4370629370629371,0.049135220125786166,0.027927208030795334
bdpm,strict,p90,0.72,106,5275,204,55097,0.019698940717338784,0.3419354838709677,0.037251801089439464,0.027860302714484253
eos,all,p75,0.84,19,512,316,23897,0.035781544256120526,0.056716417910447764,0.04387990762124712,0.027737622822203115
bdpm,strict,p90,0.8,25,1078,285,59294,0.022665457842248413,0.08064516129032258,0.035385704175513094,0.02763044157424934
eos,strict,p75,0.62,109,4094,177,20364,0.025933856768974542,0.3811188811188811,0.04856315437736689,0.027514762353031567
bdpm,all,max,0.66,197,9683,167,50635,0.019939271255060727,0.5412087912087912,0.038461538461538464,0.027205646679236254
eos,all,p90,0.54,203,7219,132,17190,0.027351118296955,0.6059701492537314,0.052339822096171204,0.027134940581965777
eos,all,p75,0.54,186,6601,149,17808,0.027405333726241345,0.5552238805970149,0.052232518955349624,0.027128915198588368
bdpm,all,p90,0.66,190,9356,174,50962,0.019903624554787346,0.521978021978022,0.038345105953582245,0.02710199277355682
eos,strict,p90,0.88,14,397,272,24061,0.0340632603406326,0.04895104895104895,0.04017216642754663,0.026907718060445618
eos,all,max,0.54,216,7731,119,16678,0.027180067950169876,0.6447761194029851,0.052161313692344835,0.02687763058497272
eos,strict,max,0.6,146,5622,140,18836,0.025312066574202496,0.5104895104895105,0.04823257350512058,0.026798146195435274
bdpm,large,max,0.66,194,9683,165,50635,0.019641591576389592,0.5403899721448467,0.03790543180930051,0.026793226844033076
eos,large,p90,0.54,200,7219,130,17190,0.02695781102574471,0.6060606060606061,0.05161956381468577,0.026760707772022774
bdpm,strict,p75,0.72,95,4860,215,55512,0.01917255297679112,0.3064516129032258,0.03608736942070276,0.026728767519157384
eos,strict,p90,0.84,21,677,265,23781,0.03008595988538682,0.07342657342657342,0.042682926829268296,0.02672329849796723
bdpm,all,p75,0.68,151,7462,213,52856,0.019834493629318273,0.41483516483516486,0.037858844177008896,0.026715188695599905
eos,large,p75,0.54,183,6601,147,17808,0.026975235849056603,0.5545454545454546,0.05144784931121732,0.026685785448835115
bdpm,large,p90,0.66,187,9356,172,50962,0.019595515037200043,0.520891364902507,0.037770147444960614,0.02667016268011925
bdpm,large,p75,0.68,150,7462,209,52856,0.01970572779821335,0.4178272980501393,0.03763643206624013,0.02663723345948458
eos,large,max,0.54,213,7731,117,16678,0.026812688821752265,0.6454545454545455,0.05148658448150834,0.02655222769811722
bdpm,all,max,0.64,218,10954,146,49364,0.019513068385248838,0.5989010989010989,0.03779472954230236,0.026484009257737695
eos,strict,p90,0.9,12,327,274,24131,0.035398230088495575,0.04195804195804196,0.038400000000000004,0.026189875615962588
bdpm,all,max,0.62,241,12277,123,48041,0.01925227672152101,0.6620879120879121,0.03741655022512032,0.026062409465524253
eos,large,p75,0.86,15,398,315,24011,0.03631961259079903,0.045454545454545456,0.040376850605652756,0.025932025170285537
eos,strict,p75,0.58,136,5331,150,19127,0.02487653191878544,0.4755244755244755,0.04727968016686946,0.025880705368172538
eos,strict,max,0.58,162,6385,124,18073,0.024744157629448604,0.5664335664335665,0.04741694716815455,0.025840135309759336
bdpm,large,max,0.64,213,10954,146,49364,0.01907405749082117,0.5933147632311978,0.03695991671004685,0.025791017429735122
bdpm,all,p90,0.64,208,10644,156,49674,0.01916697382970881,0.5714285714285714,0.037089871611982884,0.02578151110842259
eos,strict,p90,0.6,133,5227,153,19231,0.024813432835820895,0.46503496503496505,0.04711300035423309,0.02573197708315447
eos,strict,p75,0.76,34,1228,252,23230,0.02694136291600634,0.11888111888111888,0.04392764857881137,0.025563617840185942
eos,all,p75,0.86,15,398,320,24011,0.03631961259079903,0.04477611940298507,0.04010695187165775,0.025538342287828177
bdpm,strict,p75,0.78,32,1551,278,58821,0.02021478205938092,0.1032258064516129,0.03380876914949815,0.02548247483882413
bdpm,large,max,0.62,236,12277,123,48041,0.01886038519939263,0.6573816155988857,0.036668738346799255,0.025458467386070372
eos,strict,p90,0.58,149,5910,137,18548,0.024591516751939265,0.5209790209790209,0.04696611505122143,0.02545325646153248
bdpm,all,p75,0.66,173,8899,191,51419,0.019069664902998235,0.47527472527472525,0.03666807969478593,0.025427184579506976
bdpm,strict,p75,0.76,50,2557,260,57815,0.019179133103183737,0.16129032258064516,0.03428179636612959,0.02538219101880576
bdpm,strict,max,0.7,127,6842,183,53530,0.01822356148658344,0.4096774193548387,0.03489490314603654,0.025360920223835126
bdpm,strict,p75,0.74,70,3681,240,56691,0.018661690215942415,0.22580645161290322,0.034474267421817285,0.025275540158946716
bdpm,all,max,0.6,257,13475,107,46843,0.018715409263035245,0.7060439560439561,0.03646424517593643,0.025070072440710342
bdpm,large,p90,0.64,203,10644,156,49674,0.018714852032820136,0.5654596100278552,0.03623059075495271,0.025063613138426442
bdpm,large,mean,0.74,62,3087,297,57231,0.019688790092092727,0.17270194986072424,0.03534777651083238,0.02499106170836086
bdpm,strict,max,0.68,152,8325,158,52047,0.01793087177067359,0.49032258064516127,0.03459656310458632,0.02498610331886108
bdpm,large,p75,0.66,170,8899,189,51419,0.018745175873855994,0.4735376044568245,0.03606279168434451,0.02496438456942225
bdpm,all,p75,0.62,219,11496,145,48822,0.018693982074263763,0.6016483516483516,0.03626127990727709,0.024915745732499744
eos,all,max,0.52,235,8762,100,15647,0.026119817717016783,0.7014925373134329,0.0503643377625375,0.02490935086970379
bdpm,all,p75,0.64,195,10211,169,50107,0.01873918892946377,0.5357142857142857,0.0362116991643454,0.024908931778601102
eos,all,p75,0.52,202,7510,133,16899,0.026192946058091287,0.6029850746268657,0.0502050453585187,0.024901199253853243
eos,strict,p75,0.82,19,632,267,23826,0.029185867895545316,0.06643356643356643,0.040554962646744935,0.02489396721728953
eos,large,p90,0.92,10,222,320,24187,0.04310344827586207,0.030303030303030304,0.03558718861209964,0.024847642193963276
bdpm,all,mean,0.74,62,3087,302,57231,0.019688790092092727,0.17032967032967034,0.03529746655280387,0.02481037459023307
bdpm,all,p90,0.6,250,13199,114,47119,0.01858874265744665,0.6868131868131868,0.036197784695576635,0.024806723810105395
bdpm,strict,p90,0.68,145,7977,165,52395,0.01785274562915538,0.46774193548387094,0.03439278937381404,0.024795247854420686
bdpm,all,p90,0.62,227,11974,137,48344,0.018605032374395543,0.6236263736263736,0.036132113012335855,0.024771260584985088
bdpm,large,mean,0.72,82,4192,277,56126,0.01918577445016378,0.22841225626740946,0.03539823008849557,0.024752203675880196
eos,large,max,0.52,232,8762,98,15647,0.02579497442739604,0.703030303030303,0.04976404976404975,0.024664469509500752
eos,strict,p75,0.78,28,1010,258,23448,0.02697495183044316,0.0979020979020979,0.04229607250755287,0.024619023282012435
bdpm,strict,p90,0.7,119,6542,191,53830,0.017865185407596455,0.38387096774193546,0.03414144312150336,0.024618954419792057
bdpm,all,mean,0.72,82,4192,282,56126,0.01918577445016378,0.22527472527472528,0.03536006899525658,0.024576350362805355
eos,large,mean,0.7,48,1689,282,22720,0.027633851468048358,0.14545454545454545,0.04644412191582002,0.024575840973951234
bdpm,all,mean,0.68,128,6683,236,53635,0.018793128762296284,0.3516483516483517,0.0356794425087108,0.024570923426564358
eos,large,p75,0.52,199,7510,131,16899,0.025813983655467634,0.603030303030303,0.04950864535389974,0.0245534314221049
eos,all,p90,0.52,217,8139,118,16270,0.025969363331737674,0.6477611940298508,0.04993671614313657,0.024542072692083194
bdpm,large,max,0.6,252,13475,107,46843,0.018357980622131564,0.7019498607242339,0.03578020729802641,0.02453152811249356
eos,strict,p75,0.84,16,515,270,23943,0.030131826741996232,0.055944055944055944,0.03916768665850673,0.024511508470520763
bdpm,all,p75,0.6,240,12770,124,47548,0.018447348193697154,0.6593406593406593,0.03589053387169134,0.024506084348751355
bdpm,all,p90,0.58,270,14404,94,45914,0.018399890963609104,0.7417582417582418,0.03590903045617768,0.024489137392291537
eos,all,p90,0.92,10,222,325,24187,0.04310344827586207,0.029850746268656716,0.03527336860670194,0.02446518799216646
bdpm,large,mean,0.68,127,6683,232,53635,0.018649045521292217,0.35376044568245124,0.03543032501046171,0.024464738959906068
bdpm,large,max,0.86,6,84,353,60234,0.06666666666666667,0.016713091922005572,0.026726057906458798,0.024412060139914187
eos,strict,p90,0.56,161,6553,125,17905,0.023979743818885912,0.5629370629370629,0.046000000000000006,0.02436806210245904
bdpm,large,p75,0.8,21,908,338,59410,0.022604951560818085,0.0584958217270195,0.03260869565217392,0.02428099783088055
bdpm,large,p75,0.62,214,11496,145,48822,0.018274978650725877,0.596100278551532,0.035462755820697654,0.024260125493924787
bdpm,large,p90,0.6,245,13199,114,47119,0.0182237429336507,0.6824512534818942,0.03549952908787945,0.02425367919780108
eos,large,p90,0.52,214,8139,116,16270,0.025619537890578234,0.6484848484848484,0.049291719451802364,0.0242494739155176
eos,all,mean,0.7,48,1689,287,22720,0.027633851468048358,0.14328358208955225,0.04633204633204632,0.024181522538179602
bdpm,large,p75,0.64,190,10211,169,50107,0.018267474281319102,0.5292479108635098,0.03531598513011152,0.024153921593729998
bdpm,large,p90,0.62,222,11974,137,48344,0.018202689406362743,0.6183844011142061,0.03536439665471924,0.02414717331011558
bdpm,all,mean,0.66,153,8143,211,52175,0.018442622950819672,0.42032967032967034,0.03533487297921478,0.02411936249256532
bdpm,all,max,0.86,6,84,358,60234,0.06666666666666667,0.016483516483516484,0.02643171806167401,0.02411080614295568
bdpm,all,max,0.58,272,14679,92,45639,0.018192763025884556,0.7472527472527473,0.03552073130917401,0.02409105231179545
bdpm,all,p75,0.8,21,908,343,59410,0.022604951560818085,0.057692307692307696,0.03248259860788864,0.02407044581591844
bdpm,large,p90,0.58,265,14404,94,45914,0.01806530779194219,0.7381615598885793,0.03526750066542454,0.02399417440354398
bdpm,large,p75,0.6,235,12770,124,47548,0.018069973087274125,0.6545961002785515,0.035169111044597426,0.02392939164938085
eos,strict,max,0.56,171,7039,115,17419,0.023717059639389738,0.5979020979020979,0.04562433297758805,0.023921493498807806
eos,strict,p75,0.86,13,400,273,24058,0.031476997578692496,0.045454545454545456,0.03719599427753934,0.02386355776320954
bdpm,all,p75,0.58,258,14004,106,46314,0.01809002944888515,0.7087912087912088,0.035279638999042795,0.023860370065127808
bdpm,large,mean,0.66,151,8143,208,52175,0.018205931999035446,0.4206128133704735,0.03490119033861089,0.023829257097847296
bdpm,all,mean,0.7,101,5357,263,54961,0.018504946866984243,0.2774725274725275,0.03469598076262453,0.02371581037039185
eos,strict,p75,0.56,145,5975,141,18483,0.02369281045751634,0.506993006993007,0.045270059319388066,0.023709010105089
bdpm,all,p75,0.56,280,15313,84,45005,0.017956775476175208,0.7692307692307693,0.03509431597418061,0.023648250233760243
bdpm,large,max,0.58,267,14679,92,45639,0.017864311521477317,0.7437325905292479,0.034890558640967004,0.023607773940063453
bdpm,all,p90,0.56,286,15685,78,44633,0.01790745726629516,0.7857142857142857,0.03501683501683502,0.02356359326181714
bdpm,large,mean,0.7,100,5357,259,54961,0.01832508704416346,0.2785515320334262,0.034387895460797804,0.02354659390605855
bdpm,strict,max,0.66,169,9711,141,50661,0.017105263157894738,0.5451612903225806,0.03316977428851816,0.02349616556999252
bdpm,strict,p75,0.7,107,6069,203,54303,0.017325129533678756,0.34516129032258064,0.03299414122725871,0.023493845348714303
bdpm,all,p90,0.54,304,16730,60,43588,0.017846659621932607,0.8351648351648352,0.03494654557995172,0.023476329899046036
bdpm,all,p75,0.54,297,16343,67,43975,0.01784855769230769,0.8159340659340659,0.03493295695130558,0.023468326698445594
bdpm,all,max,0.56,290,15961,74,44357,0.017845055688880684,0.7967032967032966,0.03490821546795064,0.023449232776634354
bdpm,all,mean,0.64,173,9433,191,50885,0.018009577347491153,0.47527472527472525,0.03470411233701104,0.023415810693067158
bdpm,strict,p90,0.66,163,9383,147,50989,0.017075214749633354,0.5258064516129032,0.0330762987012987,0.0234121443452165
bdpm,large,p75,0.58,253,14004,106,46314,0.017745668794276494,0.7047353760445683,0.034619594964422545,0.023346570782980813
bdpm,all,max,0.54,307,16965,57,43353,0.017774432607688746,0.8434065934065934,0.03481515082785212,0.02334002590904312
bdpm,large,p75,0.56,275,15313,84,45005,0.0176417757249166,0.766016713091922,0.03448924562613657,0.023190726610161933
bdpm,large,p90,0.56,281,15685,78,44633,0.017599899787047475,0.7827298050139275,0.03442572741194487,0.023120369054057184
bdpm,large,p90,0.54,299,16730,60,43588,0.01755828292912091,0.8328690807799443,0.03439153439153439,0.0230700523752573
eos,large,mean,0.68,56,2069,274,22340,0.02635294117647059,0.1696969696969697,0.045621181262729134,0.02306131397281444
bdpm,large,p75,0.54,292,16343,67,43975,0.017553351367598436,0.8133704735376045,0.03436507002471461,0.023048876340985906
bdpm,strict,max,0.64,188,10984,122,49388,0.016827783745076978,0.6064516129032258,0.032746908204145615,0.023034556734902206
bdpm,large,max,0.56,285,15961,74,44357,0.01754277976117198,0.7938718662952646,0.03432700993676603,0.023016158611650746
bdpm,large,max,0.54,302,16965,57,43353,0.017490009845369782,0.841225626740947,0.034267559287416316,0.022941362694582423
eos,strict,p90,0.54,172,7250,114,17208,0.023174346537321477,0.6013986013986014,0.044628956927867156,0.02287924013942202
eos,large,mean,0.66,66,2482,264,21927,0.025902668759811617,0.2,0.04586518415566365,0.022783841492263777
bdpm,strict,max,0.86,5,85,305,60287,0.05555555555555555,0.016129032258064516,0.024999999999999998,0.022753437667733366
bdpm,all,mean,0.58,237,13275,127,47043,0.017539964476021314,0.6510989010989011,0.034159700201787255,0.02274313214927868
bdpm,strict,p75,0.68,128,7485,182,52887,0.016813345593064494,0.4129032258064516,0.03231099331061466,0.022716578105707434
eos,all,mean,0.68,56,2069,279,22340,0.02635294117647059,0.16716417910447762,0.04552845528455285,0.022668756389148396
eos,strict,max,0.54,183,7764,103,16694,0.023027557568893922,0.6398601398601399,0.044455241102878656,0.02264689574221968
bdpm,all,mean,0.54,278,15671,86,44647,0.017430559909712207,0.7637362637362637,0.034083246490529025,0.02261928067037806
bdpm,large,mean,0.64,168,9433,191,50885,0.01749817727320071,0.467966573816156,0.033734939759036145,0.02258593607229018
bdpm,all,mean,0.56,258,14567,106,45751,0.017403035413153457,0.7087912087912088,0.033971953387319766,0.02252625988540434
eos,strict,p75,0.54,156,6631,130,17827,0.022985118609105643,0.5454545454545454,0.044111409585748614,0.02242690251278796
eos,all,mean,0.66,66,2482,269,21927,0.025902668759811617,0.19701492537313434,0.04578563995837669,0.022390530765912006
eos,strict,p75,0.8,22,814,264,23644,0.02631578947368421,0.07692307692307693,0.0392156862745098,0.02237689161817968
bdpm,all,p75,0.52,305,17425,59,42893,0.017202481669486746,0.8379120879120879,0.03371283298330938,0.02221840132093353
bdpm,large,mean,0.58,232,13275,127,47043,0.017176278966461834,0.6462395543175488,0.03346314726669551,0.022192170397372122
bdpm,strict,p90,0.64,178,10674,132,49698,0.016402506450423886,0.5741935483870968,0.031893925819745574,0.02218081995914155
bdpm,large,mean,0.54,273,15671,86,44647,0.017122428499749123,0.7604456824512534,0.03349076857020181,0.02217481069939722
bdpm,all,mean,0.52,293,16801,71,43517,0.01714051714051714,0.804945054945055,0.03356627334173445,0.02207879870899097
bdpm,large,mean,0.56,253,14567,106,45751,0.017071524966261808,0.7047353760445683,0.033335529349759536,0.02203684490283022
eos,all,max,0.5,253,10037,82,14372,0.024586977648202137,0.755223880597015,0.0476235294117647,0.021976284584980077
eos,large,p75,0.88,11,296,319,24113,0.035830618892508145,0.03333333333333333,0.03453689167974882,0.021961641727829943
eos,all,p75,0.5,214,8476,121,15933,0.024626006904487917,0.6388059701492538,0.04742382271468144,0.021923222109472073
bdpm,strict,max,0.62,203,12315,107,48057,0.01621664802684135,0.6548387096774193,0.031649516682257565,0.021897551423522923
bdpm,all,mean,0.6,210,12062,154,48256,0.01711212516297262,0.5769230769230769,0.0332383665716999,0.021841473662321996
bdpm,large,p75,0.52,300,17425,59,42893,0.01692524682651622,0.8356545961002786,0.03317850033178501,0.02183349043935918
bdpm,all,p90,0.52,308,17817,56,42501,0.016993103448275863,0.8461538461538461,0.03331710746930607,0.021812864834935025
bdpm,large,mean,0.52,288,16801,71,43517,0.016852946339750718,0.8022284122562674,0.03301237964236589,0.021673895866566865
bdpm,all,max,0.52,311,18073,53,42245,0.016916884247171454,0.8543956043956044,0.0331768721997013,0.021667730468019515
bdpm,large,p75,0.82,11,417,348,59901,0.02570093457943925,0.03064066852367688,0.02795425667090216,0.021658326043400834
eos,all,p90,0.48,244,9743,91,14666,0.02443176128967658,0.7283582089552239,0.04727765936833947,0.021646279219408524
eos,large,max,0.5,249,10037,81,14372,0.02420766089830838,0.7545454545454545,0.04691032403918614,0.021619965479737237
eos,all,p75,0.88,11,296,324,24113,0.035830618892508145,0.03283582089552239,0.034267912772585674,0.02159942010048186
eos,all,max,0.48,257,10283,78,14126,0.024383301707779886,0.7671641791044777,0.04726436781609195,0.021587731443670957
eos,large,mean,0.72,37,1366,293,23043,0.026372059871703494,0.11212121212121212,0.04270051933064051,0.021567986254559825
bdpm,strict,p75,0.8,18,911,292,59461,0.0193756727664155,0.05806451612903226,0.029055690072639223,0.021560021068767872
eos,all,p90,0.5,230,9194,105,15215,0.02440577249575552,0.6865671641791045,0.04713597704682857,0.021551724871099312
bdpm,strict,p75,0.62,188,11527,122,48845,0.01604780196329492,0.6064516129032258,0.03126819126819126,0.02152868119087081
bdpm,all,mean,0.5,306,17866,58,42452,0.016839093110279552,0.8406593406593407,0.0330168321104877,0.021508423001991454
bdpm,strict,p75,0.66,146,8926,164,51446,0.01609347442680776,0.47096774193548385,0.031123427840545725,0.02145580135476491
bdpm,large,p90,0.52,303,17817,56,42501,0.016721854304635762,0.8440111420612814,0.03279398235835272,0.021439489066396523
bdpm,all,p75,0.82,11,417,353,59901,0.02570093457943925,0.03021978021978022,0.02777777777777778,0.021433525953450255
eos,large,p75,0.5,210,8476,120,15933,0.02417683628827999,0.6363636363636364,0.046583850931677016,0.021432667146660235
bdpm,strict,p90,0.62,195,12006,115,48366,0.01598229653307106,0.6290322580645161,0.031172568140036765,0.021421983385123692
eos,all,p75,0.48,222,8911,113,15498,0.02430745647651374,0.6626865671641791,0.04689480354879594,0.021332785102852695
bdpm,large,max,0.52,306,18073,53,42245,0.01664943685728277,0.8523676880222841,0.03266090297790586,0.021301701029252877
bdpm,strict,p75,0.82,10,418,300,59954,0.02336448598130841,0.03225806451612903,0.027100271002710022,0.021301067820806735
bdpm,all,mean,0.62,185,10779,179,49539,0.01687340386720175,0.5082417582417582,0.032662429378531074,0.021298261534230555
bdpm,strict,p75,0.64,166,10240,144,50132,0.015952335191235824,0.535483870967742,0.030981709593131762,0.02127112623403849
eos,large,p90,0.48,240,9743,90,14666,0.024040869478112792,0.7272727272727273,0.04654319790555609,0.021267577539536526
eos,large,max,0.48,253,10283,77,14126,0.024012908124525438,0.7666666666666667,0.046567274065893616,0.021248642224053076
bdpm,large,mean,0.6,205,12062,154,48256,0.016711502404825957,0.5710306406685237,0.03247267543164898,0.02121994184984206
bdpm,all,p75,0.5,314,18509,50,41809,0.01668171917335175,0.8626373626373627,0.032730494605722624,0.021210760738989896
eos,large,mean,0.64,74,2906,256,21503,0.024832214765100672,0.22424242424242424,0.044712990936555896,0.021203541723156093
eos,all,mean,0.72,37,1366,298,23043,0.026372059871703494,0.11044776119402985,0.0425776754890679,0.021182567138496197
eos,all,p75,0.46,232,9354,103,15055,0.024201961193407052,0.6925373134328359,0.0467694788831771,0.021160130925370384
eos,strict,max,0.52,200,8797,86,15661,0.022229632099588753,0.6993006993006993,0.04308951847463105,0.021159064846318607
eos,all,mean,0.54,141,5627,194,18782,0.02444521497919556,0.4208955223880597,0.046206783549074225,0.02115724628726312
eos,strict,max,0.98,6,130,280,24328,0.04411764705882353,0.02097902097902098,0.02843601895734597,0.021143600803382488
bdpm,large,mean,0.5,301,17866,58,42452,0.016568503330214125,0.8384401114206128,0.03249487207168304,0.021136289786210207
eos,large,p90,0.5,226,9194,104,15215,0.02399150743099788,0.6848484848484848,0.04635897435897436,0.021128002040954406
bdpm,strict,p90,0.6,212,13237,98,47135,0.01576325377351476,0.6838709677419355,0.03081619303728469,0.02103931546284594
bdpm,strict,max,0.6,216,13516,94,46856,0.015729682493445966,0.6967741935483871,0.030764848312206237,0.020982864890166427
bdpm,all,max,0.5,322,19131,42,41187,0.016552716804605974,0.8846153846153846,0.032497350759448956,0.020967672105689228
bdpm,strict,mean,0.74,52,3097,258,57275,0.01651317878691648,0.16774193548387098,0.03006649320612894,0.020959932907410668
eos,strict,p90,0.52,185,8171,101,16287,0.022139779798946865,0.6468531468531469,0.042814163388104606,0.020930304820265793
bdpm,strict,p90,0.58,230,14444,80,45928,0.01567398119122257,0.7419354838709677,0.030699412706887346,0.020902744789242228
eos,large,p75,0.48,218,8911,112,15498,0.023879943038667983,0.6606060606060606,0.04609366740670261,0.020883594361375244
eos,all,mean,0.58,112,4467,223,19942,0.024459488971391132,0.33432835820895523,0.04558404558404558,0.02087951979650728
eos,large,mean,0.58,111,4467,219,19942,0.024246395806028834,0.33636363636363636,0.045232273838630814,0.020866803203296567
bdpm,large,p75,0.5,309,18509,50,41809,0.01642044850674886,0.8607242339832869,0.032226104187307716,0.020856655227620664
eos,all,mean,0.64,74,2906,261,21503,0.024832214765100672,0.2208955223880597,0.04464555052790347,0.020811158249130372
eos,all,max,0.46,259,10549,76,13860,0.023963730569948185,0.7731343283582089,0.04648658350533968,0.020768811705104067
bdpm,strict,mean,0.68,108,6703,202,53669,0.01585670239318749,0.34838709677419355,0.0303328184243786,0.020763315651699112
eos,large,p75,0.46,228,9354,102,15055,0.023794614902943018,0.6909090909090909,0.04600484261501211,0.020749666807384645
eos,strict,p90,0.92,8,224,278,24234,0.034482758620689655,0.027972027972027972,0.030888030888030892,0.020749426395033577
eos,all,p90,0.46,250,10184,85,14225,0.023960130343109065,0.746268656716418,0.0464295663478503,0.02073868827305291
bdpm,strict,p75,0.6,203,12807,107,47565,0.015603382013835512,0.6548387096774193,0.030480480480480483,0.020707721110611102
eos,strict,p75,0.52,170,7542,116,16916,0.022043568464730292,0.5944055944055944,0.04251062765691423,0.02068153490849326
bdpm,all,p90,0.5,315,18893,49,41425,0.01639941690962099,0.8653846153846154,0.032188841201716736,0.020658219718774736
bdpm,large,max,0.5,317,19131,42,41187,0.01629987659399424,0.883008356545961,0.032008885747463016,0.02062990329272727
bdpm,strict,p75,0.56,242,15351,68,45021,0.015519784518694285,0.7806451612903226,0.030434509212098344,0.020623079687517212
bdpm,large,mean,0.62,180,10779,179,49539,0.01642485628250753,0.5013927576601671,0.03180773988337162,0.020585798957804078
eos,large,mean,0.54,138,5627,192,18782,0.02393755420641804,0.41818181818181815,0.045283018867924525,0.020567956829024268
eos,all,p75,0.44,238,9743,97,14666,0.023845306081554954,0.7104477611940299,0.04614191547111283,0.020480494181814583
eos,large,mean,0.56,124,5052,206,19357,0.023956723338485315,0.37575757575757573,0.04504177261169633,0.020475738363945836
bdpm,strict,max,0.58,231,14720,79,45652,0.015450471540365192,0.7451612903225806,0.030273245527816,0.020468474168838065
eos,large,max,0.46,255,10549,75,13860,0.023602369492780453,0.7727272727272727,0.04580564038081552,0.020447172173512197
eos,all,mean,0.56,125,5052,210,19357,0.024145257871354065,0.373134328358209,0.045355587808417995,0.02044389926242888
eos,all,p90,0.44,257,10547,78,13862,0.02378748611625324,0.7671641791044777,0.04614417811293653,0.020417465172088006
bdpm,strict,p75,0.58,220,14042,90,46330,0.01542560650680129,0.7096774193548387,0.030194894317869887,0.020399040974893118
eos,large,p90,0.46,246,10184,84,14225,0.023585810162991373,0.7454545454545455,0.045724907063197026,0.020391932615689664
bdpm,strict,p75,0.54,256,16384,54,43988,0.015384615384615385,0.8258064516129032,0.030206489675516222,0.02038057905818391
bdpm,strict,mean,0.66,129,8167,181,52205,0.015549662487945998,0.4161290322580645,0.029979084359749015,0.02033015907465429
eos,all,p90,0.42,264,10862,71,13547,0.023728204206363474,0.7880597014925373,0.04606927842247623,0.020317526656846458
bdpm,large,p90,0.5,310,18893,49,41425,0.0161433109409988,0.8635097493036211,0.03169410080768837,0.0203140804857436
eos,all,max,0.44,262,10787,73,13622,0.02371255317223278,0.7820895522388059,0.04602951510892481,0.02028207624168548
bdpm,strict,p90,0.56,245,15726,65,44646,0.015340304301546552,0.7903225806451613,0.030096431423131256,0.02027700459143444
bdpm,strict,p90,0.54,260,16774,50,43598,0.01526359046612657,0.8387096774193549,0.029981549815498155,0.02014915857292886
bdpm,strict,max,0.56,248,16003,62,44369,0.015260599347732447,0.8,0.029949882253487103,0.02012571615469135
eos,large,p75,0.44,234,9743,96,14666,0.023453944071364138,0.7090909090909091,0.045406034733676146,0.020100768658048704
eos,strict,mean,0.7,40,1697,246,22761,0.023028209556706966,0.13986013986013987,0.039545229856648545,0.020095489221446314
eos,large,p90,0.44,253,10547,77,13862,0.023425925925925926,0.7666666666666667,0.04546271338724169,0.02009541749151142
bdpm,strict,max,0.54,263,17009,47,43363,0.015226956924502084,0.8483870967741935,0.029916960527812536,0.020081467651891508
bdpm,all,mean,0.48,309,18898,55,41420,0.01608788462539699,0.8489010989010989,0.031577333810229424,0.020039438057988412
eos,large,p90,0.42,260,10862,70,13547,0.02337709045135767,0.7878787878787878,0.045406915822563745,0.020015761974102174
eos,large,max,0.44,258,10787,72,13622,0.02335898596650068,0.7818181818181819,0.04536263736263737,0.0199755414145649
eos,all,max,0.42,267,11086,68,13323,0.023518012860036994,0.7970149253731343,0.04568788501026694,0.019910365348304017
bdpm,strict,mean,0.72,67,4207,243,56165,0.0156761815629387,0.2161290322580645,0.02923211169284468,0.019895395848802722
bdpm,all,p90,0.48,324,19925,40,40393,0.01600079016247716,0.8901098901098901,0.031436472129238835,0.019885711312669137
bdpm,all,p75,0.48,318,19555,46,40763,0.016001610224928294,0.8736263736263736,0.03142758313979345,0.019880620236713085
bdpm,strict,mean,0.64,146,9460,164,50912,0.015198834062044555,0.47096774193548385,0.02944735780556676,0.019745007961097773
bdpm,large,mean,0.48,304,18898,55,41420,0.015831684199562546,0.8467966573816156,0.03108225550840959,0.019695055482252585
eos,large,max,0.42,263,11086,67,13323,0.02317384791611596,0.796969696969697,0.04503810257727545,0.019622100039276943
bdpm,all,max,0.48,325,20163,39,40155,0.015862944162436547,0.8928571428571429,0.031172069825436407,0.019615746891978904
eos,all,p75,0.4,254,10614,81,13795,0.023371365476628634,0.7582089552238805,0.045344996875836825,0.019592045021968152
bdpm,strict,mean,0.58,203,13309,107,47063,0.015023682652457074,0.6548387096774193,0.02937346259586167,0.019580992051385557
bdpm,large,mean,0.78,23,1227,336,59091,0.0184,0.06406685236768803,0.028589185829707896,0.019576211101553716
bdpm,large,p90,0.48,319,19925,40,40393,0.0157577553843114,0.8885793871866295,0.03096636412172984,0.019566906932048385
bdpm,large,p75,0.48,313,19555,46,40763,0.015753976243205153,0.871866295264624,0.030948731893014288,0.019552869386408683
bdpm,strict,mean,0.56,222,14603,88,45769,0.014974704890387859,0.7161290322580646,0.029335976214073342,0.019523439472564432
eos,all,p90,0.4,267,11183,68,13226,0.02331877729257642,0.7970149253731343,0.045311837081035214,0.019517727447125925
eos,large,p90,0.94,7,159,323,24250,0.04216867469879518,0.021212121212121213,0.028225806451612906,0.01947095728438634
bdpm,strict,mean,0.54,238,15711,72,44661,0.01492256567809894,0.7677419354838709,0.02927609324066671,0.019448621928307538
bdpm,all,mean,0.78,23,1227,341,59091,0.0184,0.06318681318681318,0.028500619578686492,0.019389441375838035
eos,all,p75,0.42,243,10201,92,14208,0.023266947529682114,0.7253731343283583,0.04508767047035903,0.019359852383947905
bdpm,large,max,0.48,320,20163,39,40155,0.015622711516867647,0.8913649025069638,0.030707225794069665,0.019302374120189834
eos,large,p75,0.4,250,10614,80,13795,0.02301178203240059,0.7575757575757576,0.04466678577809541,0.01927378454578997
bdpm,large,mean,0.76,36,2072,323,58246,0.017077798861480076,0.10027855153203342,0.02918524523713012,0.019268897457269504
eos,large,p90,0.4,263,11183,67,13226,0.022977459374453956,0.796969696969697,0.04466711956521739,0.019234991470479478
bdpm,strict,mean,0.52,253,16841,57,43531,0.014800514800514801,0.8161290322580645,0.029073776143415306,0.01923155971632334
bdpm,strict,p75,0.52,262,17468,48,42904,0.014777213761985335,0.8451612903225807,0.029046563192904655,0.01919771428292996
eos,all,mean,0.36,242,10196,93,14213,0.023184518106917035,0.7223880597014926,0.044927132646430896,0.01919546133287811
bdpm,all,mean,0.46,319,20063,45,40255,0.0156510646649004,0.8763736263736264,0.03075291622481442,0.019192655578676995
eos,all,p90,0.94,7,159,328,24250,0.04216867469879518,0.020895522388059702,0.02794411177644711,0.019144156976939358
eos,strict,mean,0.66,56,2492,230,21966,0.02197802197802198,0.1958041958041958,0.03952011291460833,0.01913395422316252
bdpm,all,mean,0.76,36,2072,328,58246,0.017077798861480076,0.0989010989010989,0.02912621359223301,0.01909109963893222
eos,large,p75,0.42,239,10201,91,14208,0.02289272030651341,0.7242424242424242,0.044382544103992574,0.019013169131349292
eos,strict,mean,0.68,47,2078,239,22380,0.02211764705882353,0.16433566433566432,0.0389879717959353,0.019000557883740006
eos,all,max,0.38,276,11703,59,12706,0.02304032056098172,0.8238805970149253,0.04482702614909859,0.018986503484528485
eos,large,mean,0.6,93,3888,237,20521,0.023360964581763375,0.2818181818181818,0.04314544189283228,0.018976629920820248
eos,all,max,0.4,269,11409,66,13000,0.02303476622709368,0.8029850746268656,0.044784816448847076,0.018961748942764065
eos,all,p90,0.38,271,11496,64,12913,0.023030509050735108,0.808955223880597,0.04478598578747314,0.0189573548466042
bdpm,strict,mean,0.7,82,5376,228,54996,0.015023818248442653,0.2645161290322581,0.028432732316227463,0.01894784492514701
eos,all,p75,0.38,260,11027,75,13382,0.023035350403118632,0.7761194029850746,0.04474272930648769,0.018944120054535444
bdpm,large,mean,0.46,314,20063,45,40255,0.0154095303528488,0.8746518105849582,0.030285493827160496,0.018876714272930445
eos,large,mean,0.36,238,10196,92,14213,0.022810044086639832,0.7212121212121212,0.0442214790040877,0.01884828707216233
bdpm,strict,mean,0.6,180,12092,130,48280,0.014667535853976532,0.5806451612903226,0.028612303290414882,0.018834535424361996
bdpm,strict,mean,0.5,265,17907,45,42465,0.014582874752366278,0.8548387096774194,0.028676550156909425,0.01881978640922912
bdpm,strict,p90,0.52,264,17861,46,42511,0.01456551724137931,0.8516129032258064,0.028641171684296175,0.01878448198462084
eos,strict,max,0.5,216,10074,70,14384,0.02099125364431487,0.7552447552447552,0.04084720121028745,0.018777962719532502
eos,all,mean,0.4,219,9309,116,15100,0.022984886649874057,0.6537313432835821,0.04440839501165974,0.018741032174555847
eos,large,max,0.38,272,11703,58,12706,0.022713987473903966,0.8242424242424242,0.04420967086550183,0.018732986971648904
eos,all,max,0.36,283,12078,52,12331,0.0228945878165197,0.844776119402985,0.04458097038437303,0.018711453505194636
eos,all,p75,0.36,268,11433,67,12976,0.022904025296983165,0.8,0.044533067464273844,0.01870174001566191
eos,large,p90,0.38,267,11496,63,12913,0.022698291252231575,0.8090909090909091,0.044157777226494666,0.018692346569979996
eos,large,max,0.4,265,11409,65,13000,0.022700017132088402,0.803030303030303,0.044151949350216595,0.018691801314210235
eos,all,mean,0.52,152,6426,183,17983,0.023107327455153544,0.4537313432835821,0.04397511934037321,0.018691588112073748
eos,all,p90,0.36,278,11873,57,12536,0.022878775409431323,0.8298507462686567,0.04452987345827327,0.018671084498527384
eos,large,p75,0.38,256,11027,74,13382,0.022689001152175838,0.7757575757575758,0.04408852148454318,0.01865156233976228
eos,large,mean,0.62,80,3355,250,21054,0.023289665211062592,0.24242424242424243,0.042496679946879154,0.018609470445936787
eos,strict,p75,0.88,9,298,277,24160,0.029315960912052116,0.03146853146853147,0.030354131534569985,0.018609164503775914
bdpm,strict,max,0.52,266,18118,44,42254,0.014469103568320279,0.8580645161290322,0.02845832887557505,0.018597423986289417
eos,all,mean,0.6,93,3888,242,20521,0.023360964581763375,0.27761194029850744,0.043095458758109356,0.018584022404614535
eos,strict,max,0.48,220,10320,66,14138,0.020872865275142316,0.7692307692307693,0.040642896730094226,0.018554463373303947
eos,large,mean,0.4,216,9309,114,15100,0.02267716535433071,0.6545454545454545,0.043835616438356165,0.018528190133609432
eos,strict,mean,0.58,97,4482,189,19976,0.02118366455557982,0.33916083916083917,0.03987667009249743,0.01852191839203785
eos,large,max,0.36,279,12078,51,12331,0.022578295702840496,0.8454545454545455,0.04398202884842752,0.018477568958409563
eos,all,mean,0.42,208,8896,127,15513,0.022847100175746926,0.6208955223880597,0.04407246530352792,0.01843771923737435
eos,large,p75,0.36,264,11433,66,12976,0.022569889715311618,0.8,0.043901222249937644,0.018432982426815216
eos,large,p90,0.36,274,11873,56,12536,0.022557009961307318,0.8303030303030303,0.04392081429830889,0.0184264915134312
bdpm,all,p90,0.46,327,21115,37,39203,0.015250443055685105,0.8983516483516484,0.02999174539117674,0.018412242640937833
bdpm,all,p75,0.46,321,20724,43,39594,0.015253029223093371,0.8818681318681318,0.029987388481479756,0.01841152242740353
bdpm,large,p90,0.84,7,241,352,60077,0.028225806451612902,0.019498607242339833,0.023064250411861616,0.018318181043108724
bdpm,strict,p75,0.5,269,18554,41,41818,0.014291026935132551,0.867741935483871,0.02811895677625046,0.01825075203736764
eos,strict,p90,0.48,207,9780,79,14678,0.0207269450285371,0.7237762237762237,0.040299815049157986,0.01823650005391904
eos,all,mean,0.38,226,9725,109,14684,0.022711285297960005,0.6746268656716418,0.04394322379933891,0.018225237179510106
eos,all,mean,0.62,80,3355,255,21054,0.023289665211062592,0.23880597014925373,0.042440318302387266,0.018218592110673146
eos,large,mean,0.52,149,6426,181,17983,0.022661596958174907,0.45151515151515154,0.043157132512671975,0.01821637420138747
eos,strict,p90,0.94,6,160,280,24298,0.03614457831325301,0.02097902097902098,0.026548672566371678,0.01821353415568908
eos,large,mean,0.42,205,8896,125,15513,0.022524997253049114,0.6212121212121212,0.04347365072632807,0.018197119964475466
bdpm,all,mean,0.44,325,21161,39,39157,0.015126128641906357,0.8928571428571429,0.02974828375286041,0.01816547399895548
bdpm,all,max,0.46,328,21376,36,38942,0.015112421673424253,0.9010989010989011,0.029726300525647995,0.018141266703854696
eos,strict,p75,0.5,180,8510,106,15948,0.020713463751438434,0.6293706293706294,0.040106951871657755,0.018132609284115236
bdpm,large,p90,0.46,322,21115,37,39203,0.015020758501656016,0.8969359331476323,0.02954670581758121,0.01811933658701347
bdpm,large,p75,0.46,316,20724,43,39594,0.015019011406844106,0.8802228412256268,0.029534090378055045,0.018110164808156984
eos,large,max,0.98,6,130,324,24279,0.04411764705882353,0.01818181818181818,0.02575107296137339,0.01810603977020232
bdpm,all,p90,0.84,7,241,357,60077,0.028225806451612902,0.019230769230769232,0.02287581699346405,0.0181023052836804
eos,all,mean,0.32,257,11110,78,13299,0.0226093076449371,0.7671641791044777,0.043924115535805844,0.018098017283903405
bdpm,strict,mean,0.62,157,10807,153,49565,0.014319591390003649,0.5064516129032258,0.02785169416356218,0.01809523644731414
eos,all,p75,0.34,272,11768,63,12641,0.022591362126245847,0.8119402985074626,0.04395959595959596,0.018091944662276375
bdpm,strict,max,0.5,276,19177,34,41195,0.014188042975376548,0.8903225806451613,0.02793098213833932,0.018055634291401414
eos,large,mean,0.38,223,9725,107,14684,0.022416566143948533,0.6757575757575758,0.04339365635337615,0.018037473629275255
eos,strict,mean,0.56,108,5069,178,19389,0.020861502800849915,0.3776223776223776,0.039538714991762765,0.01802712165651602
eos,all,max,0.34,285,12385,50,12024,0.02249408050513023,0.8507462686567164,0.04382929642445213,0.01792230376600159
eos,strict,p75,0.48,188,8945,98,15513,0.020584692872002628,0.6573426573426573,0.0399193120288778,0.017905872928356447
eos,strict,max,0.46,222,10586,64,13872,0.020540340488527018,0.7762237762237763,0.04002163331530557,0.0179040737343017
eos,all,p90,0.34,281,12217,54,12192,0.022483597375580092,0.8388059701492537,0.04379334528169562,0.017894808464312427
bdpm,large,mean,0.44,320,21161,39,39157,0.0148968856198501,0.8913649025069638,0.029304029304029304,0.017873412302968725
eos,strict,p75,0.46,197,9389,89,15069,0.020550803254746505,0.6888111888111889,0.039910858995137764,0.01786486693204711
eos,strict,mean,0.64,63,2917,223,21541,0.021140939597315438,0.2202797202797203,0.0385793018983466,0.017863679921300248
bdpm,large,max,0.46,323,21376,36,38942,0.01488547859348357,0.8997214484679665,0.029286426693263215,0.017853692147219154
eos,large,p75,0.34,268,11768,62,12641,0.022266533732136922,0.8121212121212121,0.04334465469836649,0.017841354936513853
eos,large,mean,0.32,253,11110,77,13299,0.022265246853823813,0.7666666666666667,0.04327375352775164,0.017809883338693884
eos,all,max,0.98,6,130,329,24279,0.04411764705882353,0.01791044776119403,0.025477707006369428,0.017798373198515193
bdpm,strict,p90,0.5,270,18938,40,41434,0.014056643065389422,0.8709677419354839,0.027666769136181987,0.01779073314398689
eos,all,mean,0.34,245,10669,90,13740,0.02244823162910024,0.7313432835820896,0.043559427504667084,0.017754967851206033
bdpm,strict,mean,0.76,32,2076,278,58296,0.015180265654648957,0.1032258064516129,0.026468155500413565,0.017718680424093698
eos,strict,p90,0.5,193,9231,93,15227,0.02047962648556876,0.6748251748251748,0.03975283213182286,0.017714438812973653
eos,large,max,0.34,281,12385,49,12024,0.02218537817779883,0.8515151515151516,0.043244075100030775,0.017703288641818842
eos,large,p90,0.34,277,12217,53,12192,0.022170641908115896,0.8393939393939394,0.04320024953212726,0.017667456845364422
eos,strict,p90,0.46,213,10221,73,14237,0.020414031052328925,0.7447552447552448,0.03973880597014925,0.017635625316386266
bdpm,all,p75,0.44,329,21822,35,38496,0.014852602591305133,0.9038461538461539,0.02922496113701976,0.017630035852669965
bdpm,strict,mean,0.78,20,1230,290,59142,0.016,0.06451612903225806,0.025641025641025644,0.0175982426893402
eos,strict,p90,0.44,220,10584,66,13874,0.020362828582006665,0.7692307692307693,0.03967538322813346,0.01755006220904931
bdpm,strict,mean,0.48,267,18940,43,41432,0.013901181860779923,0.8612903225806452,0.02736076241225598,0.017481626547153947
eos,strict,p75,0.44,203,9778,83,14680,0.020338643422502755,0.7097902097902098,0.039544170643810266,0.01746386156169852
eos,strict,p90,0.42,226,10900,60,13558,0.020312780873629338,0.7902097902097902,0.039607430774623205,0.017463636035063335
eos,large,mean,0.34,241,10669,89,13740,0.022089825847846013,0.7303030303030303,0.042882562277580076,0.017438889285969716
bdpm,all,p90,0.44,333,22243,31,38075,0.014750177179305457,0.9148351648351648,0.02903225806451613,0.017431458278873827
eos,all,max,0.32,289,12708,46,11701,0.02223590059244441,0.8626865671641791,0.04335433543354335,0.017417208741823835
eos,strict,max,0.44,224,10825,62,13633,0.020273327902977645,0.7832167832167832,0.039523599470666075,0.017381828085238908
bdpm,large,p75,0.44,324,21822,35,38496,0.014630181522622595,0.9025069637883009,0.028793601421906245,0.01735125942271687
bdpm,all,mean,0.42,332,22244,32,38074,0.014705882352941176,0.9120879120879121,0.02894507410636443,0.017343232675774187
eos,strict,mean,0.54,118,5650,168,18808,0.020457697642163663,0.4125874125874126,0.03898249091509746,0.01733974567251708
eos,all,p75,0.32,275,12114,60,12295,0.02219711033981758,0.8208955223880597,0.04322540081735303,0.017317592857561234
bdpm,all,max,0.44,335,22494,29,37824,0.014674317753734286,0.9203296703296703,0.028888026559737854,0.017283438499665935
eos,large,max,0.32,285,12708,45,11701,0.021934888016624337,0.8636363636363636,0.04278315694663364,0.0172132892555254
eos,strict,max,0.42,229,11124,57,13334,0.020170879943627235,0.8006993006993007,0.03935045966148294,0.0171893790974471
bdpm,strict,p75,0.48,273,19600,37,40772,0.013737231419513914,0.8806451612903226,0.027052469900411238,0.017164886040574926
bdpm,large,p90,0.44,328,22243,31,38075,0.014531921492180232,0.9136490250696379,0.028608809419973836,0.017160811155972656
bdpm,strict,p90,0.48,278,19971,32,40401,0.013729073040643983,0.896774193548387,0.027044116931757383,0.017153598672566682
eos,large,p75,0.32,271,12114,59,12295,0.02188130803391199,0.8212121212121212,0.04262681871804955,0.01708466271148817
bdpm,large,mean,0.42,327,22244,32,38074,0.014487616853484559,0.9108635097493036,0.028521587440034888,0.017072561251254594
bdpm,strict,p90,0.84,6,242,304,60130,0.024193548387096774,0.01935483870967742,0.021505376344086023,0.01704178587606969
bdpm,all,p75,0.42,338,22905,26,37413,0.014542012648969583,0.9285714285714286,0.028635574194094973,0.017024684821246607
bdpm,large,max,0.44,330,22494,29,37824,0.014458464773922187,0.9192200557103064,0.028469136867532243,0.01701748170879258
eos,all,mean,0.44,191,8444,144,15965,0.022119281991893457,0.5701492537313433,0.04258639910813824,0.01696252034815696
eos,strict,p75,0.4,218,10650,68,13808,0.02005888847994111,0.7622377622377622,0.039089116012192934,0.016946847571900774
eos,all,p90,0.32,282,12535,53,11874,0.022002028555824296,0.8417910447761194,0.04288321167883211,0.016942713863200214
bdpm,strict,max,0.48,279,20209,31,40163,0.01361772745021476,0.9,0.026829502836811233,0.016935044836448376
bdpm,all,p90,0.42,342,23291,22,37027,0.014471290145136038,0.9395604395604396,0.02850356294536817,0.016888104710587777
eos,strict,p90,0.4,229,11221,57,13237,0.02,0.8006993006993007,0.039025221540558964,0.016851915824945458
eos,all,mean,0.46,182,8076,153,16333,0.02203923468152095,0.5432835820895522,0.04236006051437217,0.016774913713367264
bdpm,large,p75,0.42,333,22905,26,37413,0.014329976762199844,0.9275766016713092,0.02822392677035216,0.01676618299753192
eos,strict,mean,0.6,81,3900,205,20558,0.020346646571213264,0.28321678321678323,0.037965783923131005,0.01675995694169871
eos,large,p90,0.32,278,12535,52,11874,0.021696714274564894,0.8424242424242424,0.04230388800121738,0.016730354093478915
eos,all,max,0.3,293,13101,42,11308,0.02187546662684784,0.8746268656716418,0.042683370966567116,0.01670818230721722
bdpm,all,max,0.42,343,23527,21,36791,0.01436950146627566,0.9423076923076923,0.028307336799537838,0.01668776154198008
eos,large,mean,0.44,188,8444,142,15965,0.021779425393883226,0.5696969696969697,0.041954920776612364,0.01668756363424502
eos,strict,mean,0.72,30,1373,256,23085,0.021382751247327157,0.1048951048951049,0.035523978685612786,0.01664118897001918
bdpm,large,p90,0.42,337,23291,22,37027,0.014262739123074318,0.9387186629526463,0.028098553383082505,0.0166364191246236
bdpm,strict,mean,0.46,274,20108,36,40264,0.013443234226278088,0.8838709677419355,0.02648366518461241,0.016586465975331966
eos,large,max,0.3,289,13101,41,11308,0.021583271097834204,0.8757575757575757,0.04212827988338192,0.016521611239921134
eos,large,mean,0.46,179,8076,151,16333,0.021683827983040582,0.5424242424242425,0.04170064065230052,0.016470124835447422
eos,strict,p75,0.42,207,10237,79,14221,0.01981999234009958,0.7237762237762237,0.0385834109972041,0.016453057265798137
bdpm,large,max,0.42,338,23527,21,36791,0.014163000209511837,0.9415041782729805,0.027906208718626153,0.01644008173559992
eos,all,mean,0.3,258,11597,77,12812,0.02176296921130325,0.7701492537313432,0.04232977850697293,0.016429266703465447
eos,strict,max,0.4,231,11447,55,13011,0.019780784380887137,0.8076923076923077,0.038615847542627875,0.016422292984385637
eos,all,p75,0.3,279,12561,56,11848,0.021728971962616823,0.8328358208955224,0.04235294117647059,0.016396855192542862
eos,all,p90,0.3,287,12934,48,11475,0.021707888964526134,0.8567164179104477,0.04234287400413102,0.01636696546240343
eos,all,mean,0.48,172,7702,163,16707,0.021844043688087376,0.5134328358208955,0.0419052259714947,0.0163577967634491
eos,all,mean,0.5,164,7338,171,17071,0.021860837110103972,0.48955223880597015,0.04185274977670027,0.016356889934601257
eos,strict,p90,0.38,232,11535,54,12923,0.019716155349706808,0.8111888111888111,0.038496639840703555,0.01629622673227287
eos,strict,max,0.38,236,11743,50,12715,0.019701143668085817,0.8251748251748252,0.03848348960456584,0.016273230561010616
bdpm,all,mean,0.4,335,23371,29,36947,0.014131443516409348,0.9203296703296703,0.027835479850436228,0.016211484396953836
eos,large,p75,0.3,275,12561,55,11848,0.021424119663446557,0.8333333333333334,0.041774267051496276,0.016185408590114702
eos,large,p90,0.3,283,12934,47,11475,0.021411818113036243,0.8575757575757575,0.04178046800029527,0.0161727788765069
eos,large,mean,0.3,254,11597,76,12812,0.02143279048181588,0.7696969696969697,0.04170429357195632,0.01616818522284252
eos,strict,mean,0.36,205,10233,81,14225,0.019639777735198313,0.7167832167832168,0.038232002983961205,0.01609390736796046
eos,strict,mean,0.62,69,3366,217,21092,0.020087336244541485,0.24125874125874125,0.03708680462241333,0.016090229188648025
eos,all,p90,0.28,293,13309,42,11100,0.02154094986031466,0.8746268656716418,0.04204635143861663,0.016043912627804108
eos,strict,max,0.36,242,12119,44,12339,0.019577704069250062,0.8461538461538461,0.03826994544160671,0.01603836304261978
eos,strict,mean,0.4,187,9341,99,15117,0.01962636439966415,0.6538461538461539,0.0381088241287956,0.016025436880443562
eos,large,mean,0.48,169,7702,161,16707,0.021471223478592302,0.5121212121212121,0.04121448603828802,0.016019662817096103
eos,strict,p75,0.38,221,11066,65,13392,0.019580047842650838,0.7727272727272727,0.03819234424954636,0.016007808445850705
bdpm,all,p75,0.4,342,24058,22,36260,0.01401639344262295,0.9395604395604396,0.027620739783556773,0.01598911384526362
eos,large,mean,0.5,161,7338,169,17071,0.021469529270569408,0.48787878787878786,0.041129135266317535,0.015983581739068053
bdpm,large,mean,0.4,330,23371,29,36947,0.013923463145014978,0.9192200557103064,0.02743142144638404,0.015960884361673706
bdpm,strict,p75,0.46,276,20769,34,39603,0.013114754098360656,0.8903225806451613,0.02584874736595645,0.015940369197548484
bdpm,strict,p90,0.46,281,21161,29,39211,0.013105120790970991,0.9064516129032258,0.025836704670834862,0.015925513046528523
eos,strict,p90,0.36,237,11914,49,12544,0.01950456752530656,0.8286713286713286,0.038112084907935995,0.015885740850360312
eos,large,p90,0.28,289,13309,41,11100,0.021253125459626415,0.8757575757575757,0.04149913842619184,0.01586596806523315
eos,all,mean,0.28,266,12126,69,12283,0.02146546158812137,0.7940298507462686,0.041800895733480004,0.01585434477265382
eos,strict,p75,0.36,228,11473,58,12985,0.019485514058627466,0.7972027972027972,0.03804121131225494,0.015833323663777602
bdpm,large,p75,0.4,337,24058,22,36260,0.013814306210288993,0.9387186629526463,0.027227922759957984,0.015750056008730477
bdpm,strict,max,0.46,282,21422,28,38950,0.012992996682639145,0.9096774193548387,0.025620059961842464,0.01570494105178982
eos,large,mean,0.74,27,1137,303,23272,0.023195876288659795,0.08181818181818182,0.03614457831325301,0.015684922888389186
bdpm,all,p90,0.4,343,24442,21,35876,0.013839015533588864,0.9423076923076923,0.027277426537834503,0.015639004754369655
eos,strict,mean,0.42,177,8927,109,15531,0.019442003514938487,0.6188811188811189,0.0376996805111821,0.01563753089126089
eos,large,mean,0.28,262,12126,68,12283,0.021149499515660315,0.793939393939394,0.0412014467683598,0.015621097606123915
eos,all,mean,0.26,275,12620,60,11789,0.021326095385808454,0.8208955223880597,0.041572184429327294,0.015592042845166023
eos,all,max,0.28,293,13461,42,10948,0.021302893703649847,0.8746268656716418,0.04159273191851799,0.015570880161484345
eos,all,p75,0.28,283,13001,52,11408,0.021303824149352606,0.844776119402985,0.041559585872677884,0.01555930121436588
bdpm,strict,mean,0.44,277,21209,33,39163,0.012892115796332496,0.8935483870967742,0.025417507799596256,0.015501758907624513
eos,strict,mean,0.52,128,6450,158,18008,0.01945880206749772,0.44755244755244755,0.037296037296037296,0.015485578654167796
bdpm,all,max,0.4,343,24647,21,35671,0.013725490196078431,0.9423076923076923,0.027056874654886803,0.015414415140971777
eos,strict,p75,0.34,232,11808,54,12650,0.019269102990033222,0.8111888111888111,0.037644004543241925,0.015411666839937608
eos,strict,max,0.34,244,12426,42,12032,0.01925808997632202,0.8531468531468531,0.03766594627971596,0.015407842157338323
bdpm,large,p90,0.4,338,24442,21,35876,0.01364003228410008,0.9415041782729805,0.026890488881817096,0.015406022438419355
eos,large,max,0.28,289,13461,41,10948,0.021018181818181818,0.8757575757575757,0.04105113636363636,0.01539908666797236
bdpm,all,mean,0.38,342,24597,22,35721,0.013713460844460484,0.9395604395604396,0.02703236770343438,0.015389960837143628
eos,strict,mean,0.38,192,9759,94,14699,0.01929454326198372,0.6713286713286714,0.03751098954771906,0.01538583963071682
eos,strict,mean,0.32,219,11148,67,13310,0.019266297176035892,0.7657342657342657,0.03758688749678194,0.015384435904655715
eos,large,mean,0.26,271,12620,59,11789,0.021022418741757816,0.8212121212121212,0.04099538612812949,0.015382915991740475
eos,large,p75,0.28,279,13001,51,11408,0.021009036144578313,0.8454545454545455,0.040999265246142544,0.015367657886448137
eos,all,p75,0.26,289,13350,46,11059,0.021189236747562137,0.8626865671641791,0.04136253041362531,0.015339787220755846
eos,all,mean,0.74,27,1137,308,23272,0.023195876288659795,0.08059701492537313,0.03602401601067378,0.015320157517576363
eos,strict,p90,0.34,240,12258,46,12200,0.019203072491598656,0.8391608391608392,0.03754693366708385,0.015292993909924498
bdpm,large,max,0.4,338,24647,21,35671,0.013528116870122073,0.9415041782729805,0.026672979797979796,0.015184584354948662
eos,large,p75,0.26,285,13350,45,11059,0.020902090209020903,0.8636363636363636,0.04081632653061225,0.015163202288651978
bdpm,large,mean,0.38,337,24597,22,35721,0.013515681398893078,0.9387186629526463,0.02664768908393627,0.015159331913014157
bdpm,strict,p75,0.44,281,21870,29,38502,0.012685657532391315,0.9064516129032258,0.025021147767240997,0.015097085622822142
eos,all,p90,0.26,294,13665,41,10744,0.02106168063614872,0.8776119402985074,0.04113614103819784,0.015092551187886334
bdpm,large,mean,0.8,12,683,347,59635,0.017266187050359712,0.033426183844011144,0.022770398481973434,0.015085412002302085
bdpm,strict,p90,0.44,285,22291,25,38081,0.012624025513819985,0.9193548387096774,0.024906056104168486,0.014978216752371676
bdpm,all,p75,0.38,346,25292,18,35026,0.01349559247991263,0.9505494505494505,0.026613337435581877,0.01496129173315725
eos,strict,mean,0.34,208,10706,78,13752,0.019058090525929997,0.7272727272727273,0.03714285714285714,0.014953287753797452
eos,large,p90,0.26,290,13665,40,10744,0.020781082049444642,0.8787878787878788,0.04060203010150507,0.014928891057158951
eos,strict,max,0.32,247,12750,39,11708,0.019004385627452488,0.8636363636363636,0.037190393736354736,0.014908629076352225
bdpm,all,mean,0.8,12,683,352,59635,0.017266187050359712,0.03296703296703297,0.0226628895184136,0.014906892776890335
bdpm,strict,max,0.44,287,22542,23,37830,0.012571728941258926,0.9258064516129032,0.02480660356973076,0.014876245772364767
bdpm,large,p75,0.84,5,171,354,60147,0.028409090909090908,0.013927576601671309,0.018691588785046728,0.014856648014585552
eos,all,max,0.26,295,13797,40,10612,0.020933863184785694,0.8805970149253731,0.04089554307894919,0.01483949843961584
bdpm,large,p75,0.38,341,25292,18,35026,0.013303163890297664,0.9498607242339833,0.026238842720837183,0.014741157233212857
bdpm,strict,mean,0.42,282,22294,28,38078,0.012491141034727144,0.9096774193548387,0.02464388709254566,0.01471337848836903
eos,large,max,0.26,291,13797,39,10612,0.02065587734241908,0.8818181818181818,0.040366208905534745,0.014681007784412869
bdpm,all,p75,0.84,5,171,359,60147,0.028409090909090908,0.013736263736263736,0.018518518518518517,0.014665740527201545
eos,strict,p75,0.32,234,12155,52,12303,0.01888772298006296,0.8181818181818182,0.036923076923076927,0.014659195792552605
eos,all,mean,0.24,280,13156,55,11253,0.020839535576064303,0.835820895522388,0.04066516592840026,0.014633177164763282
bdpm,all,p90,0.38,347,25705,17,34613,0.013319514816520805,0.9532967032967034,0.026271956390066627,0.014613199477465935
eos,all,p75,0.24,293,13782,42,10627,0.020817051509769095,0.8746268656716418,0.04066620402498265,0.014604679694359616
bdpm,strict,p75,0.42,288,22955,22,37417,0.012390827345867573,0.9290322580645162,0.02445548337791364,0.014519154884601539
eos,strict,p90,0.32,241,12576,45,11882,0.018803152063665445,0.8426573426573427,0.03678546897657026,0.014501227665276662
bdpm,strict,p90,0.42,292,23341,18,37031,0.0123556044514027,0.9419354838709677,0.0243912625819655,0.01445209919159161
bdpm,large,p90,0.38,342,25705,17,34613,0.013130110953276769,0.9526462395543176,0.025903203817314247,0.014398999914568144
eos,strict,max,0.3,251,13143,35,11315,0.018739734209347467,0.8776223776223776,0.03669590643274853,0.014388132058636496
eos,all,p90,0.24,297,14050,38,10359,0.020701191886805605,0.8865671641791045,0.04045770331017573,0.014378708317581916
bdpm,all,max,0.38,347,25950,17,34368,0.013195421530973115,0.9532967032967034,0.02603053148794119,0.01436736868421803
bdpm,all,mean,0.36,345,25859,19,34459,0.013165928865822012,0.9478021978021978,0.025971093044263777,0.014307790387722166
eos,large,p75,0.24,288,13782,42,10627,0.02046908315565032,0.8727272727272727,0.04,0.01430576956000693
eos,large,mean,0.24,275,13156,55,11253,0.020475020475020474,0.8333333333333334,0.039968025579536375,0.014301672226400799
bdpm,strict,max,0.42,293,23577,17,36795,0.012274821952241307,0.9451612903225807,0.024234904880066167,0.014292857480405086
bdpm,large,p75,0.86,3,32,356,60286,0.08571428571428572,0.008356545961002786,0.015228426395939087,0.014192176674184615
bdpm,large,max,0.38,342,25950,17,34368,0.01300775901414879,0.9526462395543176,0.02566507823346216,0.014156586835321632
bdpm,large,mean,0.36,340,25859,19,34459,0.01297759456467804,0.947075208913649,0.02560433767602982,0.014095685637638699
eos,large,p90,0.24,292,14050,38,10359,0.02035978245711895,0.8848484848484849,0.039803707742639034,0.01409274997068787
eos,large,p75,0.9,7,225,323,24184,0.03017241379310345,0.021212121212121213,0.024911032028469754,0.014052597642603531
eos,strict,mean,0.44,161,8474,125,15984,0.018645049218297627,0.5629370629370629,0.03609460822777716,0.01403299294662719
eos,all,max,0.24,297,14175,38,10234,0.020522388059701493,0.8865671641791045,0.0401161612750726,0.014022601388897219
eos,strict,mean,0.46,154,8104,132,16354,0.018648583192056187,0.5384615384615384,0.03604868913857678,0.014019003222036319
eos,all,mean,0.22,286,13647,49,10762,0.02052680686140817,0.8537313432835821,0.04008971124194001,0.014018870585485727
bdpm,all,p75,0.86,3,32,361,60286,0.08571428571428572,0.008241758241758242,0.015037593984962407,0.01399996146631985
eos,strict,mean,0.3,220,11635,66,12823,0.018557570645297342,0.7692307692307693,0.03624083683386871,0.013984328153071282
eos,strict,p75,0.3,238,12602,48,11856,0.01853582554517134,0.8321678321678322,0.03626390370257505,0.01396670387875117
eos,strict,p90,0.3,245,12976,41,11482,0.01853112472581499,0.8566433566433567,0.0362774857481306,0.013966266700703878
eos,all,p75,0.22,297,14208,38,10201,0.02047569803516029,0.8865671641791045,0.040026954177897575,0.013929589470100423
eos,strict,p90,0.28,251,13351,35,11107,0.01845316865166887,0.8776223776223776,0.0361463133640553,0.013818508287667772
bdpm,all,p75,0.36,347,26527,17,33791,0.01291210835752028,0.9532967032967034,0.02547911006681841,0.013805881246305867
bdpm,strict,mean,0.4,285,23421,25,36951,0.0120222728423184,0.9193548387096774,0.02373417721518987,0.013787919068375266
eos,strict,mean,0.48,146,7728,140,16730,0.01854203708407417,0.5104895104895105,0.035784313725490194,0.013785318940281675
eos,all,p75,0.9,7,225,328,24184,0.03017241379310345,0.020895522388059702,0.02469135802469136,0.01376462332663458
eos,all,p90,0.22,301,14462,34,9947,0.020388809862494073,0.8985074626865671,0.03987283083852166,0.013760694706778343
eos,large,max,0.24,292,14175,38,10234,0.020183866731181308,0.8848484848484849,0.03946745962019328,0.013742364997098416
eos,strict,mean,0.5,139,7363,147,17095,0.018528392428685685,0.486013986013986,0.035695942475603495,0.013733971509973651
eos,large,mean,0.22,281,13647,49,10762,0.0201751866743251,0.8515151515151516,0.03941646794781877,0.01371278557203042
bdpm,strict,p75,0.4,292,24108,18,36264,0.011967213114754098,0.9419354838709677,0.02363415621205989,0.013683188434397682
eos,large,p75,0.22,292,14208,38,10201,0.020137931034482758,0.8848484848484849,0.039379635873229936,0.013650848283099929
bdpm,large,p75,0.36,342,26527,17,33791,0.012728423089806096,0.9526462395543176,0.0251211987659762,0.013602911996106271
eos,strict,mean,0.28,227,12165,59,12293,0.01831826985151711,0.7937062937062938,0.03581006467897145,0.013520328970998103
eos,all,max,0.22,302,14607,33,9802,0.020256221074518747,0.9014925373134328,0.03962214641826292,0.0134973616324672
eos,large,p90,0.22,296,14462,34,9947,0.020056918281609975,0.896969696969697,0.03923647932131495,0.01349357493193422
bdpm,all,p90,0.36,347,26905,17,33413,0.012733010421253486,0.9532967032967034,0.025130359212050986,0.013450762023763935
eos,strict,mean,0.74,23,1141,263,23317,0.019759450171821305,0.08041958041958042,0.03172413793103448,0.013415957383000396
eos,strict,max,0.28,251,13503,35,10955,0.01824923658572052,0.8776223776223776,0.03575498575498576,0.01341291304391561
bdpm,strict,p90,0.4,293,24492,17,35880,0.011821666330441799,0.9451612903225807,0.023351265192269377,0.013395454300519142
eos,large,mean,0.76,21,926,309,23483,0.022175290390707498,0.06363636363636363,0.03288958496476116,0.013369788427127884
bdpm,all,max,0.36,349,27160,15,33158,0.012686757061325384,0.9587912087912088,0.02504215549097693,0.01336004579362326
bdpm,large,mean,0.84,4,124,355,60194,0.03125,0.011142061281337047,0.01642710472279261,0.013358501544334293
eos,strict,p75,0.28,242,13042,44,11416,0.018217404396266186,0.8461538461538461,0.03566691230655859,0.013339263780171261
bdpm,all,mean,0.34,349,27195,15,33123,0.012670636073191984,0.9587912087912088,0.025010749605847787,0.01332806740910798
bdpm,large,p90,0.86,3,46,356,60272,0.061224489795918366,0.008356545961002786,0.014705882352941176,0.013303650648281264
bdpm,large,p90,0.36,342,26905,17,33413,0.012551840569603992,0.9526462395543176,0.02477722234296892,0.01325273853915432
eos,all,mean,0.2,290,14113,45,10296,0.020134694160938695,0.8656716417910447,0.03935405075315511,0.013242680638243862
eos,large,max,0.22,297,14607,33,9802,0.019927536231884056,0.9,0.038991729027176056,0.01323660070873568
bdpm,strict,max,0.4,293,24697,17,35675,0.01172468987595038,0.9451612903225807,0.023162055335968375,0.013203296202928703
eos,strict,mean,0.26,234,12661,52,11797,0.01814656843737883,0.8181818181818182,0.03550565207495638,0.01318878720133397
bdpm,all,mean,0.84,4,124,360,60194,0.03125,0.01098901098901099,0.016260162601626018,0.013180137596626106
bdpm,strict,mean,0.38,292,24647,18,35725,0.011708568908135852,0.9419354838709677,0.023129628896193907,0.013170791263538578
bdpm,large,max,0.36,344,27160,15,33158,0.012507271669575335,0.958217270194986,0.024692244194810323,0.013165338941307989
eos,all,p75,0.2,299,14584,36,9825,0.020090035611099913,0.8925373134328358,0.03929557103430149,0.013162933093204161
bdpm,large,mean,0.34,344,27195,15,33123,0.012491375866952321,0.958217270194986,0.02466126604057638,0.013133803669046583
eos,strict,p75,0.26,247,13392,39,11066,0.0181098320991275,0.8636363636363636,0.035475763016157985,0.013131147332048744
bdpm,all,p90,0.86,3,46,361,60272,0.061224489795918366,0.008241758241758242,0.014527845036319613,0.01312315506826629
eos,strict,p90,0.26,252,13707,34,10751,0.018052869116698903,0.8811188811188811,0.035380835380835376,0.01302325001373309
eos,all,mean,0.76,21,926,314,23483,0.022175290390707498,0.0626865671641791,0.0327613104524181,0.01302003601597521
eos,large,mean,0.2,285,14113,45,10296,0.019794415891095984,0.8636363636363636,0.03870179250407387,0.012959016710544377
bdpm,strict,mean,0.8,10,685,300,59687,0.014388489208633094,0.03225806451612903,0.01990049751243781,0.012926204835933442
eos,large,p75,0.2,294,14584,36,9825,0.019760720526952547,0.8909090909090909,0.0386638611257233,0.012900947315938145
eos,strict,max,0.26,253,13839,33,10619,0.017953448765256882,0.8846153846153846,0.03519265544582,0.012826372132840602
eos,all,p90,0.2,302,14859,33,9550,0.019919530373985885,0.9014925373134328,0.038977800722767166,0.012825675506921132
bdpm,strict,p75,0.84,4,172,306,60200,0.022727272727272728,0.012903225806451613,0.01646090534979424,0.012808241360831635
bdpm,strict,p75,0.38,295,25343,15,35029,0.011506357750214526,0.9516129032258065,0.022737783258825344,0.01277158078305794
eos,all,max,0.2,304,14982,31,9427,0.019887478738715166,0.9074626865671642,0.03892196402278983,0.012763569122040927
bdpm,all,p75,0.34,350,27914,14,32404,0.01238324370223606,0.9615384615384616,0.024451585859997203,0.012758271840573432
eos,large,p90,0.2,297,14859,33,9550,0.019596199524940617,0.9,0.0383572258814413,0.012575557980573101
eos,large,mean,0.78,17,750,313,23659,0.02216427640156454,0.051515151515151514,0.03099361896080219,0.012575104300344012
bdpm,large,p75,0.34,345,27914,14,32404,0.012208499946919565,0.9610027855153204,0.02411069955971766,0.012572902513448255
eos,large,max,0.2,299,14982,31,9427,0.019566782278646687,0.906060606060606,0.03830632246492858,0.01251867417202593
bdpm,strict,p90,0.38,296,25756,14,34616,0.01136189160141256,0.9548387096774194,0.022456566269630527,0.012485583594845867
bdpm,all,p90,0.34,351,28335,13,31983,0.012235933905040786,0.9642857142857143,0.024165232358003445,0.012466271495343085
eos,strict,p75,0.24,250,13825,36,10633,0.017761989342806393,0.8741258741258742,0.03481651695564376,0.012442063967233364
eos,strict,mean,0.24,238,13198,48,11260,0.017713605239654658,0.8321678321678322,0.03468882087159306,0.012333072461845116
eos,strict,p90,0.24,254,14093,32,10365,0.017704049627099743,0.8881118881118881,0.034716052757466004,0.012330623019816246
bdpm,all,mean,0.32,350,28425,14,31893,0.01216333622936577,0.9615384615384616,0.0240227873296956,0.01232165982453013
bdpm,large,p90,0.34,346,28335,13,31983,0.012063735574073428,0.9637883008356546,0.023829201101928373,0.012285920147277127
bdpm,strict,max,0.38,296,26001,14,34371,0.011256036810282541,0.9548387096774194,0.022249783891457136,0.01227558813119984
eos,all,mean,0.78,17,750,318,23659,0.02216427640156454,0.050746268656716415,0.0308529945553539,0.012237647621859518
bdpm,all,max,0.34,351,28642,13,31676,0.012106370503224917,0.9642857142857143,0.02391252512177675,0.012208963208624395
bdpm,strict,mean,0.36,294,25910,16,34462,0.011219661120439628,0.9483870967741935,0.022176963113826657,0.012202441155786732
eos,all,mean,0.18,293,14649,42,9760,0.019609155400883416,0.8746268656716418,0.038358316423381555,0.012197847936805091
bdpm,large,mean,0.32,345,28425,14,31893,0.011991657977059436,0.9610027855153204,0.023687733873459436,0.012142333312157381
eos,all,p75,0.18,301,15109,34,9300,0.019532770927968852,0.8985074626865671,0.03823436011432201,0.012052609123041258
bdpm,large,max,0.34,346,28642,13,31676,0.011935973506278461,0.9637883008356546,0.023579922990424915,0.012032164554275976
eos,strict,max,0.24,254,14218,32,10240,0.017551133222775014,0.8881118881118881,0.03442200840222252,0.012025891118451216
eos,large,mean,0.18,288,14649,42,9760,0.019280980116489255,0.8727272727272727,0.037728433876989584,0.011938181771530101
eos,all,p90,0.18,304,15337,31,9072,0.019436097436225305,0.9074626865671642,0.03805708562844266,0.011862053387147471
eos,large,p75,0.18,296,15109,34,9300,0.019214540733528074,0.896969696969697,0.03762313314267556,0.011812655716309186
eos,strict,p75,0.22,253,14252,33,10206,0.017442261289210618,0.8846153846153846,0.03420999256304509,0.01180794707074579
bdpm,strict,p75,0.36,296,26578,14,33794,0.011014363325146981,0.9548387096774194,0.02177751618599176,0.011795980339505371
eos,strict,mean,0.22,243,13690,43,10768,0.017440608627000646,0.8496503496503497,0.03417961881988888,0.011795050189135107
bdpm,all,p75,0.32,351,29165,13,31153,0.01189185526494105,0.9642857142857143,0.02349397590361446,0.011782791647667833
eos,strict,p90,0.22,257,14506,29,9952,0.01740838582943846,0.8986013986013986,0.03415509336168516,0.011744025645510914
eos,all,mean,0.16,300,15190,35,9219,0.019367333763718526,0.8955223880597015,0.03791469194312796,0.011721282124264211
eos,strict,mean,0.76,18,929,268,23529,0.01900739176346357,0.06293706293706294,0.029197080291970802,0.011649221420898196
eos,large,p90,0.18,299,15337,31,9072,0.01912253773343566,0.906060606060606,0.03745459100588751,0.011631377787889521
bdpm,large,p75,0.32,346,29165,13,31153,0.011724441733590864,0.9637883008356546,0.02316705724807499,0.011611881274913416
eos,strict,max,0.22,258,14651,28,9807,0.017304983566972968,0.9020979020979021,0.03395853899308983,0.01153864119311746
bdpm,all,p90,0.32,352,29595,12,30723,0.011754098908070925,0.967032967032967,0.023225891590511697,0.011509413382195792
eos,all,max,0.18,304,15482,31,8927,0.019257569998733053,0.9074626865671642,0.03771478196141678,0.011505242703541538
bdpm,strict,p90,0.36,296,26956,14,33416,0.010861588140319976,0.9548387096774194,0.02147884768884696,0.011492668608529615
eos,large,mean,0.16,295,15190,35,9219,0.019050694220213108,0.8939393939393939,0.03730635472652545,0.011484508644704718
bdpm,strict,max,0.36,298,27211,12,33161,0.010832818350358065,0.9612903225806452,0.02142420647758726,0.011436409560895238
eos,all,p75,0.16,306,15641,29,8768,0.019188562111995988,0.9134328358208955,0.037587519960692796,0.011368864077749837
bdpm,large,p90,0.32,347,29595,12,30723,0.011589072206265446,0.9665738161559888,0.022903534536813968,0.011343217657226883
bdpm,strict,mean,0.34,297,27247,13,33125,0.010782747603833865,0.9580645161290322,0.02132548287499102,0.011336535453111687
eos,all,mean,0.14,308,15775,27,8634,0.0191506559721445,0.9194029850746268,0.037519795346570836,0.011294607406004478
bdpm,all,max,0.32,352,29886,12,30432,0.011640981546398572,0.967032967032967,0.023005032350826744,0.011284534146553074
eos,large,max,0.18,299,15482,31,8927,0.018946834801343387,0.906060606060606,0.03711749736205077,0.011280202140297419
bdpm,all,mean,0.3,351,29820,13,30498,0.011633687978522423,0.9642857142857143,0.02299001146225643,0.011269646357645763
eos,strict,mean,0.2,247,14156,39,10302,0.017149205026730542,0.8636363636363636,0.03363060793791272,0.011218263522866218
eos,strict,p75,0.2,255,14628,31,9830,0.017133642410804274,0.8916083916083916,0.033621201133891485,0.01119422893511104
eos,large,p75,0.16,301,15641,29,8768,0.018880943419897128,0.9121212121212121,0.036996066863323504,0.011150023311404774
bdpm,large,max,0.32,347,29886,12,30432,0.011477524559256441,0.9665738161559888,0.022685669456066943,0.0111214405872775
bdpm,large,mean,0.3,346,29820,13,30498,0.011469866737386461,0.9637883008356546,0.02266994266994267,0.011105832686654635
eos,large,mean,0.14,303,15775,27,8634,0.018845627565617615,0.9181818181818182,0.036933203315455874,0.011080918694405396
eos,all,p90,0.16,308,15883,27,8526,0.019022913964548204,0.9194029850746268,0.03727459760377586,0.011039060547970938
eos,strict,p90,0.2,258,14903,28,9555,0.017017347140689927,0.9020979020979021,0.03340454457176151,0.010964606371463412
eos,strict,max,0.2,260,15026,26,9432,0.01700902786863797,0.9090909090909091,0.03339326997174416,0.010949593071116212
bdpm,strict,p75,0.34,298,27966,12,32406,0.010543447495046702,0.9612903225806452,0.020858122768950795,0.010861542097691686
eos,large,p90,0.16,303,15883,27,8526,0.01871988137896948,0.9181818181818182,0.03669169290385081,0.010829361437726977
bdpm,all,p75,0.3,353,30605,11,29713,0.011402545384068739,0.9697802197802198,0.022540067684055937,0.010810707833942747
bdpm,strict,mean,0.84,3,125,307,60247,0.0234375,0.00967741935483871,0.013698630136986304,0.010744864894060681
eos,all,max,0.16,308,16018,27,8391,0.018865613132426805,0.9194029850746268,0.036972570674029176,0.010724283295319362
bdpm,all,p90,0.3,356,31027,8,29291,0.011343721122900934,0.978021978021978,0.02242731596686301,0.010694734497105103
eos,all,p75,0.14,311,16191,24,8218,0.018846200460550237,0.9283582089552239,0.036942448179604445,0.010687556041868907
bdpm,large,p75,0.3,348,30605,11,29713,0.011242852066035602,0.9693593314763231,0.02222789984670414,0.01065505791659976
bdpm,strict,p90,0.34,299,28387,11,31985,0.010423202956145855,0.964516129032258,0.020623534280590425,0.010622946180508925
bdpm,strict,p75,0.86,2,33,308,60339,0.05714285714285714,0.0064516129032258064,0.011594202898550727,0.010568630254282856
bdpm,large,p90,0.3,351,31027,8,29291,0.01118618140098158,0.9777158774373259,0.022119292938841097,0.010543346623683636
bdpm,all,max,0.3,357,31331,7,28987,0.011266094420600859,0.9807692307692307,0.02227630101085736,0.01054059642524477
bdpm,large,p90,0.88,2,8,357,60310,0.2,0.005571030640668524,0.01084010840108401,0.010522801316547986
eos,large,max,0.16,303,16018,27,8391,0.01856503890692972,0.9181818181818182,0.036394210557924446,0.010519501320017395
bdpm,strict,mean,0.32,298,28477,12,31895,0.010356211989574282,0.9612903225806452,0.020491662368918685,0.010489393576185063
eos,large,p75,0.14,306,16191,24,8218,0.018548827059465357,0.9272727272727272,0.03637011945088251,0.010489144180228659
bdpm,strict,max,0.34,299,28694,11,31678,0.010312834132376781,0.964516129032258,0.02040746681227178,0.010403528340223537
bdpm,large,max,0.3,352,31331,7,28987,0.011110059022188555,0.9805013927576601,0.021971162848761,0.010392187199090035
bdpm,all,p90,0.88,2,8,362,60310,0.2,0.005494505494505495,0.010695187165775402,0.010377741540968795
bdpm,all,mean,0.28,353,31221,11,29097,0.011180084879964528,0.9697802197802198,0.022105329075082975,0.010368059344598878
eos,strict,p75,0.18,257,15153,29,9305,0.016677482154445165,0.8986013986013986,0.03274719673802243,0.010285121923989574
eos,strict,mean,0.18,249,14693,37,9765,0.016664435818498195,0.8706293706293706,0.03270291568163909,0.010252922481870196
bdpm,large,mean,0.28,348,31221,11,29097,0.011023472393804048,0.9693593314763231,0.02179904785767978,0.010218508610542078
eos,all,mean,0.12,310,16354,25,8055,0.018602976476236197,0.9253731343283582,0.036472733690217064,0.010199815768330917
eos,strict,p90,0.18,260,15381,26,9077,0.016622978070455853,0.9090909090909091,0.0326489608840334,0.010178417383252081
eos,all,p90,0.14,311,16418,24,7991,0.018590471636081057,0.9283582089552239,0.036451007969995314,0.010175430833237712
bdpm,large,max,0.88,2,15,357,60303,0.11764705882352941,0.005571030640668524,0.010638297872340425,0.01010869671042341
bdpm,strict,p75,0.32,299,29217,11,31155,0.010130098929394227,0.964516129032258,0.02004962113592168,0.010040132743543173
bdpm,all,p75,0.28,356,31996,8,28322,0.011003956478733926,0.978021978021978,0.02176305171781391,0.010018416205660609
eos,large,mean,0.12,305,16354,25,8055,0.018308421874062068,0.9242424242424242,0.03590558596739066,0.010007062591589785
eos,large,p90,0.14,306,16418,24,7991,0.018297058120066968,0.9272727272727272,0.03588600914741409,0.009984951944801763
eos,strict,mean,0.16,256,15234,30,9224,0.016526791478373146,0.8951048951048951,0.03245436105476674,0.009983322091075357
eos,strict,mean,0.82,9,452,277,24006,0.019522776572668113,0.03146853146853147,0.024096385542168672,0.00997251603121413
bdpm,all,max,0.88,2,15,362,60303,0.11764705882352941,0.005494505494505495,0.010498687664041996,0.009968726125128707
eos,strict,mean,0.78,14,753,272,23705,0.018252933507170794,0.04895104895104895,0.026590693257359924,0.009919619648237179
eos,large,mean,0.82,10,451,320,23958,0.021691973969631236,0.030303030303030304,0.025284450063211124,0.00988980179854821
eos,all,max,0.14,311,16549,24,7860,0.01844602609727165,0.9283582089552239,0.03617330619366095,0.009886037096034922
bdpm,large,p75,0.28,351,31996,8,28322,0.010851083562617863,0.9777158774373259,0.021463951568519535,0.009876274395322434
eos,strict,max,0.18,260,15526,26,8932,0.016470290130495377,0.9090909090909091,0.032354405176704834,0.00987322526078949
bdpm,strict,p90,0.32,300,29647,10,30725,0.010017697933014992,0.967741935483871,0.01983012195525002,0.009816878397292362
eos,strict,p75,0.16,262,15685,24,8773,0.016429422461905062,0.916083916083916,0.03227992361239451,0.009792879472665784
bdpm,all,p90,0.28,357,32456,7,27862,0.010879834212050103,0.9807692307692307,0.02152093317659825,0.009771532169774309
eos,strict,mean,0.14,264,15819,22,8639,0.01641484797612386,0.9230769230769231,0.03225609383590934,0.009765067298485386
bdpm,strict,p90,0.86,2,47,308,60325,0.04081632653061224,0.0064516129032258064,0.011142061281337046,0.009761125742605271
eos,large,max,0.14,306,16549,24,7860,0.01815485019282112,0.9272727272727272,0.0356124527203957,0.009700044622734638
bdpm,all,max,0.28,359,32767,5,27551,0.010837408682002054,0.9862637362637363,0.021439235592714247,0.009687620695333186
bdpm,large,p90,0.28,352,32456,7,27862,0.010729090465740063,0.9805013927576601,0.021225917327464042,0.009633612254933147
bdpm,strict,max,0.32,300,29938,10,30434,0.0099212910906806,0.967741935483871,0.019641220374492604,0.009625049350228437
bdpm,strict,mean,0.3,299,29872,11,30500,0.009910178648370953,0.964516129032258,0.019618778911453038,0.009602606630216651
eos,all,mean,0.82,10,451,325,23958,0.021691973969631236,0.029850746268656716,0.02512562814070352,0.009594398492956645
eos,all,p75,0.12,312,16752,23,7657,0.01828410689170183,0.9313432835820895,0.035864130122420824,0.009562135469140625
bdpm,large,max,0.28,354,32767,5,27551,0.010688083089278705,0.9860724233983287,0.02114695340501792,0.009552513076849069
eos,strict,p90,0.16,264,15927,22,8531,0.016305354826755606,0.9230769230769231,0.0320446683255447,0.009546045072005677
bdpm,all,mean,0.26,355,32837,9,27481,0.01069534827669318,0.9752747252747253,0.021158660150196688,0.009403418693471072
eos,large,p75,0.12,307,16752,23,7657,0.017996365554839088,0.9303030303030303,0.03530967853240554,0.009383021427636916
bdpm,large,mean,0.82,5,311,354,60007,0.015822784810126583,0.013927576601671309,0.014814814814814817,0.009326815334318245
eos,all,mean,0.1,315,17035,20,7374,0.018155619596541786,0.9402985074626866,0.035623409669211195,0.009306267526633155
eos,strict,p75,0.14,267,16235,19,8223,0.016179856987031876,0.9335664335664335,0.031808434596140106,0.009296785199664783
eos,strict,max,0.16,264,16062,22,8396,0.01617052554208012,0.9230769230769231,0.03178425234770046,0.009276270473857694
bdpm,large,mean,0.26,350,32837,9,27481,0.01054629824931449,0.9749303621169917,0.020866869373397722,0.00926886121631397
bdpm,strict,p75,0.3,301,30657,9,29715,0.009722850313327735,0.9709677419354839,0.019252910323653578,0.009230382368323081
eos,all,p90,0.12,313,16967,22,7442,0.018113425925925925,0.9343283582089552,0.03553789384047687,0.009220492610726022
bdpm,all,mean,0.82,5,311,359,60007,0.015822784810126583,0.013736263736263736,0.014705882352941176,0.009182011122961353
bdpm,strict,p90,0.3,304,31079,6,29293,0.009686773093713156,0.9806451612903225,0.019184046950430696,0.009159455575812372
eos,all,max,0.12,314,17059,21,7350,0.01807402290911184,0.9373134328358209,0.03546419697311949,0.009142031909916687
eos,large,mean,0.1,310,17035,20,7374,0.017872585759584895,0.9393939393939394,0.03507779349363507,0.009136568684751885
eos,large,p90,0.12,308,16967,22,7442,0.017829232995658466,0.9333333333333333,0.03499005964214712,0.009048491531206562
eos,strict,p75,0.9,5,227,281,24231,0.021551724137931036,0.017482517482517484,0.019305019305019305,0.00904523627226721
bdpm,strict,max,0.3,305,31383,5,28989,0.009625094673062358,0.9838709677419355,0.019063691480717543,0.009036916361018799
osu,all,-,nan,356,33530,8,26768,0.010505813610340553,0.978021978021978,0.02078832116788321,0.009022063065218026
bdpm,all,p75,0.26,357,33645,7,26673,0.01049938238927122,0.9807692307692307,0.020776348716754933,0.009013439776061989
eos,large,max,0.12,309,17059,21,7350,0.017791340396130815,0.9363636363636364,0.0349191999095943,0.008973052669142858
bdpm,all,p90,0.26,361,34107,3,26211,0.010473482650574446,0.9917582417582418,0.02072806614607258,0.008962872200723703
osu,large,-,nan,351,33530,8,26768,0.010359788672117115,0.9777158774373259,0.020502336448598134,0.00889356455981996
bdpm,large,p75,0.26,352,33645,7,26673,0.010353854751889872,0.9805013927576601,0.020491326114797998,0.008885875425718875
eos,strict,mean,0.12,266,16398,20,8060,0.015962554008641383,0.9300699300699301,0.03138643067846608,0.00886115187869881
eos,strict,p90,0.14,267,16462,19,7996,0.015960308446410425,0.9335664335664335,0.03138407287687335,0.00885722803878177
bdpm,strict,mean,0.28,301,31273,9,29099,0.009533160195097232,0.9709677419354839,0.018880943419897128,0.008852654686344172
bdpm,large,p90,0.26,356,34107,3,26211,0.010329919043611989,0.9916434540389972,0.020446843949227498,0.008839206699541463
bdpm,all,max,0.26,361,34438,3,25880,0.010373861317853962,0.9917582417582418,0.020532946563148767,0.008764224547718956
eos,all,p75,0.1,316,17412,19,6997,0.01782490974729242,0.9432835820895522,0.034988650833194926,0.008643255343253567
bdpm,large,max,0.26,356,34438,3,25880,0.010231649134908318,0.9916434540389972,0.020254316843512647,0.008643245894893866
eos,strict,max,0.14,267,16593,19,7865,0.015836298932384342,0.9335664335664335,0.031144290213460865,0.008608857206100495
bdpm,strict,p75,0.28,304,32048,6,28324,0.009396636993076163,0.9806451612903225,0.01861490416998347,0.008581526270266288
eos,large,p75,0.1,311,17412,19,6997,0.017547819217965357,0.9424242424242424,0.03445410735057885,0.008485496303450444
bdpm,all,mean,0.24,357,34542,7,25776,0.010229519470471933,0.9807692307692307,0.020247851856053087,0.008475350910573312
bdpm,strict,p90,0.28,305,32508,5,27864,0.009295096455673056,0.9838709677419355,0.018416206261510127,0.008379444909758614
eos,all,p90,0.1,317,17610,18,6799,0.017682824789423773,0.9462686567164179,0.03471689847771328,0.008358509343975617
bdpm,large,mean,0.24,352,34542,7,25776,0.010087694159454347,0.9805013927576601,0.019969931637023798,0.008355146447975217
eos,strict,p75,0.12,268,16796,18,7662,0.015705578996718237,0.9370629370629371,0.030893371757925073,0.008347501921783422
bdpm,strict,max,0.28,307,32819,3,27553,0.00926764475034716,0.9903225806451613,0.018363440602942937,0.008325242948351816
eos,strict,p75,0.94,3,113,283,24345,0.02586206896551724,0.01048951048951049,0.014925373134328356,0.008310312106308367
eos,large,mean,0.8,12,600,318,23809,0.0196078431372549,0.03636363636363636,0.025477707006369428,0.008288829390183446
eos,all,max,0.1,318,17709,17,6700,0.01764020635713097,0.9492537313432836,0.03463674980938895,0.008273416142878284
bdpm,all,p75,0.24,361,35327,3,24991,0.010115444967496078,0.9917582417582418,0.020026628203705762,0.008248748939852002
eos,large,p90,0.1,312,17610,18,6799,0.017408771342484097,0.9454545454545454,0.034188034188034185,0.008206851811658521
eos,strict,mean,0.1,271,17079,15,7379,0.015619596541786743,0.9475524475524476,0.03073259242458607,0.00817671048660329
eos,all,mean,0.08,318,17770,17,6639,0.017580716497125167,0.9492537313432836,0.03452206481029149,0.008153932532959067
bdpm,large,p75,0.24,356,35327,3,24991,0.009976739623910545,0.9916434540389972,0.01975473059208701,0.008134747455054946
eos,large,max,0.1,313,17709,17,6700,0.017367661746753967,0.9484848484848485,0.034110723626852656,0.008124784411592164
eos,strict,p90,0.96,3,116,283,24342,0.025210084033613446,0.01048951048951049,0.014814814814814817,0.00807736004272109
eos,strict,p90,0.12,269,17011,17,7447,0.01556712962962963,0.9405594405594405,0.030627348286462488,0.008070533518100153
bdpm,strict,mean,0.26,303,32889,7,27483,0.009128705712219812,0.9774193548387097,0.01808847233001015,0.008047275846112565
eos,large,mean,0.08,313,17770,17,6639,0.0173090748216557,0.9484848484848485,0.0339977190028784,0.008007120592626147
eos,all,mean,0.8,12,600,323,23809,0.0196078431372549,0.03582089552238806,0.025343189017951427,0.007984179669583197
bdpm,all,p90,0.24,361,35805,3,24513,0.009981750815683239,0.9917582417582418,0.01976457705995073,0.007981957097496332
eos,strict,max,0.12,269,17104,17,7354,0.015483796696022564,0.9405594405594405,0.030466051305283428,0.007903470995787623
bdpm,large,p90,0.24,356,35805,3,24513,0.009844860485052958,0.9916434540389972,0.01949616648411829,0.007871569581529589
bdpm,all,max,0.24,361,36147,3,24171,0.0098882436726197,0.9917582417582418,0.019581254068127572,0.007795317148639202
bdpm,strict,p75,0.26,305,33697,5,26675,0.00897006058467149,0.9838709677419355,0.017778036838423876,0.007731428563022204
bdpm,large,max,0.24,356,36147,3,24171,0.009752623072076267,0.9916434540389972,0.019315284032336823,0.007687459011478648
osu,strict,-,nan,303,33583,7,26769,0.008941745853744909,0.9774193548387097,0.017721370920575505,0.007671150647643186
bdpm,strict,p90,0.26,308,34160,2,26212,0.008935824532900082,0.9935483870967742,0.017712346885962394,0.007663826745535093
bdpm,strict,mean,0.82,4,312,306,60060,0.012658227848101266,0.012903225806451613,0.012779552715654952,0.007661504275154392
eos,strict,p75,0.1,272,17456,14,7002,0.015342960288808664,0.951048951048951,0.030198734317752857,0.007622440874384122
eos,all,p75,0.08,319,18124,16,6285,0.017296535270834464,0.9522388059701492,0.03397592927894345,0.007583391555709055
bdpm,all,mean,0.22,357,36264,7,24054,0.009748504956172688,0.9807692307692307,0.019305123698796813,0.007515503877021188
bdpm,strict,max,0.26,308,34491,2,25881,0.00885082904681169,0.9935483870967742,0.01754535873992423,0.007494269461014889
eos,large,p75,0.08,314,18124,16,6285,0.017030046642802908,0.9515151515151515,0.033461210571185,0.00744695904080076
bdpm,large,mean,0.22,352,36264,7,24054,0.009613283810356128,0.9805013927576601,0.019039891818796482,0.007408447782424906
bdpm,all,p75,0.22,361,37102,3,23216,0.009636174358700584,0.9917582417582418,0.019086895603669336,0.007292011914847132
eos,strict,p90,0.1,272,17655,14,6803,0.01517264461426898,0.951048951048951,0.029868775050787902,0.007280726826020956
bdpm,strict,mean,0.24,305,34594,5,25778,0.008739505429955012,0.9838709677419355,0.017325115737453493,0.007271516278952205
eos,all,p90,0.08,319,18309,16,6100,0.017124758428172644,0.9522388059701492,0.03364446553815325,0.007238065605295976
eos,strict,mean,0.08,274,17814,12,6644,0.015148164528969483,0.958041958041958,0.029824752367475782,0.007232447847390976
eos,strict,max,1.0,2,62,284,24396,0.03125,0.006993006993006993,0.011428571428571429,0.007232085374970533
eos,strict,max,0.1,273,17754,13,6704,0.015143950740555833,0.9545454545454546,0.029814885600393165,0.007223568922966125
bdpm,large,p75,0.22,356,37102,3,23216,0.009503977788456405,0.9916434540389972,0.018827511436655474,0.007190979379083201
eos,all,max,0.08,320,18421,15,5988,0.01707486260071501,0.9552238805970149,0.03355001048437827,0.007138139276058205
eos,large,p90,0.08,314,18309,16,6100,0.016860870966009772,0.9515151515151515,0.033134596106157335,0.007106885175664161
eos,strict,p75,0.96,2,64,284,24394,0.030303030303030304,0.006993006993006993,0.011363636363636364,0.007059852382387286
bdpm,all,p90,0.22,361,37567,3,22751,0.009518034170006328,0.9917582417582418,0.01885511333960096,0.007056033867526978
bdpm,strict,p75,0.24,308,35380,2,24992,0.008630351939027125,0.9935483870967742,0.01711206178121007,0.007054304789646967
eos,large,max,0.08,315,18421,15,5988,0.016812553373185313,0.9545454545454546,0.033043113395573274,0.007010132420637448
bdpm,large,p90,0.22,356,37567,3,22751,0.009387442976557761,0.9916434540389972,0.01859881928843843,0.006958203930444274
eos,all,mean,0.06,320,18546,15,5863,0.01696173009646984,0.9552238805970149,0.03333159731263997,0.0069105988962848315
bdpm,all,max,0.22,361,37891,3,22427,0.009437415037122242,0.9917582417582418,0.018696913196602445,0.0068949695596274485
bdpm,strict,p90,0.24,308,35858,2,24514,0.008516286014488747,0.9935483870967742,0.016887816646562123,0.0068266081212001745
bdpm,large,max,0.22,356,37891,3,22427,0.009307919575391534,0.9916434540389972,0.018442729109464852,0.006799326390807575
eos,large,mean,0.06,315,18546,15,5863,0.016701129314458406,0.9545454545454546,0.03282788807253399,0.006786045002035459
bdpm,all,mean,0.2,360,38102,4,22216,0.009359887681347824,0.989010989010989,0.01854427445526194,0.006739880228363709
bdpm,strict,max,0.24,308,36200,2,24172,0.00843650706694423,0.9935483870967742,0.016730946819490465,0.006667323471518914
eos,strict,p75,0.08,274,18169,12,6289,0.01485658515425907,0.958041958041958,0.029259437236371404,0.006647035607457029
bdpm,large,mean,0.2,355,38102,4,22216,0.009231089268533686,0.9888579387186629,0.018291426215993403,0.006645630340285455
eos,strict,mean,0.8,10,602,276,23856,0.016339869281045753,0.03496503496503497,0.022271714922048998,0.006621658992241883
eos,large,p75,0.94,3,113,327,24296,0.02586206896551724,0.00909090909090909,0.013452914798206277,0.006559621883080039
bdpm,strict,mean,0.22,305,36316,5,24056,0.008328554654433249,0.9838709677419355,0.016517288998402425,0.00645121469241207
bdpm,all,p75,0.2,361,38948,3,21370,0.009183647510748174,0.9917582417582418,0.018198774985506518,0.0063878106720199794
eos,all,p75,0.94,3,113,332,24296,0.02586206896551724,0.008955223880597015,0.013303769401330379,0.00638378664016995
eos,strict,p90,0.08,274,18354,12,6104,0.01470904015460597,0.958041958041958,0.02897324733002009,0.0063506684555117805
eos,all,p75,0.06,320,18866,15,5543,0.01667882831231106,0.9552238805970149,0.03278520567593873,0.006341367910608509
eos,large,p90,0.96,3,116,327,24293,0.025210084033613446,0.00909090909090909,0.0133630289532294,0.006337136878763724
bdpm,large,p75,0.2,356,38948,3,21370,0.009057602279666191,0.9916434540389972,0.017951239190177243,0.006299057796506009
eos,strict,max,0.08,275,18466,11,5992,0.014673710047489462,0.9615384615384616,0.02890629106007253,0.006280041292264648
bdpm,strict,p75,0.22,308,37155,2,23217,0.008221445159223767,0.9935483870967742,0.01630794482831652,0.0062378085789220345
eos,large,p75,0.06,315,18866,15,5543,0.01642250143371044,0.9545454545454546,0.03228947773051099,0.00622545906880603
eos,all,p90,0.06,321,19005,14,5404,0.0166097485253027,0.9582089552238806,0.03265347642541071,0.00620265898182878
bdpm,strict,mean,0.88,1,4,309,60368,0.2,0.0032258064516129032,0.006349206349206348,0.006188032166622138
bdpm,all,p90,0.2,361,39426,3,20892,0.009073315404529117,0.9917582417582418,0.01798211750641329,0.0061672288246486465
eos,all,p90,0.96,3,116,332,24293,0.025210084033613446,0.008955223880597015,0.013215859030837005,0.006162248210195118
eos,all,max,0.06,321,19063,14,5346,0.01656004952538176,0.9582089552238806,0.03255743191845429,0.006102602643060834
eos,large,p90,0.06,316,19005,14,5404,0.01635526111484913,0.9575757575757575,0.03216121316981325,0.006090458698853379
bdpm,strict,p75,0.88,1,6,309,60366,0.14285714285714285,0.0032258064516129032,0.006309148264984227,0.006084904762682639
eos,strict,mean,0.06,275,18591,11,5867,0.014576486801653769,0.9615384615384616,0.028717627401837927,0.006084675228466631
bdpm,large,p90,0.2,356,39426,3,20892,0.008948770800864713,0.9916434540389972,0.017737475399217755,0.006081474968570893
bdpm,all,max,0.2,361,39706,3,20612,0.009009908403424265,0.9917582417582418,0.01785758452672454,0.006040439884784599
bdpm,strict,p90,0.22,308,37620,2,22752,0.008120649651972157,0.9935483870967742,0.016109629164705267,0.006036438827383121
eos,large,max,0.06,316,19063,14,5346,0.016306310955157645,0.9575757575757575,0.03206656857273327,0.005991918828437452
bdpm,large,max,0.2,356,39706,3,20612,0.008886226349158803,0.9916434540389972,0.017614606269018576,0.005956410442780602
bdpm,strict,p90,0.88,1,9,309,60363,0.1,0.0032258064516129032,0.00625,0.0059326067739221364
bdpm,strict,max,0.22,308,37944,2,22428,0.008051866569068283,0.9935483870967742,0.015974275193195372,0.005899000148272541
eos,large,max,1.0,2,62,328,24347,0.03125,0.006060606060606061,0.010152284263959392,0.00584404249964699
bdpm,all,mean,0.18,361,40179,3,20139,0.008904785397138628,0.9917582417582418,0.017651085468413843,0.00583019959499629
bdpm,strict,mean,0.2,308,38154,2,22218,0.008007903905153138,0.9935483870967742,0.01588775404931394,0.005811146313601112
bdpm,large,mean,0.18,356,40179,3,20139,0.0087825336129271,0.9916434540389972,0.017410867119870884,0.005749030523392831
eos,all,max,1.0,2,62,333,24347,0.03125,0.005970149253731343,0.010025062656641605,0.005706626343750675
eos,large,p75,0.96,2,64,328,24345,0.030303030303030304,0.006060606060606061,0.010101010101010102,0.005679844447159853
eos,all,mean,0.04,322,19408,13,5001,0.016320324379118095,0.9611940298507463,0.032095689010715175,0.005620129863008419
eos,strict,p75,0.06,275,18911,11,5547,0.014333368080892318,0.9615384615384616,0.028245686113393592,0.005595963931552088
bdpm,strict,max,0.88,1,16,309,60356,0.058823529411764705,0.0032258064516129032,0.0061162079510703364,0.00558800682153567
eos,all,p75,0.96,2,64,333,24345,0.030303030303030304,0.005970149253731343,0.00997506234413965,0.005543157789878138
eos,large,mean,0.04,317,19408,13,5001,0.016070975918884664,0.9606060606060606,0.03161306407379706,0.005518327047500681
eos,strict,p90,0.06,276,19050,10,5408,0.014281279105867743,0.965034965034965,0.02814603304099531,0.005491521515692143
bdpm,strict,p75,0.2,308,39001,2,21371,0.00783535577094304,0.9935483870967742,0.015548095610691839,0.005466255330518686
bdpm,all,p75,0.18,361,41030,3,19288,0.008721702785629726,0.9917582417582418,0.017291342354209076,0.005463937591945315
eos,strict,max,0.06,276,19108,10,5350,0.014238547255468428,0.965034965034965,0.02806304016268429,0.005405582332663665
bdpm,large,p75,0.18,356,41030,3,19288,0.00860194268593244,0.9916434540389972,0.017055934842496106,0.005387754471936681
bdpm,large,mean,0.88,1,4,358,60314,0.2,0.002785515320334262,0.005494505494505494,0.005332829050338049
bdpm,all,p90,0.18,362,41524,2,18794,0.00864250584920976,0.9945054945054945,0.017136094674556214,0.005305587957329832
bdpm,strict,p90,0.2,308,39479,2,20893,0.007741222007188278,0.9935483870967742,0.01536274534254433,0.0052780491702701165
eos,all,p75,0.04,322,19622,13,4787,0.016145206578419575,0.9611940298507463,0.03175698998964446,0.005267290911611272
bdpm,all,mean,0.88,1,4,363,60314,0.2,0.0027472527472527475,0.005420054200542006,0.00525834846121455
bdpm,large,p75,0.88,1,6,358,60312,0.14285714285714285,0.002785515320334262,0.00546448087431694,0.00523934956541651
bdpm,large,p90,0.18,357,41524,2,18794,0.008524151763329433,0.9944289693593314,0.016903409090909094,0.005232217762426876
bdpm,all,max,0.18,362,41806,2,18512,0.008584708783911972,0.9945054945054945,0.017022477193642437,0.005189912941605731
eos,large,p75,0.04,317,19622,13,4787,0.015898490395706906,0.9606060606060606,0.031279293502392815,0.0051708273745078295
bdpm,strict,max,0.2,308,39759,2,20613,0.007687124067187461,0.9935483870967742,0.015256210218688858,0.005169872380492205
bdpm,all,p75,0.88,1,6,363,60312,0.14285714285714285,0.0027472527472527475,0.005390835579514826,0.005165646981413609
eos,all,p90,0.04,322,19707,13,4702,0.016076688801238203,0.9611940298507463,0.03162443527794146,0.005129201394035185
bdpm,strict,mean,0.86,1,26,309,60346,0.037037037037037035,0.0032258064516129032,0.005934718100890208,0.005120320985144565
bdpm,large,max,0.18,357,41806,2,18512,0.008467139435049688,0.9944289693593314,0.0167913080287851,0.00511811441744004
eos,strict,p75,0.92,3,159,283,24299,0.018518518518518517,0.01048951048951049,0.013392857142857144,0.005076119966721466
eos,all,max,0.04,322,19756,13,4653,0.01603745392967427,0.9611940298507463,0.03154852300004899,0.005050119169645179
eos,large,p90,0.04,317,19707,13,4702,0.01583100279664403,0.9606060606060606,0.031148668566375163,0.005034828496681564
bdpm,strict,mean,0.18,308,40232,2,20140,0.007597434632461766,0.9935483870967742,0.015079559363525091,0.004990499138676841
eos,large,max,0.04,317,19756,13,4653,0.01579235789368804,0.9606060606060606,0.031073861687006817,0.004956943815835096
bdpm,all,mean,0.16,361,42312,3,18006,0.008459681765987862,0.9917582417582418,0.016776262285940008,0.004939520972654233
eos,strict,mean,0.04,276,19454,10,5004,0.01398884946781551,0.965034965034965,0.027577937649880098,0.004903254846753676
bdpm,large,mean,0.16,356,42312,3,18006,0.008343489265960439,0.9916434540389972,0.016547749087782088,0.00487048311831048
bdpm,all,p75,0.16,363,43185,1,17133,0.008335629650041334,0.9972527472527473,0.016533066132264528,0.004691360429153256
bdpm,strict,p75,0.18,308,41083,2,19289,0.0074412311855234226,0.9935483870967742,0.014771828013716699,0.004678024519418992
bdpm,large,p75,0.16,358,43185,1,17133,0.00822175780263188,0.9972144846796658,0.016309051979408684,0.004626969843982976
eos,strict,p75,0.04,276,19668,10,4790,0.013838748495788207,0.965034965034965,0.02728620860108749,0.004601164234872736
eos,all,mean,0.02,326,20293,9,4116,0.015810660070808478,0.9731343283582089,0.03111577741719958,0.004593800295014359
bdpm,strict,p90,0.18,309,41577,1,18795,0.00737716659504369,0.9967741935483871,0.014645938003602236,0.004549948708583989
bdpm,all,p90,0.16,363,43613,1,16705,0.008254502455885028,0.9972527472527473,0.016373477672530445,0.004528883315937026
eos,large,mean,0.02,321,20293,9,4116,0.01557194139904919,0.9727272727272728,0.030653170359052715,0.004513518185149612
eos,strict,p90,0.04,276,19753,10,4705,0.01378001897248989,0.965034965034965,0.02717204036426286,0.00448294040957459
bdpm,large,p90,0.16,358,43613,1,16705,0.008141729776443564,0.9972144846796658,0.016151590345138727,0.004466697124310177
bdpm,strict,max,0.18,309,41859,1,18513,0.007327831531018782,0.9967741935483871,0.014548707566269598,0.004451220859367024
bdpm,all,max,0.16,363,43886,1,16432,0.008203575222038916,0.9972527472527473,0.016273283572052988,0.004426875476659662
eos,strict,max,0.04,276,19802,10,4656,0.013746389082577946,0.965034965034965,0.027106658809664112,0.004415236162632872
eos,all,p75,0.02,326,20411,9,3998,0.01572069248203694,0.9731343283582089,0.0309415337889142,0.004412307451907077
bdpm,large,max,0.16,358,43886,1,16432,0.00809149263176928,0.9972144846796658,0.016052731879021592,0.0043660736315936964
eos,all,p90,0.02,326,20447,9,3962,0.015693448226062678,0.9731343283582089,0.030888762554481714,0.004357340549857488
bdpm,large,mean,0.86,1,26,358,60292,0.037037037037037035,0.002785515320334262,0.0051813471502590676,0.0043572463406257875
eos,large,p75,0.02,321,20411,9,3998,0.015483310823847192,0.9727272727272728,0.030481435761086313,0.004334744484484374
eos,all,max,0.02,326,20467,9,3942,0.01567835329197326,0.9731343283582089,0.030859522907989396,0.00432688428545561
bdpm,all,mean,0.86,1,26,363,60292,0.037037037037037035,0.0027472527472527475,0.0051150895140664975,0.004290208556904054
eos,large,p90,0.02,321,20447,9,3962,0.015456471494607087,0.9727272727272728,0.030429424590008535,0.004280601295292097
eos,large,max,0.02,321,20467,9,3942,0.015441600923609775,0.9727272727272728,0.0304006061180036,0.004250601475526002
bdpm,strict,mean,0.16,308,42365,2,18007,0.007217678625828979,0.9935483870967742,0.014331247237279856,0.004230651037352543
bdpm,all,mean,0.14,362,44465,2,15853,0.008075490217949004,0.9945054945054945,0.01602088911508929,0.004170179846719157
eos,strict,p75,0.98,1,29,285,24429,0.03333333333333333,0.0034965034965034965,0.006329113924050633,0.004143582676325659
bdpm,large,mean,0.14,357,44465,2,15853,0.007964838695283567,0.9944289693593314,0.015803103074301144,0.004112252067524615
bdpm,strict,p75,0.16,310,43238,0,17134,0.007118581794801139,1.0,0.01413653153358566,0.004032460786248329
eos,strict,mean,0.02,279,20340,7,4118,0.013531209079004802,0.9755244755244755,0.026692178904568285,0.003982525478612582
bdpm,all,p75,0.14,363,45203,1,15115,0.007966466224816749,0.9972527472527473,0.015806662312214236,0.003951805682240324
bdpm,large,p75,0.14,358,45203,1,15115,0.00785759750663945,0.9972144846796658,0.015592334494773518,0.003897454703905551
bdpm,strict,p90,0.16,310,43666,0,16706,0.00704929961797344,1.0,0.013999909678002078,0.0038937363453429544
eos,strict,p75,0.02,279,20458,7,4000,0.01345421227757149,0.9755244755244755,0.026542358369404936,0.0038273996718378132
bdpm,all,p90,0.14,363,45618,1,14700,0.007894565146473543,0.9972527472527473,0.01566512029345129,0.003807700403536589
bdpm,strict,max,0.16,310,43939,0,16433,0.007005808040859681,1.0,0.013914136313651564,0.0038066428446692662
eos,strict,p90,0.02,279,20494,7,3964,0.013430895874452415,0.9755244755244755,0.026496984662139702,0.003780419132110523
bdpm,large,p90,0.14,358,45618,1,14700,0.007786671306768749,0.9972144846796658,0.015452681558217331,0.0037553074038214024
eos,strict,max,0.02,279,20514,7,3944,0.013417977203866687,0.9755244755244755,0.026471844015370748,0.003754388149955606
bdpm,all,max,0.14,363,45872,1,14446,0.007851194982156376,0.9972527472527473,0.015579733470675337,0.003720767145135327
bdpm,large,max,0.14,358,45872,1,14446,0.007743889249405148,0.9972144846796658,0.015368434609027884,0.003669555591074638
bdpm,strict,mean,0.14,309,44518,1,15854,0.0068931670644923814,0.9967741935483871,0.013691649865963622,0.003580959613904617
bdpm,all,mean,0.12,364,46550,0,13768,0.007758877946881528,1.0,0.015398282499259697,0.0035357730181644967
bdpm,large,mean,0.12,359,46550,0,13768,0.007653115606813191,1.0,0.01518998053651519,0.0034876604530805233
eos,large,p75,0.92,3,159,327,24250,0.018518518518518517,0.00909090909090909,0.012195121951219511,0.003440956684429358
bdpm,strict,p75,0.14,310,45256,0,15116,0.0068033182636176096,1.0,0.013514691777835906,0.003401049449434074
eos,large,p75,0.98,1,29,329,24380,0.03333333333333333,0.0030303030303030303,0.005555555555555556,0.003339770251532595
bdpm,all,p75,0.12,364,47295,0,13023,0.00763759206026144,1.0,0.015159402786164964,0.0032925698703876534
bdpm,strict,p90,0.14,310,45671,0,14701,0.006741915138861704,1.0,0.013393532220085979,0.003278024488465916
eos,all,p75,0.92,3,159,332,24250,0.018518518518518517,0.008955223880597015,0.012072434607645875,0.003275350990230254
eos,all,p75,0.98,1,29,334,24380,0.03333333333333333,0.0029850746268656717,0.00547945205479452,0.0032611807631621643
bdpm,large,p75,0.12,359,47295,0,13023,0.007533470432702396,1.0,0.014954283214962614,0.003247755873952274
bdpm,strict,max,0.14,310,45925,0,14447,0.006704877257488915,1.0,0.013320442582447094,0.003203809469864237
bdpm,all,p90,0.12,364,47680,0,12638,0.007576388310715177,1.0,0.015038836555941166,0.0031698212689672206
bdpm,large,p90,0.12,359,47680,0,12638,0.007473094777160224,1.0,0.014835323773709658,0.003126672719101031
bdpm,all,max,0.12,364,47959,0,12359,0.007532644910291166,1.0,0.014952656766693367,0.003082081427899486
bdpm,large,max,0.12,359,47959,0,12359,0.007429943292354816,1.0,0.014750292746060769,0.0030401235763554617
bdpm,strict,mean,0.12,310,46604,0,13768,0.0066078356141024,1.0,0.013128917499576486,0.0030093351577891387
bdpm,all,mean,0.1,364,48770,0,11548,0.00740831196320267,1.0,0.014707664956159845,0.0028326542022950505
bdpm,strict,p75,0.12,310,47349,0,13023,0.006504542688684194,1.0,0.012925014071587899,0.0028022914681616246
bdpm,large,mean,0.1,359,48770,0,11548,0.007307293044841133,1.0,0.01450856773359198,0.002794082406268788
bdpm,strict,p90,0.12,310,47734,0,12638,0.0064524186162684205,1.0,0.01282210365223146,0.002697795987758836
bdpm,all,p75,0.1,364,49434,0,10884,0.007309530503233062,1.0,0.014512977951437342,0.0026344419887512
bdpm,strict,max,0.12,310,48013,0,12359,0.006415164621401817,1.0,0.012748545226492299,0.002623104522269716
bdpm,large,p75,0.1,359,49434,0,10884,0.007209848773924046,1.0,0.014316477907162228,0.002598562183006789
eos,strict,p90,0.98,1,48,285,24410,0.02040816326530612,0.0034965034965034965,0.005970149253731343,0.0025976817929235533
bdpm,all,p90,0.1,364,49781,0,10537,0.007258949047761492,1.0,0.014413272882060624,0.0025329313725150206
bdpm,large,p90,0.1,359,49781,0,10537,0.00715995213402473,1.0,0.014218103328778788,0.0024984306282317984
bdpm,all,max,0.1,364,50006,0,10312,0.0072265237244391505,1.0,0.014349351519690938,0.002467852401396826
bdpm,large,max,0.1,359,50006,0,10312,0.007127965849300109,1.0,0.014155035091869725,0.0024342359264476216
bdpm,strict,mean,0.1,310,48824,0,11548,0.006309276671958318,1.0,0.01253943855675107,0.002410776617827025
bdpm,strict,p75,0.1,310,49488,0,10884,0.006225149604401783,1.0,0.01237327372874591,0.0022420517364142595
bdpm,all,mean,0.08,364,50917,0,9401,0.007098145511982996,1.0,0.014096233904540616,0.0022101503584530248
bdpm,large,mean,0.08,359,50917,0,9401,0.007001326156486466,1.0,0.013905296794809723,0.0021800365653545438
bdpm,strict,p90,0.1,310,49835,0,10537,0.006182071991225446,1.0,0.012288177583985732,0.0021556444279341325
bdpm,strict,max,0.1,310,50060,0,10312,0.006154457018066309,1.0,0.0122336227308603,0.0021002489522176644
bdpm,all,p75,0.08,364,51546,0,8772,0.007012136389905606,1.0,0.013926617438879749,0.002037461381956149
bdpm,large,p75,0.08,359,51546,0,8772,0.0069164820344860805,1.0,0.013737945813561917,0.0020096957756576697
bdpm,all,p90,0.08,364,51882,0,8436,0.0069670405389886305,1.0,0.013837673446112907,0.0019469060745677116
bdpm,large,p90,0.08,359,51882,0,8436,0.006871997090407917,1.0,0.013650190114068442,0.0019203721405559647
bdpm,all,max,0.08,364,52065,0,8253,0.006942722539052815,1.0,0.013789706968726915,0.0018980705930568588
bdpm,strict,mean,0.08,310,50971,0,9401,0.006045123925040463,1.0,0.012017599968986837,0.0018808972413264877
bdpm,large,max,0.08,359,52065,0,8253,0.006848008545704258,1.0,0.013602864558664721,0.0018722009780562999
eos,large,p90,0.98,1,48,329,24361,0.02040816326530612,0.0030303030303030303,0.005277044854881266,0.0018341689907779392
eos,all,p90,0.98,1,48,334,24361,0.02040816326530612,0.0029850746268656717,0.005208333333333333,0.0017592391739405125
bdpm,strict,p75,0.08,310,51600,0,8772,0.005971874397996533,1.0,0.01187284565300651,0.0017339119620184695
bdpm,strict,p90,0.08,310,51936,0,8436,0.005933468590896911,1.0,0.011796940406423624,0.0016568367708559618
bdpm,all,mean,0.06,364,53012,0,7306,0.006819544364508393,1.0,0.013546706363974691,0.0016506671323636092
bdpm,large,mean,0.06,359,53012,0,7306,0.0067264994097918345,1.0,0.013363111855574168,0.0016281639842673653
bdpm,strict,max,0.08,310,52119,0,8253,0.005912758206336188,1.0,0.011756005991770796,0.0016152713998302329
bdpm,all,p75,0.06,364,53488,0,6830,0.006759266136819431,1.0,0.013427770399881953,0.0015295759367181258
bdpm,large,p75,0.06,359,53488,0,6830,0.0066670380894014525,1.0,0.013245766151348561,0.0015087211010490268
bdpm,all,p90,0.06,364,53677,0,6641,0.006735626653836902,1.0,0.013381123058542412,0.0014820832539313353
bdpm,large,p90,0.06,359,53677,0,6641,0.006643719002146717,1.0,0.013199742623402887,0.0014618750039831758
bdpm,all,max,0.06,364,53841,0,6477,0.00671524767087907,1.0,0.01334090784144844,0.001441139236524151
bdpm,large,max,0.06,359,53841,0,6477,0.006623616236162362,1.0,0.013160065250462802,0.0014214884647340354
bdpm,strict,mean,0.06,310,53066,0,7306,0.005807853717026379,1.0,0.011548634653354694,0.0014047034036732684
bdpm,strict,p75,0.06,310,53542,0,6830,0.0057565178637747905,1.0,0.011447140061297588,0.001301644094218648
bdpm,strict,p90,0.06,310,53731,0,6641,0.0057363853370589,1.0,0.011407333811705398,0.0012612241318983866
eos,large,mean,0.86,4,268,326,24141,0.014705882352941176,0.012121212121212121,0.013289036544850499,0.0012500205595550066
bdpm,strict,max,0.06,310,53895,0,6477,0.0057190296098145925,1.0,0.011373016600935522,0.0012263778223086548
bdpm,all,mean,0.04,364,54856,0,5462,0.00659181455994205,1.0,0.013097294185377088,0.0011931102643469892
bdpm,large,mean,0.04,359,54856,0,5462,0.006501856379606991,1.0,0.012919710656062186,0.0011768375260377193
eos,large,mean,0.88,3,199,327,24210,0.01485148514851485,0.00909090909090909,0.011278195488721804,0.0011601319882331594
bdpm,all,p75,0.04,364,55233,0,5085,0.006547115851574725,1.0,0.013009059880988546,0.0011032765979181848
bdpm,large,p75,0.04,359,55233,0,5085,0.006457763707008203,1.0,0.0128326571464317,0.001088227759087283
eos,all,mean,0.86,4,268,331,24141,0.014705882352941176,0.011940298507462687,0.013179571663920923,0.001058947921221184
bdpm,all,p90,0.04,364,55442,0,4876,0.0065225961366161345,1.0,0.012960655153996794,0.0010539944311313207
bdpm,large,p90,0.04,359,55442,0,4876,0.00643357645920324,1.0,0.012784900284900286,0.0010396171079603436
bdpm,all,max,0.04,364,55547,0,4771,0.006510346801166139,1.0,0.012936472678809416,0.0010293735857152206
bdpm,large,max,0.04,359,55547,0,4771,0.006421493220763424,1.0,0.012761041500044434,0.001015331769120572
bdpm,strict,mean,0.04,310,54910,0,5462,0.005613908004346252,1.0,0.01116513596254277,0.0010152918402195137
eos,strict,mean,0.9,2,152,284,24306,0.012987012987012988,0.006993006993006993,0.009090909090909092,0.0010082161093821805
eos,all,mean,0.88,3,199,332,24210,0.01485148514851485,0.008955223880597015,0.011173184357541898,0.0009978567824556117
bdpm,strict,p75,0.04,310,55287,0,5085,0.005575840423044409,1.0,0.01108984563650348,0.0009388404892749357
bdpm,strict,p90,0.04,310,55496,0,4876,0.005554958248217038,1.0,0.011048542305224892,0.0008969002090158193
bdpm,strict,max,0.04,310,55601,0,4771,0.0055445261218722616,1.0,0.0110279077213141,0.0008759474073384862
bdpm,all,mean,0.02,364,56428,0,3890,0.006409353430060572,1.0,0.012737070473791027,0.0008263564217902484
bdpm,large,mean,0.02,359,56428,0,3890,0.006321869441949742,1.0,0.012564308963007035,0.0008150817286665072
bdpm,all,p75,0.02,364,56753,0,3565,0.0063728837298877745,1.0,0.012665054539760965,0.0007530347914021618
bdpm,large,p75,0.02,359,56753,0,3565,0.006285894382966802,1.0,0.012493257468984355,0.0007427597448335029
bdpm,all,p90,0.02,364,56882,0,3436,0.006358522866226461,1.0,0.012636695018226004,0.0007241610754521251
bdpm,large,p90,0.02,359,56882,0,3436,0.0062717283066333574,1.0,0.012465277777777778,0.0007142797247765371
bdpm,all,max,0.02,364,56969,0,3349,0.006348874121361171,1.0,0.012617640431911539,0.0007047609995207819
bdpm,strict,mean,0.02,310,56482,0,3890,0.0054585152838427945,1.0,0.010857763300760041,0.0007031789218701432
bdpm,large,max,0.02,359,56969,0,3349,0.006262210438180296,1.0,0.012446478409346994,0.0006951441833595987
bdpm,strict,p75,0.02,310,56807,0,3565,0.005427455923805522,1.0,0.010796315322061052,0.0006407831825943861
bdpm,strict,p90,0.02,310,56936,0,3436,0.005415225517940118,1.0,0.010772117589825561,0.0006162122188137209
bdpm,strict,max,0.02,310,57023,0,3349,0.005407008180280118,1.0,0.010755859341116874,0.000599703195584586
bdpm,all,mean,0.0,364,57636,0,2682,0.006275862068965517,1.0,0.012473442533068329,0.0005579484204893658
bdpm,large,mean,0.0,359,57636,0,2682,0.006190188809380119,1.0,0.01230421222195565,0.0005503338320848073
bdpm,all,p75,0.0,364,57876,0,2442,0.00625,1.0,0.012422360248447204,0.0005059398205094385
bdpm,large,p75,0.0,359,57876,0,2442,0.006164677599381815,1.0,0.012253814383725296,0.0004990346638871077
bdpm,all,p90,0.0,364,57963,0,2355,0.0062406775592778645,1.0,0.012403946090541991,0.0004871917362446795
bdpm,large,p90,0.0,359,57963,0,2355,0.006155481636432221,1.0,0.012235646972614646,0.0004805423337874917
bdpm,all,max,0.0,364,58005,0,2313,0.006236187017080985,1.0,0.012395076021997855,0.0004781608144452451
bdpm,strict,mean,0.0,310,57690,0,2682,0.005344827586206896,1.0,0.010632824558394786,0.0004747705793748287
bdpm,large,max,0.0,359,58005,0,2313,0.006151052018367487,1.0,0.01222689576486215,0.0004716346117338425
bdpm,strict,p75,0.0,310,57930,0,2442,0.005322802197802198,1.0,0.01058923996584116,0.00043051364864238946
bdpm,strict,p90,0.0,310,58017,0,2355,0.005314862756527852,1.0,0.01057352865937889,0.0004145599738718183
bdpm,strict,max,0.0,310,58059,0,2313,0.0053110383936678714,1.0,0.010565960565108471,0.0004068751305127165
bdpm,all,mean,-0.02,364,58599,0,1719,0.006173362956430304,1.0,0.012270972744281693,0.00035180689786743527
bdpm,large,mean,-0.02,359,58599,0,1719,0.006089080362291801,1.0,0.012104455720956893,0.0003470046444367511
bdpm,all,p75,-0.02,364,58731,0,1587,0.006159573567983755,1.0,0.012243730974284802,0.0003240710671983581
bdpm,large,p75,-0.02,359,58731,0,1587,0.006075478084278219,1.0,0.012077579101414658,0.0003196472938331252
bdpm,all,p90,-0.02,364,58795,0,1523,0.006152909954529319,1.0,0.012230566335702166,0.00031066766954254796
bdpm,large,p90,-0.02,359,58795,0,1523,0.0060689048923149745,1.0,0.012064590929712835,0.000306426804880175
bdpm,all,max,-0.02,364,58837,0,1481,0.006148544788094796,1.0,0.012221942415848232,0.00030188734171830684
bdpm,strict,mean,-0.02,310,58653,0,1719,0.005257534385970863,1.0,0.010460074570209033,0.00029935562400063085
bdpm,large,max,-0.02,359,58837,0,1481,0.006064598959389148,1.0,0.01205608261271094,0.0002977662999229341
bdpm,strict,p75,-0.02,310,58785,0,1587,0.005245790676030121,1.0,0.010436831916505344,0.0002757543883123206
bdpm,strict,p90,-0.02,310,58849,0,1523,0.005240115620615629,1.0,0.010425599892380904,0.00026434907723362725
bdpm,strict,max,-0.02,310,58891,0,1481,0.005236398033816997,1.0,0.010418242005679623,0.00025687767280721535
bdpm,all,mean,-0.04,364,59157,0,1161,0.006115488651064331,1.0,0.012156633547632963,0.0002353939674927163
bdpm,large,mean,-0.04,359,59157,0,1161,0.006031991397271322,1.0,0.011991649269311065,0.000232180411022812
bdpm,all,p75,-0.04,364,59247,0,1071,0.006106255556860311,1.0,0.012138390996248437,0.0002168205417931863
bdpm,large,p75,-0.04,359,59247,0,1071,0.006022883602321914,1.0,0.011973651296589678,0.00021386049217957343
bdpm,all,p90,-0.04,364,59285,0,1033,0.006102365504870157,1.0,0.012130705013913652,0.00020899515370541497
bdpm,large,p90,-0.04,359,59285,0,1033,0.006019046341626986,1.0,0.011966068363248504,0.0002061419148247525
bdpm,all,max,-0.04,364,59309,0,1009,0.006099911182611902,1.0,0.012125855722304579,0.00020405790690649999
bdpm,large,max,-0.04,359,59309,0,1009,0.006016625326808339,1.0,0.011961284088826693,0.00020127205862473347
bdpm,strict,mean,-0.04,310,59211,0,1161,0.005208245829203139,1.0,0.010362521101101438,0.0002002970858066605
bdpm,strict,p75,-0.04,310,59301,0,1071,0.005200382479743672,1.0,0.010346956826488209,0.00018449267407799486
bdpm,strict,p90,-0.04,310,59339,0,1033,0.00519706952337843,1.0,0.010340399272836438,0.00017783394488859777
bdpm,strict,max,-0.04,310,59363,0,1009,0.005194979303872773,1.0,0.01033626194088325,0.0001736327784131087
bdpm,all,mean,-0.06,364,59476,0,842,0.006082887700534759,1.0,0.012092219786060726,0.00016981188279865028
bdpm,large,mean,-0.06,359,59476,0,842,0.005999832873736108,1.0,0.011928099146094296,0.00016749349126002276
bdpm,all,p75,-0.06,364,59523,0,795,0.00607811378095413,1.0,0.01208278700768452,0.0001602080103869344
bdpm,large,p75,-0.06,359,59523,0,795,0.0059951237433619456,1.0,0.011918792848724291,0.0001580207169619358
bdpm,all,p90,-0.06,364,59546,0,772,0.006075780337172426,1.0,0.012078176328101669,0.00015551370077261658
bdpm,all,max,-0.06,364,59555,0,763,0.0060748677381131195,1.0,0.012076373106846044,0.00015367777202193804
bdpm,large,p90,-0.06,359,59546,0,772,0.005992821968116184,1.0,0.01191424399309704,0.00015339048814670228
bdpm,large,max,-0.06,359,59555,0,763,0.005991921754514805,1.0,0.011912464951138985,0.00015157962134308955
bdpm,strict,mean,-0.06,310,59530,0,842,0.00518048128342246,1.0,0.01030756442227764,0.0001444924834375207
bdpm,strict,p75,-0.06,310,59577,0,795,0.0051764155826807155,1.0,0.010299516587205342,0.00013632047610767002
bdpm,strict,p90,-0.06,310,59600,0,772,0.005174428309130362,1.0,0.010295582862836265,0.0001323260569778511
bdpm,strict,max,-0.06,310,59609,0,763,0.005173651095645789,1.0,0.010294044397217289,0.00013076385380962047
bdpm,all,mean,-0.08,364,59677,0,641,0.006062523941972985,1.0,0.012051982451783794,0.0001288447062742317
bdpm,large,mean,-0.08,359,59677,0,641,0.0059797454860417085,1.0,0.01188840135772829,0.00012708555641805804
bdpm,all,p75,-0.08,364,59727,0,591,0.006057479489441015,1.0,0.012042014721693823,0.0001186961740729907
bdpm,large,p75,-0.08,359,59727,0,591,0.005974769497054222,1.0,0.011878567292580031,0.00011707556850841061
bdpm,all,p90,-0.08,364,59751,0,567,0.006055061132828745,1.0,0.012037236065411135,0.00011383083852834984
bdpm,all,max,-0.08,364,59758,0,560,0.00605435614251023,1.0,0.012035843004992892,0.00011241250956277157
bdpm,large,p90,-0.08,359,59751,0,567,0.005972383962734986,1.0,0.011873852717921579,0.00011227665384510156
bdpm,large,max,-0.08,359,59758,0,560,0.0059716885406790095,1.0,0.011872478338514451,0.00011087768782835648
bdpm,strict,mean,-0.08,310,59731,0,641,0.00516313852200996,1.0,0.010273234909115012,0.0001096332860595012
bdpm,strict,p75,-0.08,310,59781,0,591,0.005158842422326139,1.0,0.010264730716378869,0.00010099787671772684
bdpm,strict,p90,-0.08,310,59805,0,567,0.0051567828329036015,1.0,0.010260653702937526,9.68579561706295e-05
bdpm,strict,max,-0.08,310,59812,0,560,0.00515618242906091,1.0,0.010259465184008472,9.56510987149958e-05
bdpm,all,mean,-0.1,364,59887,0,431,0.0060413935038422595,1.0,0.012010228491297532,8.633337315515717e-05
bdpm,large,mean,-0.1,359,59887,0,431,0.005958901835806526,1.0,0.011847207326128206,8.515459201330644e-05
bdpm,all,p75,-0.1,364,59920,0,398,0.006038086391082211,1.0,0.012003693444136656,7.967978520771399e-05
bdpm,large,p75,-0.1,359,59920,0,398,0.005955639609150782,1.0,0.011840759919522412,7.85918438797258e-05
bdpm,all,p90,-0.1,364,59941,0,377,0.006035983749274521,1.0,0.011999538479289258,7.544945218264543e-05
bdpm,all,max,-0.1,364,59945,0,373,0.006035583412094381,1.0,0.011998747383514908,7.464400645608584e-05
bdpm,large,p90,-0.1,359,59941,0,377,0.005953565505804312,1.0,0.011836660676898729,7.441926718003036e-05
bdpm,large,max,-0.1,359,59945,0,373,0.005953170602281772,1.0,0.011835880190560968,7.362481818014807e-05
bdpm,strict,mean,-0.1,310,59941,0,431,0.00514514281920632,1.0,0.010237611664272386,7.346038242242002e-05
bdpm,strict,p75,-0.1,310,59974,0,398,0.0051423263220755095,1.0,0.010232036175198864,6.779886358094543e-05
bdpm,strict,p90,-0.1,310,59995,0,377,0.005140535610645884,1.0,0.010228491297533613,6.419928830194497e-05
bdpm,strict,max,-0.1,310,59999,0,373,0.005140194664146313,1.0,0.010227816361206883,6.351393766403438e-05
eos,all,mean,0.0,335,24409,0,0,0.013538635628839314,1.0,0.026715578771083374,0.0
eos,all,max,0.0,335,24409,0,0,0.013538635628839314,1.0,0.026715578771083374,0.0
eos,all,p75,0.0,335,24409,0,0,0.013538635628839314,1.0,0.026715578771083374,0.0
eos,all,p90,0.0,335,24409,0,0,0.013538635628839314,1.0,0.026715578771083374,0.0
eos,strict,mean,0.0,286,24458,0,0,0.011558357581635953,1.0,0.022852576907710746,0.0
eos,strict,max,0.0,286,24458,0,0,0.011558357581635953,1.0,0.022852576907710746,0.0
eos,strict,p75,0.0,286,24458,0,0,0.011558357581635953,1.0,0.022852576907710746,0.0
eos,strict,p90,0.0,286,24458,0,0,0.011558357581635953,1.0,0.022852576907710746,0.0
eos,large,mean,0.0,330,24409,0,0,0.013339261894175189,1.0,0.02632733655111891,0.0
eos,large,max,0.0,330,24409,0,0,0.013339261894175189,1.0,0.02632733655111891,0.0
eos,large,p75,0.0,330,24409,0,0,0.013339261894175189,1.0,0.02632733655111891,0.0
eos,large,p90,0.0,330,24409,0,0,0.013339261894175189,1.0,0.02632733655111891,0.0
eos,large,mean,0.84,5,370,325,24039,0.013333333333333334,0.015151515151515152,0.014184397163120567,-6.397768458597417e-06
bdpm,strict,mean,0.9,0,1,310,60371,0.0,0.0,nan,-3.2853805556624924e-05
bdpm,strict,p75,0.9,0,1,310,60371,0.0,0.0,nan,-3.2853805556624924e-05
bdpm,all,mean,0.9,0,1,364,60317,0.0,0.0,nan,-3.286948528251285e-05
bdpm,all,p75,0.9,0,1,364,60317,0.0,0.0,nan,-3.286948528251285e-05
bdpm,large,mean,0.9,0,1,359,60317,0.0,0.0,nan,-3.287093963215892e-05
bdpm,large,p75,0.9,0,1,359,60317,0.0,0.0,nan,-3.287093963215892e-05
bdpm,strict,p90,0.9,0,2,310,60370,0.0,0.0,nan,-6.549914789764158e-05
bdpm,all,p90,0.9,0,2,364,60316,0.0,0.0,nan,-6.556149912509231e-05
bdpm,large,p90,0.9,0,2,359,60316,0.0,0.0,nan,-6.556191193757975e-05
bdpm,strict,max,0.9,0,4,310,60368,0.0,0.0,nan,-0.00013017232926564398
bdpm,large,max,0.9,0,4,359,60314,0.0,0.0,nan,-0.00013040983423152574
bdpm,all,max,0.9,0,4,364,60314,0.0,0.0,nan,-0.00013041883077403646
eos,all,mean,0.84,5,370,330,24039,0.013333333333333334,0.014925373134328358,0.014084507042253521,-0.0002200151412034324
eos,large,mean,0.9,2,152,328,24257,0.012987012987012988,0.006060606060606061,0.008264462809917354,-0.00022607748156671512
eos,all,mean,0.9,2,152,333,24257,0.012987012987012988,0.005970149253731343,0.0081799591002045,-0.0003504315709770373
eos,strict,mean,0.86,3,269,283,24189,0.011029411764705883,0.01048951048951049,0.010752688172043012,-0.000521551810018568
eos,strict,mean,0.92,1,102,285,24356,0.009708737864077669,0.0034965034965034965,0.005141388174807198,-0.000985522395862246
eos,strict,mean,1.0,0,13,286,24445,0.0,0.0,nan,-0.001006085763540361
eos,strict,p75,1.0,0,13,286,24445,0.0,0.0,nan,-0.001006085763540361
eos,strict,p90,1.0,0,13,286,24445,0.0,0.0,nan,-0.001006085763540361
eos,large,mean,1.0,0,13,330,24396,0.0,0.0,nan,-0.001012162823264732
eos,large,p75,1.0,0,13,330,24396,0.0,0.0,nan,-0.001012162823264732
eos,large,p90,1.0,0,13,330,24396,0.0,0.0,nan,-0.001012162823264732
eos,all,mean,1.0,0,13,335,24396,0.0,0.0,nan,-0.0010125314425365969
eos,all,p75,1.0,0,13,335,24396,0.0,0.0,nan,-0.0010125314425365969
eos,all,p90,1.0,0,13,335,24396,0.0,0.0,nan,-0.0010125314425365969
eos,strict,mean,0.84,4,371,282,24087,0.010666666666666666,0.013986013986013986,0.012102874432677761,-0.0010251972519705235
eos,strict,mean,0.88,2,200,284,24258,0.009900990099009901,0.006993006993006993,0.008196721311475409,-0.0013853389531785787
eos,large,mean,0.92,1,102,329,24307,0.009708737864077669,0.0030303030303030303,0.004618937644341801,-0.001738255151469685
eos,all,mean,0.92,1,102,334,24307,0.009708737864077669,0.0029850746268656717,0.004566210045662101,-0.001812819218966143
eos,strict,mean,0.98,0,27,286,24431,0.0,0.0,nan,-0.001998077994911234
eos,large,mean,0.98,0,27,330,24382,0.0,0.0,nan,-0.0020217828380563246
eos,all,mean,0.98,0,27,335,24382,0.0,0.0,nan,-0.002023662419551621
eos,strict,mean,0.96,0,48,286,24410,0.0,0.0,nan,-0.003333236211069745
eos,large,mean,0.96,0,48,330,24361,0.0,0.0,nan,-0.003399264908950107
eos,all,mean,0.96,0,48,335,24361,0.0,0.0,nan,-0.0034050511647010064
eos,strict,mean,0.94,0,69,286,24389,0.0,0.0,nan,-0.004513387153650095
eos,large,mean,0.94,0,69,330,24340,0.0,0.0,nan,-0.004634963071440329
eos,all,mean,0.94,0,69,335,24340,0.0,0.0,nan,-0.004646069593957603
