raster,gt_variant,agg,threshold,tp,fp,fn,tn,precision,recall,f1,kappa
bdpm,all,max,0.68,1149,7816,1571,68714,0.12816508644729505,0.4224264705882353,0.19666238767650837,0.15200270066119556
bdpm,all,max,0.72,827,5137,1893,71393,0.1386653252850436,0.3040441176470588,0.19046522339935515,0.15041312801438914
bdpm,all,max,0.74,682,3952,2038,72578,0.1471730686232197,0.25073529411764706,0.18547729127005713,0.14865262372794374
bdpm,all,max,0.66,1290,9216,1430,67314,0.12278697886921759,0.4742647058823529,0.19507031604415545,0.14864903291483508
bdpm,all,max,0.7,961,6389,1759,70141,0.1307482993197279,0.3533088235294118,0.19086395233366432,0.14818613480269077
bdpm,all,p90,0.68,1085,7482,1635,69048,0.12664876853040738,0.39889705882352944,0.19225657836449012,0.1478587789431763
bdpm,all,p90,0.72,772,4820,1948,71710,0.1380543633762518,0.2838235294117647,0.18575553416746873,0.14633250397036032
bdpm,all,p90,0.66,1236,8889,1484,67641,0.12207407407407407,0.45441176470588235,0.1924484235110938,0.1462540357181332
bdpm,all,p90,0.74,636,3648,2084,72882,0.1484593837535014,0.2338235294117647,0.1816105082809823,0.14574383684852757
bdpm,all,max,0.64,1417,10542,1303,65988,0.11848816790701563,0.5209558823529412,0.19306492267865658,0.1452647297488495
bdpm,all,p75,0.68,1007,6972,1713,69558,0.12620629151522747,0.37022058823529413,0.1882418917655856,0.14444398494007338
bdpm,all,p90,0.7,906,6082,1814,70448,0.1296508299942759,0.33308823529411763,0.18665018541409148,0.14437288003401152
bdpm,all,max,0.76,541,2856,2179,73674,0.1592581689726229,0.1988970588235294,0.17688409350989048,0.14426311789613047
bdpm,all,p90,0.64,1371,10212,1349,66318,0.11836311836311836,0.5040441176470588,0.19170803327973154,0.1441305957210343
bdpm,all,p75,0.72,714,4413,2006,72117,0.13926272674078408,0.2625,0.18198037466547726,0.1435697572056959
bdpm,all,p75,0.64,1311,9756,1409,66774,0.11846028734074275,0.48198529411764707,0.19017915427576704,0.1429550920919645
bdpm,all,p75,0.7,845,5604,1875,70926,0.13102806636687858,0.31066176470588236,0.18431671938052133,0.14293747668046344
bdpm,all,p90,0.62,1511,11565,1209,64965,0.11555521566228204,0.555514705882353,0.19131425677386682,0.14259348076660525
bdpm,all,max,0.62,1548,11911,1172,64619,0.11501597444089456,0.5691176470588235,0.19135916929352867,0.142386669882521
bdpm,all,p75,0.66,1156,8424,1564,68106,0.12066805845511483,0.425,0.18796747967479677,0.14210091303425157
bdpm,all,p75,0.62,1451,11067,1269,65463,0.11591308515737338,0.5334558823529412,0.19044494028087675,0.14206551184760846
bdpm,all,mean,0.68,904,6202,1816,70328,0.12721643681396003,0.3323529411764706,0.18400162833299408,0.1413780342960445
bdpm,all,p75,0.74,579,3288,2141,73242,0.14972847168347556,0.21286764705882352,0.17580081979656897,0.14119237953794297
bdpm,all,p90,0.6,1639,12828,1081,63702,0.11329232045344577,0.6025735294117647,0.19072554837958922,0.14109814239201807
bdpm,all,p90,0.76,499,2574,2221,73956,0.16238203709729906,0.18345588235294116,0.17227688589677195,0.14099788341706573
bdpm,all,max,0.6,1672,13142,1048,63388,0.11286620764142027,0.6147058823529412,0.19071518193224593,0.14089111461283346
bdpm,all,p75,0.6,1578,12375,1142,64155,0.1130939582885401,0.5801470588235295,0.18928807053319738,0.1398782347568642
bdpm,all,p75,0.58,1711,13670,1009,62860,0.11124114166829205,0.6290441176470588,0.18905032871112096,0.13881882731482761
bdpm,all,mean,0.62,1337,10309,1383,66221,0.11480336596256226,0.4915441176470588,0.1861339273284143,0.13817614834958256
bdpm,all,mean,0.6,1476,11610,1244,64920,0.11279229711141678,0.5426470588235294,0.1867645198026066,0.13776279994324864
bdpm,all,p90,0.58,1750,14151,970,62379,0.11005597132255833,0.6433823529411765,0.18795983029912466,0.1373969190508691
bdpm,all,mean,0.7,739,4940,1981,71590,0.13012854375770383,0.2716911764705882,0.17597333015835218,0.13586587833613417
bdpm,all,mean,0.64,1175,8972,1545,67558,0.11579777274071154,0.4319852941176471,0.1826377554985622,0.13585946282551545
bdpm,all,mean,0.66,1034,7681,1686,68849,0.11864601262191624,0.3801470588235294,0.18084827284652383,0.1356281798570739
bdpm,all,max,0.58,1765,14471,955,62059,0.1087090416358709,0.6488970588235294,0.18622072167123863,0.13538677293583143
bdpm,all,mean,0.58,1595,12921,1125,63609,0.10987875447781759,0.5863970588235294,0.18507774425620793,0.13507564604667535
bdpm,all,mean,0.56,1718,14249,1002,62281,0.1075969186447047,0.6316176470588235,0.1838711403649596,0.13302102605318067
bdpm,all,p90,0.56,1848,15481,872,61049,0.10664204512666628,0.6794117647058824,0.18434834655095017,0.13290274798737484
bdpm,all,p75,0.56,1804,15071,916,61459,0.10690370370370371,0.663235294117647,0.18412860423577443,0.13286804581810197
bdpm,all,mean,0.72,603,3805,2117,72725,0.1367967332123412,0.22169117647058822,0.1691919191919192,0.1323609972504347
bdpm,all,max,0.56,1863,15788,857,60742,0.10554642796442128,0.6849264705882353,0.18290707378135584,0.13123461802530872
bdpm,all,p75,0.76,434,2253,2286,74277,0.16151842203200595,0.15955882352941175,0.16053264287035324,0.13088514131630952
bdpm,all,mean,0.54,1821,15467,899,61063,0.10533317908375751,0.669485294117647,0.18202718912435026,0.13045282874764114
bdpm,all,p75,0.54,1900,16226,820,60304,0.10482180293501048,0.6985294117647058,0.18228916818574303,0.13038453508145048
bdpm,all,p90,0.54,1924,16685,796,59845,0.10339083239292815,0.7073529411764706,0.18041164611561725,0.1281997890755469
bdpm,all,mean,0.52,1921,16742,799,59788,0.10293093286181214,0.70625,0.17967544310901182,0.1273961670241188
bdpm,all,max,0.78,377,1825,2343,74705,0.1712079927338783,0.1386029411764706,0.1531897602600569,0.12636057027960762
bdpm,all,max,0.54,1935,17005,785,59525,0.10216473072861669,0.7113970588235294,0.17867036011080337,0.12622324067099466
bdpm,all,p75,0.52,1970,17480,750,59050,0.1012853470437018,0.7242647058823529,0.17771763644564728,0.12502509592472472
bdpm,all,mean,0.74,469,2776,2251,73754,0.1445300462249615,0.1724264705882353,0.15725062866722547,0.12455945298500712
bdpm,all,p90,0.52,1989,17979,731,58551,0.099609375,0.73125,0.17533497884344146,0.12231017807241752
bdpm,all,mean,0.5,1988,17976,732,58554,0.09957924263674614,0.7308823529411764,0.17527772879562686,0.12225060257432271
bdpm,all,max,0.52,2015,18302,705,58228,0.0991780282522026,0.7408088235294118,0.17493597256587232,0.12176898455236604
bdpm,all,p90,0.78,341,1619,2379,74911,0.1739795918367347,0.12536764705882353,0.1457264957264957,0.1204407990947962
bdpm,all,p75,0.5,2028,18775,692,57755,0.0974859395279527,0.7455882352941177,0.1724269863537814,0.11894127901665236
bdpm,all,p90,0.5,2056,19263,664,57267,0.09643979548759322,0.7558823529411764,0.17105536835974877,0.11732090684212351
bdpm,all,mean,0.48,2053,19234,667,57296,0.09644383896274722,0.7547794117647059,0.17103344857749822,0.11730729701619083
bdpm,all,max,0.5,2081,19559,639,56971,0.09616451016635859,0.7650735294117647,0.17085385878489326,0.11701010432211184
eos,all,max,0.72,452,2111,1596,21197,0.17635583300819352,0.220703125,0.19605291693775753,0.11674454851201237
eos,all,max,0.7,508,2507,1540,20801,0.16849087893864012,0.248046875,0.20067153861347026,0.11559500626693622
eos,all,max,0.64,719,3929,1329,19379,0.15469018932874354,0.35107421875,0.21475507765830346,0.11558363029286543
bdpm,all,p75,0.48,2106,20067,614,56463,0.09498038154512245,0.774264705882353,0.16920419395010647,0.11509865838934914
eos,all,max,0.62,785,4417,1263,18891,0.1509034986543637,0.38330078125,0.21655172413793103,0.11383901839048517
bdpm,all,p90,0.48,2132,20539,588,55991,0.09404084513254819,0.7838235294117647,0.1679335197510929,0.11360634253941967
eos,all,p90,0.7,458,2218,1590,21090,0.1711509715994021,0.2236328125,0.19390347163420832,0.1127100204181462
bdpm,all,max,0.48,2145,20878,575,55652,0.09316770186335403,0.7886029411764706,0.16664724391096608,0.11214098239278973
bdpm,all,mean,0.46,2118,20671,602,55859,0.09293957611128176,0.7786764705882353,0.16605903798659297,0.11157727904805025
eos,all,max,0.66,641,3502,1407,19806,0.15471880279990347,0.31298828125,0.2070747859796479,0.11096882529233733
eos,all,max,0.68,569,3014,1479,20294,0.15880547027630476,0.27783203125,0.20209554253240986,0.11068504299189903
bdpm,all,mean,0.76,335,1833,2385,74697,0.15452029520295202,0.12316176470588236,0.13707037643207853,0.10997276532876966
bdpm,all,p75,0.46,2161,21522,559,55008,0.09124688595194866,0.794485294117647,0.16369351967579443,0.10882192774857445
eos,all,p90,0.62,716,4070,1332,19238,0.1496030087755955,0.349609375,0.2095405326309628,0.10870897974594464
eos,all,p90,0.68,515,2687,1533,20621,0.1608369768894441,0.25146484375,0.19619047619047617,0.10834080921966993
eos,all,p90,0.64,645,3597,1403,19711,0.15205091937765206,0.31494140625,0.20508744038155804,0.10789934233647146
bdpm,all,p90,0.46,2185,22044,535,54486,0.0901811878327624,0.8033088235294118,0.16215815058072658,0.1070494902174605
eos,all,p90,0.72,390,1856,1658,21452,0.1736420302760463,0.1904296875,0.1816488122962273,0.10612123823654415
eos,all,max,0.58,938,5702,1110,17606,0.14126506024096386,0.4580078125,0.21593001841620627,0.10549400304993127
bdpm,all,max,0.46,2194,22410,526,54120,0.08917249227767843,0.8066176470588236,0.16059142146098668,0.10528904076708247
bdpm,all,mean,0.44,2164,22095,556,54435,0.0892040067603776,0.7955882352941176,0.1604210682382594,0.10519080496803931
eos,all,max,0.6,836,5007,1212,18301,0.1430771863768612,0.408203125,0.21188695982765177,0.10480937327115891
eos,all,max,0.74,383,1835,1665,21473,0.172678088367899,0.18701171875,0.1795593061415846,0.1043336179948255
eos,all,p90,0.6,781,4641,1267,18667,0.14404278863887865,0.38134765625,0.20910307898259708,0.10405188951000793
eos,all,p90,0.66,566,3132,1482,20176,0.15305570578691186,0.2763671875,0.19700661329620606,0.10383862655621032
eos,all,max,0.56,1011,6304,1037,17004,0.13820915926179084,0.49365234375,0.21595642422300543,0.10271392667280717
bdpm,all,p75,0.78,272,1347,2448,75183,0.16800494132180357,0.1,0.12537451025581933,0.10238406505803366
bdpm,all,p75,0.44,2198,22971,522,53559,0.08732965155548492,0.8080882352941177,0.15762487002043815,0.1019945416158131
eos,large,max,0.72,275,2111,830,21197,0.11525565800502934,0.248868778280543,0.15754798052134059,0.10198639513503457
eos,all,max,0.52,1232,7921,816,15387,0.13460067737353873,0.6015625,0.2199803588965271,0.10135610362971945
eos,all,p90,0.58,858,5284,1190,18024,0.13969391077824814,0.4189453125,0.20952380952380953,0.10056141755708592
eos,all,max,0.54,1096,6983,952,16325,0.13566035400420845,0.53515625,0.216451071393305,0.10053603619044954
eos,large,max,0.7,311,2507,794,20801,0.11036195883605394,0.281447963800905,0.15855212847310732,0.10002975171462086
eos,all,p90,0.54,1028,6518,1020,16790,0.13623111582295255,0.501953125,0.21430060454450697,0.09994262116508602
bdpm,all,p90,0.44,2218,23554,502,52976,0.08606239329504889,0.8154411764705882,0.15569282605643692,0.09979893580827374
eos,large,p90,0.7,281,2218,824,21090,0.11244497799119647,0.25429864253393664,0.15593784683684794,0.09940760107406
bdpm,all,mean,0.42,2207,23495,513,53035,0.08586880398412575,0.8113970588235294,0.15530223066638518,0.09939798012956944
eos,all,p75,0.6,695,4157,1353,19151,0.143239901071723,0.33935546875,0.2014492753623188,0.09911522767272522
eos,all,p75,0.52,1059,6782,989,16526,0.1350593036602474,0.51708984375,0.21417736879360902,0.09873940274313786
bdpm,all,max,0.44,2232,23899,488,52631,0.08541578967509854,0.8205882352941176,0.1547260060309868,0.0986897517751236
eos,all,p90,0.56,932,5879,1116,17429,0.13683746880046982,0.455078125,0.21040749520261878,0.09843762863380338
bdpm,all,max,0.8,240,1088,2480,75442,0.18072289156626506,0.08823529411764706,0.11857707509881425,0.09827065325151306
eos,all,p75,0.64,551,3152,1497,20156,0.1487982716716176,0.26904296875,0.19161884889584418,0.0977753389181025
eos,all,p75,0.7,374,1877,1674,21431,0.16614837849844513,0.1826171875,0.1739939520818795,0.09767157398699487
eos,all,p75,0.68,429,2287,1619,21021,0.15795287187039764,0.20947265625,0.1801007556675063,0.09693253422264267
eos,all,p90,0.52,1131,7373,917,15935,0.13299623706491062,0.55224609375,0.2143669446550417,0.0967793421058603
bdpm,large,max,0.76,268,2856,1120,73674,0.08578745198463508,0.1930835734870317,0.11879432624113476,0.09650750399120533
eos,all,p75,0.62,612,3624,1436,19684,0.14447592067988668,0.298828125,0.1947803946530872,0.09638305762814757
eos,all,p75,0.54,934,5961,1114,17347,0.13546047860768673,0.4560546875,0.20887845242088784,0.09632982778262532
bdpm,all,p75,0.42,2242,24421,478,52109,0.08408656190226156,0.8242647058823529,0.15260524793247798,0.0963154950505207
bdpm,large,max,0.72,423,5137,965,71393,0.07607913669064748,0.3047550432276657,0.12176165803108809,0.09598831884348444
eos,large,max,0.74,236,1835,869,21473,0.11395461129888942,0.21357466063348415,0.14861460957178843,0.09520480181288132
eos,all,p75,0.66,485,2726,1563,20582,0.15104328869511055,0.23681640625,0.18444571211256894,0.09520420109504106
eos,large,p90,0.72,238,1856,867,21452,0.11365807067812798,0.2153846153846154,0.14879649890590807,0.09518035435873194
eos,all,p75,0.58,765,4768,1283,18540,0.13826134104464124,0.37353515625,0.20182034032449545,0.09513711045299704
bdpm,large,max,0.74,339,3952,1049,72578,0.07900256350501049,0.2442363112391931,0.11938721605916534,0.09502568585224468
bdpm,all,p90,0.42,2260,24945,460,51585,0.0830729645285793,0.8308823529411765,0.15104427736006684,0.09453970242912832
eos,large,max,0.68,348,3014,757,20294,0.10350981558596074,0.31493212669683257,0.15580926796507724,0.09408738198065353
bdpm,all,mean,0.4,2253,24975,467,51555,0.08274570295284266,0.8283088235294118,0.15046079871777748,0.09391275804393241
bdpm,all,max,0.42,2275,25270,445,51260,0.08259212198221093,0.8363970588235294,0.15033867503717166,0.09371938519109911
eos,all,max,0.5,1352,9114,696,14194,0.12918020256067264,0.66015625,0.21607799264823394,0.09362425039421175
eos,large,max,0.64,435,3929,670,19379,0.09967919340054995,0.3936651583710407,0.15907844212835984,0.09360495635364677
eos,all,p90,0.5,1245,8344,803,14964,0.12983627072687454,0.60791015625,0.2139726733694251,0.09327878905995943
eos,all,p75,0.56,838,5365,1210,17943,0.1350959213283895,0.4091796875,0.20312689370985332,0.09297451251399907
eos,all,max,0.48,1378,9341,670,13967,0.12855676835525703,0.6728515625,0.2158690373619488,0.09283315548012663
eos,large,p90,0.68,313,2687,792,20621,0.10433333333333333,0.2832579185520362,0.15249695493300852,0.09245610144278486
eos,all,p90,0.48,1307,8849,741,14459,0.12869239858211895,0.63818359375,0.21419206817436906,0.09214862434501803
bdpm,large,p90,0.72,388,4820,1000,71710,0.07450076804915515,0.27953890489913547,0.11764705882352941,0.09210792166052857
eos,all,max,0.76,313,1519,1735,21789,0.17085152838427947,0.15283203125,0.16134020618556702,0.09209091879028919
bdpm,large,max,0.68,586,7816,802,68714,0.06974529873839562,0.42219020172910665,0.11971399387129725,0.09194937525786905
eos,all,max,0.44,1433,9800,615,13508,0.12757055105492746,0.69970703125,0.21579700323770803,0.09169595981006826
eos,large,max,0.66,389,3502,716,19806,0.09997429966589566,0.35203619909502265,0.155724579663731,0.09168532724306823
bdpm,large,p90,0.76,238,2574,1150,73956,0.08463726884779517,0.17146974063400577,0.11333333333333336,0.09166662367604103
bdpm,large,p90,0.74,309,3648,1079,72882,0.07808946171341925,0.22262247838616714,0.11562207670720298,0.09166430699426334
eos,all,p75,0.5,1145,7694,903,15614,0.12953954067202172,0.55908203125,0.2103426104528337,0.09114463121763113
eos,all,p90,0.44,1400,9588,648,13720,0.12741172187841282,0.68359375,0.21478981282602028,0.09102227725144058
eos,all,p75,0.48,1198,8093,850,15215,0.12894198686901304,0.5849609375,0.21130611165005733,0.09098623776750968
eos,all,p75,0.72,321,1599,1727,21709,0.1671875,0.15673828125,0.1617943548387097,0.09072115703095254
bdpm,all,p75,0.4,2283,25936,437,50594,0.08090293773698572,0.8393382352941177,0.14758072335886743,0.09064729466514802
eos,all,max,0.42,1464,10081,584,13227,0.12680814205283672,0.71484375,0.21540498786139925,0.09063968583750341
eos,all,max,0.46,1397,9594,651,13714,0.12710399417705395,0.68212890625,0.2142802362144336,0.09042623123204722
eos,all,p90,0.46,1351,9258,697,14050,0.1273447073239702,0.65966796875,0.2134787074346212,0.09030478077222454
eos,all,p90,0.42,1434,9883,614,13425,0.12671202615534152,0.7001953125,0.21459034792368126,0.09013335548137395
eos,large,max,0.62,471,4417,634,18891,0.09635842880523732,0.4262443438914027,0.1571833806107125,0.0899937226498737
bdpm,large,max,0.7,483,6389,905,70141,0.07028521536670547,0.3479827089337176,0.11694915254237288,0.08997562196000598
eos,all,p90,0.74,316,1574,1732,21734,0.1671957671957672,0.154296875,0.1604875571356018,0.08993060594793405
eos,all,p75,0.46,1247,8505,801,14803,0.1278712059064807,0.60888671875,0.2113559322033898,0.08984793938212765
bdpm,large,max,0.66,666,9216,722,67314,0.06739526411657559,0.47982708933717577,0.11818988464951198,0.08975436266844311
eos,all,p75,0.44,1291,8857,757,14451,0.1272171856523453,0.63037109375,0.21170875696949823,0.08929834044472817
bdpm,all,p90,0.4,2301,26457,419,50073,0.0800125182557897,0.8459558823529412,0.14619734417688546,0.08907110197358892
eos,all,p90,0.4,1463,10180,585,13128,0.12565489993987805,0.71435546875,0.21371704039149808,0.0884992746325688
bdpm,large,p90,0.68,546,7482,842,69048,0.06801195814648729,0.39337175792507206,0.11597281223449446,0.088278882013212
bdpm,all,max,0.4,2313,26761,407,49769,0.07955561670220816,0.8503676470588235,0.14549915078316666,0.08826884864278917
bdpm,large,max,0.64,742,10542,646,65988,0.06575682382133995,0.5345821325648416,0.11710858585858584,0.08818127345707928
bdpm,large,p75,0.74,276,3288,1112,73242,0.07744107744107744,0.1988472622478386,0.11147011308562196,0.08808756354515665
bdpm,large,p75,0.72,348,4413,1040,72117,0.07309388783868935,0.2507204610951009,0.11318913644495039,0.08803237242254427
bdpm,large,p90,0.66,635,8889,753,67641,0.06667366652666946,0.45749279538904897,0.11638563049853372,0.08802744335138012
bdpm,all,mean,0.38,2291,26574,429,49956,0.07936947860730989,0.8422794117647059,0.14506886180148804,0.08784756004112636
eos,large,p90,0.64,388,3597,717,19711,0.0973651191969887,0.351131221719457,0.1524557956777996,0.08780572432695234
eos,large,p90,0.62,432,4070,673,19238,0.09595735228787206,0.3909502262443439,0.15409309791332262,0.08778883679097148
eos,large,p90,0.66,344,3132,761,20176,0.09896432681242807,0.31131221719457014,0.1501855490067671,0.0875068131089323
osu,all,-,nan,2407,41260,499,269246,0.055121716628117344,0.8282863041982106,0.10336461039658171,0.08749878842574109
bdpm,large,p90,0.64,716,10212,672,66318,0.06551976573938506,0.515850144092219,0.11627151672620978,0.08742308904632073
eos,all,max,0.4,1483,10388,565,12920,0.12492629096116586,0.72412109375,0.21309002083483006,0.0873536247402736
eos,all,p75,0.42,1335,9288,713,14020,0.12567071448743292,0.65185546875,0.21071738615736718,0.08708052617784319
eos,all,p90,0.38,1492,10472,556,12836,0.12470745570043464,0.728515625,0.21296031972594917,0.0870361614509277
eos,all,mean,0.64,440,2558,1608,20750,0.1467645096731154,0.21484375,0.17439556084026955,0.08674478869296096
eos,all,max,0.38,1515,10661,533,12647,0.12442509855453351,0.73974609375,0.21302024746906636,0.08673287573770516
eos,all,p75,0.4,1382,9666,666,13642,0.12509051412020275,0.6748046875,0.21105681124007328,0.08657792058039004
bdpm,large,p90,0.7,449,6082,939,70448,0.06874904302557036,0.3234870317002882,0.11339815633287033,0.08655883145577238
bdpm,large,max,0.62,817,11911,571,64619,0.06418918918918919,0.5886167146974063,0.11575517143666761,0.08640686746896056
bdpm,all,p90,0.8,200,912,2520,75618,0.17985611510791366,0.07352941176470588,0.10438413361169102,0.08618130182324167
eos,all,p75,0.38,1429,10048,619,13260,0.12450988934390521,0.69775390625,0.2113123844731978,0.08602590717129743
bdpm,large,p75,0.68,502,6972,886,69558,0.06716617607706717,0.361671469740634,0.11329271044910856,0.08582435491827284
bdpm,all,mean,0.78,211,1065,2509,75465,0.16536050156739812,0.07757352941176471,0.10560560560560561,0.08556184710892527
bdpm,large,max,0.6,888,13142,500,63388,0.06329294369208838,0.6397694524495677,0.11519003761836814,0.08554347416250023
bdpm,large,p90,0.62,789,11565,599,64965,0.06386595434677028,0.5684438040345822,0.11483044680541409,0.08554153038651827
bdpm,large,p90,0.6,867,12828,521,63702,0.0633077765607886,0.6246397694524496,0.11496386660478684,0.08537706227248038
bdpm,large,p75,0.64,674,9756,714,66774,0.06462128475551294,0.48559077809798273,0.1140632932814351,0.08530259438889995
bdpm,large,p75,0.62,756,11067,632,65463,0.06394316163410302,0.5446685878962536,0.11445007947922184,0.08528525673043011
eos,all,max,0.36,1550,11010,498,12298,0.12340764331210191,0.7568359375,0.21221248630887188,0.08514638919494426
bdpm,all,p75,0.38,2320,27507,400,49023,0.07778187548194589,0.8529411764705882,0.14256306264786306,0.08500347361785383
eos,large,p75,0.7,223,1877,882,21431,0.1061904761904762,0.20180995475113123,0.1391575663026521,0.08487733426500281
eos,all,p90,0.36,1523,10826,525,12482,0.12332982427726942,0.74365234375,0.211571855247621,0.08475521141319627
bdpm,large,max,0.78,176,1825,1212,74705,0.0879560219890055,0.12680115273775217,0.10386544703452345,0.08460955872826122
bdpm,large,p75,0.66,586,8424,802,68106,0.06503884572697004,0.42219020172910665,0.11271398345835738,0.08444964140968717
bdpm,large,p75,0.6,830,12375,558,64155,0.0628549791745551,0.5979827089337176,0.11375316932775989,0.08423007564191015
eos,all,p75,0.36,1465,10433,583,12875,0.12312993780467306,0.71533203125,0.21009608489889575,0.08383240744946409
eos,all,max,0.78,263,1266,1785,22042,0.17200784826684107,0.12841796875,0.14705060106234275,0.08378538974092743
bdpm,large,p75,0.76,201,2253,1187,74277,0.08190709046454768,0.14481268011527376,0.10463300364393545,0.08378343852358391
bdpm,all,p90,0.38,2337,28054,383,48476,0.07689776578592346,0.8591911764705882,0.14116154752197155,0.08341229753268621
eos,large,max,0.76,188,1519,917,21789,0.11013473930872876,0.17013574660633485,0.1337126600284495,0.08333966584031152
bdpm,large,p75,0.58,900,13670,488,62860,0.06177076183939602,0.6484149855907781,0.11279608973555584,0.08296645193031565
eos,all,p90,0.76,264,1287,1784,22021,0.1702127659574468,0.12890625,0.14670741872742427,0.08285977132491833
bdpm,large,p75,0.7,403,5604,985,70926,0.06708839687031797,0.2903458213256484,0.10899256254225828,0.08243816453512079
eos,all,mean,0.4,1202,8489,846,14819,0.12403260757403776,0.5869140625,0.20478746060141406,0.08242172728436702
eos,all,p90,0.34,1548,11156,500,12152,0.12185138539042821,0.755859375,0.2098698481561822,0.08219026843276635
bdpm,all,max,0.38,2343,28397,377,48133,0.07621990891346779,0.8613970588235295,0.1400478182904961,0.08216606666169199
bdpm,large,p90,0.58,922,14151,466,62379,0.061168977642141575,0.6642651296829971,0.11202235587145375,0.0820768629496519
eos,large,p75,0.68,255,2287,850,21021,0.1003147128245476,0.23076923076923078,0.1398409651768577,0.08191207888627111
eos,all,max,0.34,1566,11313,482,11995,0.12159329140461216,0.7646484375,0.20982112949688483,0.0818532695070448
bdpm,all,mean,0.36,2323,28219,397,48311,0.07605919717110864,0.8540441176470588,0.1396789128735494,0.08180488341018728
eos,all,p75,0.34,1491,10753,557,12555,0.12177393008820647,0.72802734375,0.20864819479429053,0.08154128590617697
eos,large,max,0.6,498,5007,607,18301,0.09046321525885559,0.4506787330316742,0.15068078668683813,0.08142749370860872
eos,large,p90,0.6,465,4641,640,18667,0.09106933019976499,0.42081447963800905,0.1497343422959266,0.08136976394073486
eos,all,mean,0.38,1245,8875,803,14433,0.12302371541501976,0.60791015625,0.20463510848126232,0.08119251391551577
eos,all,mean,0.36,1301,9310,747,13998,0.12260861370276128,0.63525390625,0.20554546172683463,0.08112475260608142
eos,all,mean,0.42,1144,8116,904,15192,0.12354211663066955,0.55859375,0.20233463035019456,0.0807308496003773
eos,large,p90,0.74,189,1574,916,21734,0.10720363017583664,0.17104072398190046,0.13179916317991633,0.08063919415675476
bdpm,large,max,0.58,929,14471,459,62059,0.06032467532467532,0.6693083573487032,0.11067429116035263,0.08062772628164977
eos,large,p75,0.72,191,1599,914,21709,0.10670391061452514,0.17285067873303167,0.13195164075993088,0.0804839227853644
bdpm,large,mean,0.6,756,11610,632,64920,0.0611353711790393,0.5446685878962536,0.10993165624545585,0.08047766383525388
eos,all,max,0.8,228,1045,1820,22263,0.1791044776119403,0.111328125,0.13730803974706415,0.08036310224081965
bdpm,large,mean,0.72,287,3805,1101,72725,0.0701368523949169,0.20677233429394812,0.10474452554744526,0.0802767841940498
eos,all,mean,0.52,848,5845,1200,17463,0.1266995368295234,0.4140625,0.1940281432330397,0.08026498794669625
bdpm,large,mean,0.62,676,10309,712,66221,0.06153846153846154,0.48703170028818443,0.10927018508041704,0.0801756365735477
eos,all,mean,0.34,1351,9743,697,13565,0.12177753740760772,0.65966796875,0.20560036524121136,0.08016639275625599
eos,all,mean,0.44,1086,7692,962,15616,0.12371838687628162,0.5302734375,0.20062811749491963,0.0801450205476961
eos,all,mean,0.62,478,2986,1570,20322,0.1379907621247113,0.2333984375,0.1734397677793904,0.0800469346581791
eos,large,max,0.58,555,5702,550,17606,0.08870065526610196,0.502262443438914,0.15077424612876936,0.07999045886144675
bdpm,large,mean,0.68,429,6202,959,70328,0.06469612426481677,0.3090778097982709,0.10699588477366255,0.07988892972365601
bdpm,large,mean,0.58,829,12921,559,63609,0.06029090909090909,0.5972622478386167,0.1095256969216541,0.07974576594590951
eos,all,p75,0.32,1521,11083,527,12225,0.1206759758806728,0.74267578125,0.2076167076167076,0.0797366525796633
eos,all,mean,0.56,681,4569,1367,18739,0.12971428571428573,0.33251953125,0.1866264730063031,0.07967803764328026
eos,all,p90,0.32,1569,11463,479,11845,0.12039594843462247,0.76611328125,0.2080901856763926,0.07960151714063687
eos,large,p75,0.6,416,4157,689,19151,0.09096872949923464,0.3764705882352941,0.14653046847481507,0.07941196546740077
eos,large,p75,0.66,289,2726,816,20582,0.09585406301824212,0.26153846153846155,0.14029126213592233,0.07929823343474378
eos,all,mean,0.32,1399,10162,649,13146,0.12101029322722948,0.68310546875,0.20559923579983835,0.07924409880790138
bdpm,all,p75,0.36,2350,29134,370,47396,0.07464108753652648,0.8639705882352942,0.13741082914279032,0.07923230378220454
eos,large,p75,0.64,326,3152,779,20156,0.09373202990224266,0.29502262443438915,0.1422648919921449,0.07899253807153005
eos,all,mean,0.66,373,2193,1675,21115,0.14536243180046765,0.18212890625,0.16168183788469875,0.07893559873003399
eos,all,mean,0.54,748,5116,1300,18192,0.1275579809004093,0.365234375,0.18907987866531853,0.07878715178034398
eos,all,max,0.32,1584,11632,464,11676,0.1198547215496368,0.7734375,0.20754716981132076,0.07868721477427454
bdpm,large,p90,0.78,153,1619,1235,74911,0.0863431151241535,0.11023054755043228,0.09683544303797469,0.07842392958779461
bdpm,large,mean,0.64,585,8972,803,67558,0.06121167730459349,0.4214697406340058,0.10689812699862951,0.07822245462706112
eos,all,mean,0.68,323,1816,1725,21492,0.1510051425899953,0.15771484375,0.1542870790542154,0.07821664579077502
eos,large,max,0.78,158,1266,947,22042,0.11095505617977527,0.1429864253393665,0.12495057334914986,0.07795187027516455
eos,all,mean,0.58,606,4032,1442,19276,0.13065976714100905,0.2958984375,0.18127430451690102,0.0779511900675469
eos,all,mean,0.6,536,3490,1512,19818,0.13313462493790362,0.26171875,0.17648995719459992,0.07774136368499036
bdpm,large,mean,0.56,891,14249,497,62281,0.058850726552179655,0.6419308357348703,0.10781703775411425,0.07771811769629211
bdpm,large,p75,0.56,939,15071,449,61459,0.05865084322298563,0.6765129682997119,0.10794344177491666,0.0777061433277599
bdpm,all,p90,0.36,2362,29662,358,46868,0.07375718211341493,0.8683823529411765,0.1359659221736127,0.07760640816003563
bdpm,large,p90,0.56,962,15481,426,61049,0.05850513896490908,0.6930835734870316,0.10790196848185746,0.07759744068008029
eos,large,p75,0.62,364,3624,741,19684,0.09127382146439318,0.32941176470588235,0.14294129196936972,0.07755396813015525
eos,all,mean,0.46,1030,7369,1018,15939,0.12263364686272175,0.5029296875,0.19718579496506175,0.07736090322473406
eos,all,mean,0.48,985,7020,1063,16288,0.12304809494066209,0.48095703125,0.19596140455585398,0.07726992782688245
bdpm,large,mean,0.7,344,4940,1044,71590,0.06510219530658592,0.2478386167146974,0.10311750599520383,0.07707672315264905
bdpm,large,mean,0.66,503,7681,885,68849,0.0614613880742913,0.36239193083573484,0.1050982030923527,0.07698212722451836
bdpm,large,max,0.56,972,15788,416,60742,0.05799522673031026,0.7002881844380403,0.1071192417897289,0.07674188063065797
bdpm,all,max,0.36,2368,30001,352,46529,0.07315641508851062,0.8705882352941177,0.13497107355581522,0.0764922734049127
bdpm,large,mean,0.54,950,15467,438,61063,0.05786684534324176,0.6844380403458213,0.10671159786576806,0.07637050075016705
eos,all,p75,0.74,254,1305,1794,22003,0.1629249518922386,0.1240234375,0.14083726088161905,0.07634797553943681
eos,all,mean,0.7,275,1471,1773,21837,0.1575028636884307,0.13427734375,0.14496573537163943,0.07629709865062216
bdpm,large,p75,0.54,993,16226,395,60304,0.05766885417271619,0.7154178674351584,0.10673402482936531,0.07627935585028871
eos,large,p90,0.58,504,5284,601,18024,0.08707671043538355,0.45610859728506786,0.14623531118526042,0.07599863008772871
bdpm,all,mean,0.34,2355,29953,365,46577,0.0728921629317816,0.8658088235294118,0.13446385748544024,0.07595990926098875
eos,all,p90,0.3,1594,11871,454,11437,0.11838098774600816,0.7783203125,0.20550506027202992,0.07593929215769456
eos,all,p75,0.3,1550,11531,498,11777,0.11849246999464873,0.7568359375,0.20490448806927095,0.07582261296136801
eos,all,max,0.3,1611,12028,437,11280,0.1181171640149571,0.78662109375,0.20539300057372345,0.07555461860561138
eos,all,mean,0.3,1435,10643,613,12665,0.11881106143401225,0.70068359375,0.20317145688800792,0.07547676024370116
bdpm,large,p90,0.54,1008,16685,380,59845,0.05697168371672413,0.7262247838616714,0.10565483989308735,0.07510023440608564
eos,large,p75,0.58,456,4768,649,18540,0.08728943338437979,0.41266968325791853,0.14409859377468795,0.07498078705884882
bdpm,large,mean,0.52,1010,16742,378,59788,0.05689499774673276,0.7276657060518732,0.10553814002089865,0.07497190526617689
eos,all,mean,0.28,1493,11133,555,12175,0.11824805955963884,0.72900390625,0.20348916450865476,0.0749066088120308
eos,all,mean,0.5,932,6699,1116,16609,0.12213340322369283,0.455078125,0.1925818782932121,0.07474177237172265
eos,all,mean,0.26,1547,11589,501,11719,0.1177679658952497,0.75537109375,0.20376712328767124,0.07441538243329912
eos,large,max,0.56,586,6304,519,17004,0.08505079825834543,0.530316742081448,0.1465916197623515,0.0743804473156312
eos,large,max,0.8,134,1045,971,22263,0.11365564037319763,0.12126696832579185,0.11733800350262696,0.0740699866963168
eos,all,p75,0.28,1588,11943,460,11365,0.11736013598403666,0.775390625,0.2038641761345401,0.07393350095654826
bdpm,large,mean,0.74,211,2776,1177,73754,0.07063943756277201,0.15201729106628242,0.09645714285714285,0.07393124757211514
bdpm,large,max,0.54,1014,17005,374,59525,0.05627393307064765,0.7305475504322767,0.1044983768743237,0.0738625657537428
eos,large,p90,0.56,547,5879,558,17429,0.08512293806411453,0.49502262443438916,0.14526623290399682,0.07371737354262924
eos,all,p90,0.28,1622,12233,426,11075,0.11706964994586792,0.7919921875,0.20398666918191538,0.07360977193713013
eos,all,p75,0.26,1626,12268,422,11040,0.11702893335252627,0.7939453125,0.20398946179902147,0.07355815084662735
bdpm,all,p75,0.34,2381,30936,339,45594,0.07146501785875078,0.8753676470588235,0.13214196520243082,0.07333342687696238
bdpm,large,p75,0.52,1035,17480,353,59050,0.055900621118012424,0.7456772334293948,0.10400442144400342,0.0732908522230646
eos,large,max,0.82,114,822,991,22486,0.12179487179487179,0.10316742081447963,0.11170994610485056,0.07323540942234387
eos,all,max,0.28,1636,12376,412,10932,0.11675706537253783,0.798828125,0.2037359900373599,0.07309865759776123
eos,all,p90,0.26,1657,12561,391,10747,0.11654241102827402,0.80908203125,0.2037378581089389,0.0728192592236906
eos,all,max,0.26,1667,12685,381,10623,0.1161510590858417,0.81396484375,0.20329268292682928,0.07212133848914495
bdpm,large,p90,0.52,1047,17979,341,58551,0.05502995900346894,0.7543227665706052,0.10257666307436072,0.07175444231282711
eos,all,max,0.82,185,822,1863,22486,0.18371400198609733,0.09033203125,0.12111292962356791,0.07168254649423614
eos,large,p90,0.54,593,6518,512,16790,0.08339192799887499,0.5366515837104072,0.1443524829600779,0.07161296158497754
eos,all,p90,0.78,215,1064,1833,22244,0.16810007818608289,0.10498046875,0.12924556657649536,0.07159063499849892
bdpm,all,p90,0.34,2390,31510,330,45020,0.0705014749262537,0.8786764705882353,0.13052976515565265,0.07153020602939476
bdpm,large,mean,0.5,1044,17976,344,58554,0.05488958990536277,0.7521613832853026,0.10231281850254802,0.07148221992532995
bdpm,large,max,0.52,1060,18302,328,58228,0.0547464104947836,0.7636887608069164,0.10216867469879519,0.071294761762862
eos,large,p90,0.76,151,1287,954,22021,0.10500695410292073,0.13665158371040723,0.11875737318128193,0.07121292495575726
eos,large,max,0.54,630,6983,475,16325,0.08275318534086432,0.5701357466063348,0.1445285615966965,0.07109742426378125
bdpm,all,mean,0.32,2387,31629,333,44901,0.07017285983066793,0.8775735294117647,0.12995426829268295,0.07089968452847974
bdpm,all,max,0.82,143,553,2577,75977,0.20545977011494254,0.052573529411764706,0.08372365339578455,0.07072691537342904
bdpm,all,p75,0.8,159,778,2561,75752,0.16969050160085378,0.05845588235294118,0.08695652173913045,0.07061050196092783
eos,large,p75,0.52,611,6782,494,16526,0.08264574597592317,0.5529411764705883,0.14379854083313723,0.07060451035694554
eos,all,p75,0.24,1655,12690,393,10618,0.11537120948065528,0.80810546875,0.20191545171719638,0.07052668210963348
eos,large,max,0.52,705,7921,400,15387,0.0817296545328078,0.6380090497737556,0.1448977494604871,0.07029249040236675
eos,large,p75,0.56,491,5365,614,17943,0.08384562841530055,0.4443438914027149,0.14107168510271514,0.07026756342104726
bdpm,all,max,0.34,2396,31931,324,44599,0.06979928336295045,0.8808823529411764,0.12934920506383782,0.07021118926401886
eos,all,mean,0.24,1579,12118,469,11190,0.11528071840549026,0.77099609375,0.20057161003493174,0.06986134720585989
eos,all,p90,0.24,1680,12939,368,10369,0.11491894110404269,0.8203125,0.2015959680806384,0.06979517503628078
eos,large,p75,0.54,539,5961,566,17347,0.08292307692307692,0.48778280542986424,0.14174884944115712,0.06977526281793224
bdpm,large,p75,0.5,1069,18775,319,57755,0.0538701874622052,0.7701729106628242,0.10069706103993972,0.06972048322666624
eos,all,max,0.24,1687,13059,361,10249,0.11440390614403906,0.82373046875,0.20090508514945812,0.06882739108359008
eos,large,mean,0.7,163,1471,942,21837,0.09975520195838433,0.14751131221719457,0.11902154070828769,0.06872855373698838
eos,large,mean,0.64,253,2558,852,20750,0.09000355745286374,0.22895927601809954,0.1292134831460674,0.06869601558795876
eos,large,p75,0.74,149,1305,956,22003,0.10247592847317744,0.134841628959276,0.11645173896053146,0.06854145157115536
bdpm,large,max,0.5,1098,19559,290,56971,0.05315389456358619,0.7910662824207493,0.09961442503969155,0.06851779149345869
bdpm,large,mean,0.48,1080,19234,308,57296,0.053165304715959434,0.7780979827089337,0.09952999723527783,0.06846461432714208
bdpm,large,p90,0.5,1081,19263,307,57267,0.05313605977192293,0.7788184438040345,0.09948463095895453,0.06841465153917477
bdpm,all,p75,0.32,2412,32642,308,43888,0.06880812460774804,0.8867647058823529,0.12770688833589242,0.06836081601808
bdpm,large,mean,0.76,148,1833,1240,74697,0.07470974255426552,0.10662824207492795,0.08785989907984564,0.06834252424275217
eos,all,mean,0.22,1623,12580,425,10728,0.11427163275364359,0.79248046875,0.19974155436588517,0.06818626672672537
eos,all,p75,0.22,1684,13098,364,10210,0.11392233797862265,0.822265625,0.20011883541295308,0.06786541644841272
eos,large,p90,0.52,648,7373,457,15935,0.08078793167934173,0.5864253393665159,0.14201183431952663,0.06784545167437006
eos,all,p75,0.76,208,1062,1840,22246,0.16377952755905512,0.1015625,0.12537673297166968,0.06773374162452803
bdpm,large,p75,0.78,121,1347,1267,75183,0.082425068119891,0.08717579250720461,0.08473389355742297,0.06766034980351616
bdpm,large,p75,0.48,1108,20067,280,56463,0.0523258559622196,0.7982708933717579,0.09821388999689758,0.06701917970139579
bdpm,all,p90,0.32,2424,33241,296,43289,0.06796579279405579,0.8911764705882353,0.12629933567799922,0.0667790814772359
eos,all,p90,0.22,1703,13338,345,9970,0.1132238547968885,0.83154296875,0.19930949733746853,0.06659819796757577
eos,all,mean,0.2,1662,13024,386,10284,0.11316900449407599,0.8115234375,0.19863750448189318,0.06626186881525836
eos,all,p75,0.2,1715,13460,333,9848,0.1130148270181219,0.83740234375,0.19915229634790685,0.06625098730585166
bdpm,large,p90,0.48,1121,20539,267,55991,0.05175438596491228,0.8076368876080692,0.09727525164873307,0.06600350650755697
eos,large,max,0.5,781,9114,324,14194,0.07892875189489641,0.7067873303167421,0.14200000000000002,0.06593758063492845
eos,all,max,0.22,1713,13476,335,9832,0.11277898479162551,0.83642578125,0.19875848465510237,0.06577482813878517
eos,all,mean,0.72,220,1189,1828,22119,0.15613910574875797,0.107421875,0.12727798669366502,0.06576801147099522
bdpm,all,max,0.32,2431,33634,289,42896,0.06740607236933314,0.89375,0.12535774139486913,0.06572328062001656
bdpm,all,mean,0.3,2420,33532,300,42998,0.06731197151757899,0.8897058823529411,0.1251551510136533,0.06552091841580034
eos,large,p75,0.5,663,7694,442,15614,0.07933468948187149,0.6,0.14013950538998096,0.06541605879833481
bdpm,large,mean,0.46,1120,20671,268,55859,0.051397365884998394,0.8069164265129684,0.096639199275206,0.06533369402249363
eos,all,p90,0.8,181,875,1867,22433,0.17140151515151514,0.08837890625,0.11662371134020617,0.0652530111462743
eos,large,mean,0.68,186,1816,919,21492,0.09290709290709291,0.16832579185520363,0.11972964274219504,0.06520266749843731
eos,large,max,0.48,795,9341,310,13967,0.07843330702446724,0.7194570135746606,0.14144649052575392,0.06513658018889978
eos,large,p90,0.78,125,1064,980,22244,0.10513036164844407,0.11312217194570136,0.10897994768962511,0.06511498521462895
bdpm,large,max,0.48,1126,20878,262,55652,0.051172514088347575,0.8112391930835735,0.09627222982216144,0.06493521314955791
eos,large,mean,0.66,216,2193,889,21115,0.0896637608966376,0.19547511312217195,0.12293682413204327,0.06490561571155194
eos,large,p90,0.5,712,8344,393,14964,0.07862190812720848,0.644343891402715,0.14014368664501525,0.06468126864154639
eos,all,p90,0.2,1729,13728,319,9580,0.1118587047939445,0.84423828125,0.19754355898314765,0.06403758265502793
bdpm,large,max,0.8,102,1088,1286,75442,0.08571428571428572,0.07348703170028818,0.07913110938712181,0.0637337919798013
eos,large,max,0.46,807,9594,298,13714,0.07758869339486588,0.7303167420814479,0.14027463931861636,0.06365161012435959
eos,large,p90,0.48,747,8849,358,14459,0.07784493538974573,0.6760180995475114,0.13961312026913372,0.06359812507232986
eos,large,p75,0.48,686,8093,419,15215,0.07814101833921859,0.6208144796380091,0.1388101983002833,0.0635117988475549
eos,all,mean,0.18,1702,13545,346,9763,0.11162851708532825,0.8310546875,0.19681989014165943,0.0634441939459377
eos,all,max,0.2,1737,13847,311,9461,0.11146047227926079,0.84814453125,0.19702813067150635,0.0632876738293064
eos,large,p90,0.46,778,9258,327,14050,0.07752092467118374,0.7040723981900453,0.13966430302486313,0.06327745807438083
eos,large,p90,0.44,803,9588,302,13720,0.07727841401212587,0.7266968325791855,0.1397007654836465,0.06303430704956553
bdpm,large,p75,0.46,1136,21522,252,55008,0.05013681701827169,0.8184438040345822,0.09448556932545954,0.06303085955500864
bdpm,all,p75,0.3,2444,34599,276,41931,0.0659773776421996,0.8985294117647059,0.12292835047657369,0.06300974291374872
eos,large,p75,0.46,716,8505,389,14803,0.07764884502765426,0.6479638009049774,0.1386790625605268,0.06292776165236873
eos,large,mean,0.62,275,2986,830,20322,0.08432996013492794,0.248868778280543,0.12597343105817682,0.0625912479195588
eos,large,max,0.44,817,9800,288,13508,0.07695205802015635,0.7393665158371041,0.1393960075072513,0.0625311032558969
eos,large,mean,0.58,357,4032,748,19276,0.08133971291866028,0.3230769230769231,0.12995995631598106,0.06213519285606571
bdpm,large,p90,0.46,1151,22044,237,54486,0.049622763526622114,0.829250720461095,0.09364194768742627,0.062114337081117334
bdpm,all,p90,0.3,2457,35191,263,41339,0.06526243093922653,0.9033088235294118,0.12173008323424495,0.061659068735274526
eos,all,p75,0.18,1739,13984,309,9324,0.11060230235960058,0.84912109375,0.19571211524393675,0.061591806866279374
bdpm,large,mean,0.78,98,1065,1290,75465,0.08426483233018056,0.07060518731988473,0.07683261466091729,0.061590568042920575
eos,large,max,0.42,833,10081,272,13227,0.0763239875389408,0.7538461538461538,0.1386138613861386,0.06146351175680133
eos,large,p90,0.42,817,9883,288,13425,0.07635514018691589,0.7393665158371041,0.13841592545531553,0.06140214043577989
bdpm,large,max,0.46,1157,22410,231,54120,0.049094072219629144,0.8335734870317003,0.09272690843518333,0.06113833604065137
eos,large,p75,0.44,734,8857,371,14451,0.07653008028359921,0.6642533936651583,0.13724756918474199,0.061028043649145665
eos,large,mean,0.56,396,4569,709,18739,0.0797583081570997,0.3583710407239819,0.13047775947281715,0.0609444382821433
eos,large,mean,0.6,311,3490,794,19818,0.08182057353328072,0.281447963800905,0.12678353037097434,0.06092015757784905
bdpm,large,mean,0.44,1138,22095,250,54435,0.04898205139241596,0.8198847262247838,0.09244141180293246,0.06086902352273543
eos,all,mean,0.16,1742,14075,306,9233,0.1101346652336094,0.8505859375,0.19501819199552198,0.0606748133096894
bdpm,all,mean,0.28,2448,35372,272,41158,0.0647276573241671,0.9,0.12076961026147015,0.06061320743736515
bdpm,all,max,0.3,2462,35626,258,40904,0.06463978155849612,0.9051470588235294,0.12066261517349539,0.060468530021891294
eos,large,max,0.84,90,689,1015,22619,0.11553273427471117,0.08144796380090498,0.09554140127388536,0.06037043038588667
eos,large,p90,0.4,832,10180,273,13128,0.07555394115510353,0.7529411764705882,0.13732772138318067,0.059993236745252476
eos,all,p90,0.18,1749,14207,299,9101,0.10961393833040863,0.85400390625,0.19429015774272385,0.05966839915551539
eos,large,p90,0.38,851,10472,254,12836,0.07515676057581913,0.7701357466063349,0.13694882523334406,0.05936863477870237
eos,large,p75,0.76,118,1062,987,22246,0.1,0.10678733031674208,0.10328227571115974,0.05930633432566883
eos,large,max,0.4,844,10388,261,12920,0.07514245014245015,0.7638009049773755,0.13682418740374486,0.059293662851430486
bdpm,all,p90,0.82,116,464,2604,76066,0.2,0.04264705882352941,0.0703030303030303,0.0589496140802817
eos,large,p90,0.8,103,875,1002,22433,0.10531697341513292,0.09321266968325792,0.0988958233317331,0.0588959756113765
eos,all,p75,0.78,170,873,1878,22435,0.1629913710450623,0.0830078125,0.10999676480103526,0.05868718232507627
eos,large,p75,0.4,784,9666,321,13642,0.07502392344497608,0.709502262443439,0.13569883167459973,0.05863018521225176
bdpm,large,p75,0.44,1152,22971,236,53559,0.04775525432160179,0.829971181556196,0.09031398220375525,0.05859932627573825
eos,large,mean,0.54,431,5116,674,18192,0.07769965747250766,0.3900452488687783,0.12958508719182202,0.05851436193297466
bdpm,all,p75,0.28,2476,36459,244,40071,0.06359316810068062,0.9102941176470588,0.11888128676029287,0.05847167287344238
eos,large,max,0.38,860,10661,245,12647,0.07464629806440413,0.7782805429864253,0.1362268335181372,0.05845221682851258
eos,all,max,0.18,1755,14348,293,8960,0.10898590324784202,0.85693359375,0.19337777532918296,0.05844003792767303
eos,large,p75,0.42,753,9288,352,14020,0.0749925306244398,0.681447963800905,0.13511573658711645,0.05832090732572469
eos,large,p75,0.38,811,10048,294,13260,0.07468459342480892,0.7339366515837104,0.13557338682714812,0.05818997762978168
eos,all,p75,0.16,1769,14507,279,8801,0.10868763824035389,0.86376953125,0.19308011351233353,0.05790334332932503
bdpm,large,p90,0.44,1167,23554,221,52976,0.04720682820274261,0.840778097982709,0.08939446167988051,0.057604449936477266
eos,large,mean,0.52,484,5845,621,17463,0.07647337652077738,0.43800904977375565,0.130212536992198,0.05758055419886555
bdpm,large,max,0.44,1177,23899,211,52631,0.04693731057584942,0.8479827089337176,0.08895102781136639,0.0571207433460755
bdpm,all,p90,0.28,2485,37096,235,39434,0.06278264824031732,0.9136029411764706,0.11749131226212145,0.056917420148393065
eos,large,p90,0.36,863,10826,242,12482,0.07383009667208487,0.7809954751131222,0.13490698765046116,0.0569065844732324
bdpm,large,mean,0.42,1154,23495,234,53035,0.046817315104061015,0.8314121037463977,0.08864308484080347,0.05683195417263541
eos,all,mean,0.14,1775,14642,273,8666,0.10811963208868855,0.86669921875,0.19225561873815325,0.0567889063364764
eos,large,p75,0.36,831,10433,274,12875,0.07377485795454546,0.7520361990950226,0.1343681785107931,0.056595487920446434
eos,large,max,0.36,875,11010,230,12298,0.0736222128733698,0.7918552036199095,0.13471901462663588,0.0565803322860676
eos,all,p90,0.16,1782,14742,266,8566,0.10784313725490197,0.8701171875,0.19190178763730348,0.05626197903938178
eos,large,mean,0.72,124,1189,981,22119,0.09444021325209444,0.11221719457013575,0.10256410256410257,0.056168814555865636
bdpm,all,max,0.28,2495,37498,225,39032,0.06238591753556873,0.9172794117647058,0.11682625898438413,0.05616377673282634
eos,large,mean,0.4,679,8489,426,14819,0.07406195462478185,0.6144796380090498,0.13219118076511244,0.05592061775637426
eos,all,max,0.84,144,689,1904,22619,0.17286914765906364,0.0703125,0.09996528982992016,0.05586781183120818
eos,large,p75,0.34,849,10753,256,12555,0.073177038441648,0.7683257918552037,0.1336271346501928,0.05556644916650259
bdpm,all,mean,0.26,2477,37484,243,39046,0.061985435799904905,0.9106617647058823,0.11607038260584335,0.055359290110645054
eos,large,mean,0.38,705,8875,400,14433,0.07359081419624217,0.6380090497737556,0.13196069255966308,0.05528399912875912
eos,large,p90,0.82,87,715,1018,22593,0.1084788029925187,0.07873303167420814,0.09124278972207656,0.05527616612945948
eos,all,p90,0.82,146,715,1902,22593,0.16957026713124274,0.0712890625,0.10037813681677553,0.05520543996757699
bdpm,large,p75,0.42,1175,24421,213,52109,0.045905610251601815,0.8465417867435159,0.08708864512303588,0.05515808098464276
eos,large,p90,0.34,876,11156,229,12152,0.0728058510638298,0.7927601809954751,0.13336378168531632,0.055013935145966024
eos,all,max,0.16,1785,14875,263,8433,0.10714285714285714,0.87158203125,0.19082745349583066,0.054864380609933365
eos,large,mean,0.46,589,7369,516,15939,0.07401357124905755,0.5330316742081448,0.129979035639413,0.05485075137464407
bdpm,large,p90,0.8,82,912,1306,75618,0.08249496981891348,0.059077809798270896,0.0688497061293031,0.0547972818312174
eos,large,max,0.34,885,11313,220,11995,0.07255287752090507,0.8009049773755657,0.13305269488085394,0.05457677259034055
eos,large,mean,0.42,644,8116,461,15192,0.07351598173515982,0.5828054298642534,0.13056259503294476,0.05456310360041466
eos,large,mean,0.44,612,7692,493,15616,0.07369942196531792,0.5538461538461539,0.13008821341268997,0.05455248544811289
bdpm,large,p90,0.42,1188,24945,200,51585,0.0454597635173918,0.8559077809798271,0.08633407216307547,0.05434211790704064
eos,large,mean,0.48,560,7020,545,16288,0.07387862796833773,0.5067873303167421,0.128957973517559,0.054235075177657466
eos,large,mean,0.36,732,9310,373,13998,0.07289384584744076,0.6624434389140271,0.13133578541311564,0.05420449753055821
bdpm,large,max,0.42,1197,25270,191,51260,0.04522613065326633,0.8623919308357348,0.08594507269789985,0.053918400420345666
eos,all,p75,0.14,1795,15042,253,8266,0.10661044129001604,0.87646484375,0.1900979613449828,0.05382914121582991
eos,large,mean,0.5,534,6699,571,16609,0.07382828701783492,0.4832579185520362,0.12808827056848165,0.053783218467468086
eos,large,mean,0.34,762,9743,343,13565,0.07253688719657306,0.6895927601809955,0.13126614987080104,0.053759980828447365
eos,large,p75,0.78,97,873,1008,22435,0.1,0.08778280542986425,0.09349397590361445,0.053437373584861045
eos,large,p75,0.32,860,11083,245,12225,0.07200870802980826,0.7782805429864253,0.13182096873083998,0.05338525125146502
bdpm,large,mean,0.4,1176,24975,212,51555,0.04496959963290123,0.8472622478386167,0.08540615127637169,0.053380555252959656
eos,large,mean,0.32,790,10162,315,13146,0.07213294375456537,0.7149321266968326,0.13104420668491332,0.05318881840263751
bdpm,all,p75,0.26,2499,38595,221,37935,0.06081179734267776,0.91875,0.11407312731090519,0.05311038497905825
eos,large,p90,0.32,884,11463,221,11845,0.07159633919170649,0.8,0.13143027059173357,0.05272144790218061
eos,all,mean,0.74,174,996,1874,22312,0.14871794871794872,0.0849609375,0.10814170292106899,0.05249212768078305
eos,all,max,0.86,123,552,1925,22756,0.18222222222222223,0.06005859375,0.09034153507161219,0.052395859793214115
eos,all,mean,0.12,1799,15203,249,8105,0.10581108104928832,0.87841796875,0.18887139107611553,0.0522281913376432
eos,large,max,0.32,891,11632,214,11676,0.07114908568234449,0.8063348416289593,0.1307601995890813,0.05189135376238312
eos,all,p90,0.14,1802,15266,246,8042,0.10557768924302789,0.8798828125,0.1885331659342959,0.051766554586821695
bdpm,all,p90,0.26,2508,39221,212,37309,0.06010208727743296,0.9220588235294118,0.11284843303561384,0.051739714971775805
bdpm,large,p75,0.4,1195,25936,193,50594,0.044045556743208876,0.8609510086455331,0.0838037799361829,0.05166150947144475
eos,all,max,0.14,1813,15387,235,7921,0.10540697674418605,0.88525390625,0.18838320864505403,0.05145977014312749
eos,large,max,0.86,71,552,1034,22756,0.11396468699839486,0.06425339366515836,0.08217592592592592,0.05120989244632841
bdpm,large,p90,0.4,1208,26457,180,50073,0.04366528104102657,0.8703170028818443,0.08315836574536194,0.05096214537269098
eos,large,p75,0.3,877,11531,228,11777,0.07068020631850419,0.7936651583710407,0.12980093243543253,0.05090971490841717
eos,all,p75,0.8,138,703,1910,22605,0.16409036860879905,0.0673828125,0.09553478712357218,0.050903648923769716
bdpm,all,max,0.26,2514,39662,206,36868,0.05960735963581184,0.924264705882353,0.11199215965787597,0.050782026985181195
eos,large,mean,0.28,846,11133,259,12175,0.07062359128474831,0.7656108597285067,0.12931825129929686,0.05063459079581821
eos,large,mean,0.3,808,10643,297,12665,0.07056152301109074,0.7312217194570135,0.12870340872889455,0.05029710274181844
bdpm,large,max,0.4,1209,26761,179,49769,0.0432248838040758,0.8710374639769453,0.08236255875740855,0.050121006017179504
bdpm,all,mean,0.24,2499,39680,221,36850,0.059247492828184645,0.91875,0.11131651038998643,0.050059523244647
eos,large,p90,0.3,896,11871,209,11437,0.0701809352236234,0.8108597285067873,0.12918108419838523,0.050035184342575485
bdpm,large,mean,0.38,1196,26574,192,49956,0.04306805905653583,0.861671469740634,0.08203580492489196,0.04979413557501519
bdpm,large,max,0.82,60,553,1328,75977,0.09787928221859707,0.043227665706051875,0.05997001499250375,0.04959705206259776
eos,large,max,0.3,904,12028,201,11280,0.06990411382616765,0.8180995475113122,0.12880245066609675,0.049534251958054394
eos,large,max,0.88,60,424,1045,22884,0.12396694214876033,0.05429864253393665,0.07551919446192575,0.04930516883279896
eos,large,p75,0.28,896,11943,209,11365,0.0697873666173378,0.8108597285067873,0.1285140562248996,0.04926891551916306
eos,all,max,0.88,104,424,1944,22884,0.19696969696969696,0.05078125,0.08074534161490683,0.049265951010705106
eos,large,mean,0.26,870,11589,235,11719,0.06982903924873585,0.7873303167420814,0.12828074314361543,0.04922284470581041
eos,all,p75,0.12,1813,15594,235,7714,0.1041535014649279,0.88525390625,0.186378822924698,0.048913958938782726
bdpm,all,mean,0.8,106,591,2614,75939,0.15208034433285508,0.03897058823529412,0.0620427275387767,0.04872302851210226
bdpm,large,p75,0.38,1214,27507,174,49023,0.04226872323387069,0.8746397694524496,0.08064034009764523,0.04829688733764249
eos,large,p90,0.28,910,12233,195,11075,0.06923837784371908,0.8235294117647058,0.12773722627737225,0.04826252700700879
bdpm,strict,max,0.72,204,5760,426,72860,0.03420523138832998,0.3238095238095238,0.0618744313011829,0.04818733108031511
eos,large,p75,0.8,79,703,1026,22605,0.1010230179028133,0.07149321266968325,0.08373078961314256,0.048017065565432254
osu,large,-,nan,1235,41260,170,269246,0.029062242616778443,0.8790035587188612,0.05626423690205011,0.04796184371836793
bdpm,all,p75,0.24,2517,40758,203,35772,0.05816291161178509,0.9253676470588236,0.10944667898684639,0.04795996348932536
eos,all,p90,0.12,1825,15800,223,7508,0.10354609929078014,0.89111328125,0.18553347227164133,0.04771602008030311
eos,large,p75,0.26,908,12268,197,11040,0.06891317547055252,0.8217194570135746,0.12716196344793781,0.047617991729943555
eos,large,max,0.28,915,12376,190,10932,0.06884357836129712,0.8280542986425339,0.12711864406779663,0.04751257215530938
bdpm,large,p90,0.38,1224,28054,164,48476,0.041806134298790903,0.8818443804034583,0.079827822343964,0.047426368612965314
eos,all,max,0.12,1828,15892,220,7416,0.10316027088036117,0.892578125,0.1849453662484824,0.046938343291023844
bdpm,large,max,0.38,1230,28397,158,48133,0.04151618456137982,0.8861671469740634,0.07931645977752699,0.0468790959578837
eos,all,mean,0.1,1824,15880,224,7428,0.10302756439222774,0.890625,0.1846901579586877,0.04665503513330227
eos,large,p90,0.26,921,12561,184,10747,0.06831330663106364,0.8334841628959276,0.12627682182765476,0.04649931259678488
eos,strict,p90,0.7,127,2549,396,22284,0.04745889387144993,0.24282982791587,0.07939981244138794,0.04649606993564082
bdpm,large,p90,0.82,53,464,1335,76066,0.10251450676982592,0.03818443804034582,0.05564304461942257,0.046423000578544316
eos,strict,max,0.72,122,2441,401,22392,0.04760046820132657,0.2332695984703633,0.07906675307841866,0.04639502280590343
bdpm,large,mean,0.36,1214,28219,174,48311,0.041246220228994664,0.8746397694524496,0.07877745692871742,0.046331011136381245
bdpm,all,p90,0.24,2518,41429,202,35101,0.05729628871140237,0.9257352941176471,0.10791351490346497,0.046261345329358536
eos,large,mean,0.74,98,996,1007,22312,0.08957952468007313,0.08868778280542987,0.08913142337426103,0.04617460617077706
eos,large,max,0.26,927,12685,178,10623,0.06810167499265354,0.8389140271493213,0.1259767615682544,0.04610879696908308
bdpm,all,max,0.24,2525,41845,195,34685,0.056907820599504166,0.9283088235294118,0.10724145253769377,0.04550616203702283
bdpm,strict,p90,0.72,184,5408,446,73212,0.032904148783977114,0.2920634920634921,0.05914496946319512,0.04550599758155319
eos,strict,p90,0.72,107,2139,416,22694,0.047640249332146035,0.2045889101338432,0.07728421812928854,0.04534044130623321
eos,large,mean,0.24,880,12118,225,11190,0.06770272349592245,0.7963800904977375,0.12479614266468128,0.04512867738250909
bdpm,all,mean,0.22,2524,41998,196,34532,0.05669107407573784,0.9279411764705883,0.10685407053046019,0.04507896759406973
eos,large,p90,0.84,68,588,1037,22720,0.10365853658536585,0.06153846153846154,0.07722884724588303,0.045025011474661286
eos,all,mean,0.76,141,812,1907,22496,0.14795383001049317,0.06884765625,0.0939686771076308,0.044977281299364416
bdpm,large,p75,0.36,1230,29134,158,47396,0.04050849690422869,0.8861671469740634,0.07747543461829176,0.044936617852274034
eos,large,p75,0.24,915,12690,190,10618,0.06725468577728776,0.8280542986425339,0.12440516655336505,0.0443969633869424
eos,all,p90,0.84,115,588,1933,22720,0.16358463726884778,0.05615234375,0.08360596146855688,0.04414800489774381
bdpm,large,p90,0.36,1238,29662,150,46868,0.04006472491909385,0.8919308357348703,0.07668483647175421,0.04409254863729741
eos,large,p90,0.24,929,12939,176,10369,0.06698875108162676,0.8407239819004525,0.12409002871835971,0.04392839675694262
eos,strict,max,0.7,137,2878,386,21955,0.04543946932006634,0.26195028680688337,0.0774448841153194,0.04383128957748622
eos,all,p75,0.1,1838,16251,210,7057,0.10160871247719609,0.8974609375,0.182549535680588,0.043793947814506407
bdpm,all,p75,0.82,83,347,2637,76183,0.1930232558139535,0.03051470588235294,0.052698412698412696,0.043737866374333065
eos,strict,p75,0.7,105,2146,418,22687,0.046645935139937804,0.20076481835564053,0.07570295602018745,0.043690541567466386
eos,large,p75,0.82,64,549,1041,22759,0.10440456769983687,0.0579185520361991,0.07450523864959255,0.04361353507903958
eos,large,max,0.24,934,13059,171,10249,0.06674765954405774,0.8452488687782805,0.1237249966883031,0.04347220878344285
bdpm,large,max,0.36,1241,30001,147,46529,0.03972216887523206,0.8940922190201729,0.07606497088568803,0.04343490513543498
bdpm,strict,max,0.76,113,3284,517,75336,0.03326464527524286,0.17936507936507937,0.05612118202135584,0.04329003476566527
bdpm,strict,max,0.68,275,8690,355,69930,0.03067484662576687,0.4365079365079365,0.0573215216258468,0.043106743575041406
bdpm,large,mean,0.34,1232,29953,156,46577,0.03950617283950617,0.8876080691642652,0.07564547324471188,0.043003219917550094
eos,large,mean,0.22,897,12580,208,10728,0.06655783928173926,0.8117647058823529,0.12302839116719244,0.042956731575999926
bdpm,all,p75,0.22,2538,43133,182,33397,0.055571369140154585,0.9330882352941177,0.10489553842656692,0.04288894301538856
bdpm,large,p75,0.8,62,778,1326,75752,0.07380952380952381,0.0446685878962536,0.05565529622980252,0.04279800863976385
bdpm,strict,p75,0.72,162,4965,468,73655,0.03159742539496782,0.2571428571428571,0.0562793121417405,0.04272507608848828
eos,strict,max,0.74,102,2116,421,22717,0.045987376014427414,0.1950286806883365,0.07442539219263043,0.04246149731423252
bdpm,strict,max,0.74,147,4487,483,74133,0.03172205438066465,0.23333333333333334,0.05585106382978723,0.04244894819566718
eos,all,p90,0.1,1846,16442,202,6866,0.10094050743657043,0.9013671875,0.18154996066089696,0.04244462702555762
eos,large,p75,0.22,929,13098,176,10210,0.066229414700221,0.8407239819004525,0.12278614855934443,0.04243181667198483
eos,strict,p90,0.68,142,3060,381,21773,0.0443472829481574,0.27151051625239003,0.07624161073825503,0.04228030249410759
bdpm,strict,p90,0.66,304,9821,326,68799,0.030024691358024692,0.48253968253968255,0.056531845653184566,0.04219569098101689
eos,large,p75,0.2,952,13460,153,9848,0.06605606439078546,0.8615384615384616,0.12270413095314815,0.04217079471138163
bdpm,strict,max,0.7,224,7126,406,71494,0.030476190476190476,0.35555555555555557,0.05614035087719298,0.042113185504706004
bdpm,strict,p90,0.68,258,8309,372,70311,0.030115559705848022,0.4095238095238095,0.05610525171251496,0.041916068012683695
eos,large,mean,0.2,920,13024,185,10284,0.06597819850831899,0.832579185520362,0.12226726028307527,0.04190352856186756
eos,all,max,0.1,1851,16541,197,6767,0.1006415832970857,0.90380859375,0.18111545988258318,0.04184348700679789
bdpm,strict,max,0.66,313,10193,317,68427,0.029792499524081476,0.49682539682539684,0.05621408045977011,0.04184210285344902
eos,large,p90,0.22,941,13338,164,9970,0.06590097345752503,0.8515837104072398,0.12233489339573583,0.04182596563603142
eos,strict,p75,0.72,89,1831,434,23002,0.04635416666666667,0.1701720841300191,0.07286123618501843,0.041795111176869286
bdpm,strict,p90,0.74,135,4149,495,74471,0.031512605042016806,0.21428571428571427,0.054945054945054944,0.04166180384966408
bdpm,large,p75,0.34,1248,30936,140,45594,0.03877703206562267,0.899135446685879,0.07434767067794591,0.04161476300056757
bdpm,strict,max,0.64,353,11606,277,67014,0.029517518187139394,0.5603174603174603,0.0560807053777107,0.041605686635096395
eos,strict,p75,0.68,121,2595,402,22238,0.04455081001472754,0.23135755258126195,0.07471441803025625,0.04156053134866217
bdpm,strict,p90,0.64,342,11241,288,67379,0.029526029526029528,0.5428571428571428,0.056005895357406035,0.041553567043549254
eos,large,max,0.9,48,343,1057,22965,0.12276214833759591,0.04343891402714932,0.0641711229946524,0.041492760982204245
bdpm,all,p90,0.22,2539,43762,181,32768,0.05483682857821645,0.9334558823529412,0.10358825809347014,0.0414402792687366
eos,large,max,0.22,947,13476,158,9832,0.06565901684808986,0.8570135746606334,0.12197320968572901,0.041367997234781996
eos,all,max,0.9,84,343,1964,22965,0.19672131147540983,0.041015625,0.06787878787878789,0.04115612233249901
eos,all,p75,0.82,106,549,1942,22759,0.1618320610687023,0.0517578125,0.0784313725490196,0.040887055240722024
bdpm,strict,p90,0.7,209,6779,421,71841,0.029908414424728105,0.33174603174603173,0.05487004463113679,0.04088205770703087
bdpm,strict,p75,0.62,364,12154,266,66466,0.029078127496405176,0.5777777777777777,0.05536963796775175,0.04085077160702037
bdpm,strict,p75,0.64,323,10744,307,67876,0.029185867895545316,0.5126984126984127,0.05522783619731555,0.04079883087193304
bdpm,all,max,0.22,2547,44193,173,32337,0.05449293966623877,0.9363970588235294,0.10299231702385767,0.04076834553587213
bdpm,large,p90,0.34,1253,31510,135,45020,0.038244361017000884,0.9027377521613833,0.07337998887294661,0.040588055490596006
eos,large,p90,0.2,958,13728,147,9580,0.0652321939261882,0.8669683257918552,0.12133493762269647,0.040558740378544504
eos,all,mean,0.08,1847,16624,201,6684,0.099994586107953,0.90185546875,0.18002826648472148,0.040501427741356934
bdpm,large,mean,0.32,1252,31629,136,44901,0.03807670083026672,0.9020172910662824,0.07306895444862704,0.04026105938644109
eos,large,mean,0.18,942,13545,163,9763,0.06502381445433837,0.8524886877828054,0.12083119548486403,0.04009343098830738
eos,large,max,0.2,962,13847,143,9461,0.06496049699507056,0.8705882352941177,0.1208998366218424,0.04003231857009224
bdpm,all,mean,0.2,2539,44392,181,32138,0.054100701029170487,0.9334558823529412,0.10227387162393507,0.03998515454570321
bdpm,strict,p75,0.68,233,7746,397,70874,0.029201654342649454,0.36984126984126986,0.05412939946567546,0.039982998757931584
bdpm,strict,p75,0.66,277,9303,353,69317,0.028914405010438415,0.4396825396825397,0.05426052889324193,0.03993831420686441
eos,strict,p75,0.66,138,3073,385,21760,0.04297726564933042,0.2638623326959847,0.07391537225495447,0.03985464484146286
bdpm,large,max,0.34,1255,31931,133,44599,0.03781715181100464,0.904178674351585,0.07259790594088043,0.03976068228704981
bdpm,strict,p90,0.76,97,2976,533,75644,0.03156524568825252,0.15396825396825398,0.05238995409127734,0.039719912343892286
bdpm,strict,p90,0.62,371,12705,259,65915,0.028372591006423982,0.5888888888888889,0.054136874361593465,0.039568814684047125
eos,strict,max,0.68,152,3431,371,21402,0.042422550934970694,0.29063097514340347,0.07403799318071115,0.03946045629665379
eos,large,p90,0.86,53,444,1052,22864,0.10663983903420524,0.04796380090497738,0.06616729088639202,0.03918334085040503
bdpm,large,p75,0.32,1272,32642,116,43888,0.037506634428259716,0.9164265129682997,0.07206390572772081,0.03917843110939164
bdpm,strict,max,0.62,378,13081,252,65539,0.028085296084404486,0.6,0.05365888281638157,0.03906407678806113
bdpm,strict,max,0.78,72,2130,558,76490,0.0326975476839237,0.11428571428571428,0.05084745762711864,0.038966986956870994
bdpm,strict,p75,0.7,187,6262,443,72358,0.028996743681190883,0.2968253968253968,0.052832320949286624,0.03891181640102768
bdpm,strict,p75,0.74,117,3750,513,74870,0.030256012412723042,0.18571428571428572,0.05203468979319546,0.03889474592010757
eos,large,mean,0.16,967,14075,138,9233,0.06428666400744582,0.8751131221719457,0.11977457112776367,0.03870832909237155
eos,strict,p75,0.64,155,3548,368,21285,0.041857953011072105,0.29636711281070743,0.07335541883577852,0.038603590638901654
eos,large,p75,0.18,960,13984,145,9324,0.06423982869379015,0.8687782805429864,0.11963362203252538,0.03859411701883162
eos,strict,p90,0.74,84,1806,439,23027,0.044444444444444446,0.16061185468451242,0.06962287608785744,0.038557342999204824
bdpm,strict,p75,0.58,426,14955,204,63665,0.027696508679539694,0.6761904761904762,0.05321341577665356,0.038528419504734554
eos,strict,max,0.66,172,3971,351,20862,0.04151580979966208,0.32887189292543023,0.07372481783111873,0.038506593905651525
bdpm,strict,p75,0.6,387,13566,243,65054,0.027735970758976564,0.6142857142857143,0.05307549886854557,0.03844818143700336
bdpm,strict,mean,0.62,325,11321,305,67299,0.027906577365619096,0.5158730158730159,0.05294884327142392,0.03844560311811707
bdpm,strict,p90,0.6,400,14067,230,64553,0.027649132508467546,0.6349206349206349,0.052990660396105185,0.03833919662611955
bdpm,strict,mean,0.64,284,9863,346,68757,0.027988568049669853,0.4507936507936508,0.052704834369490576,0.03830867148474122
bdpm,strict,mean,0.72,130,4278,500,74342,0.029491833030852996,0.20634920634920634,0.05160778086542279,0.038228692768859956
bdpm,strict,mean,0.6,362,12724,268,65896,0.027663151459575118,0.5746031746031746,0.05278506853310003,0.03819566816637029
bdpm,strict,max,0.6,408,14406,222,64214,0.02754151478331308,0.6476190476190476,0.052836052836052826,0.03816763720329378
bdpm,large,p90,0.32,1276,33241,112,43289,0.03696729147956079,0.9193083573487032,0.07107645174766744,0.03813255228010001
bdpm,strict,p90,0.58,435,15466,195,63154,0.027356770014464498,0.6904761904761905,0.052628395136410384,0.0379150987031486
eos,all,p75,0.08,1859,16971,189,6337,0.09872543813064259,0.90771484375,0.1780821917808219,0.03791208996286173
bdpm,all,p75,0.2,2549,45541,171,30989,0.05300478269910584,0.9371323529411765,0.10033457980712458,0.037823045011837635
eos,strict,max,0.64,190,4458,333,20375,0.04087779690189329,0.3632887189292543,0.07348675304583253,0.0378084609519272
bdpm,strict,mean,0.66,243,8472,387,70148,0.027882960413080894,0.38571428571428573,0.05200642054574638,0.037738773853743086
bdpm,strict,mean,0.58,396,14120,234,64500,0.027280242491044365,0.6285714285714286,0.052291033936352836,0.037626648398889705
eos,all,p90,0.86,90,444,1958,22864,0.16853932584269662,0.0439453125,0.069713400464756,0.037559159069868536
eos,large,p90,0.18,966,14207,139,9101,0.06366572200619522,0.8742081447963801,0.11868779948396609,0.03746906207566042
bdpm,large,max,0.32,1278,33634,110,42896,0.03660632447296059,0.920749279538905,0.07041322314049588,0.03743086517719514
bdpm,large,mean,0.3,1273,33532,115,42998,0.03657520471196667,0.9171469740634006,0.07034509435526207,0.037364333601993045
eos,strict,mean,0.7,77,1669,446,23164,0.0441008018327606,0.14722753346080306,0.06787130894667254,0.03731180275575996
eos,strict,p90,0.64,173,4069,350,20764,0.040782649693540785,0.33078393881453155,0.07261280167890871,0.037256291678335815
eos,strict,p90,0.66,152,3546,371,21287,0.0411032990805841,0.29063097514340347,0.07202084814025113,0.037225010480850945
bdpm,strict,mean,0.68,198,6908,432,71712,0.02786377708978328,0.3142857142857143,0.05118924508790072,0.03712718525342172
bdpm,strict,max,0.58,437,15799,193,62821,0.02691549642769155,0.6936507936507936,0.05182023004861853,0.03708261361419362
eos,large,max,0.92,40,275,1065,23033,0.12698412698412698,0.03619909502262444,0.056338028169014086,0.036999662352213546
bdpm,all,p90,0.2,2559,46195,161,30335,0.0524880009845346,0.9408088235294118,0.09942883785989043,0.03680553923814663
eos,all,p90,0.08,1867,17152,181,6156,0.098164992901835,0.91162109375,0.17724403094887736,0.036770703001098734
eos,large,p75,0.16,980,14507,125,8801,0.06327887905985666,0.8868778280542986,0.11812921890067503,0.036736657635263764
eos,strict,max,0.62,208,4994,315,19839,0.03998462129950019,0.3977055449330784,0.07266375545851528,0.03654979901204815
bdpm,strict,p75,0.56,448,16427,182,62193,0.026548148148148147,0.7111111111111111,0.05118537560696944,0.0364166774187947
bdpm,strict,mean,0.56,424,15543,206,63077,0.026554769211498717,0.6730158730158731,0.05109357112731217,0.03635407991404673
eos,large,max,0.18,966,14348,139,8960,0.06307953506595272,0.8742081447963801,0.11766855472318653,0.036300343918993554
eos,large,p90,0.88,44,345,1061,22963,0.11311053984575835,0.039819004524886875,0.05890227576974565,0.03618459513982369
bdpm,all,max,0.2,2561,46614,159,29916,0.05207930859176411,0.9415441176470588,0.09869929665671066,0.03599492791827559
eos,all,max,0.08,1871,17264,177,6044,0.09777893911680167,0.91357421875,0.1766510881367134,0.03597946814171019
bdpm,large,p75,0.3,1285,34599,103,41931,0.03580983167985732,0.9257925072046109,0.06895256492809615,0.035882915214897455
bdpm,strict,p90,0.56,454,16875,176,61745,0.026198857406659358,0.7206349206349206,0.050559607995990866,0.035767004578889997
bdpm,all,max,0.84,65,260,2655,76270,0.2,0.02389705882352941,0.042692939244663386,0.03562747797155631
bdpm,large,max,0.84,35,260,1353,76270,0.11864406779661017,0.02521613832853026,0.041592394533571005,0.035569705931236505
eos,large,mean,0.14,979,14642,126,8666,0.06267204404327507,0.885972850678733,0.11706325481286618,0.035521426174408934
bdpm,strict,p90,0.78,61,1899,569,76721,0.031122448979591835,0.09682539682539683,0.0471042471042471,0.03549965259268557
eos,large,p90,0.16,985,14742,120,8566,0.06263114389266866,0.8914027149321267,0.11703897338403042,0.03545521998331002
bdpm,strict,mean,0.52,484,18179,146,60441,0.02593366554144564,0.7682539682539683,0.05017363810708547,0.03533723996654968
bdpm,strict,p75,0.54,470,17656,160,60964,0.025929603883923645,0.746031746031746,0.05011729579867776,0.03529458129845201
eos,strict,max,0.76,78,1754,445,23079,0.0425764192139738,0.1491395793499044,0.06624203821656051,0.035283149461389926
eos,strict,max,0.8,57,1216,466,23617,0.04477611940298507,0.1089866156787763,0.06347438752783964,0.03526584370212605
eos,strict,max,0.82,47,960,476,23873,0.04667328699106256,0.08986615678776291,0.061437908496732016,0.03524361788995419
bdpm,strict,p75,0.76,79,2608,551,76012,0.02940081875697804,0.1253968253968254,0.04763340367802231,0.035207517242797116
bdpm,strict,max,0.56,457,17194,173,61426,0.025890884369157555,0.7253968253968254,0.04999726491986216,0.0351862740623311
bdpm,large,p90,0.3,1293,35191,95,41339,0.035440192961298106,0.9315561959654178,0.06828263624841573,0.035168190932370245
eos,all,mean,0.06,1876,17394,172,5914,0.09735339906590555,0.916015625,0.17600150107890047,0.035107161881889996
bdpm,strict,mean,0.54,447,16841,183,61779,0.025856085145765848,0.7095238095238096,0.04989396137961826,0.03509223757869913
eos,large,p90,0.9,39,283,1066,23025,0.12111801242236025,0.03529411764705882,0.05466012613875263,0.0349470609142418
eos,strict,p90,0.62,188,4598,335,20235,0.03928123694107814,0.35946462715105165,0.07082313053305707,0.03493357181910884
bdpm,all,mean,0.18,2556,47116,164,29414,0.05145756160412305,0.9397058823529412,0.09757214841960604,0.034754127253417574
eos,strict,max,0.96,16,170,507,24663,0.08602150537634409,0.030592734225621414,0.04513399153737658,0.03468713222989268
eos,strict,max,0.78,66,1463,457,23370,0.04316546762589928,0.12619502868068833,0.06432748538011696,0.034654316423068196
bdpm,strict,p90,0.54,475,18134,155,60486,0.02552528346499006,0.753968253968254,0.04937886584541817,0.034531482139862006
eos,large,max,0.16,986,14875,119,8433,0.06216505894962487,0.8923076923076924,0.11623246492985971,0.03452468729155692
eos,large,mean,0.76,73,812,1032,22496,0.08248587570621468,0.0660633484162896,0.07336683417085428,0.03449678956085107
bdpm,large,max,0.3,1295,35626,93,40904,0.03507488962920831,0.9329971181556196,0.06760813385888434,0.03445482314858792
bdpm,strict,mean,0.7,152,5527,478,73093,0.026765275576686037,0.24126984126984127,0.04818513235061024,0.03436553551812769
bdpm,large,mean,0.28,1284,35372,104,41158,0.035028371890004364,0.9250720461095101,0.06750078856061402,0.03435265224860624
eos,strict,p75,0.62,166,4070,357,20763,0.03918791312559018,0.3173996175908222,0.06976255515864678,0.03430310279358121
bdpm,strict,p75,0.52,493,18957,137,59663,0.025347043701799486,0.7825396825396825,0.04910358565737052,0.03423051467514376
eos,strict,mean,0.68,88,2051,435,22782,0.04114071996259935,0.1682600382409178,0.06611570247933884,0.034098261119881984
eos,large,max,0.94,33,202,1072,23106,0.14042553191489363,0.02986425339366516,0.049253731343283584,0.033916432436160694
bdpm,strict,max,0.54,477,18463,153,60157,0.02518479408658923,0.7571428571428571,0.04874808380173735,0.03388220788717853
eos,large,p75,0.14,989,15042,116,8266,0.06169296987087518,0.8950226244343892,0.11542950513538748,0.033585737455563584
bdpm,strict,mean,0.5,496,19468,134,59152,0.024844720496894408,0.7873015873015873,0.048169369719335726,0.03326946248582667
eos,large,max,0.96,29,147,1076,23161,0.16477272727272727,0.026244343891402715,0.04527712724434036,0.03325317016756916
eos,strict,p75,0.6,186,4666,337,20167,0.03833470733718054,0.35564053537284895,0.0692093023255814,0.033207302417831534
bdpm,large,p75,0.82,36,347,1352,76183,0.09399477806788512,0.025936599423631124,0.04065499717673631,0.03320603431383896
bdpm,strict,p90,0.52,495,19473,135,59147,0.02478966346153846,0.7857142857142857,0.048062918729973786,0.03316125236992913
bdpm,large,p75,0.28,1299,36459,89,40071,0.03440330525981249,0.9358789625360231,0.06636693404179227,0.03314185555647602
eos,large,mean,0.12,994,15203,111,8105,0.06136938939309749,0.8995475113122172,0.11490001155935732,0.032948081134623414
bdpm,strict,max,0.52,501,19816,129,58804,0.024659152433922332,0.7952380952380952,0.047835012173580944,0.0329218202672457
eos,strict,p90,0.76,65,1486,458,23347,0.041908446163765316,0.124282982791587,0.06268081002892961,0.03284413267057035
bdpm,all,p75,0.18,2565,48294,155,28236,0.05043355158379048,0.9430147058823529,0.09574646783254634,0.032719676911242786
eos,all,p75,0.06,1885,17711,163,5597,0.0961931006327822,0.92041015625,0.1741822214008501,0.032712046847274016
eos,strict,p75,0.74,65,1494,458,23339,0.04169339320076972,0.124282982791587,0.06243996157540826,0.03255571615261362
eos,large,max,0.14,1000,15387,105,7921,0.06102398242509306,0.9049773755656109,0.1143379830779785,0.03226761473478249
eos,large,p90,0.14,992,15266,113,8042,0.06101611514331406,0.897737556561086,0.11426596786269654,0.03223385413448514
bdpm,strict,p75,0.5,505,20298,125,58322,0.02427534490217757,0.8015873015873016,0.04712359445714552,0.03218860185101902
bdpm,large,p90,0.28,1302,37096,86,39434,0.033908016042502216,0.9380403458213257,0.06545015834715728,0.03217208810414819
eos,strict,max,0.6,219,5624,304,19209,0.03748074619202464,0.4187380497131931,0.06880301602262016,0.03215714561504249
bdpm,strict,mean,0.48,516,20771,114,57849,0.024240146568328087,0.819047619047619,0.04708673632340193,0.03214102084741052
eos,strict,mean,0.72,59,1350,464,23483,0.04187366926898509,0.11281070745697896,0.06107660455486543,0.03195257614506481
eos,all,p90,0.06,1891,17847,157,5461,0.0958050461039619,0.92333984375,0.17359772330854675,0.0319144476539783
bdpm,all,p90,0.18,2577,48964,143,27566,0.049999029898527385,0.9474264705882353,0.09498534859291204,0.03186014763152941
bdpm,large,max,0.28,1309,37498,79,39032,0.03373102790733631,0.9430835734870316,0.06513247916407514,0.03183041620665946
eos,all,mean,0.78,105,666,1943,22642,0.13618677042801555,0.05126953125,0.07449450159631074,0.031714382618827204
bdpm,strict,p75,0.78,48,1571,582,77049,0.02964793082149475,0.0761904761904762,0.0426856380613606,0.03160199442305668
eos,strict,p90,0.78,54,1225,469,23608,0.04222048475371384,0.10325047801147227,0.05993340732519423,0.03157830563679755
bdpm,strict,mean,0.74,86,3159,544,75461,0.02650231124807396,0.1365079365079365,0.04438709677419356,0.031492214403687165
bdpm,strict,max,0.5,517,21123,113,57497,0.0238909426987061,0.8206349206349206,0.046430175123484504,0.03146703578222149
eos,all,max,0.06,1892,17904,156,5404,0.09557486360880986,0.923828125,0.1732283464566929,0.03143599403346994
eos,strict,max,0.58,245,6395,278,18438,0.036897590361445784,0.4684512428298279,0.06840709200055843,0.03136600024497457
bdpm,strict,p90,0.5,508,20811,122,57809,0.023828509780008444,0.8063492063492064,0.04628912478928425,0.03133024384479717
bdpm,large,mean,0.26,1297,37484,91,39046,0.03344421237203785,0.9344380403458213,0.06457716149269338,0.031256115781969664
eos,all,p90,0.88,71,345,1977,22963,0.17067307692307693,0.03466796875,0.05762987012987013,0.03120807365767112
eos,strict,p90,0.6,201,5221,322,19612,0.03707119144227222,0.384321223709369,0.06761984861227922,0.031169089064915834
bdpm,all,max,0.18,2577,49343,143,27187,0.049634052388289676,0.9474264705882353,0.09432650073206442,0.031130607253090463
eos,strict,max,0.94,17,233,506,24600,0.068,0.032504780114722756,0.04398447606727038,0.031057122385966838
bdpm,strict,p75,0.48,523,21650,107,56970,0.023587245749334778,0.8301587301587302,0.04587115730386353,0.030888897877949323
eos,strict,mean,0.66,99,2467,424,22366,0.03858144972720187,0.18929254302103252,0.06409841372612496,0.0308888416714794
eos,strict,max,0.92,20,317,503,24516,0.05934718100890208,0.03824091778202677,0.046511627906976744,0.030844996223956676
eos,strict,p75,0.58,204,5329,319,19504,0.03686969094523766,0.390057361376673,0.06737120211360634,0.030843735499692812
eos,strict,p75,0.76,53,1217,470,23616,0.04173228346456693,0.10133843212237094,0.05911879531511433,0.03079912653228023
eos,strict,mean,0.64,114,2884,409,21949,0.03802535023348899,0.2179732313575526,0.0647543311559216,0.03070793060174488
eos,strict,p75,0.52,285,7556,238,17277,0.03634740466777197,0.5449330783938815,0.06814921090387374,0.030661956912631454
eos,large,p75,0.12,999,15594,106,7714,0.06020611101066715,0.9040723981900453,0.11289411232907673,0.030619442118250437
eos,strict,max,0.52,331,8822,192,16011,0.03616300666448159,0.6328871892925431,0.06841670111616371,0.030587500941275114
bdpm,strict,mean,0.46,532,22257,98,56363,0.02334459607705472,0.8444444444444444,0.04543319526879883,0.030432680437919492
bdpm,strict,p90,0.48,529,22142,101,56478,0.02333377442547748,0.8396825396825397,0.04540577657611262,0.030406963979024714
eos,large,p90,0.12,1007,15800,98,7508,0.059915511394061996,0.9113122171945701,0.11243858865564983,0.030050098241828475
bdpm,large,p75,0.26,1309,38595,79,37935,0.03280372894947875,0.9430835734870316,0.06340211178920856,0.030005576304545478
eos,strict,max,0.84,37,796,486,24037,0.04441776710684274,0.07074569789674952,0.05457227138643068,0.029990554264222834
bdpm,strict,max,0.48,532,22491,98,56129,0.023107327455153544,0.8444444444444444,0.04498372299496893,0.029971975971471863
bdpm,all,mean,0.16,2576,49958,144,26572,0.04903491072448319,0.9470588235294117,0.0932421182176856,0.02993115326380891
eos,strict,p90,0.52,305,8199,218,16634,0.035865475070555035,0.5831739961759083,0.06757505261991802,0.029873510585052745
eos,all,max,0.92,62,275,1986,23033,0.18397626112759644,0.0302734375,0.0519916142557652,0.029847373937001105
eos,strict,max,0.54,290,7789,233,17044,0.03589553162520114,0.5544933078393881,0.06742617995814928,0.029837813279354062
eos,all,mean,0.04,1911,18251,137,5057,0.09478226366431902,0.93310546875,0.1720846465556056,0.029812481764484818
bdpm,large,mean,0.8,41,591,1347,75939,0.06487341772151899,0.029538904899135448,0.040594059405940595,0.029779273606447908
eos,strict,p90,0.58,222,5920,301,18913,0.03614457831325301,0.42447418738049714,0.06661665416354087,0.029731417983706085
eos,strict,p90,0.56,245,6566,278,18267,0.03597122302158273,0.4684512428298279,0.0668121079901827,0.029636741356486983
eos,large,max,0.12,1009,15892,96,7416,0.059700609431394595,0.9131221719457013,0.11207375319337999,0.029620480029314996
eos,strict,max,0.56,262,7053,261,17780,0.035816814764183184,0.5009560229445507,0.06685378923194692,0.029489184501713506
eos,strict,p75,0.56,223,5980,300,18853,0.035950346606480735,0.42638623326959846,0.06630984240261671,0.02938286032100293
bdpm,strict,max,0.8,39,1289,591,77331,0.029367469879518073,0.06190476190476191,0.03983656792645557,0.029369851976137232
eos,strict,p90,0.84,32,671,491,24162,0.04551920341394026,0.06118546845124283,0.052202283849918436,0.029239318301224216
eos,strict,p90,0.54,269,7277,254,17556,0.03564802544394381,0.51434034416826,0.06667492873962078,0.029223599458208384
eos,strict,max,0.86,31,644,492,24189,0.045925925925925926,0.05927342256214149,0.05175292153589316,0.02918804232010375
bdpm,large,p90,0.26,1312,39221,76,37309,0.03236868724249377,0.9452449567723343,0.06259392667159658,0.029150506245976277
bdpm,strict,p75,0.46,537,23146,93,55474,0.022674492251826203,0.8523809523809524,0.044173898737301036,0.029138086161615173
eos,large,mean,0.1,1004,15880,101,7428,0.05946458185264156,0.9085972850678733,0.1116237700817166,0.029134281605102164
eos,strict,p90,0.8,44,1012,479,23821,0.041666666666666664,0.0841300191204589,0.055731475617479424,0.028941131723514438
bdpm,strict,p90,0.46,546,23683,84,54937,0.022534978744479756,0.8666666666666667,0.043927752524236696,0.028879142364366915
eos,strict,p75,0.82,30,625,493,24208,0.04580152671755725,0.05736137667304015,0.05093378607809847,0.028653480690502327
bdpm,large,max,0.26,1316,39662,72,36868,0.03211479330372395,0.9481268011527377,0.06212528914695747,0.028652684679769787
eos,strict,max,0.5,367,10099,156,14734,0.03506592776609975,0.7017208413001912,0.0667940667940668,0.028629676407957414
eos,strict,p90,0.82,37,824,486,24009,0.0429732868757259,0.07074569789674952,0.05346820809248555,0.028536944413298595
eos,all,p90,0.9,61,283,1987,23025,0.17732558139534885,0.02978515625,0.05100334448160535,0.028432412607374342
eos,strict,p75,0.5,310,8529,213,16304,0.03507184070596221,0.5927342256214149,0.0662251655629139,0.02838258638292327
bdpm,strict,max,0.46,548,24056,82,54564,0.022272801170541374,0.8698412698412699,0.04343346278830149,0.028371162915179403
eos,strict,max,0.9,22,405,501,24428,0.05152224824355972,0.04206500956022945,0.04631578947368421,0.028298557988439412
eos,strict,p75,0.54,243,6652,280,18181,0.03524292965917331,0.4646271510516252,0.06551631167430573,0.028255663888844533
eos,large,p75,0.84,45,461,1060,22847,0.08893280632411067,0.04072398190045249,0.055865921787709494,0.0282355252794075
bdpm,large,mean,0.24,1307,39680,81,36850,0.03188815966038012,0.94164265129683,0.06168731563421828,0.02819883044634474
bdpm,all,p75,0.16,2587,51128,133,25402,0.04816159359582984,0.9511029411764705,0.09168069460441215,0.028187190036782737
bdpm,strict,mean,0.44,538,23721,92,54899,0.022177336246341564,0.8539682539682539,0.04323194985736671,0.02817190832189117
eos,all,p75,0.04,1915,18463,133,4845,0.09397389341446657,0.93505859375,0.17078391153125835,0.028124826914686058
bdpm,strict,mean,0.76,56,2112,574,76508,0.025830258302583026,0.08888888888888889,0.040028591851322376,0.028054997716537314
bdpm,all,mean,0.82,53,264,2667,76266,0.167192429022082,0.01948529411764706,0.03490286466908133,0.027938074581127424
eos,large,p75,0.86,38,353,1067,22955,0.09718670076726342,0.034389140271493215,0.05080213903743316,0.02779980042480613
eos,strict,max,0.48,371,10348,152,14485,0.03461143763410766,0.7093690248565966,0.0660024906600249,0.02776101312679286
eos,strict,max,0.98,12,128,511,24705,0.08571428571428572,0.022944550669216062,0.03619909502262443,0.027729698447993462
eos,large,p75,0.1,1014,16251,91,7057,0.058731537793223286,0.9176470588235294,0.11039738704409365,0.027671472547809748
eos,strict,mean,0.52,234,6459,289,18374,0.03496190049305244,0.4474187380497132,0.06485587583148558,0.027651217848007278
eos,all,p90,0.04,1917,18548,131,4760,0.09367212313706327,0.93603515625,0.17030160351796741,0.027494562446607872
eos,strict,max,0.88,25,503,498,24330,0.04734848484848485,0.04780114722753346,0.047573739295908656,0.027417542978723945
bdpm,all,p90,0.16,2591,51725,129,24805,0.04770233448707563,0.9525735294117647,0.09085489866049512,0.027267387841070655
bdpm,strict,p75,0.44,546,24623,84,53997,0.021693352934165043,0.8666666666666667,0.042327221985348266,0.027238913612084577
eos,strict,p90,0.48,349,9807,174,15026,0.03436392280425364,0.6673040152963671,0.06536192527390206,0.027196676940958044
eos,strict,p90,0.46,364,10245,159,14588,0.034310491092468656,0.6959847036328872,0.06539705353934604,0.027149991508153018
eos,strict,p90,0.86,25,509,498,24324,0.04681647940074907,0.04780114722753346,0.04730368968779566,0.02702600126023511
eos,all,max,0.04,1917,18597,131,4711,0.0934483767183387,0.93603515625,0.16993174363974825,0.027024645380977076
eos,strict,p75,0.48,319,8972,204,15861,0.03433430201270046,0.609942638623327,0.0650091705726513,0.027009853633364552
eos,strict,p90,0.5,329,9260,194,15573,0.03431014704348733,0.6290630975143403,0.06507120253164557,0.027008807874154463
bdpm,large,p75,0.24,1316,40758,72,35772,0.031278224081380424,0.9481268011527377,0.06055864893470157,0.027000469562309573
eos,strict,max,0.46,376,10615,147,14218,0.03420980802474752,0.7189292543021033,0.06531179433732846,0.026996117893775526
eos,strict,p90,0.88,21,395,502,24438,0.05048076923076923,0.040152963671128104,0.04472843450479233,0.026944982122985416
eos,large,p90,0.1,1019,16442,86,6866,0.05835862779909513,0.9221719457013575,0.10977054831412258,0.02692520287585476
eos,strict,p75,0.78,42,1001,481,23832,0.040268456375838924,0.08030592734225621,0.053639846743295014,0.026903668528583093
eos,strict,mean,0.62,123,3341,400,21492,0.0355080831408776,0.23518164435946462,0.06170052671181339,0.02682060560600646
bdpm,strict,p90,0.44,553,25219,77,53401,0.021457395623156916,0.8777777777777778,0.04189076585107188,0.026786815334974488
bdpm,all,max,0.16,2596,52110,124,24420,0.047453661389975504,0.9544117647058824,0.09041200849789294,0.02677037100769782
eos,large,max,0.1,1023,16541,82,6767,0.05824413573217946,0.92579185520362,0.10959344367668328,0.02669999236862673
eos,strict,mean,0.5,262,7369,261,17464,0.03433363910365614,0.5009560229445507,0.06426293843512386,0.026686606148253314
eos,strict,p90,0.42,385,10932,138,13901,0.0340196165061412,0.7361376673040153,0.06503378378378379,0.026654434272736963
eos,strict,p90,0.44,374,10614,149,14219,0.03403713141609028,0.7151051625239006,0.06498132221353488,0.02665259354868346
eos,strict,p75,0.8,35,806,488,24027,0.041617122473246136,0.06692160611854685,0.051319648093841645,0.02656015869982166
bdpm,strict,mean,0.78,35,1241,595,77379,0.0274294670846395,0.05555555555555555,0.03672612801678909,0.026362873164665644
bdpm,strict,max,0.44,555,25576,75,53044,0.021239141249856493,0.8809523809523809,0.041478270617689925,0.02636278403928146
eos,strict,mean,0.58,161,4477,362,20356,0.03471323846485554,0.3078393881453155,0.06239100949428406,0.026293615965238926
eos,strict,max,0.44,380,10853,143,13980,0.03382889699991098,0.7265774378585086,0.06464783940115686,0.026265846022583347
bdpm,strict,mean,0.42,544,25158,86,53462,0.021165668041397558,0.8634920634920635,0.04131854777457087,0.026206574206539636
bdpm,large,p90,0.24,1316,41429,72,35101,0.030787226576207742,0.9481268011527377,0.059637912673056445,0.02602939273628135
eos,strict,p75,0.46,329,9423,194,15410,0.03373666940114848,0.6290630975143403,0.06403892944038929,0.025900196629833554
eos,strict,max,0.42,388,11157,135,13676,0.03360762234733651,0.7418738049713193,0.06430228704010607,0.02585799684130531
eos,strict,p90,0.4,391,11252,132,13581,0.03358241003177875,0.7476099426386233,0.0642774946572415,0.025817580125997962
eos,strict,mean,0.56,180,5070,343,19763,0.03428571428571429,0.3441682600382409,0.0623592586177031,0.025812292325414047
eos,strict,p75,0.4,371,10677,152,14156,0.03358073859522086,0.7093690248565966,0.06412583182093165,0.025752177665367568
bdpm,strict,p90,0.8,31,1081,599,77539,0.02787769784172662,0.049206349206349205,0.03559127439724455,0.025703028370235345
bdpm,large,max,0.24,1321,41845,67,34685,0.030602789232266135,0.9517291066282421,0.05929882838802353,0.02566750491921207
eos,strict,mean,0.48,270,7735,253,17098,0.033728919425359154,0.5162523900573613,0.06332082551594746,0.02558905002011503
eos,strict,p90,0.9,18,326,505,24507,0.05232558139534884,0.03441682600382409,0.04152249134948097,0.02557327037562432
eos,strict,mean,0.6,139,3887,384,20946,0.03452558370591158,0.26577437858508607,0.061112332380743026,0.025534860638645056
eos,large,mean,0.08,1017,16624,88,6684,0.0576497930956295,0.9203619909502262,0.10850314733809881,0.025484749076079755
bdpm,strict,p75,0.42,554,26109,76,52511,0.020777856955331356,0.8793650793650793,0.04059648994247609,0.025459875930629285
bdpm,all,mean,0.14,2592,52814,128,23716,0.04678193697433491,0.9529411764705882,0.08918556239892647,0.025417283723013568
bdpm,all,p90,0.84,46,202,2674,76328,0.18548387096774194,0.016911764705882352,0.03099730458221024,0.025407320671665498
eos,large,mean,0.78,55,666,1050,22642,0.07628294036061026,0.049773755656108594,0.060240963855421686,0.025404836806227918
eos,strict,p75,0.38,383,11094,140,13739,0.033371090006099155,0.7323135755258127,0.06383333333333333,0.025380054976979233
eos,strict,mean,0.74,45,1125,478,23708,0.038461538461538464,0.08604206500956023,0.05316007088009451,0.02537461255411361
eos,strict,mean,0.46,282,8117,241,16716,0.03357542564591023,0.5391969407265774,0.06321452589105582,0.025365193751655208
eos,all,p75,0.86,64,353,1984,22955,0.15347721822541965,0.03125,0.051926977687626774,0.025290705535439967
bdpm,large,mean,0.22,1313,41998,75,34532,0.03031562420632172,0.9459654178674352,0.05874851786393431,0.02509388448533986
bdpm,strict,p90,0.42,560,26645,70,51975,0.02058445138761257,0.8888888888888888,0.040237111550206574,0.02508775085730518
eos,strict,max,0.4,394,11477,129,13356,0.033190127200741305,0.7533460803059273,0.06357915120219462,0.025057420327091236
eos,strict,p90,0.38,396,11568,127,13265,0.033099297893681046,0.7571701720841301,0.06342596300152159,0.024884768150666297
bdpm,large,p90,0.84,24,202,1364,76328,0.10619469026548672,0.01729106628242075,0.029739776951672865,0.02487518088458026
bdpm,strict,max,0.42,563,26982,67,51638,0.020439281176257033,0.8936507936507937,0.039964507542147296,0.024806542356602172
eos,strict,p90,0.94,12,158,511,24675,0.07058823529411765,0.022944550669216062,0.03463203463203463,0.02476295121596755
eos,strict,mean,0.54,197,5667,326,19166,0.03359481582537517,0.37667304015296366,0.06168780335055582,0.024750629316705262
eos,strict,p75,0.36,393,11505,130,13328,0.033030761472516386,0.751434034416826,0.06327992915224216,0.024742046956926864
eos,strict,max,0.38,402,11774,121,13059,0.03301576872536137,0.768642447418738,0.06331207181667849,0.024736901745131278
eos,strict,p75,0.44,336,9812,187,15021,0.03310997240835633,0.6424474187380497,0.06297441664323869,0.0247132136971655
eos,strict,p75,0.86,20,397,503,24436,0.047961630695443645,0.03824091778202677,0.0425531914893617,0.024704961326939934
eos,all,p75,0.84,74,461,1974,22847,0.1383177570093458,0.0361328125,0.057297715834301204,0.02466428704980908
eos,all,max,0.94,48,202,2000,23106,0.192,0.0234375,0.04177545691906006,0.024634439105747016
bdpm,strict,mean,0.4,553,26675,77,51945,0.02030997502570883,0.8777777777777778,0.03970134252279416,0.024543230613092593
eos,all,mean,0.02,1944,19134,104,4174,0.09222886421861656,0.94921875,0.1681224595693159,0.024494959445521988
eos,strict,mean,0.42,306,8954,217,15879,0.03304535637149028,0.5850860420650096,0.062557497700092,0.024465613355217936
eos,large,max,0.98,21,112,1084,23196,0.15789473684210525,0.019004524886877826,0.033925686591276254,0.024438073592210723
eos,all,mean,0.8,81,535,1967,22773,0.1314935064935065,0.03955078125,0.060810810810810814,0.024368011637571227
eos,strict,max,0.36,412,12148,111,12685,0.03280254777070064,0.7877629063097514,0.06298249636933424,0.024343097539938383
eos,large,p90,0.92,26,197,1079,23111,0.11659192825112108,0.023529411764705882,0.0391566265060241,0.024325197413629727
eos,strict,p90,0.92,14,223,509,24610,0.05907172995780591,0.02676864244741874,0.0368421052631579,0.02429029634029299
eos,strict,p75,0.42,349,10274,174,14559,0.032853242963381345,0.6673040152963671,0.0626233626413063,0.02426031942284298
eos,strict,p75,0.34,401,11843,122,12990,0.032750735053903954,0.7667304015296367,0.06281820318007363,0.024213500769418167
eos,large,p75,0.08,1026,16971,79,6337,0.057009501583597265,0.9285067873303168,0.10742330646005653,0.02419827248520388
eos,strict,p90,0.36,404,11945,119,12888,0.032715199611304556,0.7724665391969407,0.06277190801740211,0.024151292395678804
eos,strict,mean,0.44,289,8489,234,16344,0.03292321713374345,0.5525812619502868,0.062143855499408665,0.024151222181608187
bdpm,all,p75,0.14,2602,53851,118,22679,0.04609143889607284,0.9566176470588236,0.08794551569127812,0.024031064952772976
eos,all,p75,0.02,1950,19248,98,4060,0.09198981035946788,0.9521484375,0.16777079927729502,0.02399806280387169
eos,strict,p90,0.34,414,12290,109,12543,0.03258816120906801,0.7915869980879541,0.06259922885007939,0.023925778915433956
bdpm,large,p75,0.22,1321,43133,67,33397,0.029716111036127233,0.9517291066282421,0.05763273853671306,0.02391032318010464
eos,strict,mean,0.4,317,9374,206,15459,0.032710762563202975,0.6061185468451242,0.062071666340317216,0.02386551081791258
bdpm,strict,p75,0.4,562,27657,68,50963,0.019915659661929905,0.8920634920634921,0.03896148913307221,0.023779451096632417
eos,all,p90,0.02,1951,19285,97,4023,0.09187229233377284,0.95263671875,0.16758288953788006,0.02375109823781997
eos,strict,max,0.34,418,12461,105,12372,0.03245593601987732,0.7992351816443595,0.062378749440382034,0.02367455070692602
eos,all,max,0.02,1951,19305,97,4003,0.09178584870154309,0.95263671875,0.16743906625472021,0.023568459915404075
eos,large,p90,0.08,1029,17152,76,6156,0.05659754688961003,0.9312217194570136,0.1067095302291818,0.023364599654528966
eos,strict,p75,0.88,16,295,507,24538,0.05144694533762058,0.030592734225621414,0.03836930455635491,0.02334527830189057
bdpm,strict,p90,0.4,566,28192,64,50428,0.019681479936017803,0.8984126984126984,0.038519123451749016,0.02332377944956524
bdpm,all,p90,0.14,2607,54394,113,22136,0.04573603971860143,0.9584558823529412,0.08730597277339627,0.023316444597165958
bdpm,large,p90,0.22,1322,43762,66,32768,0.029323041433768078,0.952449567723343,0.05689447409192632,0.023130843470874962
eos,strict,p75,0.32,405,12199,118,12634,0.032132656299587434,0.7743785850860421,0.06170488306543765,0.02300717676350265
eos,strict,mean,0.38,326,9794,197,15039,0.03221343873517787,0.6233269598470363,0.0612609226721789,0.02293516264841917
bdpm,strict,mean,0.38,562,28303,68,50317,0.019469946301749523,0.8920634920634921,0.03810815392439396,0.02290508769283105
bdpm,strict,max,0.4,566,28508,64,50112,0.01946756552245993,0.8984126984126984,0.03810934554268785,0.022903926539054213
eos,large,max,0.08,1031,17264,74,6044,0.056354195135282864,0.9330316742081448,0.10628865979381444,0.02287190147750264
eos,strict,mean,0.32,371,11190,152,13643,0.03209064959778566,0.7093690248565966,0.06140350877192983,0.02283771057597418
eos,strict,mean,0.36,341,10270,182,14563,0.03213646216190746,0.6520076481835564,0.06125381713669841,0.022836845972428164
bdpm,all,max,0.14,2608,54733,112,21797,0.0454822901588741,0.9588235294117647,0.0868450408751103,0.022804689407519063
bdpm,large,max,0.22,1324,44193,64,32337,0.02908803304259947,0.9538904899135446,0.05645453576377785,0.022665210981956594
eos,strict,mean,0.34,355,10739,168,14094,0.031999278889489814,0.6787762906309751,0.06111732805371438,0.022612804050807574
eos,strict,p90,0.32,415,12617,108,12216,0.031844689993861267,0.7934990439770554,0.06123201770564368,0.022461986960621575
eos,strict,max,0.32,420,12796,103,12037,0.03177966101694915,0.8030592734225621,0.06113982094766722,0.022344281713645296
bdpm,large,mean,0.2,1322,44392,66,32138,0.028918930743317146,0.952449567723343,0.05613349751602904,0.022328210708444297
eos,large,mean,0.06,1033,17394,72,5914,0.056059043794432085,0.934841628959276,0.1057751382346918,0.022273198739387077
bdpm,strict,p75,0.38,571,29256,59,49364,0.01914372883628927,0.9063492063492063,0.03749548543848705,0.02227208255314659
osu,strict,-,nan,577,43090,56,269689,0.013213639590537478,0.9115323854660348,0.026049661399548535,0.022156188048075936
eos,strict,p75,0.3,413,12668,110,12165,0.03157250974696124,0.7896749521988528,0.06071743604822111,0.021920314761052363
bdpm,strict,p90,0.38,574,29817,56,48803,0.018887170543911026,0.9111111111111111,0.03700718867863705,0.0217701210623886
eos,all,max,0.96,39,147,2009,23161,0.20967741935483872,0.01904296875,0.03491495076096687,0.021757998897991217
bdpm,all,mean,0.12,2615,55570,105,20960,0.04494285468763427,0.9613970588235294,0.0858714391265085,0.02171770915839705
eos,strict,mean,0.28,397,12229,126,12604,0.031443054015523525,0.7590822179732314,0.06038482013841358,0.021629869661655397
eos,strict,mean,0.26,412,12724,111,12109,0.03136419001218027,0.7877629063097514,0.060326524635771296,0.021506749957609414
bdpm,strict,max,0.38,575,30165,55,48455,0.01870527000650618,0.9126984126984127,0.03665922856232069,0.02141308435227339
bdpm,strict,mean,0.36,571,29971,59,48649,0.01869556676052649,0.9063492063492063,0.03663544206339022,0.021390937567580967
eos,strict,p90,0.3,421,13044,102,11789,0.031266245822502786,0.8049713193116634,0.06019445238776094,0.02133136067763797
bdpm,strict,p75,0.8,24,913,606,77707,0.025613660618996798,0.0380952380952381,0.03063178047223995,0.02132757656185717
eos,strict,mean,0.3,378,11700,145,13133,0.03129657228017884,0.722753346080306,0.05999523847313706,0.02129693708791209
eos,strict,max,0.3,426,13213,97,11620,0.031233961434122735,0.8145315487571702,0.06016099420985737,0.021277204625352243
eos,strict,p75,0.84,22,513,501,24320,0.041121495327102804,0.04206500956022945,0.041587901701323246,0.021169269256778242
eos,strict,p75,0.28,421,13110,102,11723,0.031113738821964377,0.8049713193116634,0.05991176889141881,0.021029603296259046
bdpm,large,p75,0.2,1324,45541,64,30989,0.028251360290195243,0.9538904899135446,0.05487741694816902,0.021001747731473654
eos,large,p75,0.06,1039,17711,66,5597,0.055413333333333335,0.9402714932126697,0.10465877612692018,0.02096340728363555
eos,strict,p90,0.28,429,13426,94,11407,0.030963551064597618,0.8202676864244742,0.0596745027124774,0.0207472464897775
eos,large,mean,0.8,43,535,1062,22773,0.07439446366782007,0.03891402714932127,0.05109922756981581,0.020651700983723095
eos,strict,p75,0.26,429,13465,94,11368,0.030876637397437744,0.8202676864244742,0.059513074842200184,0.02057499558834002
bdpm,strict,p75,0.36,575,30909,55,47711,0.01826324482276712,0.9126984126984127,0.035809927134583044,0.020542981555427605
bdpm,all,p75,0.12,2622,56552,98,19978,0.044310001013958836,0.9639705882352941,0.08472549843280447,0.020439994830328975
bdpm,large,p90,0.2,1329,46195,59,30335,0.02796481777628146,0.957492795389049,0.05434249263984298,0.020433640131160433
eos,large,p90,0.06,1041,17847,64,5461,0.0551143583227446,0.9420814479638009,0.10413644775671485,0.020355000821569987
eos,strict,max,0.28,430,13582,93,11251,0.03068798172994576,0.8221797323135756,0.059167526659786716,0.020202744498061607
eos,strict,p90,0.96,9,114,514,24719,0.07317073170731707,0.017208413001912046,0.02786377708978328,0.0201675950221365
eos,large,max,0.06,1042,17904,63,5404,0.054998416552306556,0.9429864253393665,0.10393496583711535,0.02011916854388873
eos,strict,p90,0.26,435,13783,88,11050,0.030595020396680266,0.8317399617590823,0.05901906247880063,0.020026961881563946
bdpm,strict,p90,0.36,576,31448,54,47172,0.017986510117411942,0.9142857142857143,0.03527898572916029,0.01999849843723561
eos,strict,mean,0.76,34,919,489,23914,0.035676810073452254,0.06500956022944551,0.04607046070460705,0.019966994081411945
bdpm,large,max,0.2,1329,46614,59,29916,0.02772041799637069,0.957492795389049,0.05388092680059192,0.01994680607445784
eos,strict,max,0.26,438,13914,85,10919,0.030518394648829432,0.8374760994263862,0.058890756302521004,0.0198798808172034
bdpm,strict,mean,0.34,577,31731,53,46889,0.017859353720440757,0.9158730158730158,0.035035521282409374,0.019748544032681576
bdpm,strict,max,0.36,578,31791,52,46829,0.017856591182921933,0.9174603174603174,0.03503136458680566,0.019743761716896756
bdpm,all,p90,0.12,2624,57075,96,19455,0.04395383507261428,0.9647058823529412,0.08407696374501354,0.019719290405211656
eos,strict,mean,0.24,417,13280,106,11553,0.030444622910126305,0.7973231357552581,0.05864978902953586,0.01969713321339453
eos,strict,p75,0.24,434,13911,89,10922,0.030254444057162773,0.8298279158699808,0.0583804143126177,0.01934908154366111
bdpm,large,mean,0.18,1328,47116,60,29414,0.027413095532986542,0.9567723342939481,0.053299084925349176,0.019333857704205003
bdpm,all,max,0.12,2626,57454,94,19076,0.04370838881491345,0.9654411764705882,0.08363057324840766,0.019222484813544986
eos,strict,p90,0.24,441,14178,82,10655,0.030166222039811206,0.8432122370936902,0.05824858010830802,0.0191849605005658
eos,large,mean,0.04,1052,18251,53,5057,0.05449930062684557,0.9520361990950226,0.1030968247745982,0.019109020323812995
bdpm,strict,max,0.82,18,678,612,77942,0.02586206896551724,0.02857142857142857,0.027149321266968323,0.018962361434104843
bdpm,strict,p75,0.34,581,32736,49,45884,0.017438544886994627,0.9222222222222223,0.03422982885085575,0.018921079686761492
eos,strict,mean,0.22,426,13777,97,11056,0.02999366331056819,0.8145315487571702,0.05785685182670107,0.018818115278416772
eos,strict,max,0.24,442,14304,81,10529,0.0299742302997423,0.8451242829827916,0.057895081537756236,0.018804688207490542
eos,strict,p75,0.22,443,14339,80,10494,0.029968881071573535,0.847036328871893,0.05788957856909506,0.018795560443194775
eos,large,p75,0.88,26,265,1079,23043,0.08934707903780069,0.023529411764705882,0.03724928366762177,0.018732475855359268
eos,large,p90,0.94,19,143,1086,23165,0.11728395061728394,0.017194570135746608,0.029992107340173647,0.018633085503404742
eos,large,mean,0.82,34,408,1071,22900,0.07692307692307693,0.03076923076923077,0.04395604395604396,0.01857195732405242
eos,all,p90,0.92,40,197,2008,23111,0.16877637130801687,0.01953125,0.0350109409190372,0.018567150358232948
eos,strict,p90,0.22,448,14593,75,10240,0.029785253640050528,0.8565965583173997,0.05756874839372911,0.018437435685228303
bdpm,strict,mean,0.32,584,33432,46,45188,0.017168391345249296,0.926984126984127,0.03371240547249322,0.01838951831967697
bdpm,strict,p90,0.34,582,33318,48,45302,0.017168141592920353,0.9238095238095239,0.033709817549956556,0.01838785784407356
eos,strict,p75,0.2,451,14724,72,10109,0.02971993410214168,0.8623326959847036,0.05745954898713212,0.01831160357311002
bdpm,large,p75,0.18,1331,48294,57,28236,0.026821158690176324,0.9589337175792507,0.05218277693921158,0.018154133463790436
eos,all,p75,0.88,46,265,2002,23043,0.14790996784565916,0.0224609375,0.03899957609156422,0.01808812525550388
bdpm,strict,max,0.34,583,33744,47,44876,0.01698371544265447,0.9253968253968254,0.03335526503990617,0.01802414876459731
eos,large,p75,0.04,1053,18463,52,4845,0.05395572863291658,0.9529411764705882,0.1021288977256195,0.017996080658808405
eos,strict,max,0.22,449,14740,74,10093,0.029560866416485615,0.858508604206501,0.05715376782077393,0.017991869393408313
bdpm,large,mean,0.82,20,264,1368,76266,0.07042253521126761,0.01440922190201729,0.023923444976076555,0.01798074595612175
bdpm,all,mean,0.1,2631,58530,89,18000,0.043017609260803454,0.9672794117647059,0.0823719102706595,0.01782246777918636
eos,strict,mean,0.2,433,14253,90,10580,0.029483862181669616,0.8279158699808795,0.05693996975475047,0.017815648534286705
bdpm,all,max,0.86,28,62,2692,76468,0.3111111111111111,0.010294117647058823,0.0199288256227758,0.01776934504455224
bdpm,large,p90,0.18,1336,48964,52,27566,0.026560636182902584,0.962536023054755,0.051694784089150285,0.01763573827344179
eos,large,p90,0.04,1054,18548,51,4760,0.053770023466993166,0.9538461538461539,0.10180132322403053,0.017616165204099712
bdpm,strict,p75,0.32,587,34467,43,44153,0.016745592514406344,0.9317460317460318,0.03289989911444905,0.017555734541026477
eos,strict,p90,0.2,452,15005,71,9828,0.02924241444005952,0.864244741873805,0.056570713391739684,0.01736102797860778
eos,large,max,0.04,1054,18597,51,4711,0.053635947280036636,0.9538461538461539,0.10156099441125457,0.017341054286724892
eos,strict,p75,0.94,8,112,515,24721,0.06666666666666667,0.015296367112810707,0.02488335925349922,0.017317918200498696
bdpm,large,max,0.18,1336,49343,52,27187,0.026362003985871862,0.962536023054755,0.051318493479555194,0.01723884318072379
eos,strict,mean,0.18,444,14803,79,10030,0.02912048271791172,0.8489483747609943,0.05630944831959417,0.01710731029696365
bdpm,strict,p90,0.32,589,35076,41,43544,0.01651479041076686,0.9349206349206349,0.032456261193001795,0.017100339567397146
eos,strict,max,0.2,453,15131,70,9702,0.029068275154004106,0.8661567877629063,0.05624883590985286,0.017014873760823057
bdpm,strict,mean,0.3,592,35360,38,43260,0.016466399643969738,0.9396825396825397,0.03236564430594281,0.017006122430858576
bdpm,strict,max,0.32,590,35475,40,43145,0.01635935117149591,0.9365079365079365,0.03215696961438888,0.016793293218453662
bdpm,all,p75,0.1,2636,59434,84,17096,0.04246818108587079,0.9691176470588235,0.08137058187991975,0.016707544405277608
bdpm,all,p75,0.84,30,146,2690,76384,0.17045454545454544,0.011029411764705883,0.020718232044198898,0.016615842026377677
bdpm,large,mean,0.16,1336,49958,52,26572,0.026045931298007564,0.962536023054755,0.05071941080444933,0.016606944817763925
eos,strict,mean,0.16,455,15362,68,9471,0.028766517038629324,0.869980879541109,0.05569155446756426,0.0164148569582462
eos,strict,p75,0.18,452,15271,71,9562,0.028747694460344718,0.864244741873805,0.05564446633017358,0.016373637548600134
eos,strict,p75,0.9,11,225,512,24608,0.046610169491525424,0.021032504780114723,0.028985507246376815,0.016368581099790582
eos,strict,p75,0.92,9,157,514,24676,0.05421686746987952,0.017208413001912046,0.026124818577648767,0.0163483699269345
bdpm,strict,p75,0.3,595,36448,35,42172,0.016062413951353834,0.9444444444444444,0.03158760916306108,0.01620781264402108
bdpm,all,p90,0.1,2636,59930,84,16600,0.042131509126362564,0.9691176470588235,0.08075238182765064,0.01602276928818578
eos,all,mean,0.82,57,408,1991,22900,0.12258064516129032,0.02783203125,0.04536410664544369,0.015949918165478333
bdpm,strict,mean,0.8,16,681,614,77939,0.02295552367288379,0.025396825396825397,0.024114544084400908,0.015896396207640353
bdpm,strict,p90,0.3,597,37051,33,41569,0.015857416064598385,0.9476190476190476,0.031192852291133288,0.01580258487554759
eos,strict,p90,0.18,454,15502,69,9331,0.028453246427676108,0.8680688336520076,0.05510043085138661,0.015787729180095304
eos,large,mean,0.02,1067,19134,38,4174,0.05281916736795208,0.9656108597285068,0.10015957946118464,0.015674332368127302
bdpm,large,p75,0.16,1342,51128,46,25402,0.025576519916142557,0.9668587896253602,0.049834750640573355,0.015669594658230944
bdpm,all,max,0.1,2639,60267,81,16263,0.041951483165357836,0.9702205882352941,0.08042544113613508,0.01565719508044765
bdpm,strict,p90,0.82,14,566,616,78054,0.02413793103448276,0.022222222222222223,0.023140495867768597,0.0156386445387212
bdpm,strict,mean,0.28,595,37225,35,41395,0.01573241671073506,0.9444444444444444,0.030949284785435627,0.015553977445577403
bdpm,strict,max,0.3,599,37489,31,41131,0.015726738080235246,0.9507936507936507,0.030941680871945865,0.015544449383507996
eos,strict,p75,0.96,6,64,517,24769,0.08571428571428572,0.011472275334608031,0.020236087689713324,0.015441671420650225
eos,all,max,0.98,28,112,2020,23196,0.2,0.013671875,0.025594149908592323,0.015417329502652928
eos,large,p75,0.02,1070,19248,35,4060,0.05266266364799685,0.9683257918552036,0.09989263875274237,0.015354710955583504
eos,strict,p75,0.16,459,15817,64,9016,0.028201032194642418,0.8776290630975143,0.054646109887493306,0.015288926133771768
eos,strict,max,0.18,454,15649,69,9184,0.02819350431596597,0.8680688336520076,0.05461325634548298,0.01526841237464284
eos,large,p90,0.02,1071,19285,34,4023,0.05261348005502063,0.9692307692307692,0.09980895578025255,0.015254262212494263
eos,large,max,0.02,1071,19305,34,4003,0.05256183745583039,0.9692307692307692,0.0997160281178716,0.015147930474284046
bdpm,large,p90,0.16,1343,51725,45,24805,0.025307153086605864,0.9675792507204611,0.04932422506243572,0.01513042488569179
eos,strict,mean,0.14,461,15956,62,8877,0.028080648108667845,0.8814531548757171,0.05442739079102716,0.015050133881332892
bdpm,strict,p75,0.28,600,38335,30,40285,0.015410299216643122,0.9523809523809523,0.030329836977126247,0.014917341687132015
eos,strict,p90,0.16,462,16062,61,8771,0.02795933188090051,0.8833652007648184,0.05420308558690679,0.014808283951903029
bdpm,large,max,0.16,1344,52110,44,24420,0.02514311370524189,0.968299711815562,0.049013529776448704,0.014802031218334899
bdpm,large,max,0.86,12,62,1376,76468,0.16216216216216217,0.008645533141210375,0.016415868673050615,0.014638975198563265
bdpm,strict,p90,0.28,603,38978,27,39642,0.015234582249058892,0.9571428571428572,0.029991793290393174,0.014569853361383247
bdpm,all,mean,0.08,2648,61347,72,15183,0.04137823267442769,0.9735294117647059,0.07938244772539908,0.014491749641698429
eos,strict,max,0.16,463,16197,60,8636,0.027791116446578633,0.8852772466539197,0.05389047314205902,0.014472367029932535
bdpm,large,p75,0.84,14,146,1374,76384,0.0875,0.010086455331412104,0.018087855297157625,0.014458700274059731
bdpm,strict,max,0.28,607,39386,23,39234,0.015177656089815719,0.9634920634920635,0.029884548162371075,0.01445837376706488
eos,strict,mean,0.78,25,746,498,24087,0.0324254215304799,0.04780114722753346,0.03863987635239567,0.014414796458890244
bdpm,strict,mean,0.26,602,39359,28,39261,0.015064688070869097,0.9555555555555556,0.02966174767805671,0.014232225111857424
eos,strict,p75,0.14,465,16372,58,8461,0.027617746629447052,0.8891013384321224,0.053571428571428575,0.01412688302122015
bdpm,large,mean,0.14,1342,52814,46,23716,0.024780264421301424,0.9668587896253602,0.04832205098660521,0.014074036698900168
eos,large,max,1.0,11,53,1094,23255,0.171875,0.009954751131221719,0.01881950384944397,0.013932493788065143
eos,large,p75,0.9,19,202,1086,23106,0.08597285067873303,0.017194570135746608,0.028657616892911013,0.01377790228768544
eos,strict,mean,0.12,466,16536,57,8297,0.0274085401717445,0.8910133843212237,0.053181169757489294,0.013708337549816717
bdpm,strict,p75,0.26,606,40488,24,38132,0.014746678347203971,0.9619047619047619,0.02904802991084268,0.013602033760980936
eos,strict,p90,0.14,466,16602,57,8231,0.02730255448793063,0.8910133843212237,0.052981638337786366,0.013495741043900385
bdpm,all,p75,0.08,2654,62256,66,14274,0.04088738252965645,0.975735294117647,0.07848587904775987,0.013491999338229208
eos,strict,max,0.14,469,16731,54,8102,0.027267441860465116,0.8967495219885278,0.05292557693392766,0.013427954268021505
eos,all,p75,0.9,34,202,2014,23106,0.1440677966101695,0.0166015625,0.0297723292469352,0.013302884141253395
bdpm,strict,p90,0.26,609,41120,21,37500,0.014594167125979534,0.9666666666666667,0.028754219882433485,0.013299942381491028
bdpm,large,p75,0.14,1346,53851,42,22679,0.024385383263583166,0.9697406340057637,0.04757444552443227,0.01328278428599526
eos,strict,mean,0.82,16,449,507,24384,0.034408602150537634,0.030592734225621414,0.032388663967611336,0.013230104955200075
eos,strict,mean,0.8,20,596,503,24237,0.032467532467532464,0.03824091778202677,0.03511852502194907,0.01310037048963195
bdpm,strict,max,0.26,611,41565,19,37055,0.014486911987860394,0.9698412698412698,0.028547399897210675,0.01308735578360558
bdpm,all,p90,0.08,2657,62720,63,13810,0.040641204093182615,0.9768382352941176,0.07803574313112178,0.012990110602990983
bdpm,strict,mean,0.24,607,41572,23,37048,0.014391047677754332,0.9634920634920635,0.02835852274054521,0.012895456324085907
bdpm,large,p90,0.14,1348,54394,40,22136,0.024182842380969467,0.9711815561959655,0.04719061788902503,0.01287661130505915
eos,strict,p75,0.12,469,16938,54,7895,0.02694318377664158,0.8967495219885278,0.05231455660903513,0.012776998168836916
bdpm,all,max,0.08,2658,62986,62,13544,0.04049113399549083,0.9772058823529411,0.07776022467965596,0.01268383553212346
bdpm,large,max,0.14,1348,54733,40,21797,0.024036661257823506,0.9711815561959655,0.04691224834258469,0.012582993467212934
eos,strict,p90,0.12,472,17153,51,7680,0.026780141843971633,0.9024856596558317,0.052016751157152305,0.01245189828969996
bdpm,strict,p75,0.24,612,42663,18,35957,0.0141421143847487,0.9714285714285714,0.02787837376153058,0.012401805897744672
eos,strict,mean,0.1,473,17231,50,7602,0.026717126073203794,0.904397705544933,0.05190102595051298,0.01232604159734511
eos,strict,max,1.0,5,63,518,24770,0.07352941176470588,0.009560229445506692,0.016920473773265655,0.012232045179821948
eos,strict,max,0.12,472,17248,51,7585,0.026636568848758466,0.9024856596558317,0.05174587513018692,0.012163346231643663
eos,all,p90,0.94,27,143,2021,23165,0.1588235294117647,0.01318359375,0.024346257889990983,0.012114947174174155
bdpm,strict,p90,0.24,612,43335,18,35285,0.013925865246774524,0.9714285714285714,0.02745810619826368,0.01197139538880947
bdpm,large,mean,0.12,1349,55570,39,20960,0.023700346105869744,0.9719020172910663,0.046272317217486744,0.011907352890486157
bdpm,strict,max,0.24,615,43755,15,34865,0.013860716700473293,0.9761904761904762,0.027333333333333334,0.01184251525448875
bdpm,all,mean,0.84,21,107,2699,76423,0.1640625,0.007720588235294118,0.014747191011235956,0.011698178479954493
bdpm,all,mean,0.06,2672,64161,48,12369,0.039980249278051265,0.9823529411764705,0.0768334938823631,0.011642310687419836
eos,strict,p75,0.1,477,17612,46,7221,0.02636961689424512,0.9120458891013384,0.05125725338491296,0.011630186381831067
bdpm,strict,mean,0.22,609,43913,21,34707,0.013678630789272719,0.9666666666666667,0.026975549255846918,0.011478280546999864
eos,large,p75,0.94,12,102,1093,23206,0.10526315789473684,0.01085972850678733,0.01968826907301066,0.011318204550456434
eos,strict,max,0.1,482,17910,41,6923,0.026207046541974772,0.9216061185468452,0.050964842717420036,0.011306436116695708
eos,strict,p90,0.1,479,17809,44,7024,0.026192038495188103,0.9158699808795411,0.05092764871617671,0.01127418350365869
bdpm,large,p75,0.12,1351,56552,37,19978,0.023332124414969863,0.973342939481268,0.04557184058288779,0.011167216909935131
bdpm,all,p90,0.86,17,32,2703,76498,0.3469387755102041,0.00625,0.012278801011195379,0.011077546613194744
bdpm,strict,p75,0.22,614,45057,16,33563,0.01344397976834315,0.9746031746031746,0.026522105354096024,0.01101208350511835
eos,strict,mean,0.08,481,17990,42,6843,0.026040820746034324,0.9196940726577438,0.050647572917763506,0.010971020045248636
eos,large,p90,0.96,12,107,1093,23201,0.10084033613445378,0.01085972850678733,0.019607843137254898,0.010902704733209966
bdpm,all,p75,0.06,2673,64850,47,11680,0.039586511262828965,0.9827205882352941,0.07610722776646785,0.010836832402615446
bdpm,large,p90,0.12,1352,57075,36,19455,0.0231399866500077,0.9740634005763689,0.04520605199364708,0.010780754434416156
bdpm,strict,p90,0.22,615,45686,15,32934,0.013282650482710956,0.9761904761904762,0.026208689352453605,0.010690755210415789
bdpm,strict,p75,0.82,9,421,621,78199,0.020930232558139535,0.014285714285714285,0.016981132075471698,0.010599881145219507
bdpm,all,p90,0.06,2676,65164,44,11366,0.039445754716981134,0.9838235294117647,0.07585034013605442,0.010549145919040367
bdpm,strict,max,0.22,616,46124,14,32496,0.013179289687633718,0.9777777777777777,0.026008021954823726,0.01048490166961013
bdpm,large,max,0.12,1352,57454,36,19076,0.022990851273679558,0.9740634005763689,0.0449214207396086,0.010480524267859483
eos,all,mean,0.9,24,132,2024,23176,0.15384615384615385,0.01171875,0.021778584392014518,0.010464389882798882
bdpm,all,max,0.06,2677,65376,43,11154,0.03933698734809633,0.9841911764705882,0.07565031862433413,0.010326552208102283
bdpm,strict,mean,0.2,613,46318,17,32302,0.013061728921182162,0.973015873015873,0.02577742267824478,0.010249773334169812
eos,strict,p75,0.08,483,18347,40,6486,0.025650557620817842,0.9235181644359465,0.04991474190048054,0.010185833724641373
eos,strict,p90,0.08,485,18534,38,6299,0.025500814974499186,0.9273422562141491,0.04963667997134377,0.009885022547676882
bdpm,large,mean,0.1,1355,58530,33,18000,0.022626701177256407,0.9762247838616714,0.0442282897850603,0.009747556151044947
eos,strict,mean,0.06,490,18780,33,6053,0.02542812662169175,0.9369024856596558,0.04951245389784267,0.009741156266691938
eos,strict,max,0.08,486,18649,37,6184,0.025398484452573818,0.9292543021032504,0.049445518364024825,0.0096791434374145
bdpm,strict,p75,0.2,614,47476,16,31144,0.012767727178207528,0.9746031746031746,0.025205254515599344,0.009663445009620675
bdpm,strict,p90,0.2,617,48137,13,30483,0.01265537186692374,0.9793650793650793,0.024987850315891787,0.009439792718023556
eos,all,mean,0.88,27,178,2021,23130,0.13170731707317074,0.01318359375,0.023968042609853527,0.009407862379402
eos,large,p75,0.92,13,145,1092,23163,0.08227848101265822,0.011764705882352941,0.02058590657165479,0.009367336561449786
bdpm,strict,max,0.84,7,318,623,78302,0.021538461538461538,0.011111111111111112,0.014659685863874347,0.009299328787743833
bdpm,strict,max,0.2,617,48558,13,30062,0.012547025927808845,0.9793650793650793,0.024776628852524844,0.00922347724242633
bdpm,large,p75,0.1,1357,59434,31,17096,0.022322383247520193,0.9776657060518732,0.04364817703726338,0.00913444268447486
eos,strict,p75,0.06,492,19104,31,5729,0.02510716472749541,0.9407265774378585,0.0489089915005716,0.009094208955352685
eos,all,max,1.0,15,53,2033,23255,0.22058823529411764,0.00732421875,0.014177693761814745,0.009033332004364085
eos,strict,p90,0.06,494,19244,29,5589,0.025027865031918128,0.9445506692160612,0.04876363456887617,0.008935006623348679
eos,large,mean,0.9,12,132,1093,23176,0.08333333333333333,0.01085972850678733,0.01921537229783827,0.008871066979517983
bdpm,large,p90,0.86,7,32,1381,76498,0.1794871794871795,0.005043227665706052,0.009810791871058164,0.008845711319732275
bdpm,strict,mean,0.18,613,49059,17,29561,0.012340956675793203,0.973015873015873,0.024372788358315772,0.008811195222051966
eos,strict,max,0.06,494,19302,29,5531,0.024954536269953528,0.9445506692160612,0.04862444017914268,0.008786845062135177
bdpm,large,p90,0.1,1357,59930,31,16600,0.02214172663044365,0.9776657060518732,0.04330275229357798,0.008770088149888585
bdpm,all,mean,0.04,2678,66808,42,9722,0.03854013758167113,0.9845588235294118,0.07417666121928926,0.008693181839657388
eos,large,p75,0.96,8,58,1097,23250,0.12121212121212122,0.007239819004524887,0.013663535439795047,0.008605233086288896
eos,all,mean,0.86,32,243,2016,23065,0.11636363636363636,0.015625,0.02755058114507103,0.008591587159614394
bdpm,large,max,0.1,1357,60267,31,16263,0.02202064130858107,0.9776657060518732,0.04307116104868913,0.008525802698538497
bdpm,strict,p75,0.18,616,50243,14,28377,0.012111917261448318,0.9777777777777777,0.02392744081260075,0.008354119439140257
eos,large,mean,0.88,14,178,1091,23130,0.07291666666666667,0.012669683257918552,0.021588280647648422,0.008298638566029963
bdpm,all,p75,0.04,2682,67381,38,9149,0.03827983386380829,0.9860294117647059,0.07369852850253494,0.008159460572984547
bdpm,strict,p90,0.18,619,50922,11,27698,0.01200985623096176,0.9825396825396825,0.023729658239251696,0.008150618675117512
eos,strict,mean,0.04,496,19666,27,5167,0.024600734054161293,0.9483747609942639,0.04795745709451293,0.008072516446026476
eos,all,mean,0.84,40,338,2008,22970,0.10582010582010581,0.01953125,0.03297609233305853,0.0080078221149241
bdpm,strict,max,0.18,619,51301,11,27319,0.011922187981510015,0.9825396825396825,0.023558515699333968,0.00797534953614855
bdpm,large,mean,0.84,8,107,1380,76423,0.06956521739130435,0.005763688760806916,0.010645375914836991,0.007941056402427614
bdpm,large,mean,0.08,1361,61347,27,15183,0.021703769853926132,0.9805475504322767,0.04246754867698452,0.007886756796885594
bdpm,all,p90,0.04,2683,67680,37,8850,0.038130835808592584,0.9863970588235295,0.07342336795150718,0.007853644577782962
eos,all,p75,0.94,18,102,2030,23206,0.15,0.0087890625,0.016605166051660517,0.007732998768287515
eos,strict,mean,0.88,7,198,516,24635,0.03414634146341464,0.01338432122370937,0.019230769230769232,0.007703810271214784
bdpm,all,max,0.04,2684,67862,36,8668,0.03804609758171973,0.986764705882353,0.07326727267764038,0.007679722862130085
eos,strict,p75,0.04,497,19881,26,4952,0.02438904701148297,0.9502868068833652,0.04755753313238601,0.007644693181466384
bdpm,strict,mean,0.16,617,51917,13,26703,0.011744774812502379,0.9793650793650793,0.0232111955458581,0.007620267009003783
eos,strict,p90,0.04,497,19968,26,4865,0.024285365257757145,0.9502868068833652,0.04736039641700019,0.007434870218229235
bdpm,large,p75,0.08,1364,62256,24,14274,0.021439798805407105,0.9827089337175793,0.04196406596111248,0.007353959133524093
eos,strict,max,0.04,497,20017,26,4816,0.0242273569269767,0.9502868068833652,0.04725008318676617,0.007317457235353378
bdpm,strict,p75,0.16,622,53093,8,25527,0.011579633249557852,0.9873015873015873,0.022890790321096696,0.007290618294257277
bdpm,large,p90,0.08,1364,62720,24,13810,0.02128456400973722,0.9827089337175793,0.041666666666666664,0.007040269563930501
bdpm,strict,p90,0.16,622,53694,8,24926,0.011451506001914722,0.9873015873015873,0.02264041058493794,0.007034207306051229
eos,strict,mean,0.02,507,20571,16,4262,0.024053515513805863,0.9694072657743786,0.046942271191148556,0.006969038260712489
eos,all,p75,0.92,21,145,2027,23163,0.12650602409638553,0.01025390625,0.018970189701897018,0.006942447947506284
eos,strict,mean,0.96,3,47,520,24786,0.06,0.0057361376673040155,0.010471204188481676,0.006896328773543174
bdpm,large,max,0.08,1365,62986,23,13544,0.021211791580550417,0.9834293948126801,0.04152786017432574,0.006893291165949749
bdpm,strict,max,0.16,622,54084,8,24536,0.0113698680217892,0.9873015873015873,0.022480844296660404,0.006870796770133551
eos,strict,p75,0.02,508,20690,15,4143,0.02396452495518445,0.97131931166348,0.0467750103586391,0.006789051775722701
eos,strict,p90,0.98,3,49,520,24784,0.057692307692307696,0.0057361376673040155,0.010434782608695651,0.006729220475051385
eos,strict,p90,0.02,508,20728,15,4105,0.02392164249387832,0.97131931166348,0.046693322303414685,0.006702141738471767
eos,strict,max,0.02,508,20748,15,4085,0.023899134362062476,0.97131931166348,0.04665044308737775,0.006656521304441778
eos,large,mean,0.84,21,338,1084,22970,0.0584958217270195,0.019004524886877826,0.028688524590163935,0.006637319191024506
bdpm,strict,mean,0.14,620,54786,10,23834,0.011190123813305418,0.9841269841269841,0.022128631593975302,0.006510677235766525
bdpm,all,mean,0.02,2686,69173,34,7357,0.03737875561864206,0.9875,0.07203100068383862,0.006308218434029019
bdpm,large,mean,0.06,1370,64161,18,12369,0.020906136027223757,0.9870317002881844,0.040945023087613386,0.006275735913426679
bdpm,strict,p75,0.14,622,55831,8,22789,0.01101801498591749,0.9873015873015873,0.021792827987316715,0.006166199987330435
eos,all,p75,0.96,12,58,2036,23250,0.17142857142857143,0.005859375,0.011331444759206798,0.006024716193003814
bdpm,strict,p90,0.14,623,56378,7,22242,0.010929632813459413,0.9888888888888889,0.02162030851451476,0.005989239543063714
eos,strict,mean,0.86,8,267,515,24566,0.02909090909090909,0.015296367112810707,0.02005012531328321,0.005918149395898513
eos,strict,mean,0.92,4,101,519,24732,0.0380952380952381,0.0076481835564053535,0.012738853503184712,0.005882100740503529
bdpm,strict,max,0.14,623,56718,7,21902,0.010864826215099144,0.9888888888888889,0.021493505373376347,0.005859380964825685
bdpm,large,p75,0.06,1370,64850,18,11680,0.020688613711869527,0.9870317002881844,0.04052774819547983,0.005835619244271789
bdpm,all,p75,0.02,2689,69713,31,6817,0.03713985801497196,0.9886029411764706,0.07159021325310827,0.00581694751851235
bdpm,large,p90,0.06,1372,65164,16,11366,0.020620416015390164,0.9884726224783862,0.04039809198515988,0.005697769237048923
bdpm,all,p75,0.86,9,26,2711,76504,0.2571428571428571,0.0033088235294117647,0.006533575317604356,0.005666457400604659
eos,all,p90,0.96,16,107,2032,23201,0.13008130081300814,0.0078125,0.014739751266697375,0.005639183348039455
bdpm,all,p90,0.02,2689,69923,31,6607,0.037032446427587726,0.9886029411764706,0.07139064408219616,0.005595861987805861
bdpm,large,max,0.06,1373,65376,15,11154,0.020569596548262896,0.989193083573487,0.04030115796116648,0.005594985007721516
bdpm,strict,mean,0.12,622,57563,8,21057,0.010690040388416259,0.9873015873015873,0.02115106690470118,0.005508965984419924
bdpm,all,max,0.02,2690,70064,30,6466,0.036973912087307916,0.9889705882352942,0.07128282587381086,0.005475438319604249
eos,strict,mean,0.9,5,151,518,24682,0.03205128205128205,0.009560229445506692,0.014727540500736377,0.00530001146975531
bdpm,strict,mean,0.82,5,312,625,78308,0.015772870662460567,0.007936507936507936,0.010559662090813094,0.005265616374376432
eos,strict,mean,0.94,3,68,520,24765,0.04225352112676056,0.0057361376673040155,0.010101010101010102,0.0051957677479145346
bdpm,strict,p75,0.12,623,58551,7,20069,0.010528272552134383,0.9888888888888889,0.02083472677412882,0.005184724166979113
eos,all,mean,0.92,14,91,2034,23217,0.13333333333333333,0.0068359375,0.013005109150023224,0.005167666677965005
bdpm,strict,p90,0.12,623,59076,7,19544,0.010435685689877553,0.9888888888888889,0.02065341709625553,0.004999043202057341
eos,large,mean,0.86,15,243,1090,23065,0.05813953488372093,0.013574660633484163,0.022010271460014674,0.004959831662315623
eos,large,p90,0.98,5,43,1100,23265,0.10416666666666667,0.004524886877828055,0.008673026886383349,0.0049229535481788884
bdpm,large,p75,0.86,4,26,1384,76504,0.13333333333333333,0.002881844380403458,0.005641748942172073,0.004891687149838335
bdpm,strict,max,0.12,623,59457,7,19163,0.010369507323568575,0.9888888888888889,0.020523801680118595,0.004866302484980338
eos,strict,p75,0.98,2,31,521,24802,0.06060606060606061,0.0038240917782026767,0.007194244604316547,0.0047574494337094785
bdpm,large,mean,0.04,1371,66808,17,9722,0.020108831165021487,0.9877521613832853,0.039415239984475395,0.004661643244698976
eos,all,p90,0.98,9,43,2039,23265,0.17307692307692307,0.00439453125,0.008571428571428572,0.0045897576918066995
bdpm,all,mean,0.0,2695,71128,25,5402,0.036506237893339476,0.9908088235294118,0.07041793501691859,0.0045124318942962515
bdpm,strict,mean,0.1,622,60539,8,18081,0.010169879498373146,0.9873015873015873,0.020132381738440876,0.0044657060519066386
bdpm,large,p75,0.04,1374,67381,14,9149,0.019984001163551743,0.9899135446685879,0.03917710961892134,0.004408875670798658
eos,large,mean,0.92,7,91,1098,23217,0.07142857142857142,0.006334841628959276,0.011637572734829592,0.004294761514022754
bdpm,large,p90,0.04,1374,67680,14,8850,0.019897471544009036,0.9899135446685879,0.03901081741006785,0.004233478426597009
bdpm,strict,p75,0.1,623,61447,7,17173,0.010037054937973256,0.9888888888888889,0.019872408293460927,0.0041991983751913774
eos,all,p75,0.98,7,26,2041,23282,0.21212121212121213,0.00341796875,0.006727534839019702,0.004176576288181239
bdpm,all,p75,0.0,2696,71491,24,5039,0.036340598757194656,0.9911764705882353,0.07011065312650343,0.004171052254757435
bdpm,large,max,0.04,1374,67862,14,8668,0.019845167254029697,0.9899135446685879,0.03891028545536928,0.004127441495224554
eos,all,mean,0.94,10,61,2038,23247,0.14084507042253522,0.0048828125,0.009438414346389807,0.004047714769495046
bdpm,strict,p90,0.1,623,61943,7,16677,0.009957484895949878,0.9888888888888889,0.019716437749224637,0.004039464980132535
bdpm,all,p90,0.0,2697,71665,23,4865,0.036268524246254805,0.9915441176470589,0.06997742663656885,0.004022499682261526
bdpm,all,max,0.0,2698,71754,22,4776,0.036238113146725405,0.9919117647058824,0.06992173327113461,0.003959843457050614
bdpm,all,max,0.88,6,11,2714,76519,0.35294117647058826,0.0022058823529411764,0.004384362440628425,0.00395969333639259
bdpm,strict,max,0.1,623,62283,7,16337,0.009903665787047341,0.9888888888888889,0.01961092923696802,0.003931410802693005
bdpm,all,mean,0.86,6,21,2714,76509,0.2222222222222222,0.0022058823529411764,0.004368401892974154,0.0036962049730695497
bdpm,large,mean,0.86,3,21,1385,76509,0.125,0.002161383285302594,0.00424929178470255,0.003645938188173229
bdpm,strict,mean,0.08,624,63371,6,15249,0.009750761778263927,0.9904761904761905,0.019311411992263057,0.0036244140688794697
eos,large,mean,0.94,5,61,1100,23247,0.07575757575757576,0.004524886877828055,0.008539709649871906,0.0034551304010231785
bdpm,all,p90,0.88,5,5,2715,76525,0.5,0.001838235294117647,0.003663003663003663,0.0034124201738259486
bdpm,large,mean,0.02,1375,69173,13,7357,0.01949027612405738,0.9906340057636888,0.03822842526690392,0.003407716533919129
bdpm,strict,p75,0.08,625,64285,5,14335,0.00962871668464027,0.9920634920634921,0.019072322245956664,0.0033793088393184534
eos,large,mean,0.96,4,43,1101,23265,0.0851063829787234,0.0036199095022624436,0.006944444444444445,0.0032631801120222874
bdpm,strict,p90,0.08,625,64752,5,13868,0.009559936980895422,0.9920634920634921,0.018937385428818156,0.00324111828179304
bdpm,strict,max,0.08,626,65018,4,13602,0.00953628663701176,0.9936507936507937,0.01889126957781332,0.0031936454642508393
bdpm,large,p75,0.02,1376,69713,12,6817,0.019356018512006076,0.9913544668587896,0.03797066655628682,0.003135325391581519
bdpm,all,mean,-0.02,2700,72681,20,3849,0.03581804433477932,0.9926470588235294,0.06914124018898606,0.0030932730424679
bdpm,large,p90,0.02,1376,69923,12,6607,0.01929900840123985,0.9913544668587896,0.03786096550965097,0.0030196156175827634
eos,large,p75,0.98,3,26,1102,23282,0.10344827586206896,0.0027149321266968325,0.005291005291005291,0.0029828837188056053
bdpm,large,max,0.02,1376,70064,12,6466,0.019260918253079507,0.9913544668587896,0.03778766408524194,0.002942298942736402
bdpm,all,p75,-0.02,2703,72937,17,3593,0.03573506081438392,0.99375,0.06898928024502296,0.002922093398409866
bdpm,strict,mean,0.06,628,66205,2,12415,0.009396555593793486,0.9968253968253968,0.018617612617286512,0.0029129115918669866
eos,all,mean,0.96,7,43,2041,23265,0.14,0.00341796875,0.00667302192564347,0.002834083457891426
bdpm,all,p90,-0.02,2704,73061,16,3469,0.035689302448360063,0.9941176470588236,0.06890488628400332,0.0028276579222990413
bdpm,all,p75,0.88,4,3,2716,76527,0.5714285714285714,0.0014705882352941176,0.0029336266960029336,0.0027579099585358867
bdpm,large,p75,0.88,2,3,1386,76527,0.4,0.001440922190201729,0.0028715003589375445,0.002743971867206669
bdpm,all,max,-0.02,2704,73154,16,3376,0.03564554826122492,0.9941176470588236,0.06882333477563696,0.002737311818454415
bdpm,strict,p75,0.06,628,66895,2,11725,0.009300534632643692,0.9968253968253968,0.01842912270919842,0.002719882270701182
eos,strict,mean,0.84,9,369,514,24464,0.023809523809523808,0.017208413001912046,0.019977802441731408,0.0027179955357563177
bdpm,large,p90,0.88,2,5,1386,76525,0.2857142857142857,0.001440922190201729,0.0028673835125448024,0.002689089783775309
eos,all,mean,0.98,5,23,2043,23285,0.17857142857142858,0.00244140625,0.004816955684007708,0.0026439537549505987
bdpm,strict,p90,0.06,628,67212,2,11408,0.009257075471698113,0.9968253968253968,0.018343800204469112,0.0026325047454307865
bdpm,strict,mean,0.84,2,126,628,78494,0.015625,0.0031746031746031746,0.005277044854881266,0.0025992226368200125
bdpm,strict,max,0.06,628,67425,2,11195,0.009228101626673329,0.9968253968253968,0.018286912336386005,0.002574246647238125
bdpm,large,max,0.88,2,11,1386,76519,0.15384615384615385,0.001440922190201729,0.002855103497501784,0.002525350502069276
bdpm,large,mean,0.0,1377,71128,11,5402,0.01899179366940211,0.9920749279538905,0.037270106776013966,0.0023958825010223783
bdpm,strict,p90,0.84,3,245,627,78375,0.012096774193548387,0.004761904761904762,0.006833712984054671,0.0023534330354470522
bdpm,all,mean,-0.04,2709,73752,11,2778,0.03542982697061247,0.9959558823529412,0.06842550611889216,0.0022919140537401646
bdpm,large,p75,0.0,1377,71491,11,5039,0.018897183949058573,0.9920749279538905,0.03708791208791209,0.0022037054304545603
bdpm,strict,mean,0.04,628,68858,2,9762,0.00903779178539562,0.9968253968253968,0.01791317245707114,0.0021915033437501083
bdpm,large,p90,0.0,1378,71665,10,4865,0.01886559971523623,0.9927953890489913,0.03702758259327431,0.0021395713223277884
bdpm,all,p75,-0.04,2710,73942,10,2588,0.03535458957365757,0.9963235294117647,0.06828604545683617,0.002136488751977867
bdpm,large,max,0.0,1379,71754,9,4776,0.018856056773276085,0.9935158501440923,0.037009701963205,0.0021202131970113483
bdpm,all,max,0.9,3,1,2717,76529,0.75,0.0011029411764705882,0.002202643171806167,0.0021020569155496367
bdpm,strict,p75,0.04,628,69435,2,9185,0.008963361546037139,0.9968253968253968,0.017766964197303836,0.0020417722842833506
bdpm,all,p90,-0.04,2710,74054,10,2476,0.03530300661768537,0.9963235294117647,0.06818982436716824,0.0020298933938545697
bdpm,all,max,-0.04,2712,74115,8,2415,0.03530008981217541,0.9970588235294118,0.06818610381284021,0.002023920219496092
bdpm,strict,p90,0.04,628,69735,2,8885,0.008925145317851713,0.9968253968253968,0.01769188511543392,0.0019648840794293655
bdpm,strict,max,0.04,628,69918,2,8702,0.00890199302582712,0.9968253968253968,0.0176463976621333,0.0019183005043882835
bdpm,all,mean,-0.06,2713,74460,7,2070,0.03515478211291514,0.9974264705882353,0.06791583743256606,0.0017235958352974717
bdpm,large,mean,-0.02,1381,72681,7,3849,0.018646539385919904,0.9949567723342939,0.03660702451954937,0.0016944944236914295
bdpm,strict,mean,0.02,630,71229,0,7391,0.008767169039368763,1.0,0.017381947605843644,0.001647030885163713
bdpm,large,p75,-0.02,1383,72937,5,3593,0.018608719052744888,0.9963976945244957,0.03653510857505152,0.0016176615907380627
bdpm,all,p75,-0.06,2713,74611,7,1919,0.035086131084786094,0.9974264705882353,0.06778771675578431,0.0015816623406033456
bdpm,large,p90,-0.02,1384,73061,4,3469,0.01859090603801464,0.9971181556195965,0.03650125934619492,0.0015814716919058103
eos,large,mean,0.98,2,23,1103,23285,0.08,0.0018099547511312218,0.003539823008849558,0.001540130120331169
eos,strict,mean,0.98,1,27,522,24806,0.03571428571428571,0.0019120458891013384,0.0036297640653357535,0.0015366663921987684
bdpm,large,max,-0.02,1384,73154,4,3376,0.018567710429579543,0.9971181556195965,0.036456549798487996,0.0015343153315133169
bdpm,all,p90,-0.06,2713,74679,7,1851,0.03505530287368203,0.9974264705882353,0.0677301777511484,0.0015179195623586431
bdpm,strict,p75,0.02,630,71772,0,6848,0.008701417087925748,1.0,0.01725271114032205,0.0015146826835204603
bdpm,strict,p75,0.84,2,174,628,78446,0.011363636363636364,0.0031746031746031746,0.004962779156327543,0.001496220017878681
bdpm,all,max,-0.06,2713,74716,7,1814,0.035038551447132214,0.9974264705882353,0.06769891077867474,0.0014832813160355277
bdpm,strict,p90,0.02,630,71982,0,6638,0.008676251859196828,1.0,0.017203244040304745,0.0014640244490128989
bdpm,strict,max,0.02,630,72124,0,6496,0.008659317700744976,1.0,0.017169955303608413,0.0014299341191453777
bdpm,all,mean,0.88,2,3,2718,76527,0.4,0.0007352941176470588,0.0014678899082568807,0.001342107511703473
bdpm,all,mean,-0.08,2716,74951,4,1579,0.0349698069965365,0.9985294117647059,0.067573115055917,0.0013411741272442265
bdpm,large,mean,0.88,1,3,1387,76527,0.25,0.0007204610951008645,0.001436781609195402,0.0013345412302916413
bdpm,large,mean,-0.04,1384,73752,4,2778,0.01841993185689949,0.9971181556195965,0.03617165856463332,0.0012338310645167911
bdpm,all,p75,-0.08,2716,75081,4,1449,0.03491137190380092,0.9985294117647059,0.06746401381074804,0.0012203116919226476
bdpm,all,p90,-0.08,2716,75127,4,1403,0.034890741620955,0.9985294117647059,0.0674254930923625,0.001177638181378073
bdpm,strict,mean,0.0,630,73193,0,5427,0.008533925741300137,1.0,0.01692342820302741,0.0011774700725065278
bdpm,large,p75,-0.04,1385,73942,3,2588,0.018386501520039296,0.9978386167146974,0.036107671250733234,0.0011658590058612835
bdpm,all,max,-0.08,2716,75146,4,1384,0.03488222753075955,0.9985294117647059,0.06740959519495668,0.0011600263485737991
bdpm,large,p90,-0.04,1385,74054,3,2476,0.018359204125187236,0.9978386167146974,0.03605503273588712,0.0011103396092677304
bdpm,strict,p75,0.0,630,73557,0,5063,0.008492053863884508,1.0,0.016841092265126912,0.0010931510697241018
bdpm,large,max,-0.04,1385,74115,3,2415,0.01834437086092715,0.9978386167146974,0.03602642805119134,0.0010801693579687282
bdpm,strict,p90,0.0,630,73732,0,4888,0.008472069067534494,1.0,0.01680179219116706,0.001052904412120987
bdpm,strict,max,0.0,630,73822,0,4798,0.008461827754795035,1.0,0.01678165206041395,0.0010322791752199166
bdpm,all,mean,-0.1,2718,75403,2,1127,0.03479218135968561,0.9992647058823529,0.06724310683935132,0.0009737680307496681
bdpm,large,mean,-0.06,1386,74460,2,2070,0.01827387073807452,0.9985590778097982,0.03589092886552554,0.0009367751157545075
bdpm,all,p75,-0.1,2718,75470,2,1060,0.03476236762674579,0.9992647058823529,0.06718742275176742,0.0009120811731732051
bdpm,all,p90,-0.1,2718,75517,2,1013,0.03474148399054132,0.9992647058823529,0.06714841578654808,0.0008688690888185981
bdpm,large,p75,-0.06,1386,74611,2,1919,0.01823756200902667,0.9985590778097982,0.03582089552238806,0.0008629091617316548
bdpm,all,max,-0.1,2718,75530,2,1000,0.03473571209487782,0.9992647058823529,0.06713763462108487,0.0008569256453308789
eos,all,mean,1.0,2,12,2046,23296,0.14285714285714285,0.0009765625,0.0019398642095053346,0.0008440122842821464
bdpm,large,p90,-0.06,1386,74679,2,1851,0.01822125813449024,0.9985590778097982,0.03578944650304056,0.0008297390163249942
bdpm,strict,mean,-0.02,630,74751,0,3869,0.008357543678115175,1.0,0.01657654813119154,0.0008222346190304309
bdpm,large,max,-0.06,1386,74716,2,1814,0.018212399148511207,0.9985590778097982,0.03577235772357724,0.0008117149945910666
bdpm,strict,max,0.86,1,89,629,78531,0.011111111111111112,0.0015873015873015873,0.002777777777777778,0.0007919700210344639
bdpm,strict,p75,-0.02,630,75010,0,3610,0.008328926493918561,1.0,0.01652025698177527,0.0007645873837770067
bdpm,strict,p90,-0.02,630,75135,0,3485,0.008315185111859039,1.0,0.01649322599646574,0.0007369051880123875
bdpm,strict,max,-0.02,630,75228,0,3392,0.00830499090405758,1.0,0.016473172262315657,0.0007163683263584996
bdpm,large,mean,-0.08,1386,74951,2,1579,0.018156333101903403,0.9985590778097982,0.03566420070762303,0.0006976384495722915
eos,all,p75,1.0,2,14,2046,23294,0.125,0.0009765625,0.001937984496124031,0.0006865987434886079
eos,all,p90,1.0,2,14,2046,23294,0.125,0.0009765625,0.001937984496124031,0.0006865987434886079
bdpm,all,p90,0.9,1,1,2719,76529,0.5,0.0003676470588235294,0.0007347538574577516,0.0006843522727664633
bdpm,large,p75,-0.08,1386,75081,2,1449,0.01812546588724548,0.9985590778097982,0.03560464966925696,0.0006348279355200129
bdpm,large,p90,-0.08,1386,75127,2,1403,0.018114568766092038,0.9985590778097982,0.035583625370662765,0.000612652856704858
bdpm,large,max,-0.08,1386,75146,2,1384,0.018110071604034914,0.9985590778097982,0.03557494866529774,0.0006035012205585691
bdpm,strict,mean,-0.04,630,75831,0,2789,0.008239494644328481,1.0,0.016344320348678835,0.0005844119990742899
bdpm,strict,p75,-0.04,630,76022,0,2598,0.008218963627824453,1.0,0.016303925881835355,0.0005430442566537524
bdpm,strict,p90,-0.04,630,76134,0,2486,0.0082069720181335,1.0,0.01628033180866734,0.0005188816888027661
bdpm,large,mean,-0.1,1387,75403,1,1127,0.018062247688501107,0.9992795389048992,0.03548312824579805,0.0005061820238881213
bdpm,strict,max,-0.04,630,76197,0,2423,0.00820024210238588,1.0,0.016267090127425537,0.0005053209477480016
bdpm,large,p75,-0.1,1387,75470,1,1060,0.018046501945170903,0.9992795389048992,0.035452744584318484,0.00047413553049455
bdpm,large,p90,-0.1,1387,75517,1,1013,0.018035472797253718,0.9992795389048992,0.03543146170745414,0.0004516878665009484
bdpm,large,max,-0.1,1387,75530,1,1000,0.01803242456154036,0.9992795389048992,0.035425579464912836,0.0004454836925445941
bdpm,strict,mean,-0.06,630,76543,0,2077,0.008163476863669937,1.0,0.01619474827448813,0.0004312359584395134
bdpm,strict,p75,-0.06,630,76694,0,1926,0.0081475350473333,1.0,0.016163378402647716,0.0003991101768578708
bdpm,strict,p90,-0.06,630,76762,0,1858,0.008140376266280752,1.0,0.016149291225551764,0.00038468354027654635
bdpm,strict,max,-0.06,630,76799,0,1821,0.00813648632941146,1.0,0.01614163645447674,0.0003768443103830581
bdpm,strict,mean,-0.08,630,77037,0,1583,0.008111553169299703,1.0,0.016092570596574582,0.0003265960779459049
bdpm,strict,p75,-0.08,630,77167,0,1453,0.008097998637479594,1.0,0.016065895673683807,0.0002992783339393885
bdpm,strict,p90,-0.08,630,77213,0,1407,0.008093213262592654,1.0,0.01605647802428861,0.0002896337321021722
bdpm,strict,max,-0.08,630,77232,0,1388,0.008091238344763814,1.0,0.016052591346888856,0.00028565339067671935
bdpm,strict,mean,-0.1,630,77491,0,1129,0.008064412897940375,1.0,0.015999796827976788,0.00023158656566031
bdpm,strict,p75,-0.1,630,77558,0,1062,0.008057502430040416,1.0,0.015986196046588342,0.00021765800873974205
bdpm,strict,p90,-0.1,630,77605,0,1015,0.008052661852112225,1.0,0.01597666899131427,0.00020790135192208777
bdpm,strict,max,-0.1,630,77618,0,1002,0.008051323995501482,1.0,0.015974035852836025,0.00020520475467670883
eos,all,mean,0.0,2048,23308,0,0,0.08076983751380344,1.0,0.14946723106115894,0.0
eos,all,max,0.0,2048,23308,0,0,0.08076983751380344,1.0,0.14946723106115894,0.0
eos,all,p75,0.0,2048,23308,0,0,0.08076983751380344,1.0,0.14946723106115894,0.0
eos,all,p90,0.0,2048,23308,0,0,0.08076983751380344,1.0,0.14946723106115894,0.0
eos,strict,mean,0.0,523,24833,0,0,0.020626281747909765,1.0,0.040418872444839445,0.0
eos,strict,max,0.0,523,24833,0,0,0.020626281747909765,1.0,0.040418872444839445,0.0
eos,strict,p75,0.0,523,24833,0,0,0.020626281747909765,1.0,0.040418872444839445,0.0
eos,strict,p90,0.0,523,24833,0,0,0.020626281747909765,1.0,0.040418872444839445,0.0
eos,large,mean,0.0,1105,23308,0,0,0.045262769835743254,1.0,0.08660553334900854,0.0
eos,large,max,0.0,1105,23308,0,0,0.045262769835743254,1.0,0.08660553334900854,0.0
eos,large,p75,0.0,1105,23308,0,0,0.045262769835743254,1.0,0.08660553334900854,0.0
eos,large,p90,0.0,1105,23308,0,0,0.045262769835743254,1.0,0.08660553334900854,0.0
bdpm,strict,mean,0.9,0,1,630,78619,0.0,0.0,nan,-2.5197233328682167e-05
bdpm,strict,p75,0.9,0,1,630,78619,0.0,0.0,nan,-2.5197233328682167e-05
bdpm,all,mean,0.9,0,1,2720,76529,0.0,0.0,nan,-2.5227954741406367e-05
bdpm,all,p75,0.9,0,1,2720,76529,0.0,0.0,nan,-2.5227954741406367e-05
bdpm,large,mean,0.9,0,1,1388,76529,0.0,0.0,nan,-2.565018839145845e-05
bdpm,large,max,0.9,0,1,1388,76529,0.0,0.0,nan,-2.565018839145845e-05
bdpm,large,p75,0.9,0,1,1388,76529,0.0,0.0,nan,-2.565018839145845e-05
bdpm,large,p90,0.9,0,1,1388,76529,0.0,0.0,nan,-2.565018839145845e-05
bdpm,strict,p90,0.9,0,2,630,78618,0.0,0.0,nan,-5.0315992402833015e-05
bdpm,strict,max,0.9,0,4,630,78616,0.0,0.0,nan,-0.00010031954960840501
bdpm,strict,mean,0.88,0,5,630,78615,0.0,0.0,nan,-0.00012520507298584938
bdpm,strict,p75,0.88,0,7,630,78613,0.0,0.0,nan,-0.00017474540563023385
bdpm,strict,p90,0.88,0,10,630,78610,0.0,0.0,nan,-0.00024848444210161854
bdpm,strict,max,0.88,0,17,630,78603,0.0,0.0,nan,-0.00041792406464936173
bdpm,strict,mean,0.86,0,27,630,78593,0.0,0.0,nan,-0.0006538129576011074
bdpm,strict,p75,0.86,0,35,630,78585,0.0,0.0,nan,-0.0008374931039636038
eos,large,mean,1.0,0,12,1105,23296,0.0,0.0,nan,-0.0009734681833904592
eos,strict,mean,1.0,0,14,523,24819,0.0,0.0,nan,-0.00107664374179125
eos,large,p75,1.0,0,14,1105,23294,0.0,0.0,nan,-0.0011338646714555158
eos,large,p90,1.0,0,14,1105,23294,0.0,0.0,nan,-0.0011338646714555158
bdpm,strict,p90,0.86,0,49,630,78571,0.0,0.0,nan,-0.0011486723197184057
eos,strict,p75,1.0,0,16,523,24817,0.0,0.0,nan,-0.0012260672924555704
eos,strict,p90,1.0,0,16,523,24817,0.0,0.0,nan,-0.0012260672924555704
