raster,gt_variant,agg,threshold,tp,fp,fn,tn,precision,recall,f1,kappa
t_test,all,max,3.6,43,145,118,8280,0.22872340425531915,0.2670807453416149,0.2464183381088825,0.23088047662482522
t_test,large,max,3.6,42,145,117,8280,0.22459893048128343,0.2641509433962264,0.24277456647398846,0.22730380492256452
t_test,all,max,4.1,31,69,130,8356,0.31,0.19254658385093168,0.23754789272030652,0.22643255494294134
t_test,all,max,3.7,39,128,122,8297,0.23353293413173654,0.2422360248447205,0.2378048780487805,0.22296786095160978
t_test,all,p90,4.0,30,67,131,8358,0.30927835051546393,0.18633540372670807,0.23255813953488372,0.22158250585864323
t_test,large,max,4.1,30,69,129,8356,0.30303030303030304,0.18867924528301888,0.23255813953488372,0.22149148722740516
t_test,strict,max,3.6,38,150,97,8301,0.20212765957446807,0.2814814814814815,0.23529411764705882,0.2210365551302147
t_test,all,max,3.5,43,159,118,8266,0.21287128712871287,0.2670807453416149,0.2369146005509642,0.22065004322218026
t_test,all,p90,3.6,38,124,123,8301,0.2345679012345679,0.2360248447204969,0.23529411764705882,0.22063463713758558
t_test,all,p90,4.1,29,61,132,8364,0.32222222222222224,0.18012422360248448,0.2310756972111554,0.22059483393584575
t_test,all,max,3.9,35,104,126,8321,0.2517985611510791,0.21739130434782608,0.23333333333333336,0.21977588676916182
t_test,all,p75,3.8,32,83,129,8342,0.2782608695652174,0.19875776397515527,0.2318840579710145,0.21969077972106316
t_test,strict,max,4.1,27,73,108,8378,0.27,0.2,0.22978723404255322,0.2193408381934113
t_test,large,max,3.7,38,128,121,8297,0.2289156626506024,0.2389937106918239,0.23384615384615384,0.2190695546822569
t_test,all,p90,3.7,36,112,125,8313,0.24324324324324326,0.2236024844720497,0.23300970873786409,0.21898060119336252
t_test,all,max,4.2,29,63,132,8362,0.31521739130434784,0.18012422360248448,0.22924901185770752,0.2185926294458148
t_test,all,p90,3.8,34,100,127,8325,0.2537313432835821,0.2111801242236025,0.23050847457627122,0.2171728409838519
t_test,large,max,3.5,42,159,117,8266,0.208955223880597,0.2641509433962264,0.23333333333333334,0.2171408065632168
t_test,large,p90,3.6,37,124,122,8301,0.22981366459627328,0.23270440251572327,0.23125,0.21664944158844024
t_test,all,p90,3.4,44,172,117,8253,0.2037037037037037,0.2732919254658385,0.23342175066312998,0.2165885261273561
t_test,all,max,3.8,36,115,125,8310,0.23841059602649006,0.2236024844720497,0.23076923076923078,0.21654924891929053
t_test,all,max,3.3,51,222,110,8203,0.18681318681318682,0.3167701863354037,0.23502304147465436,0.21654081526641702
t_test,large,p90,4.0,29,67,130,8358,0.3020833333333333,0.18238993710691823,0.22745098039215683,0.216524153165879
t_test,all,p90,3.9,32,87,129,8338,0.2689075630252101,0.19875776397515527,0.22857142857142854,0.21607668057902762
t_test,all,max,3.2,58,273,103,8152,0.17522658610271905,0.36024844720496896,0.23577235772357724,0.2159913350316804
t_test,strict,p90,3.6,34,128,101,8323,0.20987654320987653,0.2518518518518518,0.22895622895622894,0.21549996768147045
t_test,large,max,3.9,34,104,125,8321,0.2463768115942029,0.2138364779874214,0.22895622895622897,0.21545169071713854
t_test,large,p90,4.1,28,61,131,8364,0.3146067415730337,0.1761006289308176,0.22580645161290322,0.2153751672197037
t_test,large,p75,3.8,31,83,128,8342,0.2719298245614035,0.1949685534591195,0.2271062271062271,0.21496198822805215
t_test,large,p90,3.7,35,112,124,8313,0.23809523809523808,0.22012578616352202,0.22875816993464052,0.21478411664065758
t_test,all,p75,3.7,33,96,128,8329,0.2558139534883721,0.20496894409937888,0.22758620689655173,0.2144819355645013
t_test,all,max,4.0,31,82,130,8343,0.2743362831858407,0.19254658385093168,0.22627737226277372,0.21412257607144172
t_test,all,p90,3.5,40,147,121,8278,0.21390374331550802,0.2484472049689441,0.22988505747126436,0.21404618074033094
t_test,strict,p90,4.0,26,71,109,8380,0.26804123711340205,0.1925925925925926,0.22413793103448276,0.21380106035216678
t_test,strict,max,3.9,31,108,104,8343,0.22302158273381295,0.22962962962962963,0.22627737226277372,0.21373422593361321
t_test,large,max,3.3,50,222,109,8203,0.18382352941176472,0.31446540880503143,0.23201856148491878,0.21363397844796103
t_test,large,max,3.2,57,273,102,8152,0.17272727272727273,0.3584905660377358,0.2331288343558282,0.21346535582446136
t_test,large,max,4.2,28,63,131,8362,0.3076923076923077,0.1761006289308176,0.224,0.213392900160696
t_test,strict,p90,3.7,32,116,103,8335,0.21621621621621623,0.23703703703703705,0.22614840989399293,0.21320920984251016
t_test,large,p90,3.4,43,172,116,8253,0.2,0.27044025157232704,0.22994652406417113,0.21319038613693295
t_test,large,p90,3.8,33,100,126,8325,0.24812030075187969,0.20754716981132076,0.22602739726027396,0.2127435949670417
t_test,strict,p75,3.8,28,87,107,8364,0.24347826086956523,0.2074074074074074,0.224,0.21261008296107312
t_test,large,max,3.8,35,115,124,8310,0.23333333333333334,0.22012578616352202,0.22653721682847897,0.2123730591272312
t_test,strict,p90,4.1,25,65,110,8386,0.2777777777777778,0.18518518518518517,0.22222222222222224,0.21231422505307576
t_test,all,mean,3.9,27,55,134,8370,0.32926829268292684,0.16770186335403728,0.2222222222222222,0.21225304539721687
t_test,strict,max,3.7,34,133,101,8318,0.20359281437125748,0.2518518518518518,0.22516556291390727,0.21145327766356145
t_test,large,p90,3.9,31,87,128,8338,0.2627118644067797,0.1949685534591195,0.22382671480144406,0.211381377326465
t_test,all,mean,3.5,33,100,128,8325,0.24812030075187969,0.20496894409937888,0.22448979591836735,0.21110572897063004
t_test,all,p75,4.1,26,49,135,8376,0.3466666666666667,0.16149068322981366,0.22033898305084745,0.21093466710219552
t_test,strict,p90,3.8,30,104,105,8347,0.22388059701492538,0.2222222222222222,0.22304832713754646,0.21068383173796648
t_test,strict,max,3.8,32,119,103,8332,0.2119205298013245,0.23703703703703705,0.2237762237762238,0.21067107940695992
t_test,strict,max,3.5,38,164,97,8287,0.18811881188118812,0.2814814814814815,0.2255192878338279,0.21064044281284852
t_test,large,p90,3.5,39,147,120,8278,0.20967741935483872,0.24528301886792453,0.22608695652173913,0.21031501564948307
t_test,all,max,3.4,45,189,116,8236,0.19230769230769232,0.2795031055900621,0.2278481012658228,0.21030348099376417
t_test,strict,max,4.2,25,67,110,8384,0.2717391304347826,0.18518518518518517,0.22026431718061673,0.21019841158476366
t_test,strict,p75,4.1,23,52,112,8399,0.30666666666666664,0.17037037037037037,0.21904761904761902,0.21017719218536718
t_test,all,p90,3.3,47,204,114,8221,0.18725099601593626,0.2919254658385093,0.22815533980582522,0.21010816956497597
t_test,large,p75,3.7,32,96,127,8329,0.25,0.20125786163522014,0.2229965156794425,0.20994310959080595
t_test,large,max,4.0,30,82,129,8343,0.26785714285714285,0.18867924528301888,0.22140221402214022,0.20929623407874057
t_test,strict,max,3.3,46,227,89,8224,0.1684981684981685,0.34074074074074073,0.22549019607843138,0.20884311965610128
t_test,strict,p90,3.9,28,91,107,8360,0.23529411764705882,0.2074074074074074,0.22047244094488186,0.20881606393405633
t_test,all,p75,3.5,36,125,125,8300,0.2236024844720497,0.2236024844720497,0.2236024844720497,0.20876568921982572
t_test,all,mean,3.6,31,89,130,8336,0.25833333333333336,0.19254658385093168,0.2206405693950178,0.20795559947532077
t_test,all,p75,3.9,28,67,133,8358,0.29473684210526313,0.17391304347826086,0.21874999999999997,0.20772381617642643
t_test,strict,p75,3.7,29,100,106,8351,0.2248062015503876,0.21481481481481482,0.21969696969696967,0.20751977934238133
t_test,all,p75,4.0,27,60,134,8365,0.3103448275862069,0.16770186335403728,0.21774193548387097,0.2073131383505812
t_test,large,max,3.4,44,189,115,8236,0.1888412017167382,0.27672955974842767,0.22448979591836737,0.20702897806452583
t_test,large,p90,3.3,46,204,113,8221,0.184,0.2893081761006289,0.22493887530562348,0.20698172967188275
t_test,strict,p90,3.4,39,177,96,8274,0.18055555555555555,0.28888888888888886,0.2222222222222222,0.20687386942936886
t_test,all,p90,3.2,52,247,109,8178,0.17391304347826086,0.32298136645962733,0.22608695652173913,0.2067499861157331
t_test,large,mean,3.9,26,55,133,8370,0.32098765432098764,0.16352201257861634,0.21666666666666665,0.2067487153473162
t_test,large,mean,3.5,32,100,127,8325,0.24242424242424243,0.20125786163522014,0.21993127147766323,0.20659878304603335
t_test,strict,max,4.0,27,86,108,8365,0.23893805309734514,0.2,0.217741935483871,0.2063704427920854
t_test,all,p75,3.6,33,106,128,8319,0.23741007194244604,0.20496894409937888,0.22,0.20620677175645172
t_test,strict,max,3.2,52,279,83,8172,0.15709969788519637,0.3851851851851852,0.22317596566523604,0.20542801529562713
t_test,large,p75,4.1,25,49,134,8376,0.33783783783783783,0.15723270440251572,0.2145922746781116,0.20524148259079025
t_test,all,mean,3.4,34,115,127,8310,0.22818791946308725,0.2111801242236025,0.21935483870967742,0.20502494182536632
t_test,large,p75,3.5,35,125,124,8300,0.21875,0.22012578616352202,0.219435736677116,0.20465755952930173
t_test,strict,mean,3.5,29,104,106,8347,0.21804511278195488,0.21481481481481482,0.21641791044776118,0.2039955181538627
t_test,large,p90,3.2,51,247,108,8178,0.17114093959731544,0.32075471698113206,0.22319474835886216,0.20396517981131015
t_test,large,mean,3.6,30,89,129,8336,0.25210084033613445,0.18867924528301888,0.21582733812949642,0.20319181097802508
t_test,strict,p90,3.5,35,152,100,8299,0.18716577540106952,0.25925925925925924,0.21739130434782608,0.20283309790502185
t_test,strict,p75,3.5,32,129,103,8322,0.19875776397515527,0.23703703703703705,0.21621621621621623,0.2025767958667495
t_test,all,mean,3.8,27,65,134,8360,0.29347826086956524,0.16770186335403728,0.2134387351778656,0.20256376030624196
t_test,strict,mean,3.9,23,59,112,8392,0.2804878048780488,0.17037037037037037,0.2119815668202765,0.20250491303199816
t_test,large,p75,3.9,27,67,132,8358,0.2872340425531915,0.16981132075471697,0.2134387351778656,0.20246141204374252
t_test,all,max,3.1,61,325,100,8100,0.15803108808290156,0.37888198757763975,0.22303473491773307,0.2019137186286852
t_test,large,p75,4.0,26,60,133,8365,0.3023255813953488,0.16352201257861634,0.21224489795918366,0.20186613686159935
t_test,large,p75,3.6,32,106,127,8319,0.2318840579710145,0.20125786163522014,0.2154882154882155,0.20174779011831187
t_test,strict,p90,3.3,42,209,93,8242,0.16733067729083664,0.3111111111111111,0.21761658031088082,0.20128411982900704
t_test,strict,max,3.4,40,194,95,8257,0.17094017094017094,0.2962962962962963,0.2168021680216802,0.20086607189440128
t_test,large,mean,3.4,33,115,126,8310,0.22297297297297297,0.20754716981132076,0.21498371335504887,0.20070905763952912
t_test,strict,mean,3.6,27,93,108,8358,0.225,0.2,0.21176470588235294,0.19992489673301014
t_test,all,p75,3.3,41,176,120,8249,0.1889400921658986,0.2546583850931677,0.2169312169312169,0.19970122501522547
t_test,all,mean,4.0,24,45,137,8380,0.34782608695652173,0.14906832298136646,0.20869565217391306,0.19969148226791325
t_test,large,max,3.1,60,325,99,8100,0.15584415584415584,0.37735849056603776,0.22058823529411767,0.19960345403150012
t_test,strict,p75,3.6,29,110,106,8341,0.20863309352517986,0.21481481481481482,0.2116788321167883,0.1988990226493419
t_test,all,mean,3.7,28,77,133,8348,0.26666666666666666,0.17391304347826086,0.2105263157894737,0.19866350587049714
t_test,all,p75,3.2,46,217,115,8208,0.17490494296577946,0.2857142857142857,0.21698113207547168,0.19833240432895594
t_test,strict,p75,3.9,24,71,111,8380,0.25263157894736843,0.17777777777777778,0.20869565217391303,0.1982823105693329
t_test,all,p75,3.1,52,264,109,8161,0.16455696202531644,0.32298136645962733,0.2180293501048218,0.19810655095311094
t_test,strict,mean,3.4,30,119,105,8332,0.20134228187919462,0.2222222222222222,0.2112676056338028,0.19803652248316822
t_test,strict,mean,4.0,21,48,114,8403,0.30434782608695654,0.15555555555555556,0.2058823529411765,0.19734505001402403
t_test,strict,p75,4.0,23,64,112,8387,0.26436781609195403,0.17037037037037037,0.2072072072072072,0.19731520523190793
t_test,large,mean,3.8,26,65,133,8360,0.2857142857142857,0.16352201257861634,0.20800000000000002,0.19717419707122655
t_test,all,p75,3.4,37,149,124,8276,0.1989247311827957,0.22981366459627328,0.2132564841498559,0.19711658017777153
t_test,large,p75,3.3,40,176,119,8249,0.18518518518518517,0.25157232704402516,0.21333333333333332,0.19618120363951258
t_test,large,p75,3.1,51,264,108,8161,0.1619047619047619,0.32075471698113206,0.2151898734177215,0.19538099392084782
t_test,large,p75,3.2,45,217,114,8208,0.1717557251908397,0.2830188679245283,0.2137767220902613,0.19522295122457142
t_test,all,mean,3.3,35,137,126,8288,0.20348837209302326,0.21739130434782608,0.21021021021021022,0.1946090848198543
t_test,strict,p90,3.2,46,253,89,8198,0.15384615384615385,0.34074074074074073,0.2119815668202765,0.194531261572188
t_test,large,mean,4.0,23,45,136,8380,0.3382352941176471,0.14465408805031446,0.20264317180616742,0.1936953019911345
t_test,large,mean,3.7,27,77,132,8348,0.25961538461538464,0.16981132075471697,0.2053231939163498,0.19350871199180253
t_test,all,p90,3.1,54,290,107,8135,0.1569767441860465,0.33540372670807456,0.21386138613861388,0.19325176170759834
t_test,large,p75,3.4,36,149,123,8276,0.1945945945945946,0.22641509433962265,0.20930232558139536,0.1932291799841465
t_test,all,p90,4.2,24,52,137,8373,0.3157894736842105,0.14906832298136646,0.20253164556962025,0.19282434926209047
t_test,strict,mean,3.8,23,69,112,8382,0.25,0.17037037037037037,0.2026431718061674,0.19234978811775283
t_test,all,max,4.3,24,54,137,8371,0.3076923076923077,0.14906832298136646,0.200836820083682,0.19093430583470805
t_test,strict,p75,3.4,33,153,102,8298,0.1774193548387097,0.24444444444444444,0.20560747663551404,0.19086391666167735
t_test,large,p90,3.1,53,290,106,8135,0.15451895043731778,0.3333333333333333,0.21115537848605578,0.19066954215786483
t_test,large,mean,3.3,34,137,125,8288,0.19883040935672514,0.2138364779874214,0.20606060606060606,0.19052154126453827
t_test,strict,p90,4.2,21,55,114,8396,0.27631578947368424,0.15555555555555556,0.1990521327014218,0.18987608911935566
t_test,strict,p75,3.2,41,222,94,8229,0.155893536121673,0.3037037037037037,0.20603015075376885,0.1891813384543384
t_test,strict,mean,3.7,24,81,111,8370,0.22857142857142856,0.17777777777777778,0.2,0.18884017536867076
t_test,strict,p75,3.3,36,181,99,8270,0.16589861751152074,0.26666666666666666,0.20454545454545456,0.18881985314213853
t_test,strict,max,3.1,54,332,81,8119,0.13989637305699482,0.4,0.2072936660268714,0.1883844813308777
t_test,strict,max,4.4,19,40,116,8411,0.3220338983050847,0.14074074074074075,0.1958762886597938,0.18811168210533455
t_test,strict,max,4.3,21,57,114,8394,0.2692307692307692,0.15555555555555556,0.19718309859154928,0.18783045075723392
t_test,strict,mean,3.3,31,141,104,8310,0.18023255813953487,0.22962962962962963,0.2019543973941368,0.18764206618981077
t_test,large,p90,4.2,23,52,136,8373,0.30666666666666664,0.14465408805031446,0.1965811965811966,0.18692708506524186
t_test,all,max,3.0,67,413,94,8012,0.13958333333333334,0.4161490683229814,0.20904836193447737,0.1861940009713837
t_test,strict,p75,3.1,46,270,89,8181,0.14556962025316456,0.34074074074074073,0.2039911308203991,0.18605712330134602
t_test,all,mean,3.2,38,176,123,8249,0.17757009345794392,0.2360248447204969,0.20266666666666663,0.1852292180947203
t_test,large,max,4.3,23,54,136,8371,0.2987012987012987,0.14465408805031446,0.19491525423728814,0.18506519138695882
t_test,large,max,3.0,66,413,93,8012,0.13778705636743216,0.41509433962264153,0.20689655172413796,0.18420666119486903
t_test,all,max,2.8,83,556,78,7869,0.1298904538341158,0.515527950310559,0.2075,0.18302721189510682
t_test,all,max,2.9,74,481,87,7944,0.13333333333333333,0.45962732919254656,0.20670391061452514,0.18295233969065622
t_test,all,max,4.4,21,38,140,8387,0.3559322033898305,0.13043478260869565,0.19090909090909092,0.18268890360132697
t_test,all,p90,3.0,61,374,100,8051,0.14022988505747128,0.37888198757763975,0.20469798657718122,0.182316272689027
t_test,strict,p90,3.1,48,296,87,8155,0.13953488372093023,0.35555555555555557,0.20041753653444677,0.18194274660469448
t_test,all,p75,3.0,55,325,106,8100,0.14473684210526316,0.3416149068322981,0.2033271719038817,0.1817733168887571
t_test,large,mean,3.2,37,176,122,8249,0.17370892018779344,0.23270440251572327,0.19892473118279572,0.18156437629139116
t_test,large,max,2.8,82,556,77,7869,0.12852664576802508,0.5157232704402516,0.20577164366373904,0.1814988904226882
t_test,large,max,2.9,73,481,86,7944,0.13176895306859207,0.4591194968553459,0.2047685834502104,0.1811998882948484
t_test,large,p90,3.0,60,374,99,8051,0.1382488479262673,0.37735849056603776,0.20236087689713325,0.180132059850978
t_test,large,p75,3.0,54,325,105,8100,0.1424802110817942,0.33962264150943394,0.20074349442379183,0.17932618444661583
t_test,all,p90,2.8,78,528,83,7897,0.12871287128712872,0.484472049689441,0.2033898305084746,0.17906493091906076
t_test,strict,mean,3.2,34,180,101,8271,0.1588785046728972,0.2518518518518518,0.19484240687679083,0.179011778541372
t_test,all,p75,2.9,62,392,99,8033,0.13656387665198239,0.38509316770186336,0.20162601626016263,0.17889362358551666
t_test,all,p90,4.3,21,43,140,8382,0.328125,0.13043478260869565,0.18666666666666665,0.17789688589932962
t_test,large,p90,2.8,77,528,82,7897,0.12727272727272726,0.48427672955974843,0.20157068062827221,0.17744014643281988
t_test,all,p90,2.9,68,448,93,7977,0.13178294573643412,0.422360248447205,0.20088626292466766,0.1773721037727337
t_test,all,max,2.7,91,647,70,7778,0.12330623306233063,0.5652173913043478,0.2024471635150167,0.1771132834962631
t_test,all,mean,3.1,42,225,119,8200,0.15730337078651685,0.2608695652173913,0.19626168224299065,0.17700735113410265
t_test,large,p75,2.9,61,392,98,8033,0.1346578366445916,0.3836477987421384,0.19934640522875816,0.17677264092486225
t_test,large,max,4.4,20,38,139,8387,0.3448275862068966,0.12578616352201258,0.18433179723502308,0.1761746021762364
t_test,large,max,2.7,90,647,69,7778,0.12211668928086838,0.5660377358490566,0.20089285714285712,0.17577738088948
t_test,large,p90,2.9,67,448,92,7977,0.13009708737864079,0.42138364779874216,0.19881305637982197,0.17547367893037402
t_test,all,p75,2.7,80,561,81,7864,0.12480499219968799,0.4968944099378882,0.19950124688279305,0.17476544148799894
t_test,all,max,2.6,99,730,62,7695,0.11942098914354644,0.6149068322981367,0.2,0.1740622907102239
t_test,large,mean,3.1,41,225,118,8200,0.15413533834586465,0.2578616352201258,0.19294117647058825,0.17378435138281084
t_test,large,p75,2.7,79,561,80,7864,0.1234375,0.4968553459119497,0.19774718397997498,0.17321342922776833
t_test,strict,p90,4.3,18,46,117,8405,0.28125,0.13333333333333333,0.18090452261306533,0.17253599821206234
t_test,all,p90,2.6,95,704,66,7721,0.11889862327909888,0.5900621118012422,0.19791666666666669,0.17207432373709505
t_test,all,p90,2.7,84,607,77,7818,0.12156295224312591,0.5217391304347826,0.1971830985915493,0.17199852807859303
t_test,all,mean,2.9,52,324,109,8101,0.13829787234042554,0.32298136645962733,0.1936685288640596,0.17192406467377191
t_test,strict,mean,3.1,38,229,97,8222,0.14232209737827714,0.2814814814814815,0.1890547263681592,0.17175590815397018
t_test,large,p90,4.3,20,43,139,8382,0.31746031746031744,0.12578616352201258,0.1801801801801802,0.17146987665556326
t_test,strict,p75,3.0,49,331,86,8120,0.12894736842105264,0.362962962962963,0.19029126213592235,0.1710570732012261
t_test,large,max,2.6,97,730,62,7695,0.11729141475211609,0.610062893081761,0.19675456389452334,0.17099593968323784
t_test,all,p75,2.8,69,478,92,7947,0.12614259597806216,0.42857142857142855,0.19491525423728814,0.17089209545239512
t_test,large,p90,2.6,94,704,65,7721,0.11779448621553884,0.5911949685534591,0.19644723092998953,0.1708336662009035
t_test,all,p75,4.3,19,33,142,8392,0.36538461538461536,0.11801242236024845,0.1784037558685446,0.17081200878109987
t_test,all,p75,4.2,20,42,141,8383,0.3225806451612903,0.12422360248447205,0.17937219730941703,0.17072550263522818
t_test,large,p90,2.7,83,607,76,7818,0.12028985507246377,0.5220125786163522,0.19552414605418136,0.17055128207304782
t_test,all,mean,2.7,69,480,92,7945,0.12568306010928962,0.42857142857142855,0.1943661971830986,0.1703061283446214
t_test,large,mean,2.9,51,324,108,8101,0.136,0.32075471698113206,0.1910112359550562,0.1694030783455471
t_test,all,mean,3.0,45,268,116,8157,0.14376996805111822,0.2795031055900621,0.18987341772151897,0.16930151792224363
t_test,large,p75,2.8,68,478,91,7947,0.12454212454212454,0.4276729559748428,0.19290780141843972,0.16906778594142644
t_test,large,mean,2.7,68,480,91,7945,0.12408759124087591,0.4276729559748428,0.19236209335219237,0.16848572529817174
t_test,strict,max,3.0,58,422,77,8029,0.12083333333333333,0.42962962962962964,0.1886178861788618,0.16820254757037514
t_test,strict,mean,4.1,16,32,119,8419,0.3333333333333333,0.11851851851851852,0.17486338797814208,0.16800083168728216
t_test,all,mean,2.8,59,398,102,8027,0.12910284463894967,0.36645962732919257,0.19093851132686082,0.1678610209664912
t_test,strict,p90,4.4,16,33,119,8418,0.32653061224489793,0.11851851851851852,0.17391304347826086,0.1669366791906573
t_test,all,max,2.5,109,858,52,7567,0.11271975180972078,0.6770186335403726,0.1932624113475177,0.16646414826949765
t_test,large,mean,3.0,44,268,115,8157,0.14102564102564102,0.27672955974842767,0.18683651804670914,0.16637963734910746
t_test,large,mean,2.8,58,398,101,8027,0.12719298245614036,0.36477987421383645,0.1886178861788618,0.1657013660678535
t_test,all,mean,4.1,18,30,143,8395,0.375,0.11180124223602485,0.1722488038277512,0.16505735186490508
t_test,all,p75,2.6,85,647,76,7778,0.11612021857923498,0.5279503105590062,0.19036954087346025,0.16469091287817947
t_test,all,p90,2.4,119,962,42,7463,0.11008325624421832,0.7391304347826086,0.19162640901771336,0.16434959038284205
t_test,strict,p75,4.2,17,45,118,8406,0.27419354838709675,0.1259259259259259,0.17258883248730963,0.16431818914648522
t_test,large,p75,4.2,19,42,140,8383,0.3114754098360656,0.11949685534591195,0.17272727272727276,0.16414154114158977
t_test,all,p90,4.4,18,31,143,8394,0.3673469387755102,0.11180124223602485,0.17142857142857143,0.164114001036214
t_test,large,p75,4.3,18,33,141,8392,0.35294117647058826,0.11320754716981132,0.17142857142857143,0.1639064006153062
t_test,strict,p75,4.3,16,36,119,8415,0.3076923076923077,0.11851851851851852,0.17112299465240643,0.16381094561123388
t_test,large,max,2.5,107,858,52,7567,0.11088082901554404,0.6729559748427673,0.1903914590747331,0.1637957999671578
t_test,all,max,2.4,125,1023,36,7402,0.10888501742160278,0.7763975155279503,0.19098548510313218,0.16347186206289974
t_test,large,p75,2.6,84,647,75,7778,0.11491108071135431,0.5283018867924528,0.1887640449438202,0.163305613838885
t_test,strict,p90,3.0,52,383,83,8068,0.11954022988505747,0.3851851851851852,0.18245614035087718,0.16235373918941884
t_test,large,p90,2.4,117,962,42,7463,0.10843373493975904,0.7358490566037735,0.1890145395799677,0.16195595626938106
t_test,strict,max,2.8,71,568,64,7883,0.1111111111111111,0.5259259259259259,0.18346253229974158,0.1616988262382064
t_test,all,mean,2.6,76,577,85,7848,0.11638591117917305,0.4720496894409938,0.18673218673218672,0.1615058732171088
t_test,strict,max,2.9,63,492,72,7959,0.11351351351351352,0.4666666666666667,0.1826086956521739,0.161397110394164
t_test,large,max,2.4,123,1023,36,7402,0.10732984293193717,0.7735849056603774,0.18850574712643678,0.16121845869028226
t_test,strict,mean,2.9,46,330,89,8121,0.12234042553191489,0.34074074074074073,0.18003913894324852,0.16061686552684304
t_test,strict,mean,3.0,40,273,95,8178,0.12779552715654952,0.2962962962962963,0.17857142857142855,0.16011885110597554
t_test,large,mean,2.6,75,577,84,7848,0.11503067484662577,0.4716981132075472,0.18495684340320592,0.15993750932741008
t_test,all,p75,2.4,110,905,51,7520,0.10837438423645321,0.6832298136645962,0.1870748299319728,0.159881379354956
t_test,all,p90,2.5,101,822,60,7603,0.1094257854821235,0.6273291925465838,0.1863468634686347,0.15950756147213044
t_test,strict,max,4.5,15,31,120,8420,0.32608695652173914,0.1111111111111111,0.16574585635359115,0.15902483449507757
t_test,large,p75,2.4,109,905,50,7520,0.10749506903353057,0.6855345911949685,0.18584825234441604,0.15891317775055416
t_test,large,p90,2.5,100,822,59,7603,0.10845986984815618,0.6289308176100629,0.18501387604070305,0.1584227565482197
t_test,large,mean,4.1,17,30,142,8395,0.3617021276595745,0.1069182389937107,0.16504854368932037,0.15793123822972782
t_test,all,mean,2.4,98,805,63,7620,0.10852713178294573,0.6086956521739131,0.1842105263157895,0.1573918865657755
t_test,all,max,4.5,17,29,144,8396,0.3695652173913043,0.10559006211180125,0.16425120772946863,0.15722755873792407
t_test,all,p75,2.5,93,758,68,7667,0.10928319623971798,0.577639751552795,0.18379446640316205,0.15721597478790958
t_test,strict,p90,2.9,58,458,77,7993,0.1124031007751938,0.42962962962962964,0.1781874039938556,0.15717979966114837
t_test,large,p90,4.4,17,31,142,8394,0.3541666666666667,0.1069182389937107,0.16425120772946858,0.1570096683514792
t_test,strict,p90,2.8,66,540,69,7911,0.10891089108910891,0.4888888888888889,0.17813765182186234,0.15644356166531553
t_test,large,mean,2.4,97,805,62,7620,0.10753880266075388,0.610062893081761,0.18284637134778509,0.15627401996284235
t_test,strict,p75,2.9,52,402,83,8049,0.1145374449339207,0.3851851851851852,0.1765704584040747,0.15611560390015308
t_test,large,p75,2.5,92,758,67,7667,0.10823529411764705,0.5786163522012578,0.1823587710604559,0.15601988617268353
t_test,all,mean,2.5,84,678,77,7747,0.11023622047244094,0.5217391304347826,0.1820151679306609,0.1558801767924374
t_test,large,mean,2.5,83,678,76,7747,0.10906701708278581,0.5220125786163522,0.18043478260869567,0.15452676988254646
t_test,strict,mean,2.7,60,489,75,7962,0.1092896174863388,0.4444444444444444,0.17543859649122806,0.1540877833432368
t_test,strict,p90,4.5,14,26,121,8425,0.35,0.1037037037037037,0.16,0.153918552036196
t_test,strict,max,2.7,77,661,58,7790,0.1043360433604336,0.5703703703703704,0.1764032073310424,0.15391105486356274
t_test,strict,p75,2.7,68,573,67,7878,0.1060842433697348,0.5037037037037037,0.1752577319587629,0.15326304928481665
t_test,all,p90,4.5,16,24,145,8401,0.4,0.09937888198757763,0.15920398009950248,0.1528817109637084
t_test,strict,p90,2.7,72,619,63,7832,0.10419681620839363,0.5333333333333333,0.17433414043583537,0.1520265250744837
t_test,strict,mean,2.8,51,406,84,8045,0.11159737417943107,0.37777777777777777,0.1722972972972973,0.15170453926809976
t_test,strict,max,2.6,84,745,51,7706,0.10132689987937274,0.6222222222222222,0.17427385892116182,0.15132333317687086
t_test,strict,p90,2.6,81,718,54,7733,0.10137672090112641,0.6,0.17344753747323344,0.15059753236777865
t_test,strict,p90,4.6,13,19,122,8432,0.40625,0.0962962962962963,0.155688622754491,0.15057022695411096
t_test,all,p90,4.6,15,17,146,8408,0.46875,0.09316770186335403,0.15544041450777202,0.15015600008258956
t_test,all,mean,2.3,109,956,52,7469,0.10234741784037558,0.6770186335403726,0.17781402936378468,0.15012688164567298
t_test,large,max,4.5,16,29,143,8396,0.35555555555555557,0.10062893081761007,0.1568627450980392,0.14991599619075302
t_test,large,mean,2.3,108,956,51,7469,0.10150375939849623,0.6792452830188679,0.17661488143908421,0.14919388811678866
t_test,strict,p75,2.8,58,489,77,7962,0.10603290676416818,0.42962962962962964,0.17008797653958943,0.148614514252196
t_test,all,p90,2.3,128,1168,33,7257,0.09876543209876543,0.7950310559006211,0.1757035003431709,0.14725701654497966
t_test,all,max,4.6,15,21,146,8404,0.4166666666666667,0.09316770186335403,0.15228426395939085,0.1464345030806364
t_test,strict,max,4.6,13,23,122,8428,0.3611111111111111,0.0962962962962963,0.15204678362573099,0.14639564589580678
t_test,strict,p75,2.6,73,659,62,7792,0.09972677595628415,0.5407407407407407,0.16839677047289506,0.14571549931814654
t_test,all,p75,4.4,15,22,146,8403,0.40540540540540543,0.09316770186335403,0.15151515151515152,0.14552690161920698
t_test,strict,p75,4.4,13,24,122,8427,0.35135135135135137,0.0962962962962963,0.15116279069767444,0.14538158524463823
t_test,large,p90,4.5,15,24,144,8401,0.38461538461538464,0.09433962264150944,0.15151515151515152,0.14527835564801325
t_test,large,p90,2.3,126,1168,33,7257,0.0973724884080371,0.7924528301886793,0.1734342739160358,0.14523400099162143
t_test,all,p75,2.3,118,1088,43,7337,0.0978441127694859,0.7329192546583851,0.17264081931236286,0.14433015852875208
t_test,strict,max,2.5,92,875,43,7576,0.09513960703205791,0.6814814814814815,0.16696914700544463,0.14333002705669065
t_test,all,mean,4.2,15,25,146,8400,0.375,0.09316770186335403,0.14925373134328357,0.14285664245440566
t_test,strict,mean,4.2,13,27,122,8424,0.325,0.0962962962962963,0.14857142857142858,0.14240723981899872
t_test,large,p90,4.6,14,17,145,8408,0.45161290322580644,0.0880503144654088,0.14736842105263154,0.14218352700817724
t_test,large,p75,2.3,116,1088,43,7337,0.09634551495016612,0.7295597484276729,0.1702127659574468,0.14214004976531036
t_test,strict,p90,2.4,101,980,34,7471,0.09343200740055504,0.7481481481481481,0.16611842105263158,0.14213654430426825
t_test,strict,max,2.4,106,1042,29,7409,0.09233449477351917,0.7851851851851852,0.16523772408417772,0.14106941999525846
t_test,all,p75,4.5,14,17,147,8408,0.45161290322580644,0.08695652173913043,0.14583333333333334,0.1406297107773456
t_test,strict,max,4.7,12,18,123,8433,0.4,0.08888888888888889,0.14545454545454545,0.14054054054053747
t_test,all,max,2.3,129,1236,32,7189,0.0945054945054945,0.8012422360248447,0.1690694626474443,0.14022737320127326
t_test,strict,mean,2.6,64,589,71,7862,0.09800918836140889,0.4740740740740741,0.16243654822335024,0.14002638760274455
t_test,all,mean,4.3,14,18,147,8407,0.4375,0.08695652173913043,0.1450777202072539,0.13972846634126923
t_test,strict,p75,2.4,94,921,41,7530,0.09261083743842365,0.6962962962962963,0.1634782608695652,0.1395978062157216
t_test,strict,p75,4.5,12,19,123,8432,0.3870967741935484,0.08888888888888889,0.14457831325301204,0.13952513434201205
t_test,strict,p90,2.5,86,837,49,7614,0.09317443120260022,0.6370370370370371,0.1625708884688091,0.13894882248314516
t_test,strict,p75,2.5,80,771,55,7680,0.09400705052878966,0.5925925925925926,0.16227180527383367,0.1389007271225228
t_test,large,max,4.6,14,21,145,8404,0.4,0.0880503144654088,0.14432989690721648,0.13857254955064974
t_test,strict,mean,4.3,12,20,123,8431,0.375,0.08888888888888889,0.1437125748502994,0.13852157769105172
t_test,large,max,2.3,127,1236,32,7189,0.09317681584739546,0.7987421383647799,0.16688567674113008,0.1382982142775151
t_test,large,p75,4.4,14,22,145,8403,0.3888888888888889,0.0880503144654088,0.14358974358974358,0.13769224846489972
t_test,strict,mean,2.5,72,690,63,7761,0.09448818897637795,0.5333333333333333,0.1605351170568562,0.1374943269002188
t_test,strict,mean,2.4,83,820,52,7631,0.09191583610188261,0.6148148148148148,0.1599229287090559,0.13629482890728606
t_test,large,mean,4.2,14,25,145,8400,0.358974358974359,0.0880503144654088,0.1414141414141414,0.13510309797715672
t_test,strict,mean,4.5,11,13,124,8438,0.4583333333333333,0.08148148148148149,0.13836477987421386,0.13425539525455524
t_test,all,mean,2.2,119,1186,42,7239,0.09118773946360154,0.7391304347826086,0.16234652114597545,0.1334162799195786
t_test,strict,max,4.8,11,14,124,8437,0.44,0.08148148148148149,0.13750000000000004,0.13324116136677855
t_test,large,mean,2.2,118,1186,41,7239,0.09049079754601227,0.7421383647798742,0.16131237183868763,0.13267367824686327
t_test,large,p75,4.5,13,17,146,8408,0.43333333333333335,0.08176100628930817,0.1375661375661376,0.13246480113290918
t_test,strict,p75,4.6,11,15,124,8436,0.4230769230769231,0.08148148148148149,0.13664596273291924,0.13223919274412044
t_test,strict,p90,4.7,11,15,124,8436,0.4230769230769231,0.08148148148148149,0.13664596273291924,0.13223919274412044
t_test,all,mean,4.4,13,16,148,8409,0.4482758620689655,0.08074534161490683,0.13684210526315788,0.13187283369564354
t_test,large,mean,4.3,13,18,146,8407,0.41935483870967744,0.08176100628930817,0.13684210526315788,0.13159320018111814
t_test,all,max,4.7,13,17,148,8408,0.43333333333333335,0.08074534161490683,0.13612565445026178,0.1310068418282712
t_test,strict,mean,2.3,93,972,42,7479,0.08732394366197183,0.6888888888888889,0.155,0.13073999191265623
t_test,strict,mean,4.4,11,18,124,8433,0.3793103448275862,0.08148148148148149,0.13414634146341464,0.12930469322433097
t_test,all,p75,2.2,130,1359,31,7066,0.08730691739422432,0.8074534161490683,0.1575757575757576,0.12806644221761784
t_test,large,p75,2.2,128,1359,31,7066,0.08607935440484196,0.8050314465408805,0.15552855407047386,0.12628791281566396
t_test,strict,p75,2.3,101,1105,34,7346,0.08374792703150911,0.7481481481481481,0.1506338553318419,0.12591402053197714
t_test,all,mean,4.5,12,12,149,8413,0.5,0.07453416149068323,0.12972972972972974,0.1254749532163915
t_test,all,max,4.8,12,13,149,8412,0.48,0.07453416149068323,0.12903225806451613,0.12461971646613046
t_test,strict,p90,2.3,107,1189,28,7262,0.08256172839506173,0.7925925925925926,0.14954577218728163,0.12461490438771468
t_test,all,p75,4.6,12,14,149,8411,0.46153846153846156,0.07453416149068323,0.1283422459893048,0.12377332974374022
t_test,all,p90,4.7,12,14,149,8411,0.46153846153846156,0.07453416149068323,0.1283422459893048,0.12377332974374022
t_test,large,mean,4.4,12,16,147,8409,0.42857142857142855,0.07547169811320754,0.1283422459893048,0.12348023935290423
t_test,large,max,4.7,12,17,147,8408,0.41379310344827586,0.07547169811320754,0.1276595744680851,0.1226459425266662
t_test,strict,p90,4.8,10,13,125,8438,0.43478260869565216,0.07407407407407407,0.12658227848101264,0.1225656816091523
t_test,all,p90,2.2,134,1473,27,6952,0.08338518979464841,0.8322981366459627,0.15158371040723984,0.12164245971756442
t_test,large,p90,2.2,132,1473,27,6952,0.08224299065420561,0.8301886792452831,0.14965986394557823,0.11999806448782112
t_test,all,max,2.2,138,1561,23,6864,0.08122424955856386,0.8571428571428571,0.14838709677419354,0.1181788202749659
t_test,strict,max,2.3,107,1258,28,7193,0.07838827838827839,0.7925925925925926,0.14266666666666666,0.11741016510197465
t_test,large,mean,4.5,11,12,148,8413,0.4782608695652174,0.06918238993710692,0.12087912087912088,0.11674407417744743
t_test,large,max,2.2,136,1561,23,6864,0.08014142604596347,0.8553459119496856,0.14655172413793105,0.11663019161970928
t_test,large,max,4.8,11,13,148,8412,0.4583333333333333,0.06918238993710692,0.12021857923497266,0.11592333870678923
t_test,all,p90,4.8,11,12,150,8413,0.4782608695652174,0.06832298136645963,0.11956521739130434,0.11541841927527942
t_test,large,p75,4.6,11,14,148,8411,0.44,0.06918238993710692,0.11956521739130434,0.11511123724631096
t_test,large,p90,4.7,11,14,148,8411,0.44,0.06918238993710692,0.11956521739130434,0.11511123724631096
t_test,strict,mean,2.2,100,1205,35,7246,0.07662835249042145,0.7407407407407407,0.1388888888888889,0.11362870051925227
t_test,strict,max,4.9,9,11,126,8440,0.45,0.06666666666666667,0.1161290322580645,0.11252800977795369
t_test,strict,p75,2.2,109,1380,26,7071,0.07320349227669577,0.8074074074074075,0.13423645320197045,0.10853328335413502
t_test,all,mean,2.1,131,1611,30,6814,0.07520091848450057,0.8136645962732919,0.1376773515501839,0.10702135612895543
t_test,all,max,4.9,10,10,151,8415,0.5,0.062111801242236024,0.11049723756906077,0.10679582793258403
t_test,large,p90,4.8,10,12,149,8413,0.45454545454545453,0.06289308176100629,0.11049723756906077,0.10647387871531212
t_test,large,mean,2.1,129,1611,30,6814,0.07413793103448275,0.8113207547169812,0.1358609794628752,0.1054980995315128
t_test,strict,max,5.0,8,7,127,8444,0.5333333333333333,0.05925925925925926,0.10666666666666667,0.10384858044164416
t_test,strict,p90,4.9,8,8,127,8443,0.5,0.05925925925925926,0.10596026490066227,0.10297129006644476
t_test,strict,p90,2.2,112,1495,23,6956,0.06969508400746734,0.8296296296296296,0.1285878300803674,0.10255332914409356
t_test,strict,mean,4.6,8,12,127,8439,0.4,0.05925925925925926,0.10322580645161292,0.09957221430026282
t_test,all,max,5.0,9,6,152,8419,0.6,0.055900621118012424,0.10227272727272727,0.09939414700598587
t_test,all,p75,2.1,139,1830,22,6595,0.07059421025901473,0.8633540372670807,0.13051643192488263,0.09929046759625249
t_test,strict,max,2.2,115,1584,20,6867,0.06768687463213655,0.8518518518518519,0.12540894220283533,0.09916605147804274
t_test,strict,p75,4.7,8,13,127,8438,0.38095238095238093,0.05925925925925926,0.10256410256410256,0.09874893720393903
t_test,all,p90,4.9,9,7,152,8418,0.5625,0.055900621118012424,0.1016949152542373,0.09863921773176447
t_test,large,p75,2.1,137,1830,22,6595,0.06964921199796645,0.8616352201257862,0.1288805268109125,0.09796313883767463
t_test,large,max,4.9,9,10,150,8415,0.47368421052631576,0.05660377358490566,0.10112359550561797,0.09755504596198089
t_test,all,mean,4.6,9,11,152,8414,0.45,0.055900621118012424,0.09944751381215469,0.09570012393174933
t_test,all,p75,4.7,9,12,152,8413,0.42857142857142855,0.055900621118012424,0.0989010989010989,0.09498486396852557
t_test,strict,max,5.2,7,5,128,8446,0.5833333333333334,0.05185185185185185,0.09523809523809523,0.09290953545231795
t_test,all,p90,2.1,142,1982,19,6443,0.06685499058380415,0.8819875776397516,0.12428884026258206,0.09265848439420543
t_test,strict,p90,5.1,7,6,128,8445,0.5384615384615384,0.05185185185185185,0.0945945945945946,0.09208676013124933
t_test,large,p90,2.1,140,1982,19,6443,0.06597549481621112,0.8805031446540881,0.12275317843051294,0.09144119736107975
t_test,strict,max,5.1,7,7,128,8444,0.5,0.05185185185185185,0.09395973154362416,0.09127471317895222
t_test,strict,p90,5.0,7,7,128,8444,0.5,0.05185185185185185,0.09395973154362416,0.09127471317895222
t_test,strict,mean,2.1,110,1632,25,6819,0.06314580941446613,0.8148148148148148,0.11720831113478955,0.090669685538064
t_test,all,max,5.2,8,4,153,8421,0.6666666666666666,0.049689440993788817,0.09248554913294797,0.09011862189624638
t_test,all,max,2.1,146,2088,15,6337,0.06535362578334826,0.906832298136646,0.12192066805845513,0.09009035521954563
t_test,large,max,5.0,8,6,151,8419,0.5714285714285714,0.050314465408805034,0.09248554913294799,0.08975671696227747
t_test,all,p90,5.1,8,5,153,8420,0.6153846153846154,0.049689440993788817,0.09195402298850575,0.0894025821296834
t_test,large,p90,4.9,8,7,151,8418,0.5333333333333333,0.050314465408805034,0.09195402298850576,0.08904480382793195
t_test,large,max,2.1,144,2088,15,6337,0.06451612903225806,0.9056603773584906,0.1204516938519448,0.08894546678988886
t_test,all,max,5.1,8,6,153,8419,0.5714285714285714,0.049689440993788817,0.09142857142857143,0.08869444247891772
t_test,all,p90,5.0,8,6,153,8419,0.5714285714285714,0.049689440993788817,0.09142857142857143,0.08869444247891772
t_test,large,mean,4.6,8,11,151,8414,0.42105263157894735,0.050314465408805034,0.08988764044943821,0.08627448403650613
t_test,large,p75,4.7,8,12,151,8413,0.4,0.050314465408805034,0.0893854748603352,0.08560061064871337
t_test,strict,p75,2.1,116,1853,19,6598,0.05891315388522093,0.8592592592592593,0.1102661596958175,0.0832884188351385
t_test,strict,p75,5.1,6,4,129,8447,0.6,0.044444444444444446,0.08275862068965519,0.08076505107585148
t_test,large,max,5.2,7,4,152,8421,0.6363636363636364,0.0440251572327044,0.08235294117647059,0.08014798919069206
t_test,all,p75,5.1,7,3,154,8422,0.7,0.043478260869565216,0.08187134502923976,0.07985332283038879
t_test,large,p90,5.1,7,5,152,8420,0.5833333333333334,0.0440251572327044,0.08187134502923976,0.079478268472069
t_test,strict,p75,5.0,6,6,129,8445,0.5,0.044444444444444446,0.0816326530612245,0.0792690773388224
t_test,large,max,5.1,7,6,152,8419,0.5384615384615384,0.0440251572327044,0.0813953488372093,0.07881606776815475
t_test,large,p90,5.0,7,6,152,8419,0.5384615384615384,0.0440251572327044,0.0813953488372093,0.07881606776815475
t_test,all,mean,2.0,139,2206,22,6219,0.059275053304904055,0.8633540372670807,0.11093375897845173,0.07859855098585225
t_test,strict,p75,4.9,6,7,129,8444,0.46153846153846156,0.044444444444444446,0.0810810810810811,0.07853581625261465
t_test,all,p75,5.0,7,5,154,8420,0.5833333333333334,0.043478260869565216,0.08092485549132948,0.07852777631530972
t_test,all,p75,4.9,7,6,154,8419,0.5384615384615384,0.043478260869565216,0.08045977011494253,0.07787603253638561
t_test,large,mean,2.0,137,2206,22,6219,0.05847204438753734,0.8616352201257862,0.10951239008792965,0.07750987430406193
t_test,strict,p90,2.1,118,2006,17,6445,0.05555555555555555,0.8740740740740741,0.10447100486941123,0.07718591580813648
t_test,strict,mean,4.7,6,9,129,8442,0.4,0.044444444444444446,0.07999999999999999,0.07709779179811144
t_test,all,mean,4.7,7,8,154,8417,0.4666666666666667,0.043478260869565216,0.07954545454545454,0.07659399882892243
t_test,strict,p75,4.8,6,11,129,8440,0.35294117647058826,0.044444444444444446,0.07894736842105264,0.0756965494332144
t_test,all,p75,4.8,7,10,154,8415,0.4117647058823529,0.043478260869565216,0.07865168539325844,0.07533979409442555
t_test,strict,max,2.1,121,2113,14,6338,0.05416293643688451,0.8962962962962963,0.10215280709159982,0.07471388587172138
t_test,all,p75,2.0,147,2483,14,5942,0.055893536121673006,0.9130434782608695,0.1053385883195987,0.07256340512079024
t_test,large,p75,2.0,145,2483,14,5942,0.05517503805175038,0.9119496855345912,0.1040545389307499,0.0716243449383713
t_test,large,p75,5.1,6,3,153,8422,0.6666666666666666,0.03773584905660377,0.07142857142857142,0.0695820739968775
t_test,all,max,5.3,6,3,155,8422,0.6666666666666666,0.037267080745341616,0.07058823529411765,0.06873926528191153
t_test,all,max,5.4,6,3,155,8422,0.6666666666666666,0.037267080745341616,0.07058823529411765,0.06873926528191153
t_test,all,max,5.5,6,3,155,8422,0.6666666666666666,0.037267080745341616,0.07058823529411765,0.06873926528191153
t_test,all,p90,5.2,6,3,155,8422,0.6666666666666666,0.037267080745341616,0.07058823529411765,0.06873926528191153
t_test,large,p75,5.0,6,5,153,8420,0.5454545454545454,0.03773584905660377,0.07058823529411765,0.06835501469313733
t_test,strict,max,5.6,5,3,130,8448,0.625,0.037037037037037035,0.06993006993006994,0.06829096356346208
t_test,large,p75,4.9,6,6,153,8419,0.5,0.03773584905660377,0.07017543859649122,0.0677518769876373
t_test,strict,max,5.3,5,4,130,8447,0.5555555555555556,0.037037037037037035,0.06944444444444445,0.06761192070369092
t_test,strict,max,5.4,5,4,130,8447,0.5555555555555556,0.037037037037037035,0.06944444444444445,0.06761192070369092
t_test,strict,max,5.5,5,4,130,8447,0.5555555555555556,0.037037037037037035,0.06944444444444445,0.06761192070369092
t_test,strict,p90,5.2,5,4,130,8447,0.5555555555555556,0.037037037037037035,0.06944444444444445,0.06761192070369092
t_test,all,p90,2.0,149,2671,12,5754,0.05283687943262411,0.9254658385093167,0.09996645420999664,0.06686108615177991
t_test,strict,mean,2.0,117,2228,18,6223,0.04989339019189765,0.8666666666666667,0.09435483870967741,0.06660045217527642
t_test,large,mean,4.7,6,8,153,8417,0.42857142857142855,0.03773584905660377,0.06936416184971098,0.06656580529252763
t_test,large,p90,2.0,147,2671,12,5754,0.052164655784244146,0.9245283018867925,0.09875713805844812,0.06600465138838406
t_test,large,p75,4.8,6,10,153,8415,0.375,0.03773584905660377,0.06857142857142857,0.06540592821379394
t_test,all,max,2.0,149,2789,12,5636,0.050714771953710006,0.9254658385093167,0.09616005162955793,0.06283973900998556
t_test,large,max,2.0,147,2789,12,5636,0.05006811989100817,0.9245283018867925,0.0949919224555735,0.06202927443700181
t_test,strict,p75,2.0,122,2508,13,5943,0.04638783269961977,0.9037037037037037,0.08824593128390597,0.06013341618110821
bdpm,all,max,0.62,84,1594,77,6833,0.050059594755661505,0.5217391304347826,0.09135399673735727,0.05916652811483286
t_test,large,max,5.3,5,3,154,8422,0.625,0.031446540880503145,0.059880239520958084,0.0582088968150529
t_test,large,max,5.4,5,3,154,8422,0.625,0.031446540880503145,0.059880239520958084,0.0582088968150529
t_test,large,max,5.5,5,3,154,8422,0.625,0.031446540880503145,0.059880239520958084,0.0582088968150529
t_test,large,max,5.6,5,3,154,8422,0.625,0.031446540880503145,0.059880239520958084,0.0582088968150529
t_test,large,p90,5.2,5,3,154,8422,0.625,0.031446540880503145,0.059880239520958084,0.0582088968150529
bdpm,all,p90,0.62,80,1531,81,6896,0.04965859714463067,0.4968944099378882,0.09029345372460498,0.058189449026932634
bdpm,all,max,0.64,73,1394,88,7033,0.04976141785957737,0.453416149068323,0.08968058968058967,0.057848868411838485
t_test,all,max,5.6,5,3,156,8422,0.625,0.031055900621118012,0.05917159763313609,0.05749838794083162
t_test,all,p75,5.2,5,3,156,8422,0.625,0.031055900621118012,0.05917159763313609,0.05749838794083162
t_test,all,p75,5.3,5,3,156,8422,0.625,0.031055900621118012,0.05917159763313609,0.05749838794083162
t_test,all,p90,5.3,5,3,156,8422,0.625,0.031055900621118012,0.05917159763313609,0.05749838794083162
t_test,all,p90,5.4,5,3,156,8422,0.625,0.031055900621118012,0.05917159763313609,0.05749838794083162
bdpm,large,max,0.62,82,1594,77,6833,0.04892601431980907,0.5157232704402516,0.0893732970027248,0.057490233762978
bdpm,large,max,0.64,72,1394,87,7033,0.04911323328785812,0.4528301886792453,0.08861538461538461,0.05711051899361021
bdpm,all,p90,0.64,70,1345,91,7082,0.04946996466431095,0.43478260869565216,0.08883248730964466,0.05709050300105685
bdpm,large,p90,0.62,78,1531,81,6896,0.048477315102548164,0.49056603773584906,0.08823529411764706,0.05643115745658713
t_test,all,mean,4.9,5,5,156,8420,0.5,0.031055900621118012,0.058479532163742694,0.05641009538657729
bdpm,large,p90,0.64,69,1345,90,7082,0.048797736916548796,0.4339622641509434,0.087730451366815,0.056311956548214
t_test,all,mean,4.8,5,6,156,8419,0.45454545454545453,0.031055900621118012,0.05813953488372093,0.05587510605803508
t_test,strict,p90,2.0,124,2696,11,5755,0.04397163120567376,0.9185185185185185,0.08392554991539763,0.05558371457723084
t_test,strict,p90,5.7,4,2,131,8449,0.6666666666666666,0.02962962962962963,0.05673758865248227,0.055473670105854474
t_test,strict,mean,5.1,4,3,131,8448,0.5714285714285714,0.02962962962962963,0.056338028169014086,0.05487290955064187
t_test,strict,mean,5.2,4,3,131,8448,0.5714285714285714,0.02962962962962963,0.056338028169014086,0.05487290955064187
t_test,strict,max,5.7,4,3,131,8448,0.5714285714285714,0.02962962962962963,0.056338028169014086,0.05487290955064187
t_test,strict,p75,5.4,4,3,131,8448,0.5714285714285714,0.02962962962962963,0.056338028169014086,0.05487290955064187
t_test,strict,p90,5.5,4,3,131,8448,0.5714285714285714,0.02962962962962963,0.056338028169014086,0.05487290955064187
t_test,strict,p90,5.6,4,3,131,8448,0.5714285714285714,0.02962962962962963,0.056338028169014086,0.05487290955064187
t_test,all,mean,1.9,148,3035,13,5390,0.046497015394282123,0.9192546583850931,0.08851674641148326,0.05477475829693877
t_test,strict,mean,5.0,4,4,131,8447,0.5,0.02962962962962963,0.055944055944055944,0.054280301361412396
t_test,strict,p75,5.2,4,4,131,8447,0.5,0.02962962962962963,0.055944055944055944,0.054280301361412396
t_test,strict,p75,5.3,4,4,131,8447,0.5,0.02962962962962963,0.055944055944055944,0.054280301361412396
t_test,strict,p90,5.3,4,4,131,8447,0.5,0.02962962962962963,0.055944055944055944,0.054280301361412396
t_test,strict,p90,5.4,4,4,131,8447,0.5,0.02962962962962963,0.055944055944055944,0.054280301361412396
t_test,large,mean,1.9,146,3035,13,5390,0.04589751650424395,0.9182389937106918,0.08742514970059881,0.0540500340540129
t_test,strict,mean,4.9,4,6,131,8445,0.4,0.02962962962962963,0.055172413793103454,0.05311888719843382
bdpm,all,max,0.6,89,1824,72,6603,0.0465237846314689,0.5527950310559007,0.085824493731919,0.05307648047521183
bdpm,all,p75,0.62,71,1445,90,6982,0.04683377308707124,0.4409937888198758,0.08467501490757304,0.05256202348093948
t_test,strict,mean,4.8,4,7,131,8444,0.36363636363636365,0.02962962962962963,0.05479452054794521,0.05254976467032749
t_test,strict,max,2.0,124,2814,11,5637,0.04220558202859088,0.9185185185185185,0.08070289619264562,0.05220745404786076
bdpm,all,max,0.58,98,2040,63,6387,0.04583723105706267,0.6086956521739131,0.08525445846020008,0.05220636947809338
bdpm,all,p90,0.58,95,1978,66,6449,0.04582730342498794,0.5900621118012422,0.08504923903312443,0.05206877211824102
bdpm,all,p90,0.6,85,1760,76,6667,0.04607046070460705,0.5279503105590062,0.0847457627118644,0.05205598505853087
bdpm,all,p75,0.58,90,1873,71,6554,0.04584819154355578,0.5590062111801242,0.0847457627118644,0.051891818341552085
bdpm,large,p75,0.62,70,1445,89,6982,0.0462046204620462,0.44025157232704404,0.08363201911589008,0.05185083442071262
bdpm,large,max,0.6,87,1824,72,6603,0.04552590266875981,0.5471698113207547,0.08405797101449276,0.051631189907185925
bdpm,all,p75,0.6,79,1647,82,6780,0.04577056778679027,0.4906832298136646,0.08373078961314255,0.05119124966836591
bdpm,large,max,0.58,96,2040,63,6387,0.0449438202247191,0.6037735849056604,0.08366013071895426,0.05094519380233626
bdpm,large,p90,0.58,93,1978,66,6449,0.04490584258812168,0.5849056603773585,0.08340807174887892,0.05075766697053645
bdpm,large,max,0.68,51,1044,108,7383,0.04657534246575343,0.32075471698113206,0.0813397129186603,0.050636388609100774
bdpm,large,p90,0.6,83,1760,76,6667,0.04503526858383071,0.5220125786163522,0.08291708291708293,0.050544904330504806
bdpm,large,p75,0.58,88,1873,71,6554,0.04487506374298827,0.5534591194968553,0.0830188679245283,0.05048933591418083
bdpm,large,p75,0.64,60,1250,99,7177,0.04580152671755725,0.37735849056603776,0.08168822328114363,0.05032200870857561
bdpm,all,max,0.68,51,1044,110,7383,0.04657534246575343,0.3167701863354037,0.08121019108280256,0.05016188518659026
bdpm,all,max,0.66,60,1245,101,7182,0.04597701149425287,0.37267080745341613,0.08185538881309687,0.05015284559365712
bdpm,all,p75,0.64,60,1250,101,7177,0.04580152671755725,0.37267080745341613,0.0815771583956492,0.04985125043321032
bdpm,large,p75,0.6,77,1647,82,6780,0.04466357308584687,0.48427672955974843,0.08178438661710036,0.04955514384021783
t_test,all,p75,1.9,152,3333,9,5092,0.0436154949784792,0.9440993788819876,0.08337904552934723,0.04929941589110952
bdpm,large,max,0.66,59,1245,100,7182,0.04524539877300614,0.3710691823899371,0.08065618591934381,0.04927088514804751
bdpm,strict,p90,0.62,67,1544,68,6909,0.04158907510862818,0.4962962962962963,0.07674684994272624,0.04916468619704364
bdpm,strict,max,0.64,61,1406,74,7047,0.04158145875937287,0.45185185185185184,0.07615480649188514,0.048769013595835284
t_test,large,p75,1.9,150,3333,9,5092,0.04306632213608958,0.9433962264150944,0.08237232289950576,0.04866820576419422
bdpm,strict,max,0.62,69,1609,66,6844,0.041120381406436236,0.5111111111111111,0.07611693325979041,0.04842791392780444
bdpm,large,max,0.74,27,529,132,7898,0.048561151079136694,0.16981132075471697,0.07552447552447553,0.04810923249239709
bdpm,large,max,0.7,42,877,117,7550,0.04570184983677911,0.2641509433962264,0.07792207792207792,0.04785894206549044
bdpm,all,max,0.56,107,2362,54,6065,0.043337383556095586,0.6645962732919255,0.08136882129277566,0.04785433460927883
bdpm,all,max,0.74,27,529,134,7898,0.048561151079136694,0.16770186335403728,0.07531380753138076,0.047623476139086324
bdpm,strict,p90,0.64,58,1357,77,7096,0.04098939929328622,0.42962962962962964,0.07483870967741936,0.04750107313979363
bdpm,all,max,0.7,42,877,119,7550,0.04570184983677911,0.2608695652173913,0.07777777777777778,0.0473848111207299
t_test,large,p90,5.7,4,2,155,8423,0.6666666666666666,0.025157232704402517,0.04848484848484849,0.047201318956029255
bdpm,large,max,0.56,105,2362,54,6065,0.04256181597081476,0.660377358490566,0.07996953541507998,0.04680353620223581
bdpm,large,p90,0.68,46,984,113,7443,0.04466019417475728,0.2893081761006289,0.07737594617325483,0.046793035754513136
bdpm,all,p90,0.56,102,2279,59,6148,0.04283914321713566,0.6335403726708074,0.08025177025963807,0.04677503537549833
bdpm,all,p75,0.56,96,2140,65,6287,0.04293381037567084,0.5962732919254659,0.08010012515644556,0.046759790518650986
t_test,large,mean,5.1,4,3,155,8422,0.5714285714285714,0.025157232704402517,0.04819277108433735,0.04670356317977892
t_test,large,mean,5.2,4,3,155,8422,0.5714285714285714,0.025157232704402517,0.04819277108433735,0.04670356317977892
t_test,large,max,5.7,4,3,155,8422,0.5714285714285714,0.025157232704402517,0.04819277108433735,0.04670356317977892
t_test,large,p75,5.2,4,3,155,8422,0.5714285714285714,0.025157232704402517,0.04819277108433735,0.04670356317977892
t_test,large,p75,5.3,4,3,155,8422,0.5714285714285714,0.025157232704402517,0.04819277108433735,0.04670356317977892
t_test,large,p75,5.4,4,3,155,8422,0.5714285714285714,0.025157232704402517,0.04819277108433735,0.04670356317977892
t_test,large,p90,5.3,4,3,155,8422,0.5714285714285714,0.025157232704402517,0.04819277108433735,0.04670356317977892
t_test,large,p90,5.4,4,3,155,8422,0.5714285714285714,0.025157232704402517,0.04819277108433735,0.04670356317977892
t_test,large,p90,5.5,4,3,155,8422,0.5714285714285714,0.025157232704402517,0.04819277108433735,0.04670356317977892
t_test,large,p90,5.6,4,3,155,8422,0.5714285714285714,0.025157232704402517,0.04819277108433735,0.04670356317977892
t_test,all,p90,5.7,4,2,157,8423,0.6666666666666666,0.024844720496894408,0.04790419161676646,0.046619597326688925
bdpm,all,p90,0.68,46,984,115,7443,0.04466019417475728,0.2857142857142857,0.07724601175482787,0.04632235075956982
t_test,large,mean,5.0,4,4,155,8421,0.5,0.025157232704402517,0.04790419161676647,0.04621155792097769
t_test,all,mean,5.1,4,3,157,8422,0.5714285714285714,0.024844720496894408,0.047619047619047616,0.04612850768715695
t_test,all,mean,5.2,4,3,157,8422,0.5714285714285714,0.024844720496894408,0.047619047619047616,0.04612850768715695
t_test,all,max,5.7,4,3,157,8422,0.5714285714285714,0.024844720496894408,0.047619047619047616,0.04612850768715695
t_test,all,p75,5.4,4,3,157,8422,0.5714285714285714,0.024844720496894408,0.047619047619047616,0.04612850768715695
t_test,all,p90,5.5,4,3,157,8422,0.5714285714285714,0.024844720496894408,0.047619047619047616,0.04612850768715695
t_test,all,p90,5.6,4,3,157,8422,0.5714285714285714,0.024844720496894408,0.047619047619047616,0.04612850768715695
bdpm,large,p90,0.7,38,805,121,7622,0.045077105575326216,0.2389937106918239,0.07584830339321358,0.046125672427607727
bdpm,large,p90,0.66,54,1184,105,7243,0.04361873990306947,0.33962264150943394,0.07730851825340015,0.04599654614730919
t_test,large,mean,4.9,4,5,155,8420,0.4444444444444444,0.025157232704402517,0.047619047619047616,0.045725204099362565
bdpm,large,p90,0.56,100,2279,59,6148,0.042034468263976464,0.6289308176100629,0.07880220646178093,0.045671005487777326
bdpm,all,p90,0.7,38,805,123,7622,0.045077105575326216,0.2360248447204969,0.07569721115537849,0.04565277108855091
t_test,all,mean,5.0,4,4,157,8421,0.5,0.024844720496894408,0.04733727810650887,0.04564302175140538
t_test,all,p90,1.9,153,3517,8,4908,0.04168937329700272,0.9503105590062112,0.07987470634299138,0.04558562321116167
bdpm,large,p75,0.56,94,2140,65,6287,0.04207699194270367,0.5911949685534591,0.07856247388215629,0.04556166535742338
bdpm,all,p90,0.66,54,1184,107,7243,0.04361873990306947,0.33540372670807456,0.07719799857040743,0.04552936404138588
t_test,strict,mean,1.9,123,3060,12,5391,0.03864278982092366,0.9111111111111111,0.07414104882459313,0.045341807926168154
t_test,large,mean,4.8,4,6,155,8419,0.4,0.025157232704402517,0.04733727810650888,0.04524440489776361
bdpm,all,mean,0.58,75,1689,86,6738,0.04251700680272109,0.4658385093167702,0.07792207792207792,0.04511381059205385
bdpm,all,max,0.52,123,2830,38,5597,0.04165255672197765,0.7639751552795031,0.0789980732177264,0.045043987387487744
t_test,large,p90,1.9,151,3517,8,4908,0.04116684841875681,0.949685534591195,0.0789129866736347,0.04500440340880403
bdpm,all,mean,0.62,58,1293,103,7134,0.04293116210214656,0.36024844720496896,0.07671957671957672,0.044715894793591705
bdpm,large,mean,0.58,74,1689,85,6738,0.04197390811117414,0.46540880503144655,0.07700312174817897,0.044543296563005146
bdpm,large,max,0.72,33,706,126,7721,0.044654939106901215,0.20754716981132076,0.07349665924276169,0.04436976219849415
bdpm,large,max,0.52,121,2830,38,5597,0.0410030498136225,0.7610062893081762,0.07781350482315112,0.04422419432478785
bdpm,all,p90,0.52,118,2752,43,5675,0.04111498257839721,0.7329192546583851,0.07786209171890465,0.04391874990639703
bdpm,all,max,0.72,33,706,128,7721,0.044654939106901215,0.20496894409937888,0.07333333333333333,0.04389792774015235
bdpm,strict,p75,0.62,59,1457,76,6996,0.03891820580474934,0.43703703703703706,0.07147183525136282,0.04386981399717083
bdpm,large,mean,0.62,57,1293,102,7134,0.042222222222222223,0.3584905660377358,0.07554671968190856,0.04386566141192622
bdpm,all,p90,0.54,107,2499,54,5928,0.04105909439754413,0.6645962732919255,0.07734007950849293,0.04356595380255263
bdpm,all,p75,0.54,102,2379,59,6048,0.041112454655380895,0.6335403726708074,0.07721423164269492,0.043537837723510255
bdpm,all,max,0.54,110,2577,51,5850,0.04093784890212133,0.6832298136645962,0.07724719101123595,0.043408138119923806
bdpm,strict,p75,0.58,75,1888,60,6565,0.038206826286296486,0.5555555555555556,0.07149666348903719,0.04335582887408137
t_test,all,max,1.9,153,3621,8,4804,0.04054054054054054,0.9503105590062112,0.07776365946632782,0.04335457267981076
bdpm,strict,p75,0.64,51,1259,84,7194,0.038931297709923665,0.37777777777777777,0.07058823529411766,0.043320979830722514
bdpm,strict,max,0.6,73,1840,62,6613,0.038159958180867745,0.5407407407407407,0.0712890625,0.04319062514753978
bdpm,strict,max,0.68,43,1052,92,7401,0.039269406392694065,0.31851851851851853,0.06991869918699187,0.0431374840639328
bdpm,large,p90,0.52,116,2752,43,5675,0.040446304044630406,0.7295597484276729,0.0766435414601916,0.04306311104348158
bdpm,strict,p75,0.6,66,1660,69,6793,0.038238702201622246,0.4888888888888889,0.07092960773777539,0.04302560773712839
bdpm,all,mean,0.6,65,1497,96,6930,0.041613316261203584,0.40372670807453415,0.07544979686593152,0.04291794690978617
t_test,large,max,1.9,151,3621,8,4804,0.04003181336161188,0.949685534591195,0.07682523530908167,0.04279938230483269
bdpm,all,p75,0.52,111,2623,50,5804,0.04059985369422092,0.6894409937888198,0.0766839378238342,0.04279008279239774
bdpm,strict,p90,0.6,70,1775,65,6678,0.037940379403794036,0.5185185185185185,0.07070707070707072,0.042661223827084274
bdpm,large,p90,0.54,105,2499,54,5928,0.04032258064516129,0.660377358490566,0.0760043431053203,0.042585107712821674
bdpm,large,p75,0.54,100,2379,59,6048,0.04033884630899556,0.6289308176100629,0.07581501137225172,0.04248912679826042
bdpm,large,max,0.54,108,2577,51,5850,0.04022346368715084,0.6792452830188679,0.0759493670886076,0.04246791627869287
bdpm,large,mean,0.6,64,1497,95,6930,0.04099935938500961,0.4025157232704403,0.07441860465116279,0.0422246484992977
bdpm,all,mean,0.56,83,1956,78,6471,0.04070622854340363,0.515527950310559,0.07545454545454545,0.042169667646759355
bdpm,all,p90,0.5,125,2996,36,5431,0.040051265619993594,0.7763975155279503,0.07617306520414381,0.04201626630274367
bdpm,large,p75,0.52,109,2623,50,5804,0.039897510980966326,0.6855345911949685,0.07540643375994466,0.04187188848323904
bdpm,large,mean,0.56,82,1956,77,6471,0.040235525024533855,0.5157232704402516,0.07464724624487937,0.04172413191110467
bdpm,large,mean,0.64,48,1110,111,7317,0.04145077720207254,0.3018867924528302,0.07289293849658315,0.04168483474317527
bdpm,all,mean,0.5,111,2666,50,5761,0.03997119193374145,0.6894409937888198,0.07556160653505786,0.04159622966345949
bdpm,strict,p90,0.58,77,1996,58,6457,0.0371442354076218,0.5703703703703704,0.0697463768115942,0.04145296038156331
bdpm,all,p75,0.5,119,2870,42,5557,0.03981264637002342,0.7391304347826086,0.07555555555555556,0.0414525371695896
t_test,strict,p75,5.5,3,3,132,8448,0.5,0.022222222222222223,0.0425531914893617,0.04127026664880322
t_test,strict,p75,5.6,3,3,132,8448,0.5,0.022222222222222223,0.0425531914893617,0.04127026664880322
bdpm,large,max,0.8,9,140,150,8287,0.06040268456375839,0.05660377358490566,0.05844155844155844,0.04126362189298797
bdpm,large,p90,0.5,123,2996,36,5431,0.039435716575825584,0.7735849056603774,0.075045759609518,0.041259208076170756
bdpm,all,mean,0.64,48,1110,113,7317,0.04145077720207254,0.2981366459627329,0.07278241091736165,0.04122177374890242
bdpm,strict,max,0.58,79,2059,56,6394,0.03695042095416277,0.5851851851851851,0.06951165860096788,0.041156793253792
t_test,strict,p75,1.9,127,3358,8,5093,0.036441893830703016,0.9407407407407408,0.0701657458563536,0.04113731848680021
bdpm,all,mean,0.54,90,2160,71,6267,0.04,0.5590062111801242,0.07465781833264205,0.041105705131952115
bdpm,large,p90,0.72,29,644,130,7783,0.04309063893016345,0.18238993710691823,0.06971153846153846,0.04098022119223554
bdpm,all,max,0.8,9,140,152,8287,0.06040268456375839,0.055900621118012424,0.05806451612903226,0.04077799733924863
bdpm,large,mean,0.54,89,2160,70,6267,0.039573143619386394,0.559748427672956,0.0739202657807309,0.04073796740325342
bdpm,strict,max,0.66,49,1256,86,7197,0.037547892720306515,0.362962962962963,0.06805555555555556,0.0407240662639827
bdpm,large,mean,0.5,109,2666,50,5761,0.03927927927927928,0.6855345911949685,0.07430129516019086,0.040696989914053426
bdpm,large,p75,0.5,117,2870,42,5557,0.03916973552058922,0.7358490566037735,0.0743801652892562,0.040644255994142786
bdpm,all,max,0.5,125,3057,36,5370,0.03928346951602765,0.7763975155279503,0.07478312892611426,0.04054154801069715
bdpm,all,p90,0.72,29,644,132,7783,0.04309063893016345,0.18012422360248448,0.06954436450839328,0.04051406873273522
bdpm,strict,mean,0.58,65,1699,70,6754,0.036848072562358274,0.48148148148148145,0.06845708267509215,0.04043371500799761
bdpm,all,mean,0.52,99,2409,62,6018,0.039473684210526314,0.6149068322981367,0.07418508804795804,0.04037515766176035
bdpm,large,mean,0.52,98,2409,61,6018,0.03909054646988432,0.6163522012578616,0.07351837959489872,0.04008636200071925
bdpm,large,p75,0.66,46,1087,113,7340,0.04060017652250662,0.2893081761006289,0.07120743034055728,0.040028443601671
bdpm,strict,mean,0.62,50,1301,85,7152,0.037009622501850484,0.37037037037037035,0.06729475100942127,0.03985077677676495
bdpm,large,max,0.5,123,3057,36,5370,0.038679245283018866,0.7735849056603774,0.07367475292003593,0.039805456865923634
bdpm,all,p75,0.66,46,1087,115,7340,0.04060017652250662,0.2857142857142857,0.07109737248840803,0.03956719202727657
bdpm,all,p75,0.48,126,3149,35,5278,0.03847328244274809,0.782608695652174,0.07334109429569267,0.038997437883380025
bdpm,strict,max,0.56,88,2381,47,6072,0.03564196030781693,0.6518518518518519,0.06758832565284177,0.03893978952018241
bdpm,strict,p90,0.68,38,992,97,7461,0.036893203883495145,0.2814814814814815,0.06523605150214593,0.03851044318242632
bdpm,large,p75,0.48,124,3149,35,5278,0.037885731744576844,0.779874213836478,0.07226107226107227,0.038292445548209764
bdpm,strict,p90,0.66,45,1193,90,7260,0.036348949919224556,0.3333333333333333,0.06554989075018208,0.03828729594248637
bdpm,strict,mean,0.6,56,1506,79,6947,0.03585147247119078,0.4148148148148148,0.06599882144961697,0.038165088761410546
bdpm,strict,max,0.7,34,885,101,7568,0.036996735582154515,0.2518518518518518,0.06451612903225808,0.03814952527493792
bdpm,strict,p75,0.56,79,2157,56,6296,0.0353309481216458,0.5851851851851851,0.06663854913538592,0.03811963178447165
t_test,strict,p90,1.9,128,3542,7,4909,0.03487738419618529,0.9481481481481482,0.06727989487516427,0.038104816371059225
bdpm,all,mean,0.48,116,2931,45,5496,0.03807023301608139,0.7204968944099379,0.07231920199501246,0.03806223528999946
bdpm,large,max,0.76,18,390,141,8037,0.04411764705882353,0.11320754716981132,0.06349206349206349,0.037849808737666794
bdpm,all,p90,0.48,128,3255,33,5172,0.03783624002364765,0.7950310559006211,0.07223476297968398,0.03779667971828802
bdpm,large,p75,0.68,37,892,122,7535,0.03982777179763186,0.23270440251572327,0.06801470588235294,0.037578655042710095
bdpm,all,max,0.76,18,390,143,8037,0.04411764705882353,0.11180124223602485,0.0632688927943761,0.037388995111871076
bdpm,strict,p90,0.56,83,2298,52,6155,0.03485930281394372,0.6148148148148148,0.06597774244833068,0.03733628663794063
bdpm,large,mean,0.48,114,2931,45,5496,0.0374384236453202,0.7169811320754716,0.07116104868913857,0.0372740016534274
bdpm,all,max,0.48,130,3337,31,5090,0.037496394577444477,0.8074534161490683,0.07166482910694598,0.0371662091236311
t_test,all,mean,1.8,154,3969,7,4456,0.03735144312393888,0.9565217391304348,0.0718954248366013,0.03714254011965309
bdpm,large,p90,0.48,126,3255,33,5172,0.037267080745341616,0.7924528301886793,0.0711864406779661,0.037126216119480894
bdpm,all,p75,0.68,37,892,124,7535,0.03982777179763186,0.22981366459627328,0.06788990825688074,0.037120071968184544
bdpm,strict,mean,0.56,71,1968,64,6485,0.03482099068170672,0.5259259259259259,0.06531738730450783,0.03691909759179217
bdpm,large,p90,0.76,16,345,143,8082,0.0443213296398892,0.10062893081761007,0.06153846153846155,0.03677169383726928
t_test,large,mean,1.8,152,3969,7,4456,0.0368842513952924,0.9559748427672956,0.07102803738317756,0.036666472663867085
bdpm,large,max,0.48,128,3337,31,5090,0.03694083694083694,0.8050314465408805,0.0706401766004415,0.03652140745685104
bdpm,all,p90,0.76,16,345,145,8082,0.0443213296398892,0.09937888198757763,0.06130268199233717,0.036314429176856095
bdpm,strict,mean,0.64,41,1117,94,7336,0.03540587219343696,0.3037037037037037,0.0634184068058778,0.03628332491940107
t_test,strict,max,1.9,128,3646,7,4805,0.03391626921038686,0.9481481481481482,0.06548989511383987,0.03622932295270479
bdpm,strict,max,0.52,100,2853,35,5600,0.033863867253640365,0.7407407407407407,0.06476683937823834,0.035777718391657956
bdpm,strict,max,0.54,91,2596,44,5857,0.03386676590993673,0.674074074074074,0.06449326718639263,0.03562447835685515
bdpm,strict,p90,0.52,97,2773,38,5680,0.033797909407665506,0.7185185185185186,0.06455906821963395,0.03560125343359945
bdpm,strict,mean,0.52,85,2423,50,6030,0.033891547049441785,0.6296296296296297,0.06432084752175558,0.0355480087938182
bdpm,strict,p90,0.54,88,2518,47,5935,0.03376822716807368,0.6518518518518519,0.06421014228383802,0.035376812350696986
bdpm,strict,p75,0.52,92,2642,43,5811,0.033650329188002925,0.6814814814814815,0.06413384454513768,0.03522946017855846
bdpm,strict,p90,0.7,30,813,105,7640,0.03558718861209965,0.2222222222222222,0.06134969325153375,0.03520426107764973
bdpm,strict,mean,0.54,76,2174,59,6279,0.033777777777777775,0.562962962962963,0.06373165618448635,0.03511346986749119
t_test,large,p75,5.5,3,3,156,8422,0.5,0.018867924528301886,0.03636363636363636,0.03506375614018305
t_test,large,p75,5.6,3,3,156,8422,0.5,0.018867924528301886,0.03636363636363636,0.03506375614018305
bdpm,strict,p75,0.54,83,2398,52,6055,0.03345425231761386,0.6148148148148148,0.06345565749235473,0.034672705112207346
t_test,all,p75,5.5,3,3,158,8422,0.5,0.018633540372670808,0.03592814371257485,0.03462739100375142
t_test,all,p75,5.6,3,3,158,8422,0.5,0.018633540372670808,0.03592814371257485,0.03462739100375142
bdpm,large,max,0.78,12,251,147,8176,0.045627376425855515,0.07547169811320754,0.05687203791469194,0.03458808732369178
bdpm,strict,p75,0.66,39,1094,96,7359,0.03442188879082083,0.28888888888888886,0.06151419558359622,0.03438824740822614
bdpm,all,p75,0.46,128,3422,33,5005,0.036056338028169016,0.7950310559006211,0.06898410132039882,0.03434858916115607
bdpm,strict,mean,0.5,92,2685,43,5768,0.03312927619733525,0.6814814814814815,0.06318681318681318,0.034231430792038074
bdpm,all,max,0.78,12,251,149,8176,0.045627376425855515,0.07453416149068323,0.05660377358490567,0.03414078399021905
bdpm,all,p90,0.46,131,3516,30,4911,0.03591993419248698,0.8136645962732919,0.06880252100840337,0.03411874297665281
bdpm,strict,max,0.72,26,713,109,7740,0.035182679296346414,0.1925925925925926,0.059496567505720827,0.033812357470496705
bdpm,large,p75,0.46,126,3422,33,5005,0.03551296505073281,0.7924528301886793,0.06797949824656056,0.03372660320485569
bdpm,strict,p75,0.5,98,2891,37,5562,0.03278688524590164,0.725925925925926,0.06274007682458387,0.033672353137255855
bdpm,strict,p90,0.5,102,3019,33,5434,0.03268183274591477,0.7555555555555555,0.06265356265356264,0.03352827289877421
bdpm,large,p90,0.46,129,3516,30,4911,0.03539094650205761,0.8113207547169812,0.06782334384858044,0.03352412101390027
bdpm,strict,max,0.74,20,536,115,7917,0.03597122302158273,0.14814814814814814,0.05788712011577424,0.03343598098817008
bdpm,large,p75,0.72,23,568,136,7859,0.038917089678511,0.14465408805031446,0.06133333333333333,0.03311460399816802
bdpm,large,p75,0.7,29,737,130,7690,0.037859007832898174,0.18238993710691823,0.06270270270270271,0.03304556156801233
t_test,all,p75,1.8,155,4241,6,4184,0.03525932666060055,0.9627329192546584,0.06802721088435375,0.03304477831204742
bdpm,large,p90,0.74,20,486,139,7941,0.039525691699604744,0.12578616352201258,0.06015037593984963,0.03289586795804733
bdpm,all,max,0.46,131,3591,30,4836,0.03519613111230521,0.8136645962732919,0.06747360288436775,0.03270960710099839
bdpm,all,p75,0.72,23,568,138,7859,0.038917089678511,0.14285714285714285,0.06117021276595746,0.03266594063633078
t_test,large,p75,1.8,153,4241,6,4184,0.03482020937642239,0.9622641509433962,0.06720843399956072,0.032622806659084895
bdpm,all,p75,0.7,29,737,132,7690,0.037859007832898174,0.18012422360248448,0.06256742179072276,0.0325950453332605
bdpm,all,p90,0.74,20,486,141,7941,0.039525691699604744,0.12422360248447205,0.059970014992503755,0.03244913448849727
bdpm,all,mean,0.46,118,3243,43,5184,0.03510859863135971,0.7329192546583851,0.06700738216922203,0.03238593897127828
bdpm,strict,max,0.5,102,3080,33,5373,0.03205531112507857,0.7555555555555555,0.06150135664757311,0.03231634730571879
bdpm,large,max,0.46,129,3591,30,4836,0.03467741935483871,0.8113207547169812,0.06651198762567671,0.03213447774048888
bdpm,strict,p75,0.48,104,3171,31,5282,0.0317557251908397,0.7703703703703704,0.06099706744868036,0.031761536546643244
bdpm,large,mean,0.46,116,3243,43,5184,0.03453408752604942,0.7295597484276729,0.06594656054576463,0.03170462854835373
bdpm,all,p75,0.44,133,3706,28,4721,0.03464443865589997,0.8260869565217391,0.0665,0.03165403434404589
bdpm,strict,p90,0.72,23,650,112,7803,0.03417533432392273,0.17037037037037037,0.056930693069306926,0.03157104647146636
bdpm,strict,mean,0.48,96,2951,39,5502,0.03150639973744667,0.7111111111111111,0.06033940917661849,0.03117249614270514
bdpm,large,p75,0.44,131,3706,28,4721,0.03414125618973156,0.8238993710691824,0.06556556556556557,0.031108548363846095
t_test,strict,mean,1.8,129,3994,6,4457,0.03128789716226049,0.9555555555555556,0.0605918271488962,0.03108894329280482
bdpm,all,p90,0.44,135,3810,26,4617,0.034220532319391636,0.8385093167701864,0.06575742815392109,0.030844576015124334
t_test,all,p90,1.8,156,4430,5,3995,0.0340165721761884,0.968944099378882,0.06572572150832104,0.03060356075003078
bdpm,all,max,0.44,137,3889,24,4538,0.034028812717337306,0.8509316770186336,0.06544064962980654,0.030487354530595194
bdpm,strict,p90,0.48,105,3278,30,5175,0.031037540644398464,0.7777777777777778,0.05969300739056282,0.03037867210864044
bdpm,large,p90,0.78,10,219,149,8208,0.043668122270742356,0.06289308176100629,0.05154639175257732,0.030350346442862473
bdpm,large,p90,0.44,133,3810,26,4617,0.03373066193253867,0.8364779874213837,0.06484641638225255,0.030324592036400977
t_test,large,p90,1.8,154,4430,5,3995,0.033595113438045374,0.9685534591194969,0.06493780307822053,0.03021586399091093
bdpm,strict,max,0.48,107,3360,28,5093,0.030862417075281222,0.7925925925925926,0.059411438089950024,0.03006018490769645
bdpm,large,max,0.44,135,3889,24,4538,0.03354870775347912,0.8490566037735849,0.06454697585464977,0.029986136232176733
bdpm,all,mean,0.44,123,3514,38,4913,0.03381908166070938,0.7639751552795031,0.06477093206951028,0.029941191454205
bdpm,all,p90,0.78,10,219,151,8208,0.043668122270742356,0.062111801242236024,0.05128205128205128,0.029925063698601886
bdpm,all,mean,0.42,132,3779,29,4648,0.033750958834057786,0.8198757763975155,0.06483300589390963,0.029897961478086196
t_test,all,max,1.8,158,4541,3,3884,0.03362417535645882,0.9813664596273292,0.06502057613168724,0.029842136550344636
bdpm,strict,p75,0.68,30,899,105,7554,0.03229278794402583,0.2222222222222222,0.05639097744360902,0.02975761134320464
t_test,large,max,1.8,156,4541,3,3884,0.03321268895039387,0.9811320754716981,0.06425041186161451,0.029473859063059604
bdpm,large,mean,0.42,130,3779,29,4648,0.0332565873624968,0.8176100628930818,0.063913470993117,0.029369282619162357
bdpm,large,mean,0.44,121,3514,38,4913,0.03328748280605227,0.7610062893081762,0.06378492356352135,0.029341214335597103
bdpm,all,p75,0.42,136,3957,25,4470,0.033227461519667725,0.84472049689441,0.06393982134461683,0.028907518487789295
bdpm,large,p75,0.42,134,3957,25,4470,0.032754827670496214,0.8427672955974843,0.06305882352941178,0.028420643598803835
bdpm,all,max,0.42,141,4159,20,4268,0.032790697674418605,0.8757763975155279,0.06321452589105582,0.028088686954842165
bdpm,large,p90,0.8,6,112,153,8315,0.05084745762711865,0.03773584905660377,0.043321299638989175,0.02798532808042428
t_test,strict,max,5.8,2,2,133,8449,0.5,0.014814814814814815,0.02877697841726619,0.027897287260540204
t_test,strict,p75,5.7,2,2,133,8449,0.5,0.014814814814814815,0.02877697841726619,0.027897287260540204
bdpm,large,mean,0.7,22,598,137,7829,0.035483870967741936,0.13836477987421383,0.05648267008985879,0.02782540537892571
t_test,strict,p75,1.8,130,4266,5,4185,0.029572338489535943,0.9629629629629629,0.057382476274553076,0.027718559264885582
bdpm,all,mean,0.4,134,3976,27,4451,0.03260340632603406,0.8322981366459627,0.06274877077967689,0.027666195043727554
bdpm,large,max,0.42,139,4159,20,4268,0.03234062354583527,0.8742138364779874,0.06237379403186,0.02764540119440537
bdpm,all,p90,0.42,137,4068,24,4359,0.03258026159334126,0.8509316770186336,0.06275767292716444,0.027644407360265147
bdpm,strict,p90,0.46,108,3539,27,4914,0.029613380860981628,0.8,0.05711263881544156,0.027633418580386315
bdpm,all,p90,0.8,6,112,155,8315,0.05084745762711865,0.037267080745341616,0.043010752688172046,0.02759052371954051
bdpm,strict,p75,0.46,105,3445,30,5008,0.029577464788732393,0.7777777777777778,0.05698778833107191,0.0275342899634651
t_test,strict,mean,5.3,2,3,133,8448,0.4,0.014814814814814815,0.02857142857142857,0.0274791994603164
bdpm,all,mean,0.7,22,598,139,7829,0.035483870967741936,0.13664596273291926,0.056338028169014086,0.027388334971419754
bdpm,large,mean,0.4,132,3976,27,4451,0.03213242453748783,0.8301886792452831,0.06187016639325053,0.027182473605097932
bdpm,large,p90,0.42,135,4068,24,4359,0.032119914346895075,0.8490566037735849,0.061898211829436035,0.02718123464616833
bdpm,large,mean,0.66,33,951,126,7476,0.03353658536585366,0.20754716981132076,0.05774278215223098,0.026709508986846636
bdpm,strict,mean,0.46,98,3263,37,5190,0.02915798869384112,0.725925925925926,0.05606407322654462,0.02664422507651944
bdpm,strict,max,0.46,108,3614,27,4839,0.029016657710908115,0.8,0.05600207415089448,0.02646622358072706
bdpm,all,p90,0.4,141,4280,20,4147,0.031893236824247904,0.8757763975155279,0.06154517677869925,0.02632064510620937
bdpm,all,mean,0.66,33,951,128,7476,0.03353658536585366,0.20496894409937888,0.05764192139737991,0.02626620200974877
bdpm,all,max,0.4,142,4320,19,4107,0.03182429403854774,0.8819875776397516,0.06143197058187325,0.026191384628893543
bdpm,strict,max,0.8,6,143,129,8310,0.040268456375838924,0.044444444444444446,0.04225352112676056,0.02619101019609442
bdpm,large,mean,0.68,27,777,132,7650,0.033582089552238806,0.16981132075471697,0.05607476635514018,0.025955470889390642
bdpm,large,p90,0.4,139,4280,20,4147,0.0314550803349174,0.8742138364779874,0.06072520751419835,0.025900475723023553
bdpm,all,p75,0.4,137,4186,24,4241,0.031690955355077495,0.8509316770186336,0.061106155218554864,0.025894245769263215
bdpm,large,max,0.4,140,4320,19,4107,0.03139013452914798,0.8805031446540881,0.06061918164104785,0.02577898264492357
bdpm,strict,p75,0.44,110,3729,25,4724,0.02865329512893983,0.8148148148148148,0.055359838953195774,0.025771343817702925
t_test,strict,p90,1.8,131,4455,4,3996,0.028565198430004362,0.9703703703703703,0.05549671679728871,0.025735561879817327
bdpm,all,mean,0.68,27,777,134,7650,0.033582089552238806,0.16770186335403728,0.05595854922279792,0.025516993642175245
bdpm,large,p75,0.4,135,4186,24,4241,0.031242767877806065,0.8490566037735849,0.060267857142857144,0.025454607806994246
bdpm,strict,p90,0.44,112,3833,23,4620,0.028390367553865654,0.8296296296296296,0.05490196078431373,0.025271230347775876
bdpm,strict,max,0.44,114,3912,21,4541,0.028315946348733235,0.8444444444444444,0.05479452054794521,0.025140061455253663
bdpm,large,p75,0.74,15,410,144,8017,0.03529411764705882,0.09433962264150944,0.05136986301369863,0.025092876230201906
bdpm,large,mean,0.72,16,442,143,7985,0.034934497816593885,0.10062893081761007,0.05186385737439222,0.025060181470278036
bdpm,strict,max,0.76,13,395,122,8058,0.031862745098039214,0.0962962962962963,0.04788213627992633,0.024846237440491425
t_test,strict,max,1.8,132,4567,3,3884,0.028091083209193447,0.9777777777777777,0.0546131568059578,0.02480301592648596
bdpm,all,p75,0.74,15,410,146,8017,0.03529411764705882,0.09316770186335403,0.051194539249146756,0.024672581223019314
bdpm,all,max,0.38,147,4589,14,3838,0.03103885135135135,0.9130434782608695,0.06003675719828466,0.02466985064362975
bdpm,all,mean,0.72,16,442,145,7985,0.034934497816593885,0.09937888198757763,0.05169628432956381,0.024637728267565533
bdpm,strict,p75,0.72,18,573,117,7880,0.030456852791878174,0.13333333333333333,0.049586776859504134,0.024623896230617722
bdpm,all,mean,0.38,136,4248,25,4179,0.03102189781021898,0.84472049689441,0.05984598459845984,0.024568528717561895
bdpm,strict,mean,0.44,102,3535,33,4918,0.028045092108880947,0.7555555555555555,0.05408271474019088,0.024511757405924463
bdpm,all,p90,0.38,144,4508,17,3919,0.030954428202923472,0.8944099378881988,0.05983793891543735,0.02448532863407811
bdpm,large,max,0.38,145,4589,14,3838,0.030629488804393746,0.9119496855345912,0.0592683425301451,0.024305800890270565
bdpm,strict,mean,0.42,109,3802,26,4651,0.02787010994630529,0.8074074074074075,0.05388037567968364,0.02422641388916089
bdpm,large,mean,0.38,134,4248,25,4179,0.03057964399817435,0.8427672955974843,0.05901783748073111,0.024140410234721812
bdpm,large,p90,0.38,142,4508,17,3919,0.03053763440860215,0.8930817610062893,0.05905593678519443,0.024106779133018754
bdpm,large,p75,0.76,11,293,148,8134,0.03618421052631579,0.06918238993710692,0.047516198704103674,0.023776338443881707
bdpm,strict,p75,0.42,113,3980,22,4473,0.02760811140972392,0.837037037037037,0.05345316934720908,0.023740351997051393
t_test,large,max,5.8,2,2,157,8423,0.5,0.012578616352201259,0.024539877300613498,0.023652283392466007
t_test,large,p75,5.7,2,2,157,8423,0.5,0.012578616352201259,0.024539877300613498,0.023652283392466007
t_test,all,mean,1.7,157,4993,4,3432,0.030485436893203884,0.9751552795031055,0.05912257578610431,0.023615340112611273
bdpm,all,p75,0.38,139,4417,22,4010,0.030509218612818263,0.8633540372670807,0.05893576425694297,0.023575091021173732
bdpm,strict,max,0.42,118,4182,17,4271,0.02744186046511628,0.8740740740740741,0.0532130777903044,0.023445531941858916
bdpm,all,p75,0.76,11,293,150,8134,0.03618421052631579,0.06832298136645963,0.047311827956989246,0.023372417425912104
t_test,all,max,5.8,2,2,159,8423,0.5,0.012422360248447204,0.02424242424242424,0.02335449575456198
t_test,all,p75,5.7,2,2,159,8423,0.5,0.012422360248447204,0.02424242424242424,0.02335449575456198
t_test,large,mean,1.7,155,4993,4,3432,0.030108780108780108,0.9748427672955975,0.05841341624269833,0.023315514762163515
t_test,large,mean,5.3,2,3,157,8422,0.4,0.012578616352201259,0.024390243902439025,0.023287104266442392
bdpm,large,p75,0.38,137,4417,22,4010,0.030083443126921388,0.8616352201257862,0.05813706768512625,0.023179050832538624
t_test,all,mean,5.3,2,3,159,8422,0.4,0.012422360248447204,0.024096385542168672,0.022992752513579944
bdpm,all,p90,0.36,147,4729,14,3698,0.03014766201804758,0.9130434782608695,0.05836807623585468,0.022903647033977608
bdpm,strict,p90,0.42,114,4091,21,4362,0.027110582639714626,0.8444444444444444,0.052534562211981564,0.022766798287717993
bdpm,strict,p75,0.7,22,744,113,7709,0.028720626631853787,0.16296296296296298,0.048834628190899,0.02271314922597035
bdpm,large,p90,0.36,145,4729,14,3698,0.029749692244562986,0.9119496855345912,0.057619709914563874,0.02256195760855464
bdpm,strict,mean,0.4,111,3999,24,4454,0.027007299270072994,0.8222222222222222,0.05229681978798587,0.022543650887955388
bdpm,strict,p90,0.74,15,491,120,7962,0.029644268774703556,0.1111111111111111,0.04680187207488299,0.022543499901645326
bdpm,all,mean,0.36,138,4464,23,3963,0.02998696219035202,0.8571428571428571,0.05794667226537896,0.02253629879156223
bdpm,all,max,0.36,147,4763,14,3664,0.029938900203665988,0.9130434782608695,0.057976730427923485,0.022489411640019125
bdpm,large,max,0.36,145,4763,14,3664,0.02954360228198859,0.9119496855345912,0.05723307677126505,0.022152978370141387
bdpm,large,mean,0.36,136,4464,23,3963,0.029565217391304348,0.8553459119496856,0.05715486446732507,0.022148143962935806
bdpm,all,p75,0.36,142,4631,19,3796,0.029750680913471612,0.8819875776397516,0.05755978921767329,0.022090304686376128
bdpm,strict,p90,0.76,11,350,124,8103,0.030470914127423823,0.08148148148148149,0.044354838709677415,0.02197551378148647
bdpm,strict,p90,0.4,118,4303,17,4150,0.026690793938023073,0.8740740740740741,0.05179982440737489,0.021962205302797935
bdpm,large,p75,0.36,140,4631,19,3796,0.02934395304967512,0.8805031446540881,0.05679513184584179,0.02173150795938877
bdpm,strict,max,0.4,118,4344,17,4109,0.026445540116539667,0.8740740740740741,0.05133782901892539,0.021477285957134454
bdpm,strict,p75,0.4,114,4209,21,4244,0.0263705759888966,0.8444444444444444,0.05114401076716016,0.021306428072519028
t_test,all,p75,1.7,158,5243,3,3182,0.029253841881133124,0.9813664596273292,0.0568140956490471,0.02116762766859774
t_test,large,p75,1.7,156,5243,3,3182,0.028894239674013705,0.9811320754716981,0.056135300467794164,0.020901576522857235
bdpm,all,p75,0.34,146,4864,15,3563,0.029141716566866267,0.906832298136646,0.05646876812995552,0.02090125352001044
bdpm,all,p90,0.34,148,4941,13,3486,0.029082334446846138,0.9192546583850931,0.05638095238095238,0.020792277873341994
bdpm,all,mean,0.34,140,4684,21,3743,0.02902155887230514,0.8695652173913043,0.056168505516549644,0.020633938965121182
bdpm,all,max,0.34,149,4993,12,3434,0.028977051730844028,0.9254658385093167,0.056194606826324725,0.020587224664383768
bdpm,large,p75,0.34,144,4864,15,3563,0.02875399361022364,0.9056603773584906,0.05573833946197019,0.020579772641095673
bdpm,large,p90,0.34,146,4941,13,3486,0.028700609396500886,0.9182389937106918,0.05566145634769348,0.020482589432829233
bdpm,large,max,0.34,147,4993,12,3434,0.028599221789883267,0.9245283018867925,0.05548216644649934,0.020285210935744206
bdpm,large,mean,0.34,138,4684,21,3743,0.02861883036084612,0.8679245283018868,0.05541056012848826,0.020283037057031484
bdpm,strict,max,0.38,122,4614,13,3839,0.025760135135135136,0.9037037037037037,0.050092383494149045,0.02014014696858682
bdpm,strict,max,0.78,8,255,127,8198,0.030418250950570342,0.05925925925925926,0.04020100502512563,0.019837980958551986
bdpm,strict,p90,0.38,119,4533,16,3920,0.025580395528804815,0.8814814814814815,0.04971798621265928,0.019769404453917054
t_test,all,p90,1.7,158,5383,3,3042,0.02851470853636528,0.9813664596273292,0.05541915117502631,0.01969284659055147
bdpm,strict,mean,0.38,112,4272,23,4181,0.025547445255474453,0.8296296296296296,0.049568488603673376,0.019668367393043
t_test,strict,mean,1.7,131,5019,4,3432,0.025436893203883496,0.9703703703703703,0.04957426679280984,0.019529442094860332
bdpm,large,p75,0.8,4,84,155,8343,0.045454545454545456,0.025157232704402517,0.032388663967611336,0.019449931621336247
t_test,large,p90,1.7,156,5383,3,3042,0.028163928506950712,0.9811320754716981,0.054756054756054745,0.01944435902009392
bdpm,all,p75,0.32,150,5136,11,3291,0.028376844494892167,0.9316770186335404,0.05507618872774004,0.01939598831716862
bdpm,strict,mean,0.66,26,958,109,7495,0.026422764227642278,0.1925925925925926,0.046470062555853446,0.019358984072843925
bdpm,all,mean,0.32,145,4984,16,3443,0.0282706180542016,0.9006211180124224,0.054820415879017016,0.019164036294859365
bdpm,all,p75,0.8,4,84,157,8343,0.045454545454545456,0.024844720496894408,0.0321285140562249,0.019131064473508545
bdpm,large,p75,0.32,148,5136,11,3291,0.028009084027252083,0.9308176100628931,0.05438177475656807,0.01911389992729935
bdpm,strict,p75,0.38,115,4441,20,4012,0.0252414398595259,0.8518518518518519,0.04903005755702409,0.019078154785612977
bdpm,strict,p90,0.78,7,222,128,8231,0.03056768558951965,0.05185185185185185,0.03846153846153846,0.01905944843061804
bdpm,all,p90,0.32,151,5219,10,3208,0.028119180633147115,0.937888198757764,0.05460133791357802,0.018886070612959768
bdpm,large,mean,0.32,143,4984,16,3443,0.0278915545153111,0.89937106918239,0.0541051835035944,0.0188596969366618
t_test,all,max,1.7,158,5477,3,2948,0.02803904170363798,0.9813664596273292,0.05452035886818496,0.018742570644337594
bdpm,strict,p90,0.36,122,4754,13,3699,0.02502050861361772,0.9037037037037037,0.04869287567351826,0.01867186756165472
bdpm,large,p90,0.32,149,5219,10,3208,0.027757078986587184,0.9371069182389937,0.053917134069115254,0.018615191052474212
bdpm,all,max,0.32,152,5287,9,3140,0.027946313660599374,0.9440993788819876,0.05428571428571428,0.018544826464398718
t_test,large,max,1.7,156,5477,3,2948,0.0276939463873602,0.9811320754716981,0.05386740331491713,0.018505428458483585
bdpm,strict,max,0.36,122,4788,13,3665,0.02484725050916497,0.9037037037037037,0.04836471754212091,0.018327573120105436
bdpm,large,max,0.32,150,5287,9,3140,0.027588743792532646,0.9433962264150944,0.05360972122944961,0.018282928838694177
bdpm,strict,mean,0.36,114,4488,21,3965,0.024771838331160364,0.8444444444444444,0.048131728942368585,0.018142633896514476
bdpm,strict,p75,0.36,118,4655,17,3798,0.024722396815420072,0.8740740740740741,0.04808475957620212,0.018062565670498982
bdpm,all,mean,0.3,148,5199,13,3228,0.02767907237703385,0.9192546583850931,0.05374001452432825,0.017996852633895204
bdpm,all,p75,0.3,152,5360,9,3067,0.027576197387518143,0.9440993788819876,0.053587167283624185,0.017805740607171754
bdpm,large,mean,0.3,146,5199,13,3228,0.027315247895229187,0.9182389937106918,0.053052325581395346,0.01772264995148782
bdpm,large,p75,0.3,150,5360,9,3067,0.02722323049001815,0.9433962264150944,0.05291938613512083,0.01755301484890181
t_test,strict,p75,1.7,132,5269,3,3182,0.024439918533604887,0.9777777777777777,0.0476878612716763,0.017546491580708
bdpm,strict,p90,0.8,4,114,131,8339,0.03389830508474576,0.02962962962962963,0.03162055335968379,0.01720955260021137
bdpm,all,p90,0.3,152,5428,9,2999,0.02724014336917563,0.9440993788819876,0.052952447308831224,0.01713416740641817
bdpm,strict,mean,0.7,16,604,119,7849,0.025806451612903226,0.11851851851851852,0.0423841059602649,0.01700551251159555
bdpm,strict,p90,0.34,123,4966,12,3487,0.02416977795244645,0.9111111111111111,0.047090352220520666,0.016983752605962892
bdpm,strict,p75,0.34,121,4889,14,3564,0.024151696606786427,0.8962962962962963,0.047035957240038874,0.01694029028384031
bdpm,large,p90,0.3,150,5428,9,2999,0.026891358910003587,0.9433962264150944,0.05229213874847481,0.016889787772650787
bdpm,strict,mean,0.34,116,4708,19,3745,0.02404643449419569,0.8592592592592593,0.046783625730994156,0.016711374952489387
bdpm,all,max,0.3,152,5481,9,2946,0.026983845197940705,0.9440993788819876,0.05246807041767345,0.0166216547169439
bdpm,strict,mean,0.72,12,446,123,8007,0.026200873362445413,0.08888888888888889,0.04047217537942664,0.016593198181374703
bdpm,strict,max,0.34,123,5019,12,3434,0.023920653442240373,0.9111111111111111,0.046617396247868106,0.016487574838604385
bdpm,large,max,0.3,150,5481,9,2946,0.02663825253063399,0.9433962264150944,0.05181347150259067,0.016383652180837288
t_test,strict,p90,1.7,132,5409,3,3042,0.023822414726583648,0.9777777777777777,0.046511627906976744,0.016313834694248432
bdpm,strict,mean,0.68,20,784,115,7669,0.024875621890547265,0.14814814814814814,0.04259850905218318,0.01611305748961626
bdpm,strict,p75,0.32,125,5161,10,3292,0.02364737041241014,0.9259259259259259,0.04611695259177274,0.01594962702806101
bdpm,large,p75,0.78,6,175,153,8252,0.03314917127071823,0.03773584905660377,0.03529411764705882,0.015890654517170654
bdpm,all,mean,0.28,149,5456,12,2971,0.026583407671721678,0.9254658385093167,0.051682275407561575,0.01581129974729623
bdpm,large,mean,0.28,147,5456,12,2971,0.02623594502944851,0.9245283018867925,0.05102395001735509,0.015569676804182161
bdpm,all,p75,0.78,6,175,155,8252,0.03314917127071823,0.037267080745341616,0.03508771929824561,0.015552932561812323
t_test,strict,max,1.7,132,5503,3,2948,0.023425022182786158,0.9777777777777777,0.04575389948006932,0.015519732810048719
bdpm,all,p75,0.28,152,5606,9,2821,0.026398054880166725,0.9440993788819876,0.051360027031593175,0.015449210401276446
bdpm,strict,mean,0.32,120,5009,15,3444,0.023396373562097873,0.8888888888888888,0.045592705167173245,0.015432517825015524
bdpm,all,p90,0.28,154,5690,7,2737,0.026351813826146476,0.9565217391304348,0.051290591174021655,0.015362220163378874
bdpm,all,max,0.28,155,5736,6,2691,0.02631132235613648,0.9627329192546584,0.05122273628552544,0.015283816896128245
bdpm,large,p75,0.28,150,5606,9,2821,0.026059763724808897,0.9433962264150944,0.050718512256973804,0.01522582153830165
bdpm,strict,p90,0.32,125,5245,10,3208,0.023277467411545624,0.9259259259259259,0.04541326067211626,0.015211543228626504
bdpm,large,p90,0.28,152,5690,7,2737,0.026018486819582336,0.9559748427672956,0.05065822362939511,0.015148701859973728
bdpm,large,max,0.28,153,5736,6,2691,0.02598064187468161,0.9622641509433962,0.050595238095238096,0.01507556843088292
bdpm,strict,p75,0.76,8,296,127,8157,0.02631578947368421,0.05925925925925926,0.03644646924829157,0.015001957673052435
bdpm,strict,max,0.32,126,5313,9,3140,0.023166023166023165,0.9333333333333333,0.04520990312163616,0.014992053400938858
bdpm,strict,p75,0.8,3,85,132,8368,0.03409090909090909,0.022222222222222223,0.026905829596412554,0.014681467977606864
bdpm,strict,mean,0.3,123,5224,12,3229,0.023003553394426782,0.9111111111111111,0.04487413352790952,0.014658647043327382
bdpm,strict,p75,0.3,126,5386,9,3067,0.022859216255442672,0.9333333333333333,0.04462546484859217,0.01437910954932196
bdpm,all,max,0.26,157,5924,4,2503,0.025818122019404702,0.9751552795031055,0.050304389618711955,0.014299623216400034
bdpm,all,mean,0.26,150,5659,11,2768,0.025822000344293338,0.9316770186335404,0.05025125628140704,0.014289554088228094
bdpm,large,max,0.26,155,5924,4,2503,0.025497614739266327,0.9748427672955975,0.049695415197178586,0.014111748292238139
bdpm,all,p75,0.26,153,5797,8,2630,0.025714285714285714,0.9503105590062112,0.050073637702503684,0.014081337250427905
bdpm,large,mean,0.26,148,5659,11,2768,0.025486481832271396,0.9308176100628931,0.0496144820650352,0.014071808082434346
bdpm,large,p75,0.26,151,5797,8,2630,0.0253866845998655,0.949685534591195,0.04945144915670542,0.013879364040744548
bdpm,strict,p90,0.3,126,5454,9,2999,0.02258064516129032,0.9333333333333333,0.04409448818897637,0.013822224071979099
t_test,strict,mean,5.6,1,2,134,8449,0.3333333333333333,0.007407407407407408,0.014492753623188406,0.013818579833092405
t_test,strict,max,5.9,1,2,134,8449,0.3333333333333333,0.007407407407407408,0.014492753623188406,0.013818579833092405
t_test,strict,p75,5.8,1,2,134,8449,0.3333333333333333,0.007407407407407408,0.014492753623188406,0.013818579833092405
t_test,strict,p90,5.8,1,2,134,8449,0.3333333333333333,0.007407407407407408,0.014492753623188406,0.013818579833092405
bdpm,all,p90,0.26,154,5875,7,2552,0.025543207828827335,0.9565217391304348,0.04975767366720517,0.013740496527203858
t_test,all,mean,1.6,159,6078,2,2347,0.025493025493025494,0.9875776397515528,0.049703032197561746,0.013642610737166203
bdpm,large,p90,0.26,152,5875,7,2552,0.025219844035175045,0.9559748427672956,0.049143226640801806,0.013547004565359127
t_test,strict,mean,5.4,1,3,134,8448,0.25,0.007407407407407408,0.014388489208633094,0.01349576559032268
t_test,strict,mean,5.5,1,3,134,8448,0.25,0.007407407407407408,0.014388489208633094,0.01349576559032268
t_test,large,mean,1.6,157,6078,2,2347,0.025180433039294306,0.9874213836477987,0.04910853925555207,0.013470711863589122
bdpm,strict,max,0.3,126,5507,9,2946,0.022368187466714005,0.9333333333333333,0.043689320388349516,0.013397279340061734
bdpm,all,mean,0.24,153,5893,8,2534,0.02530598742970559,0.9503105590062112,0.04929917834702755,0.013261887364263068
bdpm,large,mean,0.24,151,5893,8,2534,0.02498345466578425,0.949685534591195,0.048686119619538934,0.013070114038293461
bdpm,strict,mean,0.28,124,5481,11,2972,0.022123104371097234,0.9185185185185185,0.04320557491289199,0.012901866130116166
bdpm,all,max,0.24,157,6125,4,2302,0.024992040751353074,0.9751552795031055,0.04873506130684464,0.012639880787129113
bdpm,all,p90,0.24,156,6089,5,2338,0.02497998398718975,0.968944099378882,0.048704339681548546,0.012613539419541627
bdpm,large,max,0.24,155,6125,4,2302,0.024681528662420384,0.9748427672955975,0.048144121758036965,0.012472176305252068
bdpm,strict,p90,0.28,128,5716,7,2737,0.02190280629705681,0.9481481481481482,0.04281652450242515,0.012470380615768155
bdpm,strict,max,0.28,129,5762,6,2691,0.021897810218978103,0.9555555555555556,0.04281447062728178,0.012462620650685336
bdpm,all,p75,0.24,154,6029,7,2398,0.024907003072941938,0.9565217391304348,0.048549810844892814,0.012462587642542074
bdpm,large,p90,0.24,154,6089,5,2338,0.02466762774307224,0.9685534591194969,0.048109965635738834,0.012442155679997081
bdpm,strict,p75,0.28,126,5632,9,2821,0.021882598124348732,0.9333333333333333,0.04276259969455286,0.012425301334697113
bdpm,large,p75,0.24,152,6029,7,2398,0.024591490050153698,0.9559748427672956,0.04794952681388013,0.01228492293892687
bdpm,strict,p75,0.74,10,415,125,8038,0.023529411764705882,0.07407407407407407,0.03571428571428571,0.01214392069067602
t_test,all,p75,1.6,159,6269,2,2156,0.024735532047293094,0.9875776397515528,0.04826225527394142,0.01211911094325996
t_test,large,p75,1.6,157,6269,2,2156,0.024431995020230315,0.9874213836477987,0.04768413059984814,0.011965528833909155
bdpm,strict,max,0.26,131,5950,4,2503,0.021542509455681633,0.9703703703703703,0.04214929214929215,0.011754399371733969
bdpm,strict,mean,0.26,125,5684,10,2769,0.021518333620244447,0.9259259259259259,0.04205921938088829,0.011693328204116936
t_test,large,mean,5.6,1,2,158,8423,0.3333333333333333,0.006289308176100629,0.01234567901234568,0.011667652523587618
t_test,large,max,5.9,1,2,158,8423,0.3333333333333333,0.006289308176100629,0.01234567901234568,0.011667652523587618
t_test,large,p75,5.8,1,2,158,8423,0.3333333333333333,0.006289308176100629,0.01234567901234568,0.011667652523587618
t_test,large,p90,5.8,1,2,158,8423,0.3333333333333333,0.006289308176100629,0.01234567901234568,0.011667652523587618
t_test,all,mean,5.6,1,2,160,8423,0.3333333333333333,0.006211180124223602,0.012195121951219511,0.01151699406881418
t_test,all,max,5.9,1,2,160,8423,0.3333333333333333,0.006211180124223602,0.012195121951219511,0.01151699406881418
t_test,all,p75,5.8,1,2,160,8423,0.3333333333333333,0.006211180124223602,0.012195121951219511,0.01151699406881418
t_test,all,p90,5.8,1,2,160,8423,0.3333333333333333,0.006211180124223602,0.012195121951219511,0.01151699406881418
t_test,large,mean,5.4,1,3,158,8422,0.25,0.006289308176100629,0.012269938650306749,0.011371180038912673
t_test,large,mean,5.5,1,3,158,8422,0.25,0.006289308176100629,0.012269938650306749,0.011371180038912673
bdpm,strict,p75,0.26,127,5823,8,2630,0.02134453781512605,0.9407407407407408,0.04174198849630238,0.01134916492074863
t_test,strict,mean,1.6,133,6104,2,2347,0.02132435465768799,0.9851851851851852,0.04174513496547395,0.011313053546824018
t_test,all,p90,1.6,159,6384,2,2041,0.024300779458963778,0.9875776397515528,0.04743436754176611,0.011243650513623134
t_test,all,mean,5.4,1,3,160,8422,0.25,0.006211180124223602,0.01212121212121212,0.011222253465801791
t_test,all,mean,5.5,1,3,160,8422,0.25,0.006211180124223602,0.01212121212121212,0.011222253465801791
bdpm,all,mean,0.22,154,6187,7,2240,0.02428639015928087,0.9565217391304348,0.04737003998769609,0.011214339198043405
bdpm,strict,p90,0.26,128,5901,7,2552,0.021230718195388954,0.9481481481481482,0.041531473069435436,0.011122852265590908
t_test,large,p90,1.6,157,6384,2,2041,0.02400244610915762,0.9874213836477987,0.04686567164179104,0.011100619521718952
bdpm,large,mean,0.22,152,6187,7,2240,0.023978545511910396,0.9559748427672956,0.04678362573099415,0.011052174067306478
bdpm,all,p90,0.22,158,6387,3,2040,0.024140565317035904,0.9813664596273292,0.0471219803161348,0.010927870302953098
bdpm,large,p90,0.22,156,6387,3,2040,0.02384227418615314,0.9811320754716981,0.04655326768128917,0.010784870220341632
bdpm,strict,mean,0.24,127,5919,8,2534,0.021005623552762157,0.9407407407407408,0.04109367416275684,0.010669230605367518
t_test,all,max,1.6,159,6463,2,1962,0.02401087284808215,0.9875776397515528,0.04688191065900044,0.01065943205137849
bdpm,all,p75,0.22,155,6312,6,2115,0.023967836709447965,0.9627329192546584,0.04677127338563669,0.010574721698415172
bdpm,all,max,0.22,158,6435,3,1992,0.023964811163355075,0.9813664596273292,0.046787089132366004,0.010573688387303421
t_test,large,max,1.6,157,6463,2,1962,0.023716012084592144,0.9874213836477987,0.0463195161528249,0.010523452506032841
bdpm,large,max,0.22,156,6435,3,1992,0.023668639053254437,0.9811320754716981,0.04622222222222223,0.010434990521407915
bdpm,large,p75,0.22,153,6312,6,2115,0.023665893271461718,0.9622641509433962,0.04619565217391305,0.010424461808879149
bdpm,strict,max,0.24,131,6151,4,2302,0.020853231454950653,0.9703703703703703,0.04082904784167056,0.01037042329126424
bdpm,strict,p90,0.24,130,6115,5,2338,0.020816653322658127,0.9629629629629629,0.04075235109717869,0.010295207878537082
bdpm,strict,p75,0.24,128,6055,7,2398,0.020701924632055637,0.9481481481481482,0.04051915163026274,0.010061271840688437
t_test,strict,p75,1.6,133,6295,2,2156,0.020690728064716862,0.9851851851851852,0.04053024531464269,0.01003977745192942
t_test,strict,p90,1.6,133,6410,2,2041,0.020327067094604922,0.9851851851851852,0.039832285115303984,0.00930825090590007
bdpm,strict,mean,0.22,128,6213,7,2240,0.020186090521999683,0.9481481481481482,0.03953057442865966,0.009024555551890691
bdpm,strict,p90,0.22,132,6413,3,2040,0.020168067226890758,0.9777777777777777,0.03952095808383234,0.00899416895725572
bdpm,all,p75,0.2,157,6623,4,1804,0.023156342182890855,0.9751552795031055,0.04523843826537963,0.00894143204590354
bdpm,all,mean,0.2,154,6497,7,1930,0.023154412870245077,0.9565217391304348,0.04521432765707575,0.008933347816460867
t_test,strict,max,1.6,133,6489,2,1962,0.0200845665961945,0.9851851851851852,0.03936658280301909,0.008820142655051148
bdpm,large,p75,0.2,155,6623,4,1804,0.022868102685157862,0.9748427672955975,0.04468790543462592,0.00881891857457028
bdpm,large,mean,0.2,152,6497,7,1930,0.022860580538426833,0.9559748427672956,0.04465334900117509,0.008799607150315738
bdpm,all,p90,0.2,158,6692,3,1735,0.023065693430656935,0.9813664596273292,0.045072029667665096,0.008759762645719068
bdpm,strict,max,0.22,132,6461,3,1992,0.020021234642802973,0.9777777777777777,0.039239001189060645,0.008698614288147487
bdpm,large,mean,0.74,8,314,151,8113,0.024844720496894408,0.050314465408805034,0.03326403326403326,0.008685353335966704
bdpm,large,p90,0.2,156,6692,3,1735,0.0227803738317757,0.9811320754716981,0.04452690166975881,0.008643146631860084
bdpm,all,max,0.2,158,6719,3,1708,0.022975134506325434,0.9813664596273292,0.04489911906791702,0.008576877599159916
bdpm,strict,p75,0.22,129,6338,6,2115,0.019947425390443793,0.9555555555555556,0.039079066949409276,0.008545912327740681
bdpm,large,max,0.2,156,6719,3,1708,0.02269090909090909,0.9811320754716981,0.044355985214671594,0.008462492419813923
bdpm,all,mean,0.74,8,314,153,8113,0.024844720496894408,0.049689440993788817,0.03312629399585921,0.008338608220911205
bdpm,large,mean,0.8,2,60,157,8367,0.03225806451612903,0.012578616352201259,0.01809954751131222,0.0077900084673981265
t_test,all,mean,1.5,160,6952,1,1473,0.02249718785151856,0.9937888198757764,0.04399835006187267,0.00760450585124523
bdpm,all,mean,0.8,2,60,159,8367,0.03225806451612903,0.012422360248447204,0.017937219730941704,0.007591971126449575
t_test,large,mean,1.5,158,6952,1,1473,0.022222222222222223,0.9937106918238994,0.04347227954326593,0.007509031677403272
bdpm,all,mean,0.18,156,6796,5,1631,0.02243958573072497,0.968944099378882,0.043863348797975536,0.0074923998987219045
bdpm,strict,p75,0.78,4,177,131,8276,0.022099447513812154,0.02962962962962963,0.02531645569620253,0.007442574649019296
bdpm,large,mean,0.18,154,6796,5,1631,0.022158273381294964,0.9685534591194969,0.04332536221690814,0.007384063180768946
bdpm,strict,p75,0.2,131,6649,4,1804,0.019321533923303835,0.9703703703703703,0.037888647866955893,0.007287862724309914
bdpm,strict,p90,0.2,132,6718,3,1735,0.01927007299270073,0.9777777777777777,0.03779527559055118,0.007185219637247405
bdpm,strict,max,0.84,1,26,134,8427,0.037037037037037035,0.007407407407407408,0.012345679012345682,0.007143239068010416
bdpm,strict,mean,0.2,128,6523,7,1930,0.019245226281762142,0.9481481481481482,0.0377247273798998,0.007130681668295979
bdpm,all,p75,0.18,157,6909,4,1518,0.022219077271440704,0.9751552795031055,0.043448180434481815,0.007047640430315117
bdpm,strict,max,0.2,132,6745,3,1708,0.0191944161698415,0.9777777777777777,0.03764974329720479,0.00703266045221758
bdpm,all,p90,0.18,158,6962,3,1465,0.022191011235955058,0.9813664596273292,0.043400631781348724,0.006991896685781708
bdpm,large,p75,0.18,155,6909,4,1518,0.02194224235560589,0.9748427672955975,0.04291845493562232,0.006948397771830803
bdpm,large,p90,0.18,156,6962,3,1465,0.02191626861477943,0.9811320754716981,0.042874811048509,0.006896879505283537
bdpm,all,max,0.18,158,6995,3,1432,0.02208863413952188,0.9813664596273292,0.04320481268799563,0.006784767832470741
t_test,all,p75,1.5,160,7094,1,1331,0.022056796250344637,0.9937888198757764,0.04315576534052596,0.006713452056812799
bdpm,large,max,0.18,156,6995,3,1432,0.021815130750943924,0.9811320754716981,0.0426812585499316,0.006692286259521929
t_test,large,p75,1.5,158,7094,1,1331,0.021787093215664643,0.9937106918238994,0.042639319929834024,0.006628751303541802
t_test,all,p90,1.5,161,7175,0,1250,0.02194656488549618,1.0,0.04295051353874883,0.0064911973719118075
t_test,large,p90,1.5,159,7175,0,1250,0.021679847286610307,1.0,0.04243961030294942,0.006412562492236291
t_test,strict,mean,1.5,134,6978,1,1473,0.018841394825646795,0.9925925925925926,0.036980819649510145,0.006314961856806579
bdpm,all,mean,0.16,157,7036,4,1391,0.02182677603225358,0.9751552795031055,0.042697851509382656,0.006253878410202622
t_test,all,max,1.5,161,7228,0,1197,0.02178914602787928,1.0,0.04264900662251656,0.006172371539120705
bdpm,large,mean,0.16,155,7036,4,1391,0.02155472117925184,0.9748427672955975,0.04217687074829932,0.006164415792198037
bdpm,all,p75,0.16,159,7149,2,1278,0.02175697865353038,0.9875776397515528,0.042575980720310616,0.006114328465127537
t_test,large,max,1.5,159,7228,0,1197,0.021524299444970894,1.0,0.0421415319374503,0.0060975752364430405
bdpm,large,p75,0.16,157,7149,2,1278,0.021489186969614014,0.9874213836477987,0.04206296048225049,0.006033493093915543
bdpm,strict,mean,0.18,130,6822,5,1631,0.018699654775604143,0.9629629629629629,0.036686891491463244,0.0060326060458023535
bdpm,all,p90,0.16,159,7185,2,1242,0.02165032679738562,0.9875776397515528,0.04237175216522319,0.005898321503168092
bdpm,large,p90,0.16,157,7185,2,1242,0.021383819122854808,0.9874213836477987,0.04186108518864151,0.005820119373927248
bdpm,strict,p75,0.82,1,32,134,8421,0.030303030303030304,0.007407407407407408,0.011904761904761906,0.005764802207175109
bdpm,strict,p90,0.18,132,6988,3,1465,0.01853932584269663,0.9777777777777777,0.03638869745003446,0.005710695331873554
bdpm,strict,p75,0.18,131,6935,4,1518,0.018539484857061986,0.9703703703703703,0.036383835578391886,0.00571017950835819
bdpm,all,max,0.16,159,7223,2,1204,0.02153887835274993,0.9875776397515528,0.04215829245658226,0.005672549144037701
bdpm,large,max,0.16,157,7223,2,1204,0.02127371273712737,0.9874213836477987,0.041650086218331335,0.0055971005184199596
t_test,strict,p75,1.5,134,7120,1,1331,0.018472566859663635,0.9925925925925926,0.03627013127622141,0.005570091192457919
bdpm,strict,max,0.18,132,7021,3,1432,0.01845379561023347,0.9777777777777777,0.03622392974753019,0.005537963858175814
t_test,strict,p90,1.5,135,7201,0,1250,0.018402399127589966,1.0,0.03613974032927319,0.005429074998545058
bdpm,large,max,0.84,1,26,158,8401,0.037037037037037035,0.006289308176100629,0.010752688172043012,0.005405405405404068
bdpm,all,max,0.84,1,26,160,8401,0.037037037037037035,0.006211180124223602,0.010638297872340425,0.005281937914500133
t_test,strict,max,1.5,135,7254,0,1197,0.018270401948842874,1.0,0.03588516746411483,0.005162281961511832
bdpm,strict,mean,0.16,131,7062,4,1391,0.01821215070207146,0.9703703703703703,0.035753275109170306,0.005049060387087499
bdpm,strict,p75,0.16,133,7175,2,1278,0.018199233716475097,0.9851851851851852,0.03573827757624613,0.0050243978254814825
bdpm,all,mean,0.14,159,7339,2,1088,0.02120565484129101,0.9875776397515528,0.04151978065021543,0.004997195757348808
bdpm,large,mean,0.14,157,7339,2,1088,0.02094450373532551,0.9874213836477987,0.04101894186806009,0.004929991113967099
bdpm,strict,p90,0.16,133,7211,2,1242,0.018110021786492375,0.9851851851851852,0.03556625217275037,0.0048440744846977935
bdpm,strict,max,0.16,133,7249,2,1204,0.01801679761582227,0.9851851851851852,0.03538645736330983,0.004655605875793137
bdpm,all,p75,0.14,159,7433,2,994,0.02094309799789252,0.9875776397515528,0.04101638075583645,0.004464738141767114
bdpm,large,p75,0.14,157,7433,2,994,0.020685111989459815,0.9874213836477987,0.04052135759452833,0.004404041005192672
bdpm,all,p90,0.14,159,7479,2,948,0.020816967792615867,0.9875776397515528,0.04077445826387999,0.0042088474142623015
bdpm,large,p90,0.14,157,7479,2,948,0.020560502881089574,0.9874213836477987,0.04028223220012828,0.004151280142385901
t_test,all,mean,1.4,161,7587,0,838,0.020779556014455344,1.0,0.04071311164496144,0.004125187286493163
bdpm,strict,mean,0.14,133,7365,2,1088,0.017738063483595627,0.9851851851851852,0.03484868334861785,0.004091881493540833
bdpm,large,p75,0.82,1,32,158,8395,0.030303030303030304,0.006289308176100629,0.010416666666666668,0.004076878276070196
bdpm,all,max,0.14,159,7503,2,924,0.020751761942051684,0.9875776397515528,0.040649367250415444,0.0040765328795817355
t_test,large,mean,1.4,159,7587,0,838,0.020526723470178157,1.0,0.04022770398481973,0.00407509687690902
bdpm,large,max,0.14,157,7503,2,924,0.020496083550913837,0.9874213836477987,0.04015858805473846,0.004020584606764247
bdpm,all,p75,0.82,1,32,160,8395,0.030303030303030304,0.006211180124223602,0.010309278350515464,0.003956637667428273
bdpm,all,mean,0.12,159,7547,2,880,0.020633272774461458,0.9875776397515528,0.0404220160162705,0.003836051322559723
bdpm,large,mean,0.12,157,7547,2,880,0.020379023883696782,0.9874213836477987,0.03993386748060537,0.003783046672238588
bdpm,strict,p75,0.14,133,7459,2,994,0.017518440463645944,0.9851851851851852,0.03442474440274363,0.003647478272151899
t_test,all,p75,1.4,161,7695,0,730,0.020493890020366598,1.0,0.04016465011849819,0.0035451681662420002
t_test,large,p75,1.4,159,7695,0,730,0.02024446142093201,1.0,0.039685511044552604,0.0035020959170576284
t_test,strict,mean,1.4,135,7613,0,838,0.017423851316468765,1.0,0.034250919700621586,0.003449533489701267
bdpm,all,max,0.12,160,7668,1,759,0.020439448134900357,0.9937888198757764,0.04005507572912755,0.0034429979151117856
bdpm,strict,p90,0.14,133,7505,2,948,0.017412935323383085,0.9851851851851852,0.03422102148462627,0.0034339190849774896
bdpm,all,p75,0.12,159,7622,2,805,0.020434391466392494,0.9875776397515528,0.04004029211785445,0.003432276697678082
bdpm,large,max,0.12,158,7668,1,759,0.020189113212369027,0.9937106918238994,0.0395742016280526,0.0033980045146292607
bdpm,large,p75,0.12,157,7622,2,805,0.020182542743283197,0.9874213836477987,0.03955656336608717,0.0033842176356955376
bdpm,strict,max,0.14,133,7529,2,924,0.017358392064735054,0.9851851851851852,0.03411568552007181,0.003323496665901099
bdpm,all,p90,0.12,159,7649,2,778,0.02036372950819672,0.9875776397515528,0.0399046304429665,0.0032887769047065148
t_test,all,p90,1.4,161,7750,0,675,0.020351409429907725,1.0,0.03989098116947473,0.003255748114294973
bdpm,large,p90,0.12,157,7649,2,778,0.02011273379451704,0.9874213836477987,0.03942247332077841,0.0032424764413821363
t_test,large,p90,1.4,159,7750,0,675,0.020103679352636235,1.0,0.03941497273177987,0.003216180843309138
t_test,all,max,1.4,161,7775,0,650,0.020287298387096774,1.0,0.039767815240212424,0.0031254923247734157
bdpm,strict,mean,0.12,133,7573,2,880,0.01725927848429795,0.9851851851851852,0.03392424435658717,0.003122810226405128
t_test,large,max,1.4,159,7775,0,650,0.020040332745147466,1.0,0.03929321635981712,0.003087503155467121
bdpm,all,mean,0.1,160,7744,1,683,0.020242914979757085,0.9937888198757764,0.03967761934283943,0.003043775922502162
bdpm,large,mean,0.1,158,7744,1,683,0.019994937990382183,0.9937106918238994,0.03920109167597073,0.0030036472859901854
bdpm,all,p75,0.1,161,7807,0,620,0.020205823293172692,1.0,0.03961126829868372,0.0029687942311528138
t_test,strict,p75,1.4,135,7721,0,730,0.017184317718940936,1.0,0.03378801151295206,0.0029643731081818053
bdpm,large,p75,0.1,159,7807,0,620,0.01995982927441627,1.0,0.03913846153846154,0.002932703905699352
bdpm,strict,p90,0.82,1,46,134,8407,0.02127659574468085,0.007407407407407408,0.01098901098901099,0.0028935849621325453
bdpm,strict,max,0.12,134,7694,1,759,0.01711803781297905,0.9925925925925926,0.03365565741554691,0.00283712668103193
bdpm,all,p90,0.1,161,7833,0,594,0.020140105078809107,1.0,0.039484978540772535,0.00283523511159151
bdpm,large,p90,0.1,159,7833,0,594,0.019894894894894894,1.0,0.03901361796098638,0.0028007638446849344
bdpm,strict,p75,0.12,133,7648,2,805,0.01709291864798869,0.9851851851851852,0.03360282971197574,0.0027858706459748064
bdpm,all,max,0.1,161,7847,0,580,0.020104895104895104,1.0,0.03941730934018852,0.002763670535667279
bdpm,large,max,0.1,159,7847,0,580,0.01986010492130902,1.0,0.038946723821188,0.0027300669807812073
t_test,strict,p90,1.4,135,7776,0,675,0.017064846416382253,1.0,0.03355704697986577,0.002722303286364555
bdpm,strict,p90,0.12,133,7675,2,778,0.017033811475409836,0.9851851851851852,0.033488606320030215,0.0026661291890924693
t_test,strict,max,1.4,135,7801,0,650,0.017011088709677418,1.0,0.03345310370462148,0.002613361595163718
bdpm,strict,mean,0.1,134,7770,1,683,0.01695344129554656,0.9925925925925926,0.03333747978604304,0.0025036151339218092
bdpm,strict,p75,0.1,135,7833,0,620,0.01694277108433735,1.0,0.03332099222510181,0.0024823093199415787
bdpm,strict,p90,0.1,135,7859,0,594,0.016887665749311984,1.0,0.03321441751752983,0.0023706100405313144
bdpm,all,mean,0.08,161,7936,0,491,0.019883907620106212,1.0,0.03899249212884475,0.0023143944290112232
bdpm,strict,max,0.1,135,7873,0,580,0.01685814185814186,1.0,0.03315731302959597,0.0023107595634901303
bdpm,large,mean,0.08,159,7936,0,491,0.019641754169240272,1.0,0.03852677489701963,0.0022862411122959217
bdpm,all,p75,0.08,161,7971,0,456,0.019798327594687654,1.0,0.03882792716749066,0.0021403526264187527
bdpm,large,p75,0.08,159,7971,0,456,0.01955719557195572,1.0,0.038364096996018816,0.0021143119444715303
bdpm,all,p90,0.08,161,8007,0,420,0.019711067580803134,1.0,0.038660103253691916,0.001962863049111775
bdpm,large,p90,0.08,159,8007,0,420,0.019470977222630418,1.0,0.0381981981981982,0.0019389776048086553
bdpm,strict,mean,0.08,135,7962,0,491,0.016672841793256763,1.0,0.032798833819241986,0.0019350395954028374
bdpm,all,max,0.08,161,8023,0,404,0.019672531769305963,1.0,0.03858597962852007,0.0018844699729740888
bdpm,large,max,0.08,159,8023,0,404,0.019432901491077976,1.0,0.03812492506893658,0.0018615366893214894
bdpm,strict,p75,0.08,135,7997,0,456,0.016601082144613873,1.0,0.03265997338816983,0.0017894996139320516
bdpm,all,mean,0.06,161,8048,0,379,0.01961262029479839,1.0,0.038470728793309435,0.0017625803489983805
bdpm,large,mean,0.06,159,8048,0,379,0.01937370537346168,1.0,0.038010996892182645,0.0017411278281842632
t_test,all,mean,1.3,161,8069,0,356,0.01956257594167679,1.0,0.03837444881420569,0.0016518753653178054
bdpm,strict,p90,0.08,135,8033,0,420,0.016527913809990205,1.0,0.03251836685535348,0.0016410807607969023
t_test,large,mean,1.3,159,8069,0,356,0.019324258629071462,1.0,0.03791582210563968,0.0016317681304879564
bdpm,strict,max,0.08,135,8049,0,404,0.016495601173020527,1.0,0.032455824017309766,0.0015755289331415643
bdpm,all,p75,0.06,161,8101,0,326,0.019486807068506414,1.0,0.03822865962246231,0.0015065654979679818
bdpm,large,p75,0.06,159,8101,0,326,0.019249394673123487,1.0,0.03777170685354555,0.0014882243110114488
bdpm,strict,mean,0.06,135,8074,0,379,0.01644536484346449,1.0,0.03235858101629913,0.0014736072237254594
t_test,all,p75,1.3,161,8111,0,314,0.019463249516441006,1.0,0.038183327404245224,0.001449740138510835
t_test,large,p75,1.3,159,8111,0,314,0.019226118500604596,1.0,0.037726895242614786,0.0014320898386103844
bdpm,all,p90,0.06,161,8123,0,304,0.019435055528730084,1.0,0.03812907045589106,0.0014012382681651732
bdpm,large,p90,0.06,159,8123,0,304,0.019198261289543588,1.0,0.03767326146191209,0.001384177575412612
t_test,strict,mean,1.3,135,8095,0,356,0.016403402187120292,1.0,0.03227734608487747,0.001381038649685625
bdpm,all,max,0.06,161,8128,0,299,0.019423332126915188,1.0,0.03810650887573964,0.0013773766929688442
t_test,all,p90,1.3,161,8129,0,296,0.01942098914354644,1.0,0.03810199976334162,0.00136372534647066
bdpm,large,max,0.06,159,8128,0,299,0.019186677929286834,1.0,0.03765095903386218,0.0013606061295533258
t_test,large,p90,1.3,159,8129,0,296,0.019184362934362934,1.0,0.03764650171658577,0.0013471208469069602
bdpm,all,mean,0.04,161,8138,0,289,0.019399927702132787,1.0,0.03806146572104019,0.0013297380954088575
bdpm,large,mean,0.04,159,8138,0,289,0.01916355309147885,1.0,0.03760643330179754,0.0013135468036270237
bdpm,large,p90,0.82,1,46,158,8381,0.02127659574468085,0.006289308176100629,0.009708737864077669,0.001269265639166633
bdpm,strict,p75,0.06,135,8127,0,326,0.016339869281045753,1.0,0.03215434083601287,0.0012595392713526182
t_test,all,max,1.3,161,8152,0,273,0.019367256104895945,1.0,0.03799858390370545,0.0012543489333153768
t_test,large,max,1.3,159,8152,0,273,0.019131271808446638,1.0,0.03754427390791027,0.001239074530902495
t_test,strict,p75,1.3,135,8137,0,314,0.016320116054158607,1.0,0.032116093731414296,0.001212024830297281
bdpm,strict,p90,0.06,135,8149,0,304,0.016296475132786092,1.0,0.03207031713980282,0.0011714720522562716
bdpm,all,p90,0.82,1,46,160,8381,0.02127659574468085,0.006211180124223602,0.009615384615384614,0.001152910223179566
bdpm,strict,max,0.06,135,8154,0,299,0.016286644951140065,1.0,0.03205128205128205,0.001151520893364502
t_test,strict,p90,1.3,135,8155,0,296,0.016284680337756333,1.0,0.032047477744807124,0.0011401059220028649
bdpm,all,p75,0.04,161,8179,0,248,0.019304556354916066,1.0,0.03787789671803317,0.001135590753206023
bdpm,large,p75,0.04,159,8179,0,248,0.019069321180139123,1.0,0.03742497352006591,0.0011217608026018048
bdpm,all,p90,0.04,161,8184,0,243,0.019292989814260034,1.0,0.03785563131906889,0.0011120421950132312
bdpm,strict,mean,0.04,135,8164,0,289,0.016267020122906373,1.0,0.032013279582641684,0.0011116895056197033
bdpm,all,max,0.04,161,8185,0,242,0.019290678169182843,1.0,0.03785118138003997,0.0011073358026942736
bdpm,large,p90,0.04,159,8184,0,243,0.019057892844300612,1.0,0.0374029640084686,0.0010984987184181664
bdpm,large,max,0.04,159,8185,0,242,0.01905560882070949,1.0,0.03739856521227802,0.0010938495821223217
bdpm,strict,max,0.82,1,56,134,8397,0.017543859649122806,0.007407407407407408,0.010416666666666666,0.001093353804632039
t_test,strict,max,1.3,135,8178,0,273,0.01623962468422952,1.0,0.03196022727272727,0.0010486553012406237
bdpm,strict,p75,0.04,135,8205,0,248,0.01618705035971223,1.0,0.031858407079646024,0.0009493630505519084
bdpm,strict,p90,0.04,135,8210,0,243,0.016177351707609346,1.0,0.031839622641509434,0.0009296744694047359
bdpm,strict,max,0.04,135,8211,0,242,0.016175413371675055,1.0,0.0318358684117439,0.0009257395375280923
bdpm,all,mean,0.02,161,8229,0,198,0.019189511323003575,1.0,0.03765641445444977,0.000901343515874219
bdpm,large,mean,0.02,159,8229,0,198,0.018955650929899856,1.0,0.037206037206037205,0.0008903638350399041
bdpm,all,p75,0.02,161,8244,0,183,0.019155264723378942,1.0,0.037590473966845665,0.0008316022047238972
bdpm,large,p75,0.02,159,8244,0,183,0.018921813637986434,1.0,0.037140854940434474,0.0008214713764359458
bdpm,all,p90,0.02,161,8249,0,178,0.01914387633769322,1.0,0.03756854509392136,0.0008084093072966821
bdpm,large,p90,0.02,159,8249,0,178,0.01891056137012369,1.0,0.037119178242091745,0.0007985607960484929
bdpm,all,max,0.02,161,8257,0,170,0.01912568306010929,1.0,0.03753351206434317,0.0007713568620943595
bdpm,large,max,0.02,159,8257,0,170,0.018892585551330797,1.0,0.03708454810495626,0.0007619594010102803
bdpm,strict,mean,0.02,135,8255,0,198,0.016090584028605484,1.0,0.03167155425219942,0.0007535159850819229
bdpm,all,mean,0.0,161,8261,0,166,0.01911659938256946,1.0,0.037516020039613185,0.0007528565223245894
bdpm,large,mean,0.0,159,8261,0,166,0.018883610451306414,1.0,0.037067257256090454,0.0007436842836214762
bdpm,all,p75,0.0,161,8273,0,154,0.019089400047427083,1.0,0.03746364165212333,0.0006974587454586741
bdpm,strict,p75,0.02,135,8270,0,183,0.016061867935752528,1.0,0.03161592505854801,0.0006952088278717667
bdpm,large,p75,0.0,159,8273,0,154,0.01885673624288425,1.0,0.037015481317658014,0.0006889609663348586
bdpm,all,p90,0.0,161,8277,0,150,0.01908035079402702,1.0,0.037446214676125134,0.0006790271540006999
bdpm,strict,p90,0.02,135,8275,0,178,0.01605231866825208,1.0,0.031597425394967814,0.0006758185757581049
bdpm,large,p90,0.0,159,8277,0,150,0.018847795163584636,1.0,0.03699825479930192,0.0006707537931126948
bdpm,all,max,0.0,161,8282,0,145,0.019069051285088238,1.0,0.03742445374244537,0.0006560117470080889
bdpm,large,max,0.0,159,8282,0,145,0.01883663073095605,1.0,0.03697674418604652,0.0006480186271836674
bdpm,strict,max,0.02,135,8283,0,170,0.016037063435495366,1.0,0.03156787092248334,0.000644841303290868
bdpm,strict,mean,0.0,135,8287,0,166,0.016029446687247685,1.0,0.03155311440925558,0.000629374376593622
bdpm,strict,p75,0.0,135,8299,0,154,0.016006639791320845,1.0,0.031508927529466685,0.0005830601915556173
bdpm,all,mean,-0.02,161,8301,0,126,0.019026234932640038,1.0,0.03734199234605126,0.0005687964428772517
bdpm,strict,p90,0.0,135,8303,0,150,0.015999051908035078,1.0,0.03149422605855593,0.0005676509275893148
bdpm,large,mean,-0.02,159,8301,0,126,0.01879432624113475,1.0,0.03689523146536721,0.0005618653931050776
bdpm,strict,max,0.0,135,8308,0,145,0.015989577164514983,1.0,0.031475868500816045,0.0005484095464781
bdpm,all,p75,-0.02,161,8313,0,114,0.018999291951852727,1.0,0.037290098436595254,0.0005139107008337212
t_test,all,mean,1.2,161,8312,0,113,0.01900153428537708,1.0,0.03729441741950428,0.0005095848761326512
bdpm,large,p75,-0.02,159,8313,0,114,0.018767705382436262,1.0,0.036843934654153636,0.0005076481196980314
t_test,large,mean,1.2,159,8312,0,113,0.018769920906622595,1.0,0.036848203939745076,0.0005033750107968749
bdpm,all,max,-0.02,161,8321,0,106,0.018981372317849562,1.0,0.037255582552354505,0.00047740481556165604
bdpm,all,p90,-0.02,161,8321,0,106,0.018981372317849562,1.0,0.037255582552354505,0.00047740481556165604
bdpm,strict,mean,-0.02,135,8327,0,126,0.01595367525407705,1.0,0.03140630452483425,0.00047549631360371266
bdpm,large,max,-0.02,159,8321,0,106,0.01875,1.0,0.03680981595092024,0.00047158688988440577
bdpm,large,p90,-0.02,159,8321,0,106,0.01875,1.0,0.03680981595092024,0.00047158688988440577
t_test,all,p75,1.2,161,8328,0,97,0.018965720343974556,1.0,0.03722543352601156,0.00043662273031039886
t_test,large,p75,1.2,159,8328,0,97,0.018734535171438672,1.0,0.03678001387925052,0.000431301607175249
bdpm,strict,p75,-0.02,135,8339,0,114,0.01593108331366533,1.0,0.03136252758740852,0.0004296115886930281
t_test,strict,mean,1.2,135,8338,0,113,0.015932963531216808,1.0,0.031366171003717476,0.00042599488655344954
bdpm,strict,max,-0.02,135,8347,0,106,0.015916057533600567,1.0,0.031333410699779504,0.00039909273476083196
bdpm,strict,p90,-0.02,135,8347,0,106,0.015916057533600567,1.0,0.031333410699779504,0.00039909273476083196
t_test,all,p90,1.2,161,8337,0,88,0.018945634266886325,1.0,0.037186742118027485,0.0003956999304201396
t_test,large,p90,1.2,159,8337,0,88,0.018714689265536724,1.0,0.03674176776429809,0.0003908773386013489
t_test,all,max,1.2,161,8339,0,86,0.018941176470588236,1.0,0.03717815494746565,0.00038661751640942815
t_test,large,max,1.2,159,8339,0,86,0.018710284772887737,1.0,0.03673327942705325,0.0003819055741958821
bdpm,all,mean,-0.04,161,8342,0,85,0.01893449370810302,1.0,0.03716528162511541,0.0003818973884552795
bdpm,large,mean,-0.04,159,8342,0,85,0.018703681919774146,1.0,0.036720554272517324,0.0003772429311331992
t_test,strict,p75,1.2,135,8354,0,97,0.015902933207680527,1.0,0.03130797773654916,0.0003649989351062183
t_test,strict,p90,1.2,135,8363,0,88,0.015886090844904683,1.0,0.031275338816170506,0.00033078801976005616
bdpm,all,p75,-0.04,161,8354,0,73,0.018907809747504403,1.0,0.03711387736284002,0.0003275291496902753
bdpm,large,p75,-0.04,159,8354,0,73,0.018677317044520147,1.0,0.03666974169741697,0.00032353710261443853
t_test,strict,max,1.2,135,8365,0,86,0.01588235294117647,1.0,0.03126809496236248,0.00032319527383286656
bdpm,strict,mean,-0.04,135,8368,0,85,0.015876749382570856,1.0,0.03125723547117388,0.0003192495634905031
bdpm,all,p90,-0.04,161,8360,0,67,0.018894495951179438,1.0,0.037088228518774476,0.0003004013492356796
bdpm,large,p90,-0.04,159,8360,0,67,0.018664162460382674,1.0,0.03664438810785895,0.0002967398477326409
bdpm,all,max,-0.04,161,8364,0,63,0.018885630498533725,1.0,0.03707114897536266,0.00028233695500131496
bdpm,large,max,-0.04,159,8364,0,63,0.018655403027103133,1.0,0.03662750518313753,0.0002788955735288601
bdpm,strict,p75,-0.04,135,8380,0,73,0.015854374633000587,1.0,0.03121387283236994,0.000273798865492001
bdpm,strict,mean,0.8,1,61,134,8392,0.016129032258064516,0.007407407407407408,0.01015228426395939,0.00026028358971343026
bdpm,all,mean,-0.06,161,8370,0,57,0.018872347907630992,1.0,0.037045559134836634,0.0002552715153456668
bdpm,large,mean,-0.06,159,8370,0,57,0.018642279282448118,1.0,0.036602209944751385,0.0002521599490371251
bdpm,strict,p90,-0.04,135,8386,0,67,0.015843210890740523,1.0,0.031192236598890942,0.00025112074954534725
bdpm,strict,max,-0.04,135,8390,0,63,0.015835777126099706,1.0,0.031177829099307157,0.00023601945488519425
bdpm,strict,mean,-0.06,135,8396,0,57,0.01582463954987692,1.0,0.031156242787906765,0.0002133936385512642
bdpm,all,p75,-0.06,161,8380,0,47,0.018850251726964057,1.0,0.03700298781889221,0.00021024532965432095
bdpm,large,p75,-0.06,159,8380,0,47,0.01862044735917555,1.0,0.03656012876523339,0.00020768248441279316
bdpm,all,max,-0.06,161,8382,0,45,0.018845838698349524,1.0,0.03699448529411765,0.0002012524988852179
bdpm,all,p90,-0.06,161,8382,0,45,0.018845838698349524,1.0,0.03699448529411765,0.0002012524988852179
bdpm,large,max,-0.06,159,8382,0,45,0.018616087109237796,1.0,0.036551724137931035,0.0001987992525147756
bdpm,large,p90,-0.06,159,8382,0,45,0.018616087109237796,1.0,0.036551724137931035,0.0001987992525147756
bdpm,strict,p75,-0.06,135,8406,0,47,0.015806111696522657,1.0,0.03112033195020747,0.00017575345255811098
bdpm,strict,max,-0.06,135,8408,0,45,0.015802411330914198,1.0,0.03111315971421987,0.00016823581992893164
bdpm,strict,p90,-0.06,135,8408,0,45,0.015802411330914198,1.0,0.03111315971421987,0.00016823581992893164
bdpm,all,mean,-0.08,161,8392,0,35,0.018823804513036363,1.0,0.03695203121413817,0.00015635022038726194
bdpm,large,mean,-0.08,159,8392,0,35,0.01859431645421588,1.0,0.036509758897818594,0.00015444424342179187
bdpm,all,max,-0.08,161,8394,0,33,0.01881940385739334,1.0,0.03694355208811381,0.00014738211989414772
bdpm,all,p75,-0.08,161,8394,0,33,0.01881940385739334,1.0,0.03694355208811381,0.00014738211989414772
bdpm,all,p90,-0.08,161,8394,0,33,0.01881940385739334,1.0,0.03694355208811381,0.00014738211989414772
bdpm,large,max,-0.08,159,8394,0,33,0.018589968432129077,1.0,0.03650137741046832,0.00014558545204278075
bdpm,large,p75,-0.08,159,8394,0,33,0.018589968432129077,1.0,0.03650137741046832,0.00014558545204278075
bdpm,large,p90,-0.08,159,8394,0,33,0.018589968432129077,1.0,0.03650137741046832,0.00014558545204278075
t_test,all,mean,1.1,161,8394,0,31,0.01881940385739334,1.0,0.03694355208811381,0.0001384833528498456
t_test,large,mean,1.1,159,8394,0,31,0.018589968432129077,1.0,0.03650137741046832,0.00013679515836723973
bdpm,strict,mean,-0.08,135,8418,0,35,0.01578393546124167,1.0,0.03107734806629834,0.0001306995479621694
bdpm,strict,max,-0.08,135,8420,0,33,0.015780245470485097,1.0,0.03107019562715765,0.00012320265509327226
bdpm,strict,p75,-0.08,135,8420,0,33,0.015780245470485097,1.0,0.03107019562715765,0.00012320265509327226
bdpm,strict,p90,-0.08,135,8420,0,33,0.015780245470485097,1.0,0.03107019562715765,0.00012320265509327226
t_test,strict,mean,1.1,135,8420,0,31,0.015780245470485097,1.0,0.03107019562715765,0.00011576364797395518
t_test,all,p75,1.1,161,8400,0,25,0.018806214227309895,1.0,0.03691813804173354,0.00011160335198246835
t_test,large,p75,1.1,159,8400,0,25,0.018576936558009113,1.0,0.0364762560220234,0.0001102428045769075
bdpm,all,mean,-0.1,161,8405,0,22,0.018795236983422836,1.0,0.03689698636415722,9.813098974439486e-05
bdpm,large,mean,-0.1,159,8405,0,22,0.018566090611863616,1.0,0.03645534793075777,9.693466163191079e-05
t_test,all,max,1.1,161,8404,0,21,0.0187974314068885,1.0,0.0369012147604859,9.370387297983356e-05
t_test,all,p90,1.1,161,8404,0,21,0.0187974314068885,1.0,0.0369012147604859,9.370387297983356e-05
bdpm,all,p75,-0.1,161,8406,0,21,0.018793043072253997,1.0,0.03689275893675527,9.365976573421808e-05
t_test,strict,p75,1.1,135,8426,0,25,0.015769185842775375,1.0,0.03104875804967801,9.329339878306129e-05
t_test,large,max,1.1,159,8404,0,21,0.01856825878780801,1.0,0.03645952763127723,9.25615164698272e-05
t_test,large,p90,1.1,159,8404,0,21,0.01856825878780801,1.0,0.03645952763127723,9.25615164698272e-05
bdpm,large,p75,-0.1,159,8406,0,21,0.018563922942206657,1.0,0.036451169188445674,9.251794187234797e-05
bdpm,strict,mean,-0.1,135,8431,0,22,0.015759981321503618,1.0,0.031030915986668194,8.203131861837207e-05
bdpm,all,max,-0.1,161,8409,0,18,0.018786464410735122,1.0,0.03688008246478067,8.02522346010716e-05
bdpm,all,p90,-0.1,161,8409,0,18,0.018786464410735122,1.0,0.03688008246478067,8.02522346010716e-05
bdpm,large,max,-0.1,159,8409,0,18,0.018557422969187675,1.0,0.03643863870745961,7.927385152004233e-05
bdpm,large,p90,-0.1,159,8409,0,18,0.018557422969187675,1.0,0.03643863870745961,7.927385152004233e-05
t_test,strict,max,1.1,135,8430,0,21,0.01576182136602452,1.0,0.031034482758620693,7.833044256704713e-05
t_test,strict,p90,1.1,135,8430,0,21,0.01576182136602452,1.0,0.031034482758620693,7.833044256704713e-05
bdpm,strict,p75,-0.1,135,8432,0,21,0.015758141706548382,1.0,0.031027350034474828,7.829362861361483e-05
bdpm,strict,max,-0.1,135,8435,0,18,0.01575262543757293,1.0,0.031016657093624358,6.708570848032752e-05
bdpm,strict,p90,-0.1,135,8435,0,18,0.01575262543757293,1.0,0.031016657093624358,6.708570848032752e-05
t_test,all,mean,1.0,161,8419,0,6,0.018764568764568765,1.0,0.036837890401555884,2.6726625055533185e-05
t_test,all,max,1.0,161,8419,0,6,0.018764568764568765,1.0,0.036837890401555884,2.6726625055533185e-05
t_test,all,p75,1.0,161,8419,0,6,0.018764568764568765,1.0,0.036837890401555884,2.6726625055533185e-05
t_test,all,p90,1.0,161,8419,0,6,0.018764568764568765,1.0,0.036837890401555884,2.6726625055533185e-05
t_test,large,mean,1.0,159,8419,0,6,0.018535789228258336,1.0,0.03639693258555569,2.640077561829192e-05
t_test,large,max,1.0,159,8419,0,6,0.018535789228258336,1.0,0.03639693258555569,2.640077561829192e-05
t_test,large,p75,1.0,159,8419,0,6,0.018535789228258336,1.0,0.03639693258555569,2.640077561829192e-05
t_test,large,p90,1.0,159,8419,0,6,0.018535789228258336,1.0,0.03639693258555569,2.640077561829192e-05
t_test,strict,mean,1.0,135,8445,0,6,0.015734265734265736,1.0,0.03098106712564544,2.234162580006029e-05
t_test,strict,max,1.0,135,8445,0,6,0.015734265734265736,1.0,0.03098106712564544,2.234162580006029e-05
t_test,strict,p75,1.0,135,8445,0,6,0.015734265734265736,1.0,0.03098106712564544,2.234162580006029e-05
t_test,strict,p90,1.0,135,8445,0,6,0.015734265734265736,1.0,0.03098106712564544,2.234162580006029e-05
t_test,all,mean,5.8,0,0,161,8425,nan,0.0,nan,0.0
t_test,all,mean,5.9,0,0,161,8425,nan,0.0,nan,0.0
t_test,all,mean,6.0,0,0,161,8425,nan,0.0,nan,0.0
t_test,strict,mean,5.8,0,0,135,8451,nan,0.0,nan,0.0
t_test,strict,mean,5.9,0,0,135,8451,nan,0.0,nan,0.0
t_test,strict,mean,6.0,0,0,135,8451,nan,0.0,nan,0.0
t_test,large,mean,5.8,0,0,159,8425,nan,0.0,nan,0.0
t_test,large,mean,5.9,0,0,159,8425,nan,0.0,nan,0.0
t_test,large,mean,6.0,0,0,159,8425,nan,0.0,nan,0.0
bdpm,all,mean,0.88,0,0,161,8427,nan,0.0,nan,0.0
bdpm,all,mean,0.9,0,0,161,8427,nan,0.0,nan,0.0
bdpm,all,max,0.88,0,0,161,8427,nan,0.0,nan,0.0
bdpm,all,max,0.9,0,0,161,8427,nan,0.0,nan,0.0
bdpm,all,p75,0.88,0,0,161,8427,nan,0.0,nan,0.0
bdpm,all,p75,0.9,0,0,161,8427,nan,0.0,nan,0.0
bdpm,all,p90,0.88,0,0,161,8427,nan,0.0,nan,0.0
bdpm,all,p90,0.9,0,0,161,8427,nan,0.0,nan,0.0
bdpm,strict,mean,0.88,0,0,135,8453,nan,0.0,nan,0.0
bdpm,strict,mean,0.9,0,0,135,8453,nan,0.0,nan,0.0
bdpm,strict,max,0.88,0,0,135,8453,nan,0.0,nan,0.0
bdpm,strict,max,0.9,0,0,135,8453,nan,0.0,nan,0.0
bdpm,strict,p75,0.88,0,0,135,8453,nan,0.0,nan,0.0
bdpm,strict,p75,0.9,0,0,135,8453,nan,0.0,nan,0.0
bdpm,strict,p90,0.88,0,0,135,8453,nan,0.0,nan,0.0
bdpm,strict,p90,0.9,0,0,135,8453,nan,0.0,nan,0.0
bdpm,large,mean,0.88,0,0,159,8427,nan,0.0,nan,0.0
bdpm,large,mean,0.9,0,0,159,8427,nan,0.0,nan,0.0
bdpm,large,max,0.88,0,0,159,8427,nan,0.0,nan,0.0
bdpm,large,max,0.9,0,0,159,8427,nan,0.0,nan,0.0
bdpm,large,p75,0.88,0,0,159,8427,nan,0.0,nan,0.0
bdpm,large,p75,0.9,0,0,159,8427,nan,0.0,nan,0.0
bdpm,large,p90,0.88,0,0,159,8427,nan,0.0,nan,0.0
bdpm,large,p90,0.9,0,0,159,8427,nan,0.0,nan,0.0
t_test,strict,mean,5.7,0,1,135,8450,0.0,0.0,nan,-0.00023127804245571182
t_test,all,mean,5.7,0,1,161,8424,0.0,0.0,nan,-0.00023155305944893718
t_test,large,mean,5.7,0,1,159,8424,0.0,0.0,nan,-0.00023158903577704935
bdpm,strict,mean,0.74,5,317,130,8136,0.015527950310559006,0.037037037037037035,0.021881838074398245,-0.0002762016334463013
t_test,strict,max,6.0,0,2,135,8449,0.0,0.0,nan,-0.0004592844348506506
t_test,strict,p75,5.9,0,2,135,8449,0.0,0.0,nan,-0.0004592844348506506
t_test,strict,p75,6.0,0,2,135,8449,0.0,0.0,nan,-0.0004592844348506506
t_test,strict,p90,5.9,0,2,135,8449,0.0,0.0,nan,-0.0004592844348506506
t_test,strict,p90,6.0,0,2,135,8449,0.0,0.0,nan,-0.0004592844348506506
t_test,all,max,6.0,0,2,161,8423,0.0,0.0,nan,-0.0004603702692253812
t_test,all,p75,5.9,0,2,161,8423,0.0,0.0,nan,-0.0004603702692253812
t_test,all,p75,6.0,0,2,161,8423,0.0,0.0,nan,-0.0004603702692253812
t_test,all,p90,5.9,0,2,161,8423,0.0,0.0,nan,-0.0004603702692253812
t_test,all,p90,6.0,0,2,161,8423,0.0,0.0,nan,-0.0004603702692253812
t_test,large,max,6.0,0,2,159,8423,0.0,0.0,nan,-0.0004604064897054528
t_test,large,p75,5.9,0,2,159,8423,0.0,0.0,nan,-0.0004604064897054528
t_test,large,p75,6.0,0,2,159,8423,0.0,0.0,nan,-0.0004604064897054528
t_test,large,p90,5.9,0,2,159,8423,0.0,0.0,nan,-0.0004604064897054528
t_test,large,p90,6.0,0,2,159,8423,0.0,0.0,nan,-0.0004604064897054528
bdpm,large,max,0.82,1,56,158,8371,0.017543859649122806,0.006289308176100629,0.00925925925925926,-0.0005194805194833625
bdpm,all,max,0.82,1,56,160,8371,0.017543859649122806,0.006211180124223602,0.009174311926605505,-0.0006354412216871191
bdpm,strict,mean,0.86,0,3,135,8450,0.0,0.0,nan,-0.0006839286890229576
bdpm,all,mean,0.86,0,3,161,8424,0.0,0.0,nan,-0.0006863398476434276
bdpm,large,mean,0.86,0,3,159,8424,0.0,0.0,nan,-0.0006863417982192698
bdpm,strict,p75,0.86,0,4,135,8449,0.0,0.0,nan,-0.0009055449535942398
bdpm,large,p75,0.86,0,4,159,8423,0.0,0.0,nan,-0.0009097111667017438
bdpm,all,p75,0.86,0,4,161,8423,0.0,0.0,nan,-0.0009097767091504214
bdpm,strict,p90,0.86,0,6,135,8447,0.0,0.0,nan,-0.0013396312540961326
bdpm,large,p90,0.86,0,6,159,8421,0.0,0.0,nan,-0.0013486176668872389
bdpm,all,p90,0.86,0,6,161,8421,0.0,0.0,nan,-0.0013489133288322678
bdpm,strict,mean,0.84,0,8,135,8445,0.0,0.0,nan,-0.001761936302743519
bdpm,large,mean,0.84,0,8,159,8419,0.0,0.0,nan,-0.001777382803815844
bdpm,all,mean,0.84,0,8,161,8419,0.0,0.0,nan,-0.0017780281005787466
bdpm,strict,max,0.86,0,12,135,8441,0.0,0.0,nan,-0.002573070435426112
bdpm,strict,p75,0.84,0,12,135,8441,0.0,0.0,nan,-0.002573070435426112
bdpm,large,max,0.86,0,12,159,8415,0.0,0.0,nan,-0.0026058631921855053
bdpm,large,p75,0.84,0,12,159,8415,0.0,0.0,nan,-0.0026058631921855053
bdpm,all,max,0.86,0,12,161,8415,0.0,0.0,nan,-0.0026075337751238483
bdpm,all,p75,0.84,0,12,161,8415,0.0,0.0,nan,-0.0026075337751238483
bdpm,large,mean,0.78,2,129,157,8298,0.015267175572519083,0.012578616352201259,0.013793103448275862,-0.0029874009611611857
bdpm,all,mean,0.78,2,129,159,8298,0.015267175572519083,0.012422360248447204,0.013698630136986299,-0.003175808370996178
bdpm,strict,p90,0.84,0,18,135,8435,0.0,0.0,nan,-0.003712462875366514
bdpm,large,p90,0.84,0,18,159,8409,0.0,0.0,nan,-0.003780718336482992
bdpm,all,p90,0.84,0,18,161,8409,0.0,0.0,nan,-0.003784633708060604
bdpm,strict,mean,0.82,0,24,135,8429,0.0,0.0,nan,-0.004768169817483009
bdpm,large,mean,0.82,0,24,159,8403,0.0,0.0,nan,-0.004881025015248496
bdpm,all,mean,0.82,0,24,161,8403,0.0,0.0,nan,-0.004887884775454479
bdpm,large,mean,0.76,3,220,156,8207,0.013452914798206279,0.018867924528301886,0.015706806282722512,-0.006044990585672025
bdpm,all,mean,0.76,3,220,158,8207,0.013452914798206279,0.018633540372670808,0.015625,-0.0062858301306934145
bdpm,strict,mean,0.78,1,130,134,8323,0.007633587786259542,0.007407407407407408,0.0075187969924812035,-0.00808968101027878
bdpm,strict,mean,0.76,1,222,134,8231,0.004484304932735426,0.007407407407407408,0.00558659217877095,-0.014276643220601043
