source,scope,raster,gt_variant,agg,threshold,tp,fp,fn,tn,precision,recall,f1,kappa
overture,Caracas,bdpm,all,mean,0.24,0,2444,0,116917,0.0,nan,nan,5.422149363432199e-15
overture,catia_la_mar,bdpm,all,max,0.78,0,778,0,27445,0.0,nan,nan,4.027483859125415e-15
overture,Moron,bdpm,all,p75,0.5,0,1680,0,16793,0.0,nan,nan,1.2207827341607443e-15
overture,la_guaira,bdpm,all,p90,0.42,0,1876,0,17013,0.0,nan,nan,1.1178572874277489e-15
overture,catia_la_mar,bdpm,all,max,0.72,0,2877,0,25346,0.0,nan,nan,1.0891145090022862e-15
overture,GLOBAL,bdpm,all,p75,0.44,0,21479,0,180568,0.0,nan,nan,1.0443560289419381e-15
overture,la_guaira,bdpm,all,p75,0.38,0,2273,0,16616,0.0,nan,nan,9.226134057256741e-16
overture,GLOBAL,bdpm,all,mean,0.38,0,24898,0,177149,0.0,nan,nan,9.009447805303194e-16
overture,GLOBAL,bdpm,all,mean,0.36,0,26366,0,175681,0.0,nan,nan,8.507821871214401e-16
overture,la_guaira,bdpm,all,p75,0.34,0,2951,0,15938,0.0,nan,nan,7.106405527666748e-16
overture,caraballeda,bdpm,all,p75,0.62,0,2022,0,8923,0.0,nan,nan,6.009590012127762e-16
overture,la_guaira,bdpm,all,max,0.32,0,3739,0,15150,0.0,nan,nan,5.608719634165439e-16
overture,GLOBAL,bdpm,all,p75,0.24,0,40438,0,161609,0.0,nan,nan,5.547189066136776e-16
overture,catia_la_mar,bdpm,all,p75,0.64,0,5715,0,22508,0.0,nan,nan,5.482733932457705e-16
overture,Moron,bdpm,all,p75,0.32,0,4637,0,13836,0.0,nan,nan,4.4229350730861573e-16
overture,caraballeda,bdpm,all,mean,0.56,0,2759,0,8186,0.0,nan,nan,4.404273651512264e-16
overture,caraballeda,bdpm,all,p90,0.58,0,2799,0,8146,0.0,nan,nan,4.3413329776785764e-16
overture,GLOBAL,bdpm,all,p90,0.18,0,52529,0,149518,0.0,nan,nan,4.270350310427363e-16
overture,catia_la_mar,bdpm,all,p75,0.6,0,7384,0,20839,0.0,nan,nan,4.2434756803894615e-16
overture,GLOBAL,bdpm,all,mean,0.16,0,53750,0,148297,0.0,nan,nan,4.1733438410500266e-16
overture,San Felipe,bdpm,all,mean,0.04,0,1625,0,4463,0.0,nan,nan,4.1594078608725855e-16
overture,la_guaira,bdpm,all,max,0.26,0,5208,0,13681,0.0,nan,nan,4.026690228906409e-16
overture,la_guaira,t_test,all,p75,1.8,0,5211,0,13678,0.0,nan,nan,4.024372042246129e-16
overture,catia_la_mar,t_test,all,max,2.0,0,7793,0,20430,0.0,nan,nan,4.020765356601538e-16
overture,San Felipe,bdpm,all,p75,0.04,0,1756,0,4332,0.0,nan,nan,3.8491103496115894e-16
overture,catia_la_mar,t_test,all,mean,1.9,0,8449,0,19774,0.0,nan,nan,3.708583787903395e-16
overture,Moron,bdpm,all,p90,0.28,0,5714,0,12759,0.0,nan,nan,3.589280702467713e-16
overture,San Felipe,bdpm,all,max,0.04,0,1895,0,4193,0.0,nan,nan,3.5667745508801856e-16
overture,Caracas,bdpm,all,mean,0.06,0,37176,0,82185,0.0,nan,nan,3.56459356687872e-16
overture,Moron,t_test,all,mean,2.0,0,5930,0,12543,0.0,nan,nan,3.4585413041990744e-16
overture,catia_la_mar,bdpm,all,mean,0.54,0,9084,0,19139,0.0,nan,nan,3.4493421867014297e-16
overture,Moron,bdpm,all,p90,0.26,0,6239,0,12234,0.0,nan,nan,3.28724954862967e-16
overture,la_guaira,t_test,all,mean,1.7,0,6625,0,12264,0.0,nan,nan,3.1654343716444646e-16
overture,Caracas,bdpm,all,max,0.06,0,43229,0,76132,0.0,nan,nan,3.065472956632892e-16
overture,Moron,t_test,all,max,2.0,0,7100,0,11373,0.0,nan,nan,2.888612666746551e-16
overture,la_guaira,bdpm,all,mean,0.18,0,7309,0,11580,0.0,nan,nan,2.8692027243322725e-16
overture,la_guaira,t_test,all,p90,1.7,0,7404,0,11485,0.0,nan,nan,2.832388264741299e-16
overture,catia_la_mar,bdpm,all,p75,0.48,0,11117,0,17106,0.0,nan,nan,2.8185503664653944e-16
overture,Moron,bdpm,all,mean,0.2,0,7323,0,11150,0.0,nan,nan,2.800648632240955e-16
overture,la_guaira,bdpm,all,p75,0.18,0,7691,0,11198,0.0,nan,nan,2.726693890540187e-16
overture,San Felipe,t_test,all,max,2.0,0,38654,0,50788,0.0,nan,nan,2.5689596877043315e-16
overture,San Felipe,bdpm,all,mean,0.0,0,2677,0,3411,0.0,nan,nan,2.524855350735133e-16
overture,Moron,t_test,all,mean,1.9,0,8167,0,10306,0.0,nan,nan,2.511221982845661e-16
overture,Moron,bdpm,all,p90,0.18,0,8321,0,10152,0.0,nan,nan,2.4647458158755575e-16
overture,GLOBAL,bdpm,all,p90,0.08,0,91999,0,110048,0.0,nan,nan,2.43825727949694e-16
overture,GLOBAL,bdpm,all,max,0.08,0,93516,0,108531,0.0,nan,nan,2.398704301471823e-16
overture,GLOBAL,t_test,all,max,1.8,0,137802,0,147650,0.0,nan,nan,2.2997879771360367e-16
overture,la_guaira,bdpm,all,mean,0.14,0,9218,0,9671,0.0,nan,nan,2.2750057183927727e-16
overture,caraballeda,bdpm,all,p75,0.42,0,5400,0,5545,0.0,nan,nan,2.250257593430062e-16
overture,catia_la_mar,bdpm,all,p90,0.36,0,14104,0,14119,0.0,nan,nan,2.2216268026088903e-16
overture,catia_la_mar,bdpm,all,p75,0.34,0,14381,0,13842,0.0,nan,nan,1.08941744051164e-16
overture,Moron,bdpm,all,p75,0.14,0,9421,0,9052,0.0,nan,nan,1.0884805187294615e-16
overture,la_guaira,bdpm,all,p90,0.14,0,9746,0,9143,0.0,nan,nan,1.0758774221293136e-16
overture,GLOBAL,bdpm,all,p90,0.06,0,105119,0,96928,0.0,nan,nan,1.0669680621792396e-16
overture,Moron,bdpm,all,max,0.14,0,9716,0,8757,0.0,nan,nan,1.0554317586404135e-16
overture,GLOBAL,bdpm,all,max,0.06,0,106621,0,95426,0.0,nan,nan,1.0519373831442163e-16
overture,Moron,bdpm,all,mean,0.12,0,9903,0,8570,0.0,nan,nan,1.035501864783425e-16
overture,caraballeda,bdpm,all,p90,0.4,0,5895,0,5050,0.0,nan,nan,1.0306523328687309e-16
overture,caraballeda,bdpm,all,mean,0.38,0,5911,0,5034,0.0,nan,nan,1.0278625447912652e-16
overture,caraballeda,bdpm,all,max,0.4,0,5979,0,4966,0.0,nan,nan,1.016172520866561e-16
overture,catia_la_mar,bdpm,all,mean,0.28,0,15519,0,12704,0.0,nan,nan,1.0095310401442036e-16
overture,la_guaira,bdpm,all,p75,0.12,0,10711,0,8178,0.0,nan,nan,9.789470036478658e-17
overture,caraballeda,bdpm,all,p90,0.38,0,6210,0,4735,0.0,nan,nan,9.783728667087228e-17
overture,GLOBAL,bdpm,all,mean,0.04,0,114749,0,87298,0.0,nan,nan,9.774256483997202e-17
overture,la_guaira,bdpm,all,p90,0.12,0,10966,0,7923,0.0,nan,nan,9.561828703330559e-17
overture,catia_la_mar,t_test,all,p75,1.6,0,16426,0,11797,0.0,nan,nan,9.537874231095761e-17
overture,catia_la_mar,bdpm,all,p75,0.26,0,16461,0,11762,0.0,nan,nan,9.517594442620676e-17
overture,la_guaira,bdpm,all,max,0.12,0,11099,0,7790,0.0,nan,nan,9.447248721571574e-17
overture,catia_la_mar,bdpm,all,max,0.26,0,16747,0,11476,0.0,nan,nan,9.355055957483666e-17
overture,GLOBAL,t_test,all,p90,1.7,0,169407,0,116045,0.0,nan,nan,9.353668467811252e-17
overture,catia_la_mar,bdpm,all,mean,0.24,0,16766,0,11457,0.0,nan,nan,9.344454379099306e-17
overture,catia_la_mar,bdpm,all,p90,0.24,0,17311,0,10912,0.0,nan,nan,9.050264116456528e-17
overture,catia_la_mar,bdpm,all,mean,0.22,0,17427,0,10796,0.0,nan,nan,8.99002250071607e-17
overture,caraballeda,bdpm,all,p90,0.34,0,6907,0,4038,0.0,nan,nan,8.796431883974473e-17
overture,catia_la_mar,bdpm,all,mean,0.2,0,18088,0,10135,0.0,nan,nan,8.661495030958589e-17
overture,la_guaira,bdpm,all,max,0.1,0,12157,0,6732,0.0,nan,nan,8.625073090460056e-17
overture,Moron,bdpm,all,max,0.08,0,11939,0,6534,0.0,nan,nan,8.589140603861511e-17
overture,caraballeda,bdpm,all,p75,0.32,0,7087,0,3858,0.0,nan,nan,8.573014677947183e-17
overture,catia_la_mar,bdpm,all,p75,0.2,0,18433,0,9790,0.0,nan,nan,8.499382743990612e-17
overture,catia_la_mar,bdpm,all,p90,0.2,0,18610,0,9613,0.0,nan,nan,8.418544982266467e-17
overture,GLOBAL,bdpm,all,mean,0.02,0,133674,0,68373,0.0,nan,nan,8.39045855800077e-17
overture,San Felipe,t_test,all,p90,1.8,0,59681,0,29761,0.0,nan,nan,8.31927814283635e-17
overture,San Felipe,bdpm,all,mean,-0.06,0,4142,0,1946,0.0,nan,nan,8.159147481793762e-17
overture,caraballeda,bdpm,all,p90,0.3,0,7493,0,3452,0.0,nan,nan,8.10849526526247e-17
overture,Moron,bdpm,all,max,0.06,0,12687,0,5786,0.0,nan,nan,8.082742150981523e-17
overture,caraballeda,bdpm,all,max,0.3,0,7541,0,3404,0.0,nan,nan,8.056883042383197e-17
overture,catia_la_mar,bdpm,all,p90,0.18,0,19467,0,8756,0.0,nan,nan,8.047933534698667e-17
overture,San Felipe,bdpm,all,p75,-0.06,0,4247,0,1841,0.0,nan,nan,7.957426152481697e-17
overture,GLOBAL,bdpm,all,max,0.02,0,141957,0,60090,0.0,nan,nan,7.900886587362335e-17
overture,catia_la_mar,t_test,all,max,1.5,0,19920,0,8303,0.0,nan,nan,7.864915769075248e-17
overture,San Felipe,bdpm,all,p90,-0.06,0,4302,0,1786,0.0,nan,nan,7.855692438305384e-17
overture,San Felipe,bdpm,all,max,-0.06,0,4322,0,1766,0.0,nan,nan,7.819340321515447e-17
overture,GLOBAL,t_test,all,p90,1.6,0,204641,0,80811,0.0,nan,nan,7.743203532657195e-17
overture,Caracas,bdpm,all,p75,0.0,0,85723,0,33638,0.0,nan,nan,7.729391787634783e-17
overture,Caracas,t_test,all,mean,1.5,0,86982,0,32379,0.0,nan,nan,7.617514568662671e-17
overture,Caracas,bdpm,all,p90,0.0,0,87197,0,32164,0.0,nan,nan,7.598732206514175e-17
overture,caraballeda,t_test,all,mean,1.6,0,8023,0,2922,0.0,nan,nan,7.572847441432343e-17
overture,la_guaira,bdpm,all,mean,0.06,0,13985,0,4904,0.0,nan,nan,7.497677051177897e-17
overture,San Felipe,t_test,all,mean,1.7,0,66427,0,23015,0.0,nan,nan,7.474413097725567e-17
overture,la_guaira,bdpm,all,p75,0.06,0,14359,0,4530,0.0,nan,nan,7.302389690140185e-17
overture,GLOBAL,bdpm,all,mean,0.0,0,153679,0,48368,0.0,nan,nan,7.29823955961579e-17
overture,la_guaira,bdpm,all,p90,0.06,0,14524,0,4365,0.0,nan,nan,7.219430842792819e-17
overture,caraballeda,t_test,all,max,1.6,0,8465,0,2480,0.0,nan,nan,7.177431189912781e-17
overture,caraballeda,bdpm,all,mean,0.22,0,8513,0,2432,0.0,nan,nan,7.136961708282825e-17
overture,GLOBAL,bdpm,all,p75,0.0,0,157296,0,44751,0.0,nan,nan,7.130417539430087e-17
overture,catia_la_mar,t_test,all,p75,1.4,0,22260,0,5963,0.0,nan,nan,7.038145647797797e-17
overture,catia_la_mar,t_test,all,p90,1.4,0,22522,0,5701,0.0,nan,nan,6.956270407600522e-17
overture,caraballeda,bdpm,all,p75,0.2,0,8959,0,1986,0.0,nan,nan,6.781667041255909e-17
overture,catia_la_mar,bdpm,all,max,0.08,0,23299,0,4924,0.0,nan,nan,6.724285253443451e-17
overture,Moron,t_test,all,mean,1.6,0,15287,0,3186,0.0,nan,nan,6.708036218322926e-17
overture,GLOBAL,t_test,all,max,1.5,0,236803,0,48649,0.0,nan,nan,6.691540707366465e-17
overture,la_guaira,t_test,all,mean,1.3,0,15744,0,3145,0.0,nan,nan,6.659998320675998e-17
overture,caraballeda,t_test,all,p75,1.5,0,9254,0,1691,0.0,nan,nan,6.565480335272497e-17
overture,Caracas,bdpm,all,max,-0.02,0,101164,0,18197,0.0,nan,nan,6.54962884238876e-17
overture,Moron,t_test,all,max,1.6,0,15872,0,2601,0.0,nan,nan,6.460795720104749e-17
overture,catia_la_mar,bdpm,all,mean,0.04,0,24345,0,3878,0.0,nan,nan,6.435371621276606e-17
overture,catia_la_mar,bdpm,all,p90,0.0,0,25908,0,2315,0.0,nan,nan,6.047133013740117e-17
overture,caraballeda,bdpm,all,mean,0.1,0,10186,0,759,0.0,nan,nan,5.964751131220467e-17
overture,GLOBAL,bdpm,all,max,-0.08,0,194895,0,7152,0.0,nan,nan,5.754822634147592e-17
overture,San Felipe,t_test,all,p90,1.4,0,87098,0,2344,0.0,nan,nan,5.700507920303753e-17
overture,GLOBAL,t_test,all,p90,1.2,0,280517,0,4935,0.0,nan,nan,5.648773208491824e-17
overture,Moron,t_test,all,max,1.1,0,18467,0,6,0.0,nan,nan,5.531227613302436e-17
overture,Moron,t_test,all,p90,1.1,0,18467,0,6,0.0,nan,nan,5.531227613302436e-17
overture,San Felipe,t_test,all,max,1.1,0,89387,0,55,0.0,nan,nan,5.456892499788402e-17
overture,San Felipe,t_test,all,max,1.3,0,88523,0,919,0.0,nan,nan,5.4334706813911015e-17
overture,catia_la_mar,t_test,all,p90,1.1,0,27497,0,726,0.0,nan,nan,5.341575516873851e-17
overture,catia_la_mar,t_test,all,max,1.1,0,27523,0,700,0.0,nan,nan,5.336529520309569e-17
overture,San Felipe,t_test,all,max,1.5,0,84277,0,5165,0.0,nan,nan,5.154905656196699e-17
overture,GLOBAL,t_test,all,mean,1.1,0,283449,0,2003,0.0,nan,nan,5.153596741249283e-17
overture,la_guaira,bdpm,all,mean,-0.02,0,17946,0,943,0.0,nan,nan,5.112456083006382e-17
overture,la_guaira,bdpm,all,p90,-0.02,0,18062,0,827,0.0,nan,nan,5.079622238159259e-17
overture,Caracas,bdpm,all,p75,-0.08,0,115383,0,3978,0.0,nan,nan,5.0246857915376567e-17
overture,catia_la_mar,bdpm,all,max,-0.06,0,27320,0,903,0.0,nan,nan,5.017770199669897e-17
overture,caraballeda,bdpm,all,p90,0.02,0,10756,0,189,0.0,nan,nan,4.942574901895242e-17
overture,catia_la_mar,t_test,all,p90,1.3,0,24770,0,3453,0.0,nan,nan,4.7437158494139776e-17
overture,Moron,bdpm,all,p75,-0.04,0,16222,0,2251,0.0,nan,nan,4.741049947733136e-17
overture,GLOBAL,t_test,all,p75,1.4,0,256064,0,29388,0.0,nan,nan,4.6411548893826375e-17
overture,Moron,t_test,all,mean,1.1,0,18462,0,11,0.0,nan,nan,4.5889077173509686e-17
overture,GLOBAL,t_test,all,max,1.2,0,280737,0,4715,0.0,nan,nan,4.586031562379672e-17
overture,catia_la_mar,bdpm,all,p75,0.0,0,25809,0,2414,0.0,nan,nan,4.5527467778675743e-17
overture,caraballeda,t_test,all,p75,1.4,0,10039,0,906,0.0,nan,nan,4.539069256595156e-17
overture,la_guaira,t_test,all,p75,1.2,0,17636,0,1253,0.0,nan,nan,4.459132466009423e-17
overture,caraballeda,bdpm,all,p75,0.1,0,10258,0,687,0.0,nan,nan,4.4421638006393805e-17
overture,caraballeda,bdpm,all,p90,0.1,0,10282,0,663,0.0,nan,nan,4.431795007484805e-17
overture,Moron,bdpm,all,p75,-0.1,0,17505,0,968,0.0,nan,nan,4.3935625393959975e-17
overture,Moron,bdpm,all,max,-0.1,0,17553,0,920,0.0,nan,nan,4.381548011857058e-17
overture,Caracas,t_test,all,p90,1.3,0,114271,0,5090,0.0,nan,nan,4.3487848111818607e-17
overture,GLOBAL,bdpm,all,p90,-0.08,0,194693,0,7354,0.0,nan,nan,4.32059508026301e-17
overture,caraballeda,t_test,all,p90,1.3,0,10581,0,364,0.0,nan,nan,4.306560463751892e-17
overture,la_guaira,bdpm,all,mean,-0.06,0,18575,0,314,0.0,nan,nan,4.233715217795003e-17
overture,catia_la_mar,bdpm,all,p90,-0.1,0,27757,0,466,0.0,nan,nan,4.2332327553404264e-17
overture,caraballeda,t_test,all,p75,1.2,0,10820,0,125,0.0,nan,nan,4.2114340357632874e-17
overture,Moron,t_test,all,p75,1.4,0,18011,0,462,0.0,nan,nan,3.914285875175339e-17
overture,catia_la_mar,bdpm,all,mean,-0.1,0,27698,0,525,0.0,nan,nan,3.888729202739748e-17
overture,catia_la_mar,t_test,all,p75,1.0,0,27979,0,244,0.0,nan,nan,3.849673735926428e-17
overture,catia_la_mar,t_test,all,p90,1.2,0,26475,0,1748,0.0,nan,nan,3.6985156307832614e-17
overture,la_guaira,bdpm,all,p75,-0.06,0,18607,0,282,0.0,nan,nan,3.6981298784986517e-17
overture,San Felipe,bdpm,all,p75,-0.08,0,4582,0,1506,0.0,nan,nan,3.6878206972489924e-17
overture,catia_la_mar,bdpm,all,mean,0.12,0,21290,0,6933,0.0,nan,nan,3.6794063438228973e-17
overture,caraballeda,bdpm,all,p75,-0.02,0,10868,0,77,0.0,nan,nan,3.668729456531921e-17
overture,la_guaira,t_test,all,max,1.4,0,14333,0,4556,0.0,nan,nan,3.6578180967251416e-17
overture,San Felipe,bdpm,all,p90,-0.08,0,4622,0,1466,0.0,nan,nan,3.655905329899369e-17
overture,San Felipe,t_test,all,p75,1.2,0,89151,0,291,0.0,nan,nan,3.6548102431881516e-17
overture,catia_la_mar,bdpm,all,p75,0.12,0,21590,0,6633,0.0,nan,nan,3.6282798082440704e-17
overture,caraballeda,t_test,all,p90,1.6,0,8378,0,2567,0.0,nan,nan,3.625982037634978e-17
overture,GLOBAL,t_test,all,max,1.3,0,273276,0,12176,0.0,nan,nan,3.6240305454158543e-17
overture,GLOBAL,bdpm,all,mean,-0.08,0,193487,0,8560,0.0,nan,nan,3.6229377079667984e-17
overture,San Felipe,t_test,all,p75,1.7,0,68774,0,20668,0.0,nan,nan,3.609669634183094e-17
overture,catia_la_mar,bdpm,all,p90,-0.06,0,27292,0,931,0.0,nan,nan,3.587798670855447e-17
overture,catia_la_mar,bdpm,all,max,0.12,0,21840,0,6383,0.0,nan,nan,3.586747301281569e-17
overture,Caracas,t_test,all,p90,1.5,0,92537,0,26824,0.0,nan,nan,3.580117424443285e-17
overture,catia_la_mar,t_test,all,mean,1.1,0,27351,0,872,0.0,nan,nan,3.580059278453689e-17
overture,caraballeda,bdpm,all,max,0.06,0,10625,0,320,0.0,nan,nan,3.573938530741864e-17
overture,catia_la_mar,bdpm,all,max,-0.08,0,27580,0,643,0.0,nan,nan,3.5503336230959697e-17
overture,Caracas,t_test,all,max,1.5,0,93784,0,25577,0.0,nan,nan,3.532514353255441e-17
overture,GLOBAL,bdpm,all,p90,0.0,0,159109,0,42938,0.0,nan,nan,3.52458427016132e-17
overture,Moron,bdpm,all,mean,0.0,0,14562,0,3911,0.0,nan,nan,3.521005001699718e-17
overture,Caracas,t_test,all,p75,1.2,0,117655,0,1706,0.0,nan,nan,3.519754006477713e-17
overture,San Felipe,bdpm,all,mean,-0.1,0,4813,0,1275,0.0,nan,nan,3.510823693080175e-17
overture,caraballeda,bdpm,all,p75,0.22,0,8661,0,2284,0.0,nan,nan,3.507502310507545e-17
overture,San Felipe,t_test,all,max,1.7,0,70886,0,18556,0.0,nan,nan,3.502121990538444e-17
overture,catia_la_mar,bdpm,all,p75,0.1,0,22369,0,5854,0.0,nan,nan,3.5019250328575025e-17
overture,catia_la_mar,bdpm,all,p90,0.1,0,22527,0,5696,0.0,nan,nan,3.477363211257135e-17
overture,caraballeda,bdpm,all,p90,0.22,0,8749,0,2196,0.0,nan,nan,3.472222826758012e-17
overture,Moron,bdpm,all,p75,0.0,0,14802,0,3671,0.0,nan,nan,3.46391533811318e-17
overture,catia_la_mar,bdpm,all,max,0.1,0,22624,0,5599,0.0,nan,nan,3.462454077969832e-17
overture,Moron,bdpm,all,p90,0.0,0,14922,0,3551,0.0,nan,nan,3.436059163299242e-17
overture,San Felipe,bdpm,all,p90,-0.1,0,4958,0,1130,0.0,nan,nan,3.4081473244846476e-17
overture,caraballeda,bdpm,all,mean,-0.04,0,10892,0,53,0.0,nan,nan,3.399170902213e-17
overture,catia_la_mar,bdpm,all,p75,0.08,0,23061,0,5162,0.0,nan,nan,3.396841466544793e-17
overture,San Felipe,bdpm,all,max,-0.1,0,5008,0,1080,0.0,nan,nan,3.374120294487796e-17
overture,la_guaira,bdpm,all,p90,0.04,0,15617,0,3272,0.0,nan,nan,3.357079258523497e-17
overture,Caracas,bdpm,all,p75,-0.02,0,99490,0,19871,0.0,nan,nan,3.329915831799259e-17
overture,catia_la_mar,bdpm,all,mean,0.06,0,23538,0,4685,0.0,nan,nan,3.328004123544459e-17
overture,caraballeda,bdpm,all,max,-0.04,0,10896,0,49,0.0,nan,nan,3.3107968102675926e-17
overture,Caracas,bdpm,all,p90,-0.02,0,100609,0,18752,0.0,nan,nan,3.2928796241460335e-17
overture,caraballeda,bdpm,all,p75,0.18,0,9279,0,1666,0.0,nan,nan,3.273895625746939e-17
overture,San Felipe,t_test,all,mean,1.6,0,76027,0,13415,0.0,nan,nan,3.265306002095415e-17
overture,caraballeda,bdpm,all,p90,0.18,0,9326,0,1619,0.0,nan,nan,3.2573962589862585e-17
overture,Moron,t_test,all,p90,1.6,0,15785,0,2688,0.0,nan,nan,3.248202396880031e-17
overture,Moron,t_test,all,p90,1.3,0,18337,0,136,0.0,nan,nan,3.233040384342105e-17
overture,Caracas,t_test,all,mean,1.4,0,102591,0,16770,0.0,nan,nan,3.2292630552944044e-17
overture,GLOBAL,bdpm,all,p75,-0.02,0,173855,0,28192,0.0,nan,nan,3.225636758454445e-17
overture,caraballeda,bdpm,all,mean,0.16,0,9458,0,1487,0.0,nan,nan,3.211934606820242e-17
overture,la_guaira,bdpm,all,p75,0.02,0,16370,0,2519,0.0,nan,nan,3.2026577141332593e-17
overture,GLOBAL,bdpm,all,p90,-0.02,0,175254,0,26793,0.0,nan,nan,3.199887469850032e-17
overture,GLOBAL,bdpm,all,max,-0.02,0,175981,0,26066,0.0,nan,nan,3.1866683257914065e-17
overture,catia_la_mar,t_test,all,p75,1.3,0,24584,0,3639,0.0,nan,nan,3.186404208427818e-17
overture,caraballeda,bdpm,all,max,0.16,0,9657,0,1288,0.0,nan,nan,3.1457468687279534e-17
overture,Moron,bdpm,all,p90,-0.04,0,16301,0,2172,0.0,nan,nan,3.14538217500468e-17
overture,GLOBAL,t_test,all,mean,1.4,0,252274,0,33178,0.0,nan,nan,3.140587048460208e-17
overture,caraballeda,bdpm,all,mean,0.14,0,9721,0,1224,0.0,nan,nan,3.1250362628645044e-17
overture,caraballeda,bdpm,all,max,0.14,0,9908,0,1037,0.0,nan,nan,3.0660554613752365e-17
overture,Caracas,bdpm,all,p75,-0.04,0,108105,0,11256,0.0,nan,nan,3.064551372329756e-17
overture,GLOBAL,t_test,all,max,1.4,0,259324,0,26128,0.0,nan,nan,3.0552068341659485e-17
overture,caraballeda,bdpm,all,p90,-0.06,0,10920,0,25,0.0,nan,nan,3.0427160968856015e-17
overture,Moron,bdpm,all,mean,-0.08,0,17061,0,1412,0.0,nan,nan,3.005267852690422e-17
overture,catia_la_mar,bdpm,all,mean,-0.02,0,26220,0,2003,0.0,nan,nan,2.9875881411132525e-17
overture,la_guaira,bdpm,all,max,-0.08,0,18697,0,192,0.0,nan,nan,2.979313577265553e-17
overture,caraballeda,bdpm,all,p75,-0.08,0,10928,0,17,0.0,nan,nan,2.975335304842564e-17
overture,San Felipe,t_test,all,p75,1.5,0,83572,0,5870,0.0,nan,nan,2.9705094938652674e-17
overture,Moron,t_test,all,max,1.5,0,17284,0,1189,0.0,nan,nan,2.966493568314701e-17
overture,Caracas,bdpm,all,p75,-0.06,0,112876,0,6485,0.0,nan,nan,2.935020076063187e-17
overture,San Felipe,t_test,all,max,1.2,0,89189,0,253,0.0,nan,nan,2.913904233780869e-17
overture,caraballeda,bdpm,all,p75,0.08,0,10438,0,507,0.0,nan,nan,2.910373396369596e-17
overture,GLOBAL,t_test,all,p90,1.3,0,272693,0,12759,0.0,nan,nan,2.905422790695949e-17
overture,caraballeda,bdpm,all,p90,0.08,0,10466,0,479,0.0,nan,nan,2.902587188162225e-17
overture,caraballeda,bdpm,all,p90,0.04,0,10693,0,252,0.0,nan,nan,2.840968625390989e-17
overture,catia_la_mar,bdpm,all,max,-0.1,0,27762,0,461,0.0,nan,nan,2.8216468935951834e-17
overture,la_guaira,t_test,all,p90,1.1,0,18532,0,357,0.0,nan,nan,2.4753976059149726e-17
overture,Caracas,t_test,all,mean,1.3,0,112646,0,6715,0.0,nan,nan,2.2057595882612894e-17
overture,GLOBAL,bdpm,all,p90,-0.06,0,191239,0,10808,0.0,nan,nan,2.1993150402419124e-17
overture,Moron,bdpm,all,p90,-0.1,0,17531,0,942,0.0,nan,nan,2.193523251729135e-17
overture,caraballeda,bdpm,all,max,0.08,0,10478,0,467,0.0,nan,nan,2.1744472354914473e-17
overture,catia_la_mar,bdpm,all,p75,-0.06,0,27245,0,978,0.0,nan,nan,2.156392761790865e-17
overture,Moron,t_test,all,p90,1.4,0,18037,0,436,0.0,nan,nan,2.131987366306119e-17
overture,Caracas,t_test,all,p90,1.2,0,117809,0,1552,0.0,nan,nan,2.1090917890762267e-17
overture,la_guaira,bdpm,all,p90,-0.1,0,18732,0,157,0.0,nan,nan,2.0991154220195968e-17
overture,catia_la_mar,t_test,all,max,1.0,0,28003,0,220,0.0,nan,nan,1.9231871845424695e-17
overture,GLOBAL,bdpm,all,mean,-0.1,0,196126,0,5921,0.0,nan,nan,1.78709438906971e-17
overture,San Felipe,t_test,all,p75,1.4,0,86911,0,2531,0.0,nan,nan,1.7852416510950004e-17
overture,la_guaira,bdpm,all,p90,-0.04,0,18480,0,409,0.0,nan,nan,1.7731164360241294e-17
overture,GLOBAL,t_test,all,mean,1.2,0,279320,0,6132,0.0,nan,nan,1.7728064072194312e-17
overture,GLOBAL,t_test,all,p75,1.0,0,285016,0,436,0.0,nan,nan,1.7156599352096897e-17
overture,San Felipe,t_test,all,p75,1.1,0,89375,0,67,0.0,nan,nan,1.6058221186343358e-17
overture,GLOBAL,t_test,all,p90,1.0,0,285048,0,404,0.0,nan,nan,1.5851786740088863e-17
overture,la_guaira,bdpm,all,max,-0.06,0,18622,0,267,0.0,nan,nan,1.5836361595936696e-17
overture,catia_la_mar,bdpm,all,max,0.04,0,24747,0,3476,0.0,nan,nan,1.5827082284719256e-17
overture,caraballeda,t_test,all,mean,1.2,0,10809,0,136,0.0,nan,nan,1.580894957915583e-17
overture,Moron,bdpm,all,p75,-0.06,0,16737,0,1736,0.0,nan,nan,1.531722376613231e-17
overture,Caracas,bdpm,all,max,-0.04,0,109054,0,10307,0.0,nan,nan,1.5189416532438437e-17
overture,Moron,t_test,all,p75,1.5,0,17123,0,1350,0.0,nan,nan,1.4971930980187843e-17
overture,Moron,bdpm,all,p90,-0.08,0,17200,0,1273,0.0,nan,nan,1.4904905475218398e-17
overture,la_guaira,t_test,all,max,1.2,0,17773,0,1116,0.0,nan,nan,1.4749200129511466e-17
overture,GLOBAL,bdpm,all,p75,-0.06,0,190691,0,11356,0.0,nan,nan,1.4704235612616682e-17
overture,GLOBAL,t_test,all,p75,1.3,0,271643,0,13809,0.0,nan,nan,1.4583266586351396e-17
overture,la_guaira,bdpm,all,max,-0.02,0,18086,0,803,0.0,nan,nan,1.4493947467754466e-17
overture,catia_la_mar,bdpm,all,mean,-0.06,0,27172,0,1051,0.0,nan,nan,1.4414574021049145e-17
overture,San Felipe,t_test,all,mean,1.2,0,89072,0,370,0.0,nan,nan,1.393543534563657e-17
overture,la_guaira,t_test,all,p90,1.0,0,18822,0,67,0.0,nan,nan,1.3927188072564406e-17
overture,Moron,t_test,all,p75,1.1,0,18466,0,7,0.0,nan,nan,9.002289281831214e-18
overture,Moron,t_test,all,max,1.2,0,18442,0,31,0.0,nan,nan,8.253787396468273e-18
overture,Caracas,t_test,all,max,1.1,0,119007,0,354,0.0,nan,nan,7.394505343956974e-18
overture,Moron,bdpm,all,mean,-0.1,0,17430,0,1043,0.0,nan,nan,7.35411285639003e-18
overture,caraballeda,bdpm,all,mean,0.08,0,10399,0,546,0.0,nan,nan,7.303220865300953e-18
overture,catia_la_mar,bdpm,all,p75,-0.04,0,26884,0,1339,0.0,nan,nan,7.284496453279783e-18
overture,San Felipe,t_test,all,mean,1.4,0,86462,0,2980,0.0,nan,nan,7.178049878018902e-18
overture,caraballeda,t_test,all,max,1.3,0,10598,0,347,0.0,nan,nan,7.16608735405403e-18
overture,Caracas,bdpm,all,p90,-0.08,0,115619,0,3742,0.0,nan,nan,7.163470668871645e-18
overture,la_guaira,t_test,all,mean,1.0,0,18799,0,90,0.0,nan,nan,6.972113780036365e-18
overture,caraballeda,bdpm,all,p75,-0.04,0,10893,0,52,0.0,nan,nan,6.100515886898149e-18
overture,GLOBAL,t_test,all,max,1.1,0,283926,0,1526,0.0,nan,nan,4.360117474839672e-18
overture,caraballeda,bdpm,all,mean,0.04,0,10658,0,287,0.0,nan,nan,3.562872667398415e-18
overture,catia_la_mar,bdpm,all,p75,-0.08,0,27550,0,673,0.0,nan,nan,3.55419968511749e-18
overture,caraballeda,t_test,all,mean,1.1,0,10913,0,32,0.0,nan,nan,3.4796203508780635e-18
overture,caraballeda,bdpm,all,mean,-0.06,0,10913,0,32,0.0,nan,nan,3.4796203508780635e-18
overture,caraballeda,t_test,all,max,1.1,0,10921,0,24,0.0,nan,nan,2.60780355890937e-18
overture,caraballeda,t_test,all,p90,1.1,0,10921,0,24,0.0,nan,nan,2.60780355890937e-18
overture,caraballeda,bdpm,all,mean,-0.08,0,10925,0,20,0.0,nan,nan,2.172373963909171e-18
overture,Caracas,t_test,all,p90,1.0,0,119297,0,64,0.0,nan,nan,1.9526108780445118e-18
overture,caraballeda,bdpm,all,mean,-0.1,0,10933,0,12,0.0,nan,nan,1.3024706241127427e-18
overture,caraballeda,bdpm,all,max,-0.1,0,10937,0,8,0.0,nan,nan,8.679961801484024e-19
overture,caraballeda,bdpm,all,p75,-0.1,0,10937,0,8,0.0,nan,nan,8.679961801484024e-19
overture,caraballeda,bdpm,all,p90,-0.1,0,10937,0,8,0.0,nan,nan,8.679961801484024e-19
overture,GLOBAL,t_test,all,mean,1.6,0,192427,0,93025,0.0,nan,nan,0.0
overture,GLOBAL,t_test,all,mean,1.7,0,155552,0,129900,0.0,nan,nan,0.0
overture,GLOBAL,t_test,all,mean,1.8,0,119563,0,165889,0.0,nan,nan,0.0
overture,GLOBAL,t_test,all,mean,1.9,0,88012,0,197440,0.0,nan,nan,0.0
overture,GLOBAL,t_test,all,mean,2.0,0,63162,0,222290,0.0,nan,nan,0.0
overture,GLOBAL,t_test,all,mean,2.1,0,43764,0,241688,0.0,nan,nan,0.0
overture,GLOBAL,t_test,all,mean,2.2,0,29869,0,255583,0.0,nan,nan,0.0
overture,GLOBAL,t_test,all,mean,2.3,0,20305,0,265147,0.0,nan,nan,0.0
overture,GLOBAL,t_test,all,mean,2.4,0,13633,0,271819,0.0,nan,nan,0.0
overture,GLOBAL,t_test,all,mean,2.5,0,9174,0,276278,0.0,nan,nan,0.0
overture,GLOBAL,t_test,all,mean,2.6,0,6177,0,279275,0.0,nan,nan,0.0
overture,GLOBAL,t_test,all,mean,2.7,0,4272,0,281180,0.0,nan,nan,0.0
overture,GLOBAL,t_test,all,mean,2.8,0,2925,0,282527,0.0,nan,nan,0.0
overture,GLOBAL,t_test,all,mean,2.9,0,2075,0,283377,0.0,nan,nan,0.0
overture,GLOBAL,t_test,all,mean,3.0,0,1439,0,284013,0.0,nan,nan,0.0
overture,GLOBAL,t_test,all,mean,3.1,0,1005,0,284447,0.0,nan,nan,0.0
overture,GLOBAL,t_test,all,mean,3.2,0,723,0,284729,0.0,nan,nan,0.0
overture,GLOBAL,t_test,all,mean,3.3,0,542,0,284910,0.0,nan,nan,0.0
overture,GLOBAL,t_test,all,mean,3.4,0,432,0,285020,0.0,nan,nan,0.0
overture,GLOBAL,t_test,all,mean,3.5,0,341,0,285111,0.0,nan,nan,0.0
overture,GLOBAL,t_test,all,mean,3.6,0,286,0,285166,0.0,nan,nan,0.0
overture,GLOBAL,t_test,all,mean,3.7,0,241,0,285211,0.0,nan,nan,0.0
overture,GLOBAL,t_test,all,mean,3.8,0,191,0,285261,0.0,nan,nan,0.0
overture,GLOBAL,t_test,all,mean,3.9,0,163,0,285289,0.0,nan,nan,0.0
overture,GLOBAL,t_test,all,mean,4.0,0,134,0,285318,0.0,nan,nan,0.0
overture,GLOBAL,t_test,all,mean,4.1,0,114,0,285338,0.0,nan,nan,0.0
overture,GLOBAL,t_test,all,mean,4.2,0,99,0,285353,0.0,nan,nan,0.0
overture,GLOBAL,t_test,all,mean,4.3,0,80,0,285372,0.0,nan,nan,0.0
overture,GLOBAL,t_test,all,mean,4.4,0,68,0,285384,0.0,nan,nan,0.0
overture,GLOBAL,t_test,all,mean,4.5,0,51,0,285401,0.0,nan,nan,0.0
overture,GLOBAL,t_test,all,mean,4.6,0,39,0,285413,0.0,nan,nan,0.0
overture,GLOBAL,t_test,all,mean,4.7,0,34,0,285418,0.0,nan,nan,0.0
overture,GLOBAL,t_test,all,mean,4.8,0,28,0,285424,0.0,nan,nan,0.0
overture,GLOBAL,t_test,all,mean,4.9,0,22,0,285430,0.0,nan,nan,0.0
overture,GLOBAL,t_test,all,mean,5.0,0,21,0,285431,0.0,nan,nan,0.0
overture,GLOBAL,t_test,all,mean,5.1,0,18,0,285434,0.0,nan,nan,0.0
overture,GLOBAL,t_test,all,mean,5.2,0,15,0,285437,0.0,nan,nan,0.0
overture,GLOBAL,t_test,all,mean,5.3,0,14,0,285438,0.0,nan,nan,0.0
overture,GLOBAL,t_test,all,mean,5.4,0,12,0,285440,0.0,nan,nan,0.0
overture,GLOBAL,t_test,all,mean,5.5,0,8,0,285444,0.0,nan,nan,0.0
overture,GLOBAL,t_test,all,mean,5.6,0,8,0,285444,0.0,nan,nan,0.0
overture,GLOBAL,t_test,all,mean,5.7,0,6,0,285446,0.0,nan,nan,0.0
overture,GLOBAL,t_test,all,mean,5.8,0,3,0,285449,0.0,nan,nan,0.0
overture,GLOBAL,t_test,all,mean,5.9,0,3,0,285449,0.0,nan,nan,0.0
overture,GLOBAL,t_test,all,mean,6.0,0,2,0,285450,0.0,nan,nan,0.0
overture,GLOBAL,t_test,all,max,1.6,0,207363,0,78089,0.0,nan,nan,0.0
overture,GLOBAL,t_test,all,max,1.7,0,172839,0,112613,0.0,nan,nan,0.0
overture,GLOBAL,t_test,all,max,1.9,0,105156,0,180296,0.0,nan,nan,0.0
overture,GLOBAL,t_test,all,max,2.1,0,56420,0,229032,0.0,nan,nan,0.0
overture,GLOBAL,t_test,all,max,2.2,0,39648,0,245804,0.0,nan,nan,0.0
overture,GLOBAL,t_test,all,max,2.3,0,27585,0,257867,0.0,nan,nan,0.0
overture,GLOBAL,t_test,all,max,2.4,0,19065,0,266387,0.0,nan,nan,0.0
overture,GLOBAL,t_test,all,max,2.5,0,13173,0,272279,0.0,nan,nan,0.0
overture,GLOBAL,t_test,all,max,2.6,0,9005,0,276447,0.0,nan,nan,0.0
overture,GLOBAL,t_test,all,max,2.7,0,6329,0,279123,0.0,nan,nan,0.0
overture,GLOBAL,t_test,all,max,2.8,0,4400,0,281052,0.0,nan,nan,0.0
overture,GLOBAL,t_test,all,max,2.9,0,3253,0,282199,0.0,nan,nan,0.0
overture,GLOBAL,t_test,all,max,3.0,0,2329,0,283123,0.0,nan,nan,0.0
overture,GLOBAL,t_test,all,max,3.1,0,1643,0,283809,0.0,nan,nan,0.0
overture,GLOBAL,t_test,all,max,3.2,0,1220,0,284232,0.0,nan,nan,0.0
overture,GLOBAL,t_test,all,max,3.3,0,900,0,284552,0.0,nan,nan,0.0
overture,GLOBAL,t_test,all,max,3.4,0,705,0,284747,0.0,nan,nan,0.0
overture,GLOBAL,t_test,all,max,3.5,0,552,0,284900,0.0,nan,nan,0.0
overture,GLOBAL,t_test,all,max,3.6,0,457,0,284995,0.0,nan,nan,0.0
overture,GLOBAL,t_test,all,max,3.7,0,390,0,285062,0.0,nan,nan,0.0
overture,GLOBAL,t_test,all,max,3.8,0,317,0,285135,0.0,nan,nan,0.0
overture,GLOBAL,t_test,all,max,3.9,0,266,0,285186,0.0,nan,nan,0.0
overture,GLOBAL,t_test,all,max,4.0,0,232,0,285220,0.0,nan,nan,0.0
overture,GLOBAL,t_test,all,max,4.1,0,195,0,285257,0.0,nan,nan,0.0
overture,GLOBAL,t_test,all,max,4.2,0,167,0,285285,0.0,nan,nan,0.0
overture,GLOBAL,t_test,all,max,4.3,0,133,0,285319,0.0,nan,nan,0.0
overture,GLOBAL,t_test,all,max,4.4,0,111,0,285341,0.0,nan,nan,0.0
overture,GLOBAL,t_test,all,max,4.5,0,92,0,285360,0.0,nan,nan,0.0
overture,GLOBAL,t_test,all,max,4.6,0,67,0,285385,0.0,nan,nan,0.0
overture,GLOBAL,t_test,all,max,4.7,0,57,0,285395,0.0,nan,nan,0.0
overture,GLOBAL,t_test,all,max,4.8,0,51,0,285401,0.0,nan,nan,0.0
overture,GLOBAL,t_test,all,max,4.9,0,44,0,285408,0.0,nan,nan,0.0
overture,GLOBAL,t_test,all,max,5.0,0,38,0,285414,0.0,nan,nan,0.0
overture,GLOBAL,t_test,all,max,5.1,0,35,0,285417,0.0,nan,nan,0.0
overture,GLOBAL,t_test,all,max,5.2,0,30,0,285422,0.0,nan,nan,0.0
overture,GLOBAL,t_test,all,max,5.3,0,27,0,285425,0.0,nan,nan,0.0
overture,GLOBAL,t_test,all,max,5.4,0,24,0,285428,0.0,nan,nan,0.0
overture,GLOBAL,t_test,all,max,5.5,0,20,0,285432,0.0,nan,nan,0.0
overture,GLOBAL,t_test,all,max,5.6,0,19,0,285433,0.0,nan,nan,0.0
overture,GLOBAL,t_test,all,max,5.7,0,16,0,285436,0.0,nan,nan,0.0
overture,GLOBAL,t_test,all,max,5.8,0,10,0,285442,0.0,nan,nan,0.0
overture,GLOBAL,t_test,all,max,5.9,0,9,0,285443,0.0,nan,nan,0.0
overture,GLOBAL,t_test,all,max,6.0,0,8,0,285444,0.0,nan,nan,0.0
overture,GLOBAL,t_test,all,p75,1.5,0,231500,0,53952,0.0,nan,nan,0.0
overture,GLOBAL,t_test,all,p75,1.6,0,200161,0,85291,0.0,nan,nan,0.0
overture,GLOBAL,t_test,all,p75,1.7,0,164164,0,121288,0.0,nan,nan,0.0
overture,GLOBAL,t_test,all,p75,1.9,0,96262,0,189190,0.0,nan,nan,0.0
overture,GLOBAL,t_test,all,p75,2.0,0,70384,0,215068,0.0,nan,nan,0.0
overture,GLOBAL,t_test,all,p75,2.1,0,49671,0,235781,0.0,nan,nan,0.0
overture,GLOBAL,t_test,all,p75,2.2,0,34309,0,251143,0.0,nan,nan,0.0
overture,GLOBAL,t_test,all,p75,2.3,0,23582,0,261870,0.0,nan,nan,0.0
overture,GLOBAL,t_test,all,p75,2.4,0,16049,0,269403,0.0,nan,nan,0.0
overture,GLOBAL,t_test,all,p75,2.5,0,10938,0,274514,0.0,nan,nan,0.0
overture,GLOBAL,t_test,all,p75,2.6,0,7410,0,278042,0.0,nan,nan,0.0
overture,GLOBAL,t_test,all,p75,2.7,0,5149,0,280303,0.0,nan,nan,0.0
overture,GLOBAL,t_test,all,p75,2.8,0,3598,0,281854,0.0,nan,nan,0.0
overture,GLOBAL,t_test,all,p75,2.9,0,2596,0,282856,0.0,nan,nan,0.0
overture,GLOBAL,t_test,all,p75,3.0,0,1781,0,283671,0.0,nan,nan,0.0
overture,GLOBAL,t_test,all,p75,3.1,0,1283,0,284169,0.0,nan,nan,0.0
overture,GLOBAL,t_test,all,p75,3.2,0,921,0,284531,0.0,nan,nan,0.0
overture,GLOBAL,t_test,all,p75,3.3,0,691,0,284761,0.0,nan,nan,0.0
overture,GLOBAL,t_test,all,p75,3.4,0,529,0,284923,0.0,nan,nan,0.0
overture,GLOBAL,t_test,all,p75,3.5,0,423,0,285029,0.0,nan,nan,0.0
overture,GLOBAL,t_test,all,p75,3.6,0,347,0,285105,0.0,nan,nan,0.0
overture,GLOBAL,t_test,all,p75,3.7,0,296,0,285156,0.0,nan,nan,0.0
overture,GLOBAL,t_test,all,p75,3.8,0,251,0,285201,0.0,nan,nan,0.0
overture,GLOBAL,t_test,all,p75,3.9,0,208,0,285244,0.0,nan,nan,0.0
overture,GLOBAL,t_test,all,p75,4.0,0,174,0,285278,0.0,nan,nan,0.0
overture,GLOBAL,t_test,all,p75,4.1,0,148,0,285304,0.0,nan,nan,0.0
overture,GLOBAL,t_test,all,p75,4.2,0,125,0,285327,0.0,nan,nan,0.0
overture,GLOBAL,t_test,all,p75,4.3,0,105,0,285347,0.0,nan,nan,0.0
overture,GLOBAL,t_test,all,p75,4.4,0,87,0,285365,0.0,nan,nan,0.0
overture,GLOBAL,t_test,all,p75,4.5,0,71,0,285381,0.0,nan,nan,0.0
overture,GLOBAL,t_test,all,p75,4.6,0,56,0,285396,0.0,nan,nan,0.0
overture,GLOBAL,t_test,all,p75,4.7,0,44,0,285408,0.0,nan,nan,0.0
overture,GLOBAL,t_test,all,p75,4.8,0,38,0,285414,0.0,nan,nan,0.0
overture,GLOBAL,t_test,all,p75,4.9,0,30,0,285422,0.0,nan,nan,0.0
overture,GLOBAL,t_test,all,p75,5.0,0,24,0,285428,0.0,nan,nan,0.0
overture,GLOBAL,t_test,all,p75,5.1,0,21,0,285431,0.0,nan,nan,0.0
overture,GLOBAL,t_test,all,p75,5.2,0,20,0,285432,0.0,nan,nan,0.0
overture,GLOBAL,t_test,all,p75,5.3,0,18,0,285434,0.0,nan,nan,0.0
overture,GLOBAL,t_test,all,p75,5.4,0,14,0,285438,0.0,nan,nan,0.0
overture,GLOBAL,t_test,all,p75,5.5,0,13,0,285439,0.0,nan,nan,0.0
overture,GLOBAL,t_test,all,p75,5.6,0,12,0,285440,0.0,nan,nan,0.0
overture,GLOBAL,t_test,all,p75,5.7,0,10,0,285442,0.0,nan,nan,0.0
overture,GLOBAL,t_test,all,p75,5.8,0,6,0,285446,0.0,nan,nan,0.0
overture,GLOBAL,t_test,all,p75,5.9,0,5,0,285447,0.0,nan,nan,0.0
overture,GLOBAL,t_test,all,p75,6.0,0,5,0,285447,0.0,nan,nan,0.0
overture,GLOBAL,t_test,all,p90,1.5,0,234800,0,50652,0.0,nan,nan,0.0
overture,GLOBAL,t_test,all,p90,1.8,0,134060,0,151392,0.0,nan,nan,0.0
overture,GLOBAL,t_test,all,p90,1.9,0,101501,0,183951,0.0,nan,nan,0.0
overture,GLOBAL,t_test,all,p90,2.0,0,74985,0,210467,0.0,nan,nan,0.0
overture,GLOBAL,t_test,all,p90,2.1,0,53585,0,231867,0.0,nan,nan,0.0
overture,GLOBAL,t_test,all,p90,2.2,0,37386,0,248066,0.0,nan,nan,0.0
overture,GLOBAL,t_test,all,p90,2.3,0,25866,0,259586,0.0,nan,nan,0.0
overture,GLOBAL,t_test,all,p90,2.4,0,17749,0,267703,0.0,nan,nan,0.0
overture,GLOBAL,t_test,all,p90,2.5,0,12151,0,273301,0.0,nan,nan,0.0
overture,GLOBAL,t_test,all,p90,2.6,0,8267,0,277185,0.0,nan,nan,0.0
overture,GLOBAL,t_test,all,p90,2.7,0,5781,0,279671,0.0,nan,nan,0.0
overture,GLOBAL,t_test,all,p90,2.8,0,4021,0,281431,0.0,nan,nan,0.0
overture,GLOBAL,t_test,all,p90,2.9,0,2965,0,282487,0.0,nan,nan,0.0
overture,GLOBAL,t_test,all,p90,3.0,0,2077,0,283375,0.0,nan,nan,0.0
overture,GLOBAL,t_test,all,p90,3.1,0,1468,0,283984,0.0,nan,nan,0.0
overture,GLOBAL,t_test,all,p90,3.2,0,1083,0,284369,0.0,nan,nan,0.0
overture,GLOBAL,t_test,all,p90,3.3,0,821,0,284631,0.0,nan,nan,0.0
overture,GLOBAL,t_test,all,p90,3.4,0,631,0,284821,0.0,nan,nan,0.0
overture,GLOBAL,t_test,all,p90,3.5,0,492,0,284960,0.0,nan,nan,0.0
overture,GLOBAL,t_test,all,p90,3.6,0,409,0,285043,0.0,nan,nan,0.0
overture,GLOBAL,t_test,all,p90,3.7,0,342,0,285110,0.0,nan,nan,0.0
overture,GLOBAL,t_test,all,p90,3.8,0,279,0,285173,0.0,nan,nan,0.0
overture,GLOBAL,t_test,all,p90,3.9,0,244,0,285208,0.0,nan,nan,0.0
overture,GLOBAL,t_test,all,p90,4.0,0,195,0,285257,0.0,nan,nan,0.0
overture,GLOBAL,t_test,all,p90,4.1,0,172,0,285280,0.0,nan,nan,0.0
overture,GLOBAL,t_test,all,p90,4.2,0,144,0,285308,0.0,nan,nan,0.0
overture,GLOBAL,t_test,all,p90,4.3,0,119,0,285333,0.0,nan,nan,0.0
overture,GLOBAL,t_test,all,p90,4.4,0,102,0,285350,0.0,nan,nan,0.0
overture,GLOBAL,t_test,all,p90,4.5,0,76,0,285376,0.0,nan,nan,0.0
overture,GLOBAL,t_test,all,p90,4.6,0,65,0,285387,0.0,nan,nan,0.0
overture,GLOBAL,t_test,all,p90,4.7,0,55,0,285397,0.0,nan,nan,0.0
overture,GLOBAL,t_test,all,p90,4.8,0,46,0,285406,0.0,nan,nan,0.0
overture,GLOBAL,t_test,all,p90,4.9,0,38,0,285414,0.0,nan,nan,0.0
overture,GLOBAL,t_test,all,p90,5.0,0,34,0,285418,0.0,nan,nan,0.0
overture,GLOBAL,t_test,all,p90,5.1,0,32,0,285420,0.0,nan,nan,0.0
overture,GLOBAL,t_test,all,p90,5.2,0,24,0,285428,0.0,nan,nan,0.0
overture,GLOBAL,t_test,all,p90,5.3,0,22,0,285430,0.0,nan,nan,0.0
overture,GLOBAL,t_test,all,p90,5.4,0,18,0,285434,0.0,nan,nan,0.0
overture,GLOBAL,t_test,all,p90,5.5,0,16,0,285436,0.0,nan,nan,0.0
overture,GLOBAL,t_test,all,p90,5.6,0,14,0,285438,0.0,nan,nan,0.0
overture,GLOBAL,t_test,all,p90,5.7,0,12,0,285440,0.0,nan,nan,0.0
overture,GLOBAL,t_test,all,p90,5.8,0,7,0,285445,0.0,nan,nan,0.0
overture,GLOBAL,t_test,all,p90,5.9,0,6,0,285446,0.0,nan,nan,0.0
overture,GLOBAL,t_test,all,p90,6.0,0,5,0,285447,0.0,nan,nan,0.0
overture,la_guaira,t_test,all,mean,1.1,0,18466,0,423,0.0,nan,nan,0.0
overture,la_guaira,t_test,all,mean,1.2,0,17475,0,1414,0.0,nan,nan,0.0
overture,la_guaira,t_test,all,mean,1.4,0,13537,0,5352,0.0,nan,nan,0.0
overture,la_guaira,t_test,all,mean,1.5,0,11164,0,7725,0.0,nan,nan,0.0
overture,la_guaira,t_test,all,mean,1.6,0,8782,0,10107,0.0,nan,nan,0.0
overture,la_guaira,t_test,all,mean,1.9,0,3277,0,15612,0.0,nan,nan,0.0
overture,la_guaira,t_test,all,mean,2.0,0,2265,0,16624,0.0,nan,nan,0.0
overture,la_guaira,t_test,all,mean,2.1,0,1535,0,17354,0.0,nan,nan,0.0
overture,la_guaira,t_test,all,mean,2.2,0,1101,0,17788,0.0,nan,nan,0.0
overture,la_guaira,t_test,all,mean,2.3,0,779,0,18110,0.0,nan,nan,0.0
overture,la_guaira,t_test,all,mean,2.4,0,543,0,18346,0.0,nan,nan,0.0
overture,la_guaira,t_test,all,mean,2.5,0,367,0,18522,0.0,nan,nan,0.0
overture,la_guaira,t_test,all,mean,2.6,0,261,0,18628,0.0,nan,nan,0.0
overture,la_guaira,t_test,all,mean,2.7,0,189,0,18700,0.0,nan,nan,0.0
overture,la_guaira,t_test,all,mean,2.8,0,134,0,18755,0.0,nan,nan,0.0
overture,la_guaira,t_test,all,mean,2.9,0,105,0,18784,0.0,nan,nan,0.0
overture,la_guaira,t_test,all,mean,3.0,0,61,0,18828,0.0,nan,nan,0.0
overture,la_guaira,t_test,all,mean,3.1,0,43,0,18846,0.0,nan,nan,0.0
overture,la_guaira,t_test,all,mean,3.2,0,29,0,18860,0.0,nan,nan,0.0
overture,la_guaira,t_test,all,mean,3.3,0,23,0,18866,0.0,nan,nan,0.0
overture,la_guaira,t_test,all,mean,3.4,0,20,0,18869,0.0,nan,nan,0.0
overture,la_guaira,t_test,all,mean,3.5,0,14,0,18875,0.0,nan,nan,0.0
overture,la_guaira,t_test,all,mean,3.6,0,10,0,18879,0.0,nan,nan,0.0
overture,la_guaira,t_test,all,mean,3.7,0,5,0,18884,0.0,nan,nan,0.0
overture,la_guaira,t_test,all,mean,3.8,0,3,0,18886,0.0,nan,nan,0.0
overture,la_guaira,t_test,all,mean,3.9,0,3,0,18886,0.0,nan,nan,0.0
overture,la_guaira,t_test,all,mean,4.0,0,2,0,18887,0.0,nan,nan,0.0
overture,la_guaira,t_test,all,mean,4.1,0,2,0,18887,0.0,nan,nan,0.0
overture,la_guaira,t_test,all,mean,4.2,0,2,0,18887,0.0,nan,nan,0.0
overture,la_guaira,t_test,all,mean,4.3,0,1,0,18888,0.0,nan,nan,0.0
overture,la_guaira,t_test,all,max,1.5,0,12085,0,6804,0.0,nan,nan,0.0
overture,la_guaira,t_test,all,max,1.7,0,7624,0,11265,0.0,nan,nan,0.0
overture,la_guaira,t_test,all,max,1.8,0,5737,0,13152,0.0,nan,nan,0.0
overture,la_guaira,t_test,all,max,1.9,0,4163,0,14726,0.0,nan,nan,0.0
overture,la_guaira,t_test,all,max,2.0,0,2979,0,15910,0.0,nan,nan,0.0
overture,la_guaira,t_test,all,max,2.1,0,2066,0,16823,0.0,nan,nan,0.0
overture,la_guaira,t_test,all,max,2.2,0,1518,0,17371,0.0,nan,nan,0.0
overture,la_guaira,t_test,all,max,2.3,0,1091,0,17798,0.0,nan,nan,0.0
overture,la_guaira,t_test,all,max,2.4,0,813,0,18076,0.0,nan,nan,0.0
overture,la_guaira,t_test,all,max,2.5,0,568,0,18321,0.0,nan,nan,0.0
overture,la_guaira,t_test,all,max,2.6,0,425,0,18464,0.0,nan,nan,0.0
overture,la_guaira,t_test,all,max,2.7,0,306,0,18583,0.0,nan,nan,0.0
overture,la_guaira,t_test,all,max,2.8,0,240,0,18649,0.0,nan,nan,0.0
overture,la_guaira,t_test,all,max,2.9,0,178,0,18711,0.0,nan,nan,0.0
overture,la_guaira,t_test,all,max,3.0,0,137,0,18752,0.0,nan,nan,0.0
overture,la_guaira,t_test,all,max,3.1,0,78,0,18811,0.0,nan,nan,0.0
overture,la_guaira,t_test,all,max,3.2,0,56,0,18833,0.0,nan,nan,0.0
overture,la_guaira,t_test,all,max,3.3,0,44,0,18845,0.0,nan,nan,0.0
overture,la_guaira,t_test,all,max,3.4,0,36,0,18853,0.0,nan,nan,0.0
overture,la_guaira,t_test,all,max,3.5,0,26,0,18863,0.0,nan,nan,0.0
overture,la_guaira,t_test,all,max,3.6,0,22,0,18867,0.0,nan,nan,0.0
overture,la_guaira,t_test,all,max,3.7,0,12,0,18877,0.0,nan,nan,0.0
overture,la_guaira,t_test,all,max,3.8,0,8,0,18881,0.0,nan,nan,0.0
overture,la_guaira,t_test,all,max,3.9,0,6,0,18883,0.0,nan,nan,0.0
overture,la_guaira,t_test,all,max,4.0,0,5,0,18884,0.0,nan,nan,0.0
overture,la_guaira,t_test,all,max,4.1,0,3,0,18886,0.0,nan,nan,0.0
overture,la_guaira,t_test,all,max,4.2,0,3,0,18886,0.0,nan,nan,0.0
overture,la_guaira,t_test,all,max,4.3,0,3,0,18886,0.0,nan,nan,0.0
overture,la_guaira,t_test,all,max,4.4,0,3,0,18886,0.0,nan,nan,0.0
overture,la_guaira,t_test,all,max,4.5,0,3,0,18886,0.0,nan,nan,0.0
overture,la_guaira,t_test,all,max,4.6,0,3,0,18886,0.0,nan,nan,0.0
overture,la_guaira,t_test,all,max,4.7,0,2,0,18887,0.0,nan,nan,0.0
overture,la_guaira,t_test,all,max,4.8,0,2,0,18887,0.0,nan,nan,0.0
overture,la_guaira,t_test,all,max,4.9,0,2,0,18887,0.0,nan,nan,0.0
overture,la_guaira,t_test,all,max,5.0,0,1,0,18888,0.0,nan,nan,0.0
overture,la_guaira,t_test,all,max,5.1,0,1,0,18888,0.0,nan,nan,0.0
overture,la_guaira,t_test,all,max,5.2,0,1,0,18888,0.0,nan,nan,0.0
overture,la_guaira,t_test,all,max,5.3,0,1,0,18888,0.0,nan,nan,0.0
overture,la_guaira,t_test,all,max,5.4,0,1,0,18888,0.0,nan,nan,0.0
overture,la_guaira,t_test,all,max,5.5,0,1,0,18888,0.0,nan,nan,0.0
overture,la_guaira,t_test,all,max,5.6,0,1,0,18888,0.0,nan,nan,0.0
overture,la_guaira,t_test,all,max,5.7,0,1,0,18888,0.0,nan,nan,0.0
overture,la_guaira,t_test,all,max,5.8,0,1,0,18888,0.0,nan,nan,0.0
overture,la_guaira,t_test,all,max,5.9,0,1,0,18888,0.0,nan,nan,0.0
overture,la_guaira,t_test,all,max,6.0,0,1,0,18888,0.0,nan,nan,0.0
overture,la_guaira,t_test,all,p75,1.3,0,16035,0,2854,0.0,nan,nan,0.0
overture,la_guaira,t_test,all,p75,1.5,0,11633,0,7256,0.0,nan,nan,0.0
overture,la_guaira,t_test,all,p75,1.6,0,9304,0,9585,0.0,nan,nan,0.0
overture,la_guaira,t_test,all,p75,1.7,0,7100,0,11789,0.0,nan,nan,0.0
overture,la_guaira,t_test,all,p75,1.9,0,3705,0,15184,0.0,nan,nan,0.0
overture,la_guaira,t_test,all,p75,2.0,0,2593,0,16296,0.0,nan,nan,0.0
overture,la_guaira,t_test,all,p75,2.1,0,1767,0,17122,0.0,nan,nan,0.0
overture,la_guaira,t_test,all,p75,2.2,0,1279,0,17610,0.0,nan,nan,0.0
overture,la_guaira,t_test,all,p75,2.3,0,916,0,17973,0.0,nan,nan,0.0
overture,la_guaira,t_test,all,p75,2.4,0,656,0,18233,0.0,nan,nan,0.0
overture,la_guaira,t_test,all,p75,2.5,0,450,0,18439,0.0,nan,nan,0.0
overture,la_guaira,t_test,all,p75,2.6,0,323,0,18566,0.0,nan,nan,0.0
overture,la_guaira,t_test,all,p75,2.7,0,236,0,18653,0.0,nan,nan,0.0
overture,la_guaira,t_test,all,p75,2.8,0,174,0,18715,0.0,nan,nan,0.0
overture,la_guaira,t_test,all,p75,2.9,0,135,0,18754,0.0,nan,nan,0.0
overture,la_guaira,t_test,all,p75,3.0,0,90,0,18799,0.0,nan,nan,0.0
overture,la_guaira,t_test,all,p75,3.1,0,58,0,18831,0.0,nan,nan,0.0
overture,la_guaira,t_test,all,p75,3.2,0,43,0,18846,0.0,nan,nan,0.0
overture,la_guaira,t_test,all,p75,3.3,0,30,0,18859,0.0,nan,nan,0.0
overture,la_guaira,t_test,all,p75,3.4,0,22,0,18867,0.0,nan,nan,0.0
overture,la_guaira,t_test,all,p75,3.5,0,18,0,18871,0.0,nan,nan,0.0
overture,la_guaira,t_test,all,p75,3.6,0,13,0,18876,0.0,nan,nan,0.0
overture,la_guaira,t_test,all,p75,3.7,0,6,0,18883,0.0,nan,nan,0.0
overture,la_guaira,t_test,all,p75,3.8,0,4,0,18885,0.0,nan,nan,0.0
overture,la_guaira,t_test,all,p75,3.9,0,4,0,18885,0.0,nan,nan,0.0
overture,la_guaira,t_test,all,p75,4.0,0,4,0,18885,0.0,nan,nan,0.0
overture,la_guaira,t_test,all,p75,4.1,0,3,0,18886,0.0,nan,nan,0.0
overture,la_guaira,t_test,all,p75,4.2,0,3,0,18886,0.0,nan,nan,0.0
overture,la_guaira,t_test,all,p75,4.3,0,3,0,18886,0.0,nan,nan,0.0
overture,la_guaira,t_test,all,p75,4.4,0,2,0,18887,0.0,nan,nan,0.0
overture,la_guaira,t_test,all,p75,4.5,0,2,0,18887,0.0,nan,nan,0.0
overture,la_guaira,t_test,all,p75,4.6,0,1,0,18888,0.0,nan,nan,0.0
overture,la_guaira,t_test,all,p75,4.7,0,1,0,18888,0.0,nan,nan,0.0
overture,la_guaira,t_test,all,p90,1.3,0,16212,0,2677,0.0,nan,nan,0.0
overture,la_guaira,t_test,all,p90,1.4,0,14175,0,4714,0.0,nan,nan,0.0
overture,la_guaira,t_test,all,p90,1.5,0,11914,0,6975,0.0,nan,nan,0.0
overture,la_guaira,t_test,all,p90,1.6,0,9632,0,9257,0.0,nan,nan,0.0
overture,la_guaira,t_test,all,p90,1.8,0,5521,0,13368,0.0,nan,nan,0.0
overture,la_guaira,t_test,all,p90,1.9,0,3974,0,14915,0.0,nan,nan,0.0
overture,la_guaira,t_test,all,p90,2.1,0,1936,0,16953,0.0,nan,nan,0.0
overture,la_guaira,t_test,all,p90,2.2,0,1419,0,17470,0.0,nan,nan,0.0
overture,la_guaira,t_test,all,p90,2.3,0,1022,0,17867,0.0,nan,nan,0.0
overture,la_guaira,t_test,all,p90,2.4,0,747,0,18142,0.0,nan,nan,0.0
overture,la_guaira,t_test,all,p90,2.5,0,511,0,18378,0.0,nan,nan,0.0
overture,la_guaira,t_test,all,p90,2.6,0,370,0,18519,0.0,nan,nan,0.0
overture,la_guaira,t_test,all,p90,2.7,0,280,0,18609,0.0,nan,nan,0.0
overture,la_guaira,t_test,all,p90,2.8,0,205,0,18684,0.0,nan,nan,0.0
overture,la_guaira,t_test,all,p90,2.9,0,157,0,18732,0.0,nan,nan,0.0
overture,la_guaira,t_test,all,p90,3.0,0,117,0,18772,0.0,nan,nan,0.0
overture,la_guaira,t_test,all,p90,3.1,0,69,0,18820,0.0,nan,nan,0.0
overture,la_guaira,t_test,all,p90,3.2,0,53,0,18836,0.0,nan,nan,0.0
overture,la_guaira,t_test,all,p90,3.3,0,40,0,18849,0.0,nan,nan,0.0
overture,la_guaira,t_test,all,p90,3.4,0,29,0,18860,0.0,nan,nan,0.0
overture,la_guaira,t_test,all,p90,3.5,0,23,0,18866,0.0,nan,nan,0.0
overture,la_guaira,t_test,all,p90,3.6,0,19,0,18870,0.0,nan,nan,0.0
overture,la_guaira,t_test,all,p90,3.7,0,8,0,18881,0.0,nan,nan,0.0
overture,la_guaira,t_test,all,p90,3.8,0,5,0,18884,0.0,nan,nan,0.0
overture,la_guaira,t_test,all,p90,3.9,0,5,0,18884,0.0,nan,nan,0.0
overture,la_guaira,t_test,all,p90,4.0,0,4,0,18885,0.0,nan,nan,0.0
overture,la_guaira,t_test,all,p90,4.1,0,3,0,18886,0.0,nan,nan,0.0
overture,la_guaira,t_test,all,p90,4.2,0,3,0,18886,0.0,nan,nan,0.0
overture,la_guaira,t_test,all,p90,4.3,0,3,0,18886,0.0,nan,nan,0.0
overture,la_guaira,t_test,all,p90,4.4,0,3,0,18886,0.0,nan,nan,0.0
overture,la_guaira,t_test,all,p90,4.5,0,3,0,18886,0.0,nan,nan,0.0
overture,la_guaira,t_test,all,p90,4.6,0,3,0,18886,0.0,nan,nan,0.0
overture,la_guaira,t_test,all,p90,4.7,0,2,0,18887,0.0,nan,nan,0.0
overture,la_guaira,t_test,all,p90,4.8,0,2,0,18887,0.0,nan,nan,0.0
overture,la_guaira,t_test,all,p90,4.9,0,1,0,18888,0.0,nan,nan,0.0
overture,la_guaira,t_test,all,p90,5.0,0,1,0,18888,0.0,nan,nan,0.0
overture,la_guaira,t_test,all,p90,5.1,0,1,0,18888,0.0,nan,nan,0.0
overture,la_guaira,t_test,all,p90,5.2,0,1,0,18888,0.0,nan,nan,0.0
overture,la_guaira,t_test,all,p90,5.3,0,1,0,18888,0.0,nan,nan,0.0
overture,la_guaira,t_test,all,p90,5.4,0,1,0,18888,0.0,nan,nan,0.0
overture,la_guaira,t_test,all,p90,5.5,0,1,0,18888,0.0,nan,nan,0.0
overture,la_guaira,t_test,all,p90,5.6,0,1,0,18888,0.0,nan,nan,0.0
overture,la_guaira,t_test,all,p90,5.7,0,1,0,18888,0.0,nan,nan,0.0
overture,la_guaira,t_test,all,p90,5.8,0,1,0,18888,0.0,nan,nan,0.0
overture,catia_la_mar,t_test,all,mean,1.2,0,26183,0,2040,0.0,nan,nan,0.0
overture,catia_la_mar,t_test,all,mean,1.5,0,18904,0,9319,0.0,nan,nan,0.0
overture,catia_la_mar,t_test,all,mean,1.8,0,10582,0,17641,0.0,nan,nan,0.0
overture,catia_la_mar,t_test,all,mean,2.0,0,6744,0,21479,0.0,nan,nan,0.0
overture,catia_la_mar,t_test,all,mean,2.1,0,5254,0,22969,0.0,nan,nan,0.0
overture,catia_la_mar,t_test,all,mean,2.2,0,4041,0,24182,0.0,nan,nan,0.0
overture,catia_la_mar,t_test,all,mean,2.3,0,3187,0,25036,0.0,nan,nan,0.0
overture,catia_la_mar,t_test,all,mean,2.4,0,2531,0,25692,0.0,nan,nan,0.0
overture,catia_la_mar,t_test,all,mean,2.5,0,1939,0,26284,0.0,nan,nan,0.0
overture,catia_la_mar,t_test,all,mean,2.6,0,1440,0,26783,0.0,nan,nan,0.0
overture,catia_la_mar,t_test,all,mean,2.7,0,1071,0,27152,0.0,nan,nan,0.0
overture,catia_la_mar,t_test,all,mean,2.8,0,811,0,27412,0.0,nan,nan,0.0
overture,catia_la_mar,t_test,all,mean,2.9,0,606,0,27617,0.0,nan,nan,0.0
overture,catia_la_mar,t_test,all,mean,3.0,0,438,0,27785,0.0,nan,nan,0.0
overture,catia_la_mar,t_test,all,mean,3.1,0,319,0,27904,0.0,nan,nan,0.0
overture,catia_la_mar,t_test,all,mean,3.2,0,252,0,27971,0.0,nan,nan,0.0
overture,catia_la_mar,t_test,all,mean,3.3,0,186,0,28037,0.0,nan,nan,0.0
overture,catia_la_mar,t_test,all,mean,3.4,0,141,0,28082,0.0,nan,nan,0.0
overture,catia_la_mar,t_test,all,mean,3.5,0,112,0,28111,0.0,nan,nan,0.0
overture,catia_la_mar,t_test,all,mean,3.6,0,87,0,28136,0.0,nan,nan,0.0
overture,catia_la_mar,t_test,all,mean,3.7,0,73,0,28150,0.0,nan,nan,0.0
overture,catia_la_mar,t_test,all,mean,3.8,0,48,0,28175,0.0,nan,nan,0.0
overture,catia_la_mar,t_test,all,mean,3.9,0,37,0,28186,0.0,nan,nan,0.0
overture,catia_la_mar,t_test,all,mean,4.0,0,29,0,28194,0.0,nan,nan,0.0
overture,catia_la_mar,t_test,all,mean,4.1,0,23,0,28200,0.0,nan,nan,0.0
overture,catia_la_mar,t_test,all,mean,4.2,0,19,0,28204,0.0,nan,nan,0.0
overture,catia_la_mar,t_test,all,mean,4.3,0,10,0,28213,0.0,nan,nan,0.0
overture,catia_la_mar,t_test,all,mean,4.4,0,9,0,28214,0.0,nan,nan,0.0
overture,catia_la_mar,t_test,all,mean,4.5,0,6,0,28217,0.0,nan,nan,0.0
overture,catia_la_mar,t_test,all,mean,4.6,0,4,0,28219,0.0,nan,nan,0.0
overture,catia_la_mar,t_test,all,mean,4.7,0,3,0,28220,0.0,nan,nan,0.0
overture,catia_la_mar,t_test,all,mean,4.8,0,2,0,28221,0.0,nan,nan,0.0
overture,catia_la_mar,t_test,all,mean,4.9,0,2,0,28221,0.0,nan,nan,0.0
overture,catia_la_mar,t_test,all,mean,5.0,0,2,0,28221,0.0,nan,nan,0.0
overture,catia_la_mar,t_test,all,mean,5.1,0,1,0,28222,0.0,nan,nan,0.0
overture,catia_la_mar,t_test,all,mean,5.2,0,1,0,28222,0.0,nan,nan,0.0
overture,catia_la_mar,t_test,all,max,1.4,0,22665,0,5558,0.0,nan,nan,0.0
overture,catia_la_mar,t_test,all,max,1.6,0,17014,0,11209,0.0,nan,nan,0.0
overture,catia_la_mar,t_test,all,max,1.7,0,14264,0,13959,0.0,nan,nan,0.0
overture,catia_la_mar,t_test,all,max,1.8,0,11775,0,16448,0.0,nan,nan,0.0
overture,catia_la_mar,t_test,all,max,1.9,0,9534,0,18689,0.0,nan,nan,0.0
overture,catia_la_mar,t_test,all,max,2.1,0,6249,0,21974,0.0,nan,nan,0.0
overture,catia_la_mar,t_test,all,max,2.2,0,4861,0,23362,0.0,nan,nan,0.0
overture,catia_la_mar,t_test,all,max,2.3,0,3862,0,24361,0.0,nan,nan,0.0
overture,catia_la_mar,t_test,all,max,2.4,0,3126,0,25097,0.0,nan,nan,0.0
overture,catia_la_mar,t_test,all,max,2.5,0,2536,0,25687,0.0,nan,nan,0.0
overture,catia_la_mar,t_test,all,max,2.6,0,1964,0,26259,0.0,nan,nan,0.0
overture,catia_la_mar,t_test,all,max,2.7,0,1498,0,26725,0.0,nan,nan,0.0
overture,catia_la_mar,t_test,all,max,2.8,0,1122,0,27101,0.0,nan,nan,0.0
overture,catia_la_mar,t_test,all,max,2.9,0,894,0,27329,0.0,nan,nan,0.0
overture,catia_la_mar,t_test,all,max,3.0,0,677,0,27546,0.0,nan,nan,0.0
overture,catia_la_mar,t_test,all,max,3.1,0,517,0,27706,0.0,nan,nan,0.0
overture,catia_la_mar,t_test,all,max,3.2,0,417,0,27806,0.0,nan,nan,0.0
overture,catia_la_mar,t_test,all,max,3.3,0,324,0,27899,0.0,nan,nan,0.0
overture,catia_la_mar,t_test,all,max,3.4,0,252,0,27971,0.0,nan,nan,0.0
overture,catia_la_mar,t_test,all,max,3.5,0,211,0,28012,0.0,nan,nan,0.0
overture,catia_la_mar,t_test,all,max,3.6,0,169,0,28054,0.0,nan,nan,0.0
overture,catia_la_mar,t_test,all,max,3.7,0,148,0,28075,0.0,nan,nan,0.0
overture,catia_la_mar,t_test,all,max,3.8,0,115,0,28108,0.0,nan,nan,0.0
overture,catia_la_mar,t_test,all,max,3.9,0,90,0,28133,0.0,nan,nan,0.0
overture,catia_la_mar,t_test,all,max,4.0,0,80,0,28143,0.0,nan,nan,0.0
overture,catia_la_mar,t_test,all,max,4.1,0,68,0,28155,0.0,nan,nan,0.0
overture,catia_la_mar,t_test,all,max,4.2,0,55,0,28168,0.0,nan,nan,0.0
overture,catia_la_mar,t_test,all,max,4.3,0,33,0,28190,0.0,nan,nan,0.0
overture,catia_la_mar,t_test,all,max,4.4,0,29,0,28194,0.0,nan,nan,0.0
overture,catia_la_mar,t_test,all,max,4.5,0,21,0,28202,0.0,nan,nan,0.0
overture,catia_la_mar,t_test,all,max,4.6,0,14,0,28209,0.0,nan,nan,0.0
overture,catia_la_mar,t_test,all,max,4.7,0,11,0,28212,0.0,nan,nan,0.0
overture,catia_la_mar,t_test,all,max,4.8,0,10,0,28213,0.0,nan,nan,0.0
overture,catia_la_mar,t_test,all,max,4.9,0,10,0,28213,0.0,nan,nan,0.0
overture,catia_la_mar,t_test,all,max,5.0,0,10,0,28213,0.0,nan,nan,0.0
overture,catia_la_mar,t_test,all,max,5.1,0,8,0,28215,0.0,nan,nan,0.0
overture,catia_la_mar,t_test,all,max,5.2,0,6,0,28217,0.0,nan,nan,0.0
overture,catia_la_mar,t_test,all,max,5.3,0,5,0,28218,0.0,nan,nan,0.0
overture,catia_la_mar,t_test,all,max,5.4,0,5,0,28218,0.0,nan,nan,0.0
overture,catia_la_mar,t_test,all,max,5.5,0,5,0,28218,0.0,nan,nan,0.0
overture,catia_la_mar,t_test,all,max,5.6,0,4,0,28219,0.0,nan,nan,0.0
overture,catia_la_mar,t_test,all,max,5.7,0,2,0,28221,0.0,nan,nan,0.0
overture,catia_la_mar,t_test,all,max,5.8,0,2,0,28221,0.0,nan,nan,0.0
overture,catia_la_mar,t_test,all,max,5.9,0,2,0,28221,0.0,nan,nan,0.0
overture,catia_la_mar,t_test,all,max,6.0,0,1,0,28222,0.0,nan,nan,0.0
overture,catia_la_mar,t_test,all,p75,1.5,0,19418,0,8805,0.0,nan,nan,0.0
overture,catia_la_mar,t_test,all,p75,1.7,0,13680,0,14543,0.0,nan,nan,0.0
overture,catia_la_mar,t_test,all,p75,1.8,0,11156,0,17067,0.0,nan,nan,0.0
overture,catia_la_mar,t_test,all,p75,1.9,0,9017,0,19206,0.0,nan,nan,0.0
overture,catia_la_mar,t_test,all,p75,2.0,0,7227,0,20996,0.0,nan,nan,0.0
overture,catia_la_mar,t_test,all,p75,2.1,0,5745,0,22478,0.0,nan,nan,0.0
overture,catia_la_mar,t_test,all,p75,2.2,0,4453,0,23770,0.0,nan,nan,0.0
overture,catia_la_mar,t_test,all,p75,2.3,0,3492,0,24731,0.0,nan,nan,0.0
overture,catia_la_mar,t_test,all,p75,2.4,0,2811,0,25412,0.0,nan,nan,0.0
overture,catia_la_mar,t_test,all,p75,2.5,0,2233,0,25990,0.0,nan,nan,0.0
overture,catia_la_mar,t_test,all,p75,2.6,0,1677,0,26546,0.0,nan,nan,0.0
overture,catia_la_mar,t_test,all,p75,2.7,0,1257,0,26966,0.0,nan,nan,0.0
overture,catia_la_mar,t_test,all,p75,2.8,0,961,0,27262,0.0,nan,nan,0.0
overture,catia_la_mar,t_test,all,p75,2.9,0,745,0,27478,0.0,nan,nan,0.0
overture,catia_la_mar,t_test,all,p75,3.0,0,537,0,27686,0.0,nan,nan,0.0
overture,catia_la_mar,t_test,all,p75,3.1,0,405,0,27818,0.0,nan,nan,0.0
overture,catia_la_mar,t_test,all,p75,3.2,0,313,0,27910,0.0,nan,nan,0.0
overture,catia_la_mar,t_test,all,p75,3.3,0,240,0,27983,0.0,nan,nan,0.0
overture,catia_la_mar,t_test,all,p75,3.4,0,182,0,28041,0.0,nan,nan,0.0
overture,catia_la_mar,t_test,all,p75,3.5,0,149,0,28074,0.0,nan,nan,0.0
overture,catia_la_mar,t_test,all,p75,3.6,0,119,0,28104,0.0,nan,nan,0.0
overture,catia_la_mar,t_test,all,p75,3.7,0,102,0,28121,0.0,nan,nan,0.0
overture,catia_la_mar,t_test,all,p75,3.8,0,82,0,28141,0.0,nan,nan,0.0
overture,catia_la_mar,t_test,all,p75,3.9,0,67,0,28156,0.0,nan,nan,0.0
overture,catia_la_mar,t_test,all,p75,4.0,0,48,0,28175,0.0,nan,nan,0.0
overture,catia_la_mar,t_test,all,p75,4.1,0,41,0,28182,0.0,nan,nan,0.0
overture,catia_la_mar,t_test,all,p75,4.2,0,31,0,28192,0.0,nan,nan,0.0
overture,catia_la_mar,t_test,all,p75,4.3,0,19,0,28204,0.0,nan,nan,0.0
overture,catia_la_mar,t_test,all,p75,4.4,0,15,0,28208,0.0,nan,nan,0.0
overture,catia_la_mar,t_test,all,p75,4.5,0,13,0,28210,0.0,nan,nan,0.0
overture,catia_la_mar,t_test,all,p75,4.6,0,9,0,28214,0.0,nan,nan,0.0
overture,catia_la_mar,t_test,all,p75,4.7,0,6,0,28217,0.0,nan,nan,0.0
overture,catia_la_mar,t_test,all,p75,4.8,0,4,0,28219,0.0,nan,nan,0.0
overture,catia_la_mar,t_test,all,p75,4.9,0,4,0,28219,0.0,nan,nan,0.0
overture,catia_la_mar,t_test,all,p75,5.0,0,2,0,28221,0.0,nan,nan,0.0
overture,catia_la_mar,t_test,all,p75,5.1,0,2,0,28221,0.0,nan,nan,0.0
overture,catia_la_mar,t_test,all,p75,5.2,0,2,0,28221,0.0,nan,nan,0.0
overture,catia_la_mar,t_test,all,p75,5.3,0,1,0,28222,0.0,nan,nan,0.0
overture,catia_la_mar,t_test,all,p75,5.4,0,1,0,28222,0.0,nan,nan,0.0
overture,catia_la_mar,t_test,all,p90,1.6,0,16779,0,11444,0.0,nan,nan,0.0
overture,catia_la_mar,t_test,all,p90,1.7,0,14018,0,14205,0.0,nan,nan,0.0
overture,catia_la_mar,t_test,all,p90,1.8,0,11527,0,16696,0.0,nan,nan,0.0
overture,catia_la_mar,t_test,all,p90,1.9,0,9329,0,18894,0.0,nan,nan,0.0
overture,catia_la_mar,t_test,all,p90,2.0,0,7537,0,20686,0.0,nan,nan,0.0
overture,catia_la_mar,t_test,all,p90,2.1,0,6026,0,22197,0.0,nan,nan,0.0
overture,catia_la_mar,t_test,all,p90,2.2,0,4699,0,23524,0.0,nan,nan,0.0
overture,catia_la_mar,t_test,all,p90,2.3,0,3711,0,24512,0.0,nan,nan,0.0
overture,catia_la_mar,t_test,all,p90,2.4,0,3013,0,25210,0.0,nan,nan,0.0
overture,catia_la_mar,t_test,all,p90,2.5,0,2388,0,25835,0.0,nan,nan,0.0
overture,catia_la_mar,t_test,all,p90,2.6,0,1838,0,26385,0.0,nan,nan,0.0
overture,catia_la_mar,t_test,all,p90,2.7,0,1396,0,26827,0.0,nan,nan,0.0
overture,catia_la_mar,t_test,all,p90,2.8,0,1052,0,27171,0.0,nan,nan,0.0
overture,catia_la_mar,t_test,all,p90,2.9,0,840,0,27383,0.0,nan,nan,0.0
overture,catia_la_mar,t_test,all,p90,3.0,0,617,0,27606,0.0,nan,nan,0.0
overture,catia_la_mar,t_test,all,p90,3.1,0,466,0,27757,0.0,nan,nan,0.0
overture,catia_la_mar,t_test,all,p90,3.2,0,373,0,27850,0.0,nan,nan,0.0
overture,catia_la_mar,t_test,all,p90,3.3,0,292,0,27931,0.0,nan,nan,0.0
overture,catia_la_mar,t_test,all,p90,3.4,0,222,0,28001,0.0,nan,nan,0.0
overture,catia_la_mar,t_test,all,p90,3.5,0,176,0,28047,0.0,nan,nan,0.0
overture,catia_la_mar,t_test,all,p90,3.6,0,149,0,28074,0.0,nan,nan,0.0
overture,catia_la_mar,t_test,all,p90,3.7,0,125,0,28098,0.0,nan,nan,0.0
overture,catia_la_mar,t_test,all,p90,3.8,0,96,0,28127,0.0,nan,nan,0.0
overture,catia_la_mar,t_test,all,p90,3.9,0,84,0,28139,0.0,nan,nan,0.0
overture,catia_la_mar,t_test,all,p90,4.0,0,64,0,28159,0.0,nan,nan,0.0
overture,catia_la_mar,t_test,all,p90,4.1,0,54,0,28169,0.0,nan,nan,0.0
overture,catia_la_mar,t_test,all,p90,4.2,0,43,0,28180,0.0,nan,nan,0.0
overture,catia_la_mar,t_test,all,p90,4.3,0,29,0,28194,0.0,nan,nan,0.0
overture,catia_la_mar,t_test,all,p90,4.4,0,24,0,28199,0.0,nan,nan,0.0
overture,catia_la_mar,t_test,all,p90,4.5,0,15,0,28208,0.0,nan,nan,0.0
overture,catia_la_mar,t_test,all,p90,4.6,0,12,0,28211,0.0,nan,nan,0.0
overture,catia_la_mar,t_test,all,p90,4.7,0,10,0,28213,0.0,nan,nan,0.0
overture,catia_la_mar,t_test,all,p90,4.8,0,9,0,28214,0.0,nan,nan,0.0
overture,catia_la_mar,t_test,all,p90,4.9,0,8,0,28215,0.0,nan,nan,0.0
overture,catia_la_mar,t_test,all,p90,5.0,0,6,0,28217,0.0,nan,nan,0.0
overture,catia_la_mar,t_test,all,p90,5.1,0,5,0,28218,0.0,nan,nan,0.0
overture,catia_la_mar,t_test,all,p90,5.2,0,4,0,28219,0.0,nan,nan,0.0
overture,catia_la_mar,t_test,all,p90,5.3,0,3,0,28220,0.0,nan,nan,0.0
overture,catia_la_mar,t_test,all,p90,5.4,0,2,0,28221,0.0,nan,nan,0.0
overture,catia_la_mar,t_test,all,p90,5.5,0,2,0,28221,0.0,nan,nan,0.0
overture,caraballeda,t_test,all,mean,1.0,0,10945,0,0,0.0,nan,nan,0.0
overture,caraballeda,t_test,all,mean,1.5,0,9104,0,1841,0.0,nan,nan,0.0
overture,caraballeda,t_test,all,mean,1.7,0,6701,0,4244,0.0,nan,nan,0.0
overture,caraballeda,t_test,all,mean,1.8,0,5390,0,5555,0.0,nan,nan,0.0
overture,caraballeda,t_test,all,mean,1.9,0,4216,0,6729,0.0,nan,nan,0.0
overture,caraballeda,t_test,all,mean,2.1,0,2375,0,8570,0.0,nan,nan,0.0
overture,caraballeda,t_test,all,mean,2.2,0,1838,0,9107,0.0,nan,nan,0.0
overture,caraballeda,t_test,all,mean,2.3,0,1485,0,9460,0.0,nan,nan,0.0
overture,caraballeda,t_test,all,mean,2.4,0,1234,0,9711,0.0,nan,nan,0.0
overture,caraballeda,t_test,all,mean,2.5,0,1026,0,9919,0.0,nan,nan,0.0
overture,caraballeda,t_test,all,mean,2.6,0,871,0,10074,0.0,nan,nan,0.0
overture,caraballeda,t_test,all,mean,2.7,0,736,0,10209,0.0,nan,nan,0.0
overture,caraballeda,t_test,all,mean,2.8,0,613,0,10332,0.0,nan,nan,0.0
overture,caraballeda,t_test,all,mean,2.9,0,509,0,10436,0.0,nan,nan,0.0
overture,caraballeda,t_test,all,mean,3.0,0,421,0,10524,0.0,nan,nan,0.0
overture,caraballeda,t_test,all,mean,3.1,0,344,0,10601,0.0,nan,nan,0.0
overture,caraballeda,t_test,all,mean,3.2,0,282,0,10663,0.0,nan,nan,0.0
overture,caraballeda,t_test,all,mean,3.3,0,235,0,10710,0.0,nan,nan,0.0
overture,caraballeda,t_test,all,mean,3.4,0,209,0,10736,0.0,nan,nan,0.0
overture,caraballeda,t_test,all,mean,3.5,0,173,0,10772,0.0,nan,nan,0.0
overture,caraballeda,t_test,all,mean,3.6,0,157,0,10788,0.0,nan,nan,0.0
overture,caraballeda,t_test,all,mean,3.7,0,138,0,10807,0.0,nan,nan,0.0
overture,caraballeda,t_test,all,mean,3.8,0,121,0,10824,0.0,nan,nan,0.0
overture,caraballeda,t_test,all,mean,3.9,0,107,0,10838,0.0,nan,nan,0.0
overture,caraballeda,t_test,all,mean,4.0,0,90,0,10855,0.0,nan,nan,0.0
overture,caraballeda,t_test,all,mean,4.1,0,76,0,10869,0.0,nan,nan,0.0
overture,caraballeda,t_test,all,mean,4.2,0,66,0,10879,0.0,nan,nan,0.0
overture,caraballeda,t_test,all,mean,4.3,0,59,0,10886,0.0,nan,nan,0.0
overture,caraballeda,t_test,all,mean,4.4,0,50,0,10895,0.0,nan,nan,0.0
overture,caraballeda,t_test,all,mean,4.5,0,40,0,10905,0.0,nan,nan,0.0
overture,caraballeda,t_test,all,mean,4.6,0,31,0,10914,0.0,nan,nan,0.0
overture,caraballeda,t_test,all,mean,4.7,0,28,0,10917,0.0,nan,nan,0.0
overture,caraballeda,t_test,all,mean,4.8,0,24,0,10921,0.0,nan,nan,0.0
overture,caraballeda,t_test,all,mean,4.9,0,18,0,10927,0.0,nan,nan,0.0
overture,caraballeda,t_test,all,mean,5.0,0,17,0,10928,0.0,nan,nan,0.0
overture,caraballeda,t_test,all,mean,5.1,0,16,0,10929,0.0,nan,nan,0.0
overture,caraballeda,t_test,all,mean,5.2,0,13,0,10932,0.0,nan,nan,0.0
overture,caraballeda,t_test,all,mean,5.3,0,13,0,10932,0.0,nan,nan,0.0
overture,caraballeda,t_test,all,mean,5.4,0,12,0,10933,0.0,nan,nan,0.0
overture,caraballeda,t_test,all,mean,5.5,0,8,0,10937,0.0,nan,nan,0.0
overture,caraballeda,t_test,all,mean,5.6,0,8,0,10937,0.0,nan,nan,0.0
overture,caraballeda,t_test,all,mean,5.7,0,6,0,10939,0.0,nan,nan,0.0
overture,caraballeda,t_test,all,mean,5.8,0,3,0,10942,0.0,nan,nan,0.0
overture,caraballeda,t_test,all,mean,5.9,0,3,0,10942,0.0,nan,nan,0.0
overture,caraballeda,t_test,all,mean,6.0,0,2,0,10943,0.0,nan,nan,0.0
overture,caraballeda,t_test,all,max,1.0,0,10945,0,0,0.0,nan,nan,0.0
overture,caraballeda,t_test,all,max,1.7,0,7220,0,3725,0.0,nan,nan,0.0
overture,caraballeda,t_test,all,max,1.8,0,6000,0,4945,0.0,nan,nan,0.0
overture,caraballeda,t_test,all,max,1.9,0,4841,0,6104,0.0,nan,nan,0.0
overture,caraballeda,t_test,all,max,2.2,0,2248,0,8697,0.0,nan,nan,0.0
overture,caraballeda,t_test,all,max,2.3,0,1826,0,9119,0.0,nan,nan,0.0
overture,caraballeda,t_test,all,max,2.4,0,1510,0,9435,0.0,nan,nan,0.0
overture,caraballeda,t_test,all,max,2.5,0,1249,0,9696,0.0,nan,nan,0.0
overture,caraballeda,t_test,all,max,2.7,0,913,0,10032,0.0,nan,nan,0.0
overture,caraballeda,t_test,all,max,2.8,0,775,0,10170,0.0,nan,nan,0.0
overture,caraballeda,t_test,all,max,2.9,0,672,0,10273,0.0,nan,nan,0.0
overture,caraballeda,t_test,all,max,3.0,0,564,0,10381,0.0,nan,nan,0.0
overture,caraballeda,t_test,all,max,3.1,0,450,0,10495,0.0,nan,nan,0.0
overture,caraballeda,t_test,all,max,3.2,0,383,0,10562,0.0,nan,nan,0.0
overture,caraballeda,t_test,all,max,3.3,0,324,0,10621,0.0,nan,nan,0.0
overture,caraballeda,t_test,all,max,3.4,0,279,0,10666,0.0,nan,nan,0.0
overture,caraballeda,t_test,all,max,3.5,0,234,0,10711,0.0,nan,nan,0.0
overture,caraballeda,t_test,all,max,3.6,0,211,0,10734,0.0,nan,nan,0.0
overture,caraballeda,t_test,all,max,3.7,0,185,0,10760,0.0,nan,nan,0.0
overture,caraballeda,t_test,all,max,3.8,0,161,0,10784,0.0,nan,nan,0.0
overture,caraballeda,t_test,all,max,3.9,0,142,0,10803,0.0,nan,nan,0.0
overture,caraballeda,t_test,all,max,4.0,0,126,0,10819,0.0,nan,nan,0.0
overture,caraballeda,t_test,all,max,4.1,0,105,0,10840,0.0,nan,nan,0.0
overture,caraballeda,t_test,all,max,4.2,0,91,0,10854,0.0,nan,nan,0.0
overture,caraballeda,t_test,all,max,4.3,0,84,0,10861,0.0,nan,nan,0.0
overture,caraballeda,t_test,all,max,4.4,0,66,0,10879,0.0,nan,nan,0.0
overture,caraballeda,t_test,all,max,4.5,0,59,0,10886,0.0,nan,nan,0.0
overture,caraballeda,t_test,all,max,4.6,0,43,0,10902,0.0,nan,nan,0.0
overture,caraballeda,t_test,all,max,4.7,0,39,0,10906,0.0,nan,nan,0.0
overture,caraballeda,t_test,all,max,4.8,0,34,0,10911,0.0,nan,nan,0.0
overture,caraballeda,t_test,all,max,4.9,0,27,0,10918,0.0,nan,nan,0.0
overture,caraballeda,t_test,all,max,5.0,0,22,0,10923,0.0,nan,nan,0.0
overture,caraballeda,t_test,all,max,5.1,0,21,0,10924,0.0,nan,nan,0.0
overture,caraballeda,t_test,all,max,5.2,0,18,0,10927,0.0,nan,nan,0.0
overture,caraballeda,t_test,all,max,5.3,0,16,0,10929,0.0,nan,nan,0.0
overture,caraballeda,t_test,all,max,5.4,0,14,0,10931,0.0,nan,nan,0.0
overture,caraballeda,t_test,all,max,5.5,0,14,0,10931,0.0,nan,nan,0.0
overture,caraballeda,t_test,all,max,5.6,0,14,0,10931,0.0,nan,nan,0.0
overture,caraballeda,t_test,all,max,5.7,0,13,0,10932,0.0,nan,nan,0.0
overture,caraballeda,t_test,all,max,5.8,0,7,0,10938,0.0,nan,nan,0.0
overture,caraballeda,t_test,all,max,5.9,0,6,0,10939,0.0,nan,nan,0.0
overture,caraballeda,t_test,all,max,6.0,0,6,0,10939,0.0,nan,nan,0.0
overture,caraballeda,t_test,all,p75,1.0,0,10945,0,0,0.0,nan,nan,0.0
overture,caraballeda,t_test,all,p75,1.7,0,6984,0,3961,0.0,nan,nan,0.0
overture,caraballeda,t_test,all,p75,1.9,0,4542,0,6403,0.0,nan,nan,0.0
overture,caraballeda,t_test,all,p75,2.0,0,3501,0,7444,0.0,nan,nan,0.0
overture,caraballeda,t_test,all,p75,2.2,0,2039,0,8906,0.0,nan,nan,0.0
overture,caraballeda,t_test,all,p75,2.3,0,1664,0,9281,0.0,nan,nan,0.0
overture,caraballeda,t_test,all,p75,2.4,0,1360,0,9585,0.0,nan,nan,0.0
overture,caraballeda,t_test,all,p75,2.5,0,1132,0,9813,0.0,nan,nan,0.0
overture,caraballeda,t_test,all,p75,2.6,0,957,0,9988,0.0,nan,nan,0.0
overture,caraballeda,t_test,all,p75,2.7,0,814,0,10131,0.0,nan,nan,0.0
overture,caraballeda,t_test,all,p75,2.8,0,700,0,10245,0.0,nan,nan,0.0
overture,caraballeda,t_test,all,p75,2.9,0,579,0,10366,0.0,nan,nan,0.0
overture,caraballeda,t_test,all,p75,3.0,0,476,0,10469,0.0,nan,nan,0.0
overture,caraballeda,t_test,all,p75,3.1,0,396,0,10549,0.0,nan,nan,0.0
overture,caraballeda,t_test,all,p75,3.2,0,330,0,10615,0.0,nan,nan,0.0
overture,caraballeda,t_test,all,p75,3.3,0,280,0,10665,0.0,nan,nan,0.0
overture,caraballeda,t_test,all,p75,3.4,0,235,0,10710,0.0,nan,nan,0.0
overture,caraballeda,t_test,all,p75,3.5,0,200,0,10745,0.0,nan,nan,0.0
overture,caraballeda,t_test,all,p75,3.6,0,177,0,10768,0.0,nan,nan,0.0
overture,caraballeda,t_test,all,p75,3.7,0,158,0,10787,0.0,nan,nan,0.0
overture,caraballeda,t_test,all,p75,3.8,0,141,0,10804,0.0,nan,nan,0.0
overture,caraballeda,t_test,all,p75,3.9,0,119,0,10826,0.0,nan,nan,0.0
overture,caraballeda,t_test,all,p75,4.0,0,107,0,10838,0.0,nan,nan,0.0
overture,caraballeda,t_test,all,p75,4.1,0,91,0,10854,0.0,nan,nan,0.0
overture,caraballeda,t_test,all,p75,4.2,0,78,0,10867,0.0,nan,nan,0.0
overture,caraballeda,t_test,all,p75,4.3,0,72,0,10873,0.0,nan,nan,0.0
overture,caraballeda,t_test,all,p75,4.4,0,60,0,10885,0.0,nan,nan,0.0
overture,caraballeda,t_test,all,p75,4.5,0,48,0,10897,0.0,nan,nan,0.0
overture,caraballeda,t_test,all,p75,4.6,0,40,0,10905,0.0,nan,nan,0.0
overture,caraballeda,t_test,all,p75,4.7,0,32,0,10913,0.0,nan,nan,0.0
overture,caraballeda,t_test,all,p75,4.8,0,29,0,10916,0.0,nan,nan,0.0
overture,caraballeda,t_test,all,p75,4.9,0,24,0,10921,0.0,nan,nan,0.0
overture,caraballeda,t_test,all,p75,5.0,0,20,0,10925,0.0,nan,nan,0.0
overture,caraballeda,t_test,all,p75,5.1,0,17,0,10928,0.0,nan,nan,0.0
overture,caraballeda,t_test,all,p75,5.2,0,16,0,10929,0.0,nan,nan,0.0
overture,caraballeda,t_test,all,p75,5.3,0,15,0,10930,0.0,nan,nan,0.0
overture,caraballeda,t_test,all,p75,5.4,0,13,0,10932,0.0,nan,nan,0.0
overture,caraballeda,t_test,all,p75,5.5,0,13,0,10932,0.0,nan,nan,0.0
overture,caraballeda,t_test,all,p75,5.6,0,12,0,10933,0.0,nan,nan,0.0
overture,caraballeda,t_test,all,p75,5.7,0,10,0,10935,0.0,nan,nan,0.0
overture,caraballeda,t_test,all,p75,5.8,0,6,0,10939,0.0,nan,nan,0.0
overture,caraballeda,t_test,all,p75,5.9,0,5,0,10940,0.0,nan,nan,0.0
overture,caraballeda,t_test,all,p75,6.0,0,5,0,10940,0.0,nan,nan,0.0
overture,caraballeda,t_test,all,p90,1.0,0,10945,0,0,0.0,nan,nan,0.0
overture,caraballeda,t_test,all,p90,1.9,0,4726,0,6219,0.0,nan,nan,0.0
overture,caraballeda,t_test,all,p90,2.0,0,3702,0,7243,0.0,nan,nan,0.0
overture,caraballeda,t_test,all,p90,2.1,0,2796,0,8149,0.0,nan,nan,0.0
overture,caraballeda,t_test,all,p90,2.2,0,2171,0,8774,0.0,nan,nan,0.0
overture,caraballeda,t_test,all,p90,2.3,0,1759,0,9186,0.0,nan,nan,0.0
overture,caraballeda,t_test,all,p90,2.4,0,1444,0,9501,0.0,nan,nan,0.0
overture,caraballeda,t_test,all,p90,2.5,0,1206,0,9739,0.0,nan,nan,0.0
overture,caraballeda,t_test,all,p90,2.7,0,869,0,10076,0.0,nan,nan,0.0
overture,caraballeda,t_test,all,p90,2.8,0,746,0,10199,0.0,nan,nan,0.0
overture,caraballeda,t_test,all,p90,2.9,0,633,0,10312,0.0,nan,nan,0.0
overture,caraballeda,t_test,all,p90,3.0,0,524,0,10421,0.0,nan,nan,0.0
overture,caraballeda,t_test,all,p90,3.1,0,424,0,10521,0.0,nan,nan,0.0
overture,caraballeda,t_test,all,p90,3.2,0,356,0,10589,0.0,nan,nan,0.0
overture,caraballeda,t_test,all,p90,3.3,0,306,0,10639,0.0,nan,nan,0.0
overture,caraballeda,t_test,all,p90,3.4,0,265,0,10680,0.0,nan,nan,0.0
overture,caraballeda,t_test,all,p90,3.5,0,224,0,10721,0.0,nan,nan,0.0
overture,caraballeda,t_test,all,p90,3.6,0,193,0,10752,0.0,nan,nan,0.0
overture,caraballeda,t_test,all,p90,3.7,0,172,0,10773,0.0,nan,nan,0.0
overture,caraballeda,t_test,all,p90,3.8,0,149,0,10796,0.0,nan,nan,0.0
overture,caraballeda,t_test,all,p90,3.9,0,132,0,10813,0.0,nan,nan,0.0
overture,caraballeda,t_test,all,p90,4.0,0,109,0,10836,0.0,nan,nan,0.0
overture,caraballeda,t_test,all,p90,4.1,0,100,0,10845,0.0,nan,nan,0.0
overture,caraballeda,t_test,all,p90,4.2,0,85,0,10860,0.0,nan,nan,0.0
overture,caraballeda,t_test,all,p90,4.3,0,76,0,10869,0.0,nan,nan,0.0
overture,caraballeda,t_test,all,p90,4.4,0,64,0,10881,0.0,nan,nan,0.0
overture,caraballeda,t_test,all,p90,4.5,0,50,0,10895,0.0,nan,nan,0.0
overture,caraballeda,t_test,all,p90,4.6,0,43,0,10902,0.0,nan,nan,0.0
overture,caraballeda,t_test,all,p90,4.7,0,38,0,10907,0.0,nan,nan,0.0
overture,caraballeda,t_test,all,p90,4.8,0,30,0,10915,0.0,nan,nan,0.0
overture,caraballeda,t_test,all,p90,4.9,0,24,0,10921,0.0,nan,nan,0.0
overture,caraballeda,t_test,all,p90,5.0,0,22,0,10923,0.0,nan,nan,0.0
overture,caraballeda,t_test,all,p90,5.1,0,21,0,10924,0.0,nan,nan,0.0
overture,caraballeda,t_test,all,p90,5.2,0,16,0,10929,0.0,nan,nan,0.0
overture,caraballeda,t_test,all,p90,5.3,0,16,0,10929,0.0,nan,nan,0.0
overture,caraballeda,t_test,all,p90,5.4,0,14,0,10931,0.0,nan,nan,0.0
overture,caraballeda,t_test,all,p90,5.5,0,13,0,10932,0.0,nan,nan,0.0
overture,caraballeda,t_test,all,p90,5.6,0,13,0,10932,0.0,nan,nan,0.0
overture,caraballeda,t_test,all,p90,5.7,0,11,0,10934,0.0,nan,nan,0.0
overture,caraballeda,t_test,all,p90,5.8,0,6,0,10939,0.0,nan,nan,0.0
overture,caraballeda,t_test,all,p90,5.9,0,6,0,10939,0.0,nan,nan,0.0
overture,caraballeda,t_test,all,p90,6.0,0,5,0,10940,0.0,nan,nan,0.0
overture,Caracas,t_test,all,mean,1.6,0,68481,0,50880,0.0,nan,nan,0.0
overture,Caracas,t_test,all,mean,1.7,0,49509,0,69852,0.0,nan,nan,0.0
overture,Caracas,t_test,all,mean,1.8,0,33249,0,86112,0.0,nan,nan,0.0
overture,Caracas,t_test,all,mean,1.9,0,20840,0,98521,0.0,nan,nan,0.0
overture,Caracas,t_test,all,mean,2.0,0,12652,0,106709,0.0,nan,nan,0.0
overture,Caracas,t_test,all,mean,2.1,0,7440,0,111921,0.0,nan,nan,0.0
overture,Caracas,t_test,all,mean,2.2,0,4315,0,115046,0.0,nan,nan,0.0
overture,Caracas,t_test,all,mean,2.3,0,2425,0,116936,0.0,nan,nan,0.0
overture,Caracas,t_test,all,mean,2.4,0,1399,0,117962,0.0,nan,nan,0.0
overture,Caracas,t_test,all,mean,2.5,0,798,0,118563,0.0,nan,nan,0.0
overture,Caracas,t_test,all,mean,2.6,0,496,0,118865,0.0,nan,nan,0.0
overture,Caracas,t_test,all,mean,2.7,0,337,0,119024,0.0,nan,nan,0.0
overture,Caracas,t_test,all,mean,2.8,0,211,0,119150,0.0,nan,nan,0.0
overture,Caracas,t_test,all,mean,2.9,0,153,0,119208,0.0,nan,nan,0.0
overture,Caracas,t_test,all,mean,3.0,0,112,0,119249,0.0,nan,nan,0.0
overture,Caracas,t_test,all,mean,3.1,0,72,0,119289,0.0,nan,nan,0.0
overture,Caracas,t_test,all,mean,3.2,0,45,0,119316,0.0,nan,nan,0.0
overture,Caracas,t_test,all,mean,3.3,0,36,0,119325,0.0,nan,nan,0.0
overture,Caracas,t_test,all,mean,3.4,0,27,0,119334,0.0,nan,nan,0.0
overture,Caracas,t_test,all,mean,3.5,0,21,0,119340,0.0,nan,nan,0.0
overture,Caracas,t_test,all,mean,3.6,0,19,0,119342,0.0,nan,nan,0.0
overture,Caracas,t_test,all,mean,3.7,0,14,0,119347,0.0,nan,nan,0.0
overture,Caracas,t_test,all,mean,3.8,0,13,0,119348,0.0,nan,nan,0.0
overture,Caracas,t_test,all,mean,3.9,0,12,0,119349,0.0,nan,nan,0.0
overture,Caracas,t_test,all,mean,4.0,0,11,0,119350,0.0,nan,nan,0.0
overture,Caracas,t_test,all,mean,4.1,0,11,0,119350,0.0,nan,nan,0.0
overture,Caracas,t_test,all,mean,4.2,0,10,0,119351,0.0,nan,nan,0.0
overture,Caracas,t_test,all,mean,4.3,0,10,0,119351,0.0,nan,nan,0.0
overture,Caracas,t_test,all,mean,4.4,0,9,0,119352,0.0,nan,nan,0.0
overture,Caracas,t_test,all,mean,4.5,0,5,0,119356,0.0,nan,nan,0.0
overture,Caracas,t_test,all,mean,4.6,0,4,0,119357,0.0,nan,nan,0.0
overture,Caracas,t_test,all,mean,4.7,0,3,0,119358,0.0,nan,nan,0.0
overture,Caracas,t_test,all,mean,4.8,0,2,0,119359,0.0,nan,nan,0.0
overture,Caracas,t_test,all,mean,4.9,0,2,0,119359,0.0,nan,nan,0.0
overture,Caracas,t_test,all,mean,5.0,0,2,0,119359,0.0,nan,nan,0.0
overture,Caracas,t_test,all,mean,5.1,0,1,0,119360,0.0,nan,nan,0.0
overture,Caracas,t_test,all,mean,5.2,0,1,0,119360,0.0,nan,nan,0.0
overture,Caracas,t_test,all,mean,5.3,0,1,0,119360,0.0,nan,nan,0.0
overture,Caracas,t_test,all,max,1.6,0,77234,0,42127,0.0,nan,nan,0.0
overture,Caracas,t_test,all,max,1.7,0,58760,0,60601,0.0,nan,nan,0.0
overture,Caracas,t_test,all,max,1.8,0,41823,0,77538,0.0,nan,nan,0.0
overture,Caracas,t_test,all,max,1.9,0,27903,0,91458,0.0,nan,nan,0.0
overture,Caracas,t_test,all,max,2.0,0,18006,0,101355,0.0,nan,nan,0.0
overture,Caracas,t_test,all,max,2.1,0,11242,0,108119,0.0,nan,nan,0.0
overture,Caracas,t_test,all,max,2.2,0,6845,0,112516,0.0,nan,nan,0.0
overture,Caracas,t_test,all,max,2.3,0,4066,0,115295,0.0,nan,nan,0.0
overture,Caracas,t_test,all,max,2.4,0,2477,0,116884,0.0,nan,nan,0.0
overture,Caracas,t_test,all,max,2.5,0,1486,0,117875,0.0,nan,nan,0.0
overture,Caracas,t_test,all,max,2.6,0,919,0,118442,0.0,nan,nan,0.0
overture,Caracas,t_test,all,max,2.7,0,633,0,118728,0.0,nan,nan,0.0
overture,Caracas,t_test,all,max,2.8,0,429,0,118932,0.0,nan,nan,0.0
overture,Caracas,t_test,all,max,2.9,0,324,0,119037,0.0,nan,nan,0.0
overture,Caracas,t_test,all,max,3.0,0,233,0,119128,0.0,nan,nan,0.0
overture,Caracas,t_test,all,max,3.1,0,161,0,119200,0.0,nan,nan,0.0
overture,Caracas,t_test,all,max,3.2,0,114,0,119247,0.0,nan,nan,0.0
overture,Caracas,t_test,all,max,3.3,0,83,0,119278,0.0,nan,nan,0.0
overture,Caracas,t_test,all,max,3.4,0,65,0,119296,0.0,nan,nan,0.0
overture,Caracas,t_test,all,max,3.5,0,50,0,119311,0.0,nan,nan,0.0
overture,Caracas,t_test,all,max,3.6,0,35,0,119326,0.0,nan,nan,0.0
overture,Caracas,t_test,all,max,3.7,0,28,0,119333,0.0,nan,nan,0.0
overture,Caracas,t_test,all,max,3.8,0,22,0,119339,0.0,nan,nan,0.0
overture,Caracas,t_test,all,max,3.9,0,19,0,119342,0.0,nan,nan,0.0
overture,Caracas,t_test,all,max,4.0,0,13,0,119348,0.0,nan,nan,0.0
overture,Caracas,t_test,all,max,4.1,0,13,0,119348,0.0,nan,nan,0.0
overture,Caracas,t_test,all,max,4.2,0,13,0,119348,0.0,nan,nan,0.0
overture,Caracas,t_test,all,max,4.3,0,13,0,119348,0.0,nan,nan,0.0
overture,Caracas,t_test,all,max,4.4,0,13,0,119348,0.0,nan,nan,0.0
overture,Caracas,t_test,all,max,4.5,0,9,0,119352,0.0,nan,nan,0.0
overture,Caracas,t_test,all,max,4.6,0,7,0,119354,0.0,nan,nan,0.0
overture,Caracas,t_test,all,max,4.7,0,5,0,119356,0.0,nan,nan,0.0
overture,Caracas,t_test,all,max,4.8,0,5,0,119356,0.0,nan,nan,0.0
overture,Caracas,t_test,all,max,4.9,0,5,0,119356,0.0,nan,nan,0.0
overture,Caracas,t_test,all,max,5.0,0,5,0,119356,0.0,nan,nan,0.0
overture,Caracas,t_test,all,max,5.1,0,5,0,119356,0.0,nan,nan,0.0
overture,Caracas,t_test,all,max,5.2,0,5,0,119356,0.0,nan,nan,0.0
overture,Caracas,t_test,all,max,5.3,0,5,0,119356,0.0,nan,nan,0.0
overture,Caracas,t_test,all,max,5.4,0,4,0,119357,0.0,nan,nan,0.0
overture,Caracas,t_test,all,p75,1.6,0,72934,0,46427,0.0,nan,nan,0.0
overture,Caracas,t_test,all,p75,1.7,0,53976,0,65385,0.0,nan,nan,0.0
overture,Caracas,t_test,all,p75,1.8,0,37221,0,82140,0.0,nan,nan,0.0
overture,Caracas,t_test,all,p75,1.9,0,24033,0,95328,0.0,nan,nan,0.0
overture,Caracas,t_test,all,p75,2.0,0,15036,0,104325,0.0,nan,nan,0.0
overture,Caracas,t_test,all,p75,2.1,0,9017,0,110344,0.0,nan,nan,0.0
overture,Caracas,t_test,all,p75,2.2,0,5337,0,114024,0.0,nan,nan,0.0
overture,Caracas,t_test,all,p75,2.3,0,3064,0,116297,0.0,nan,nan,0.0
overture,Caracas,t_test,all,p75,2.4,0,1810,0,117551,0.0,nan,nan,0.0
overture,Caracas,t_test,all,p75,2.5,0,1073,0,118288,0.0,nan,nan,0.0
overture,Caracas,t_test,all,p75,2.6,0,659,0,118702,0.0,nan,nan,0.0
overture,Caracas,t_test,all,p75,2.7,0,445,0,118916,0.0,nan,nan,0.0
overture,Caracas,t_test,all,p75,2.8,0,320,0,119041,0.0,nan,nan,0.0
overture,Caracas,t_test,all,p75,2.9,0,213,0,119148,0.0,nan,nan,0.0
overture,Caracas,t_test,all,p75,3.0,0,154,0,119207,0.0,nan,nan,0.0
overture,Caracas,t_test,all,p75,3.1,0,108,0,119253,0.0,nan,nan,0.0
overture,Caracas,t_test,all,p75,3.2,0,76,0,119285,0.0,nan,nan,0.0
overture,Caracas,t_test,all,p75,3.3,0,55,0,119306,0.0,nan,nan,0.0
overture,Caracas,t_test,all,p75,3.4,0,43,0,119318,0.0,nan,nan,0.0
overture,Caracas,t_test,all,p75,3.5,0,30,0,119331,0.0,nan,nan,0.0
overture,Caracas,t_test,all,p75,3.6,0,23,0,119338,0.0,nan,nan,0.0
overture,Caracas,t_test,all,p75,3.7,0,16,0,119345,0.0,nan,nan,0.0
overture,Caracas,t_test,all,p75,3.8,0,15,0,119346,0.0,nan,nan,0.0
overture,Caracas,t_test,all,p75,3.9,0,13,0,119348,0.0,nan,nan,0.0
overture,Caracas,t_test,all,p75,4.0,0,11,0,119350,0.0,nan,nan,0.0
overture,Caracas,t_test,all,p75,4.1,0,11,0,119350,0.0,nan,nan,0.0
overture,Caracas,t_test,all,p75,4.2,0,11,0,119350,0.0,nan,nan,0.0
overture,Caracas,t_test,all,p75,4.3,0,11,0,119350,0.0,nan,nan,0.0
overture,Caracas,t_test,all,p75,4.4,0,10,0,119351,0.0,nan,nan,0.0
overture,Caracas,t_test,all,p75,4.5,0,8,0,119353,0.0,nan,nan,0.0
overture,Caracas,t_test,all,p75,4.6,0,6,0,119355,0.0,nan,nan,0.0
overture,Caracas,t_test,all,p75,4.7,0,5,0,119356,0.0,nan,nan,0.0
overture,Caracas,t_test,all,p75,4.8,0,5,0,119356,0.0,nan,nan,0.0
overture,Caracas,t_test,all,p75,4.9,0,2,0,119359,0.0,nan,nan,0.0
overture,Caracas,t_test,all,p75,5.0,0,2,0,119359,0.0,nan,nan,0.0
overture,Caracas,t_test,all,p75,5.1,0,2,0,119359,0.0,nan,nan,0.0
overture,Caracas,t_test,all,p75,5.2,0,2,0,119359,0.0,nan,nan,0.0
overture,Caracas,t_test,all,p75,5.3,0,2,0,119359,0.0,nan,nan,0.0
overture,Caracas,t_test,all,p90,1.6,0,75591,0,43770,0.0,nan,nan,0.0
overture,Caracas,t_test,all,p90,1.7,0,56833,0,62528,0.0,nan,nan,0.0
overture,Caracas,t_test,all,p90,1.8,0,39932,0,79429,0.0,nan,nan,0.0
overture,Caracas,t_test,all,p90,1.9,0,26228,0,93133,0.0,nan,nan,0.0
overture,Caracas,t_test,all,p90,2.0,0,16710,0,102651,0.0,nan,nan,0.0
overture,Caracas,t_test,all,p90,2.1,0,10247,0,109114,0.0,nan,nan,0.0
overture,Caracas,t_test,all,p90,2.2,0,6149,0,113212,0.0,nan,nan,0.0
overture,Caracas,t_test,all,p90,2.3,0,3628,0,115733,0.0,nan,nan,0.0
overture,Caracas,t_test,all,p90,2.4,0,2154,0,117207,0.0,nan,nan,0.0
overture,Caracas,t_test,all,p90,2.5,0,1302,0,118059,0.0,nan,nan,0.0
overture,Caracas,t_test,all,p90,2.6,0,794,0,118567,0.0,nan,nan,0.0
overture,Caracas,t_test,all,p90,2.7,0,537,0,118824,0.0,nan,nan,0.0
overture,Caracas,t_test,all,p90,2.8,0,372,0,118989,0.0,nan,nan,0.0
overture,Caracas,t_test,all,p90,2.9,0,280,0,119081,0.0,nan,nan,0.0
overture,Caracas,t_test,all,p90,3.0,0,187,0,119174,0.0,nan,nan,0.0
overture,Caracas,t_test,all,p90,3.1,0,132,0,119229,0.0,nan,nan,0.0
overture,Caracas,t_test,all,p90,3.2,0,96,0,119265,0.0,nan,nan,0.0
overture,Caracas,t_test,all,p90,3.3,0,75,0,119286,0.0,nan,nan,0.0
overture,Caracas,t_test,all,p90,3.4,0,56,0,119305,0.0,nan,nan,0.0
overture,Caracas,t_test,all,p90,3.5,0,41,0,119320,0.0,nan,nan,0.0
overture,Caracas,t_test,all,p90,3.6,0,31,0,119330,0.0,nan,nan,0.0
overture,Caracas,t_test,all,p90,3.7,0,21,0,119340,0.0,nan,nan,0.0
overture,Caracas,t_test,all,p90,3.8,0,18,0,119343,0.0,nan,nan,0.0
overture,Caracas,t_test,all,p90,3.9,0,15,0,119346,0.0,nan,nan,0.0
overture,Caracas,t_test,all,p90,4.0,0,11,0,119350,0.0,nan,nan,0.0
overture,Caracas,t_test,all,p90,4.1,0,11,0,119350,0.0,nan,nan,0.0
overture,Caracas,t_test,all,p90,4.2,0,11,0,119350,0.0,nan,nan,0.0
overture,Caracas,t_test,all,p90,4.3,0,11,0,119350,0.0,nan,nan,0.0
overture,Caracas,t_test,all,p90,4.4,0,11,0,119350,0.0,nan,nan,0.0
overture,Caracas,t_test,all,p90,4.5,0,8,0,119353,0.0,nan,nan,0.0
overture,Caracas,t_test,all,p90,4.6,0,7,0,119354,0.0,nan,nan,0.0
overture,Caracas,t_test,all,p90,4.7,0,5,0,119356,0.0,nan,nan,0.0
overture,Caracas,t_test,all,p90,4.8,0,5,0,119356,0.0,nan,nan,0.0
overture,Caracas,t_test,all,p90,4.9,0,5,0,119356,0.0,nan,nan,0.0
overture,Caracas,t_test,all,p90,5.0,0,5,0,119356,0.0,nan,nan,0.0
overture,Caracas,t_test,all,p90,5.1,0,5,0,119356,0.0,nan,nan,0.0
overture,Caracas,t_test,all,p90,5.2,0,3,0,119358,0.0,nan,nan,0.0
overture,Caracas,t_test,all,p90,5.3,0,2,0,119359,0.0,nan,nan,0.0
overture,Caracas,t_test,all,p90,5.4,0,1,0,119360,0.0,nan,nan,0.0
overture,Moron,t_test,all,mean,1.7,0,13221,0,5252,0.0,nan,nan,0.0
overture,Moron,t_test,all,mean,1.8,0,10646,0,7827,0.0,nan,nan,0.0
overture,Moron,t_test,all,mean,2.1,0,4192,0,14281,0.0,nan,nan,0.0
overture,Moron,t_test,all,mean,2.2,0,2818,0,15655,0.0,nan,nan,0.0
overture,Moron,t_test,all,mean,2.3,0,1781,0,16692,0.0,nan,nan,0.0
overture,Moron,t_test,all,mean,2.4,0,1055,0,17418,0.0,nan,nan,0.0
overture,Moron,t_test,all,mean,2.5,0,676,0,17797,0.0,nan,nan,0.0
overture,Moron,t_test,all,mean,2.6,0,426,0,18047,0.0,nan,nan,0.0
overture,Moron,t_test,all,mean,2.7,0,278,0,18195,0.0,nan,nan,0.0
overture,Moron,t_test,all,mean,2.8,0,187,0,18286,0.0,nan,nan,0.0
overture,Moron,t_test,all,mean,2.9,0,118,0,18355,0.0,nan,nan,0.0
overture,Moron,t_test,all,mean,3.0,0,65,0,18408,0.0,nan,nan,0.0
overture,Moron,t_test,all,mean,3.1,0,35,0,18438,0.0,nan,nan,0.0
overture,Moron,t_test,all,mean,3.2,0,18,0,18455,0.0,nan,nan,0.0
overture,Moron,t_test,all,mean,3.3,0,12,0,18461,0.0,nan,nan,0.0
overture,Moron,t_test,all,mean,3.4,0,6,0,18467,0.0,nan,nan,0.0
overture,Moron,t_test,all,mean,3.5,0,6,0,18467,0.0,nan,nan,0.0
overture,Moron,t_test,all,mean,3.6,0,5,0,18468,0.0,nan,nan,0.0
overture,Moron,t_test,all,mean,3.7,0,5,0,18468,0.0,nan,nan,0.0
overture,Moron,t_test,all,mean,3.8,0,3,0,18470,0.0,nan,nan,0.0
overture,Moron,t_test,all,mean,3.9,0,2,0,18471,0.0,nan,nan,0.0
overture,Moron,t_test,all,max,2.1,0,5147,0,13326,0.0,nan,nan,0.0
overture,Moron,t_test,all,max,2.2,0,3691,0,14782,0.0,nan,nan,0.0
overture,Moron,t_test,all,max,2.3,0,2396,0,16077,0.0,nan,nan,0.0
overture,Moron,t_test,all,max,2.4,0,1542,0,16931,0.0,nan,nan,0.0
overture,Moron,t_test,all,max,2.5,0,1049,0,17424,0.0,nan,nan,0.0
overture,Moron,t_test,all,max,2.6,0,666,0,17807,0.0,nan,nan,0.0
overture,Moron,t_test,all,max,2.7,0,445,0,18028,0.0,nan,nan,0.0
overture,Moron,t_test,all,max,2.8,0,291,0,18182,0.0,nan,nan,0.0
overture,Moron,t_test,all,max,2.9,0,207,0,18266,0.0,nan,nan,0.0
overture,Moron,t_test,all,max,3.0,0,128,0,18345,0.0,nan,nan,0.0
overture,Moron,t_test,all,max,3.1,0,79,0,18394,0.0,nan,nan,0.0
overture,Moron,t_test,all,max,3.2,0,52,0,18421,0.0,nan,nan,0.0
overture,Moron,t_test,all,max,3.3,0,31,0,18442,0.0,nan,nan,0.0
overture,Moron,t_test,all,max,3.4,0,22,0,18451,0.0,nan,nan,0.0
overture,Moron,t_test,all,max,3.5,0,10,0,18463,0.0,nan,nan,0.0
overture,Moron,t_test,all,max,3.6,0,9,0,18464,0.0,nan,nan,0.0
overture,Moron,t_test,all,max,3.7,0,8,0,18465,0.0,nan,nan,0.0
overture,Moron,t_test,all,max,3.8,0,6,0,18467,0.0,nan,nan,0.0
overture,Moron,t_test,all,max,3.9,0,6,0,18467,0.0,nan,nan,0.0
overture,Moron,t_test,all,max,4.0,0,5,0,18468,0.0,nan,nan,0.0
overture,Moron,t_test,all,max,4.1,0,3,0,18470,0.0,nan,nan,0.0
overture,Moron,t_test,all,max,4.2,0,3,0,18470,0.0,nan,nan,0.0
overture,Moron,t_test,all,p75,1.6,0,15605,0,2868,0.0,nan,nan,0.0
overture,Moron,t_test,all,p75,1.7,0,13636,0,4837,0.0,nan,nan,0.0
overture,Moron,t_test,all,p75,1.8,0,11163,0,7310,0.0,nan,nan,0.0
overture,Moron,t_test,all,p75,1.9,0,8736,0,9737,0.0,nan,nan,0.0
overture,Moron,t_test,all,p75,2.0,0,6494,0,11979,0.0,nan,nan,0.0
overture,Moron,t_test,all,p75,2.1,0,4677,0,13796,0.0,nan,nan,0.0
overture,Moron,t_test,all,p75,2.2,0,3223,0,15250,0.0,nan,nan,0.0
overture,Moron,t_test,all,p75,2.3,0,2067,0,16406,0.0,nan,nan,0.0
overture,Moron,t_test,all,p75,2.4,0,1291,0,17182,0.0,nan,nan,0.0
overture,Moron,t_test,all,p75,2.5,0,848,0,17625,0.0,nan,nan,0.0
overture,Moron,t_test,all,p75,2.6,0,523,0,17950,0.0,nan,nan,0.0
overture,Moron,t_test,all,p75,2.7,0,346,0,18127,0.0,nan,nan,0.0
overture,Moron,t_test,all,p75,2.8,0,235,0,18238,0.0,nan,nan,0.0
overture,Moron,t_test,all,p75,2.9,0,161,0,18312,0.0,nan,nan,0.0
overture,Moron,t_test,all,p75,3.0,0,89,0,18384,0.0,nan,nan,0.0
overture,Moron,t_test,all,p75,3.1,0,56,0,18417,0.0,nan,nan,0.0
overture,Moron,t_test,all,p75,3.2,0,30,0,18443,0.0,nan,nan,0.0
overture,Moron,t_test,all,p75,3.3,0,18,0,18455,0.0,nan,nan,0.0
overture,Moron,t_test,all,p75,3.4,0,11,0,18462,0.0,nan,nan,0.0
overture,Moron,t_test,all,p75,3.5,0,7,0,18466,0.0,nan,nan,0.0
overture,Moron,t_test,all,p75,3.6,0,6,0,18467,0.0,nan,nan,0.0
overture,Moron,t_test,all,p75,3.7,0,5,0,18468,0.0,nan,nan,0.0
overture,Moron,t_test,all,p75,3.8,0,5,0,18468,0.0,nan,nan,0.0
overture,Moron,t_test,all,p75,3.9,0,3,0,18470,0.0,nan,nan,0.0
overture,Moron,t_test,all,p75,4.0,0,2,0,18471,0.0,nan,nan,0.0
overture,Moron,t_test,all,p90,1.5,0,17226,0,1247,0.0,nan,nan,0.0
overture,Moron,t_test,all,p90,1.8,0,11509,0,6964,0.0,nan,nan,0.0
overture,Moron,t_test,all,p90,2.0,0,6843,0,11630,0.0,nan,nan,0.0
overture,Moron,t_test,all,p90,2.1,0,4970,0,13503,0.0,nan,nan,0.0
overture,Moron,t_test,all,p90,2.2,0,3502,0,14971,0.0,nan,nan,0.0
overture,Moron,t_test,all,p90,2.3,0,2249,0,16224,0.0,nan,nan,0.0
overture,Moron,t_test,all,p90,2.4,0,1447,0,17026,0.0,nan,nan,0.0
overture,Moron,t_test,all,p90,2.5,0,961,0,17512,0.0,nan,nan,0.0
overture,Moron,t_test,all,p90,2.6,0,600,0,17873,0.0,nan,nan,0.0
overture,Moron,t_test,all,p90,2.7,0,398,0,18075,0.0,nan,nan,0.0
overture,Moron,t_test,all,p90,2.8,0,266,0,18207,0.0,nan,nan,0.0
overture,Moron,t_test,all,p90,2.9,0,182,0,18291,0.0,nan,nan,0.0
overture,Moron,t_test,all,p90,3.0,0,116,0,18357,0.0,nan,nan,0.0
overture,Moron,t_test,all,p90,3.1,0,68,0,18405,0.0,nan,nan,0.0
overture,Moron,t_test,all,p90,3.2,0,42,0,18431,0.0,nan,nan,0.0
overture,Moron,t_test,all,p90,3.3,0,25,0,18448,0.0,nan,nan,0.0
overture,Moron,t_test,all,p90,3.4,0,17,0,18456,0.0,nan,nan,0.0
overture,Moron,t_test,all,p90,3.5,0,8,0,18465,0.0,nan,nan,0.0
overture,Moron,t_test,all,p90,3.6,0,7,0,18466,0.0,nan,nan,0.0
overture,Moron,t_test,all,p90,3.7,0,7,0,18466,0.0,nan,nan,0.0
overture,Moron,t_test,all,p90,3.8,0,6,0,18467,0.0,nan,nan,0.0
overture,Moron,t_test,all,p90,3.9,0,5,0,18468,0.0,nan,nan,0.0
overture,Moron,t_test,all,p90,4.0,0,4,0,18469,0.0,nan,nan,0.0
overture,Moron,t_test,all,p90,4.1,0,2,0,18471,0.0,nan,nan,0.0
overture,San Felipe,t_test,all,mean,1.3,0,88201,0,1241,0.0,nan,nan,0.0
overture,San Felipe,t_test,all,mean,1.8,0,54943,0,34499,0.0,nan,nan,0.0
overture,San Felipe,t_test,all,mean,2.0,0,32371,0,57071,0.0,nan,nan,0.0
overture,San Felipe,t_test,all,mean,2.1,0,22967,0,66475,0.0,nan,nan,0.0
overture,San Felipe,t_test,all,mean,2.2,0,15756,0,73686,0.0,nan,nan,0.0
overture,San Felipe,t_test,all,mean,2.3,0,10648,0,78794,0.0,nan,nan,0.0
overture,San Felipe,t_test,all,mean,2.4,0,6871,0,82571,0.0,nan,nan,0.0
overture,San Felipe,t_test,all,mean,2.5,0,4368,0,85074,0.0,nan,nan,0.0
overture,San Felipe,t_test,all,mean,2.6,0,2683,0,86759,0.0,nan,nan,0.0
overture,San Felipe,t_test,all,mean,2.7,0,1661,0,87781,0.0,nan,nan,0.0
overture,San Felipe,t_test,all,mean,2.8,0,969,0,88473,0.0,nan,nan,0.0
overture,San Felipe,t_test,all,mean,2.9,0,584,0,88858,0.0,nan,nan,0.0
overture,San Felipe,t_test,all,mean,3.0,0,342,0,89100,0.0,nan,nan,0.0
overture,San Felipe,t_test,all,mean,3.1,0,192,0,89250,0.0,nan,nan,0.0
overture,San Felipe,t_test,all,mean,3.2,0,97,0,89345,0.0,nan,nan,0.0
overture,San Felipe,t_test,all,mean,3.3,0,50,0,89392,0.0,nan,nan,0.0
overture,San Felipe,t_test,all,mean,3.4,0,29,0,89413,0.0,nan,nan,0.0
overture,San Felipe,t_test,all,mean,3.5,0,15,0,89427,0.0,nan,nan,0.0
overture,San Felipe,t_test,all,mean,3.6,0,8,0,89434,0.0,nan,nan,0.0
overture,San Felipe,t_test,all,mean,3.7,0,6,0,89436,0.0,nan,nan,0.0
overture,San Felipe,t_test,all,mean,3.8,0,3,0,89439,0.0,nan,nan,0.0
overture,San Felipe,t_test,all,mean,3.9,0,2,0,89440,0.0,nan,nan,0.0
overture,San Felipe,t_test,all,mean,4.0,0,2,0,89440,0.0,nan,nan,0.0
overture,San Felipe,t_test,all,mean,4.1,0,2,0,89440,0.0,nan,nan,0.0
overture,San Felipe,t_test,all,mean,4.2,0,2,0,89440,0.0,nan,nan,0.0
overture,San Felipe,t_test,all,max,1.8,0,60753,0,28689,0.0,nan,nan,0.0
overture,San Felipe,t_test,all,max,1.9,0,49387,0,40055,0.0,nan,nan,0.0
overture,San Felipe,t_test,all,max,2.1,0,28786,0,60656,0.0,nan,nan,0.0
overture,San Felipe,t_test,all,max,2.2,0,20479,0,68963,0.0,nan,nan,0.0
overture,San Felipe,t_test,all,max,2.3,0,14339,0,75103,0.0,nan,nan,0.0
overture,San Felipe,t_test,all,max,2.4,0,9594,0,79848,0.0,nan,nan,0.0
overture,San Felipe,t_test,all,max,2.5,0,6282,0,83160,0.0,nan,nan,0.0
overture,San Felipe,t_test,all,max,2.6,0,3974,0,85468,0.0,nan,nan,0.0
overture,San Felipe,t_test,all,max,2.7,0,2531,0,86911,0.0,nan,nan,0.0
overture,San Felipe,t_test,all,max,2.8,0,1540,0,87902,0.0,nan,nan,0.0
overture,San Felipe,t_test,all,max,2.9,0,977,0,88465,0.0,nan,nan,0.0
overture,San Felipe,t_test,all,max,3.0,0,589,0,88853,0.0,nan,nan,0.0
overture,San Felipe,t_test,all,max,3.1,0,357,0,89085,0.0,nan,nan,0.0
overture,San Felipe,t_test,all,max,3.2,0,197,0,89245,0.0,nan,nan,0.0
overture,San Felipe,t_test,all,max,3.3,0,94,0,89348,0.0,nan,nan,0.0
overture,San Felipe,t_test,all,max,3.4,0,51,0,89391,0.0,nan,nan,0.0
overture,San Felipe,t_test,all,max,3.5,0,21,0,89421,0.0,nan,nan,0.0
overture,San Felipe,t_test,all,max,3.6,0,11,0,89431,0.0,nan,nan,0.0
overture,San Felipe,t_test,all,max,3.7,0,9,0,89433,0.0,nan,nan,0.0
overture,San Felipe,t_test,all,max,3.8,0,5,0,89437,0.0,nan,nan,0.0
overture,San Felipe,t_test,all,max,3.9,0,3,0,89439,0.0,nan,nan,0.0
overture,San Felipe,t_test,all,max,4.0,0,3,0,89439,0.0,nan,nan,0.0
overture,San Felipe,t_test,all,max,4.1,0,3,0,89439,0.0,nan,nan,0.0
overture,San Felipe,t_test,all,max,4.2,0,2,0,89440,0.0,nan,nan,0.0
overture,San Felipe,t_test,all,p75,2.0,0,35524,0,53918,0.0,nan,nan,0.0
overture,San Felipe,t_test,all,p75,2.1,0,25843,0,63599,0.0,nan,nan,0.0
overture,San Felipe,t_test,all,p75,2.2,0,17973,0,71469,0.0,nan,nan,0.0
overture,San Felipe,t_test,all,p75,2.3,0,12374,0,77068,0.0,nan,nan,0.0
overture,San Felipe,t_test,all,p75,2.5,0,5201,0,84241,0.0,nan,nan,0.0
overture,San Felipe,t_test,all,p75,2.6,0,3270,0,86172,0.0,nan,nan,0.0
overture,San Felipe,t_test,all,p75,2.8,0,1207,0,88235,0.0,nan,nan,0.0
overture,San Felipe,t_test,all,p75,2.9,0,763,0,88679,0.0,nan,nan,0.0
overture,San Felipe,t_test,all,p75,3.0,0,435,0,89007,0.0,nan,nan,0.0
overture,San Felipe,t_test,all,p75,3.1,0,260,0,89182,0.0,nan,nan,0.0
overture,San Felipe,t_test,all,p75,3.2,0,129,0,89313,0.0,nan,nan,0.0
overture,San Felipe,t_test,all,p75,3.3,0,68,0,89374,0.0,nan,nan,0.0
overture,San Felipe,t_test,all,p75,3.4,0,36,0,89406,0.0,nan,nan,0.0
overture,San Felipe,t_test,all,p75,3.5,0,19,0,89423,0.0,nan,nan,0.0
overture,San Felipe,t_test,all,p75,3.6,0,9,0,89433,0.0,nan,nan,0.0
overture,San Felipe,t_test,all,p75,3.7,0,9,0,89433,0.0,nan,nan,0.0
overture,San Felipe,t_test,all,p75,3.8,0,4,0,89438,0.0,nan,nan,0.0
overture,San Felipe,t_test,all,p75,3.9,0,2,0,89440,0.0,nan,nan,0.0
overture,San Felipe,t_test,all,p75,4.0,0,2,0,89440,0.0,nan,nan,0.0
overture,San Felipe,t_test,all,p75,4.1,0,2,0,89440,0.0,nan,nan,0.0
overture,San Felipe,t_test,all,p75,4.2,0,2,0,89440,0.0,nan,nan,0.0
overture,San Felipe,t_test,all,p90,1.5,0,84018,0,5424,0.0,nan,nan,0.0
overture,San Felipe,t_test,all,p90,1.7,0,70082,0,19360,0.0,nan,nan,0.0
overture,San Felipe,t_test,all,p90,2.0,0,37363,0,52079,0.0,nan,nan,0.0
overture,San Felipe,t_test,all,p90,2.1,0,27603,0,61839,0.0,nan,nan,0.0
overture,San Felipe,t_test,all,p90,2.2,0,19441,0,70001,0.0,nan,nan,0.0
overture,San Felipe,t_test,all,p90,2.3,0,13492,0,75950,0.0,nan,nan,0.0
overture,San Felipe,t_test,all,p90,2.4,0,8941,0,80501,0.0,nan,nan,0.0
overture,San Felipe,t_test,all,p90,2.5,0,5780,0,83662,0.0,nan,nan,0.0
overture,San Felipe,t_test,all,p90,2.6,0,3640,0,85802,0.0,nan,nan,0.0
overture,San Felipe,t_test,all,p90,2.7,0,2300,0,87142,0.0,nan,nan,0.0
overture,San Felipe,t_test,all,p90,2.8,0,1379,0,88063,0.0,nan,nan,0.0
overture,San Felipe,t_test,all,p90,2.9,0,872,0,88570,0.0,nan,nan,0.0
overture,San Felipe,t_test,all,p90,3.0,0,515,0,88927,0.0,nan,nan,0.0
overture,San Felipe,t_test,all,p90,3.1,0,308,0,89134,0.0,nan,nan,0.0
overture,San Felipe,t_test,all,p90,3.2,0,163,0,89279,0.0,nan,nan,0.0
overture,San Felipe,t_test,all,p90,3.3,0,83,0,89359,0.0,nan,nan,0.0
overture,San Felipe,t_test,all,p90,3.4,0,42,0,89400,0.0,nan,nan,0.0
overture,San Felipe,t_test,all,p90,3.5,0,20,0,89422,0.0,nan,nan,0.0
overture,San Felipe,t_test,all,p90,3.6,0,10,0,89432,0.0,nan,nan,0.0
overture,San Felipe,t_test,all,p90,3.7,0,9,0,89433,0.0,nan,nan,0.0
overture,San Felipe,t_test,all,p90,3.8,0,5,0,89437,0.0,nan,nan,0.0
overture,San Felipe,t_test,all,p90,3.9,0,3,0,89439,0.0,nan,nan,0.0
overture,San Felipe,t_test,all,p90,4.0,0,3,0,89439,0.0,nan,nan,0.0
overture,San Felipe,t_test,all,p90,4.1,0,2,0,89440,0.0,nan,nan,0.0
overture,San Felipe,t_test,all,p90,4.2,0,2,0,89440,0.0,nan,nan,0.0
overture,GLOBAL,bdpm,all,mean,0.06,0,98630,0,103417,0.0,nan,nan,0.0
overture,GLOBAL,bdpm,all,mean,0.08,0,86030,0,116017,0.0,nan,nan,0.0
overture,GLOBAL,bdpm,all,mean,0.1,0,75666,0,126381,0.0,nan,nan,0.0
overture,GLOBAL,bdpm,all,mean,0.12,0,67017,0,135030,0.0,nan,nan,0.0
overture,GLOBAL,bdpm,all,mean,0.18,0,49067,0,152980,0.0,nan,nan,0.0
overture,GLOBAL,bdpm,all,mean,0.2,0,45130,0,156917,0.0,nan,nan,0.0
overture,GLOBAL,bdpm,all,mean,0.22,0,41805,0,160242,0.0,nan,nan,0.0
overture,GLOBAL,bdpm,all,mean,0.24,0,38857,0,163190,0.0,nan,nan,0.0
overture,GLOBAL,bdpm,all,mean,0.26,0,36159,0,165888,0.0,nan,nan,0.0
overture,GLOBAL,bdpm,all,mean,0.28,0,33882,0,168165,0.0,nan,nan,0.0
overture,GLOBAL,bdpm,all,mean,0.3,0,31810,0,170237,0.0,nan,nan,0.0
overture,GLOBAL,bdpm,all,mean,0.32,0,29825,0,172222,0.0,nan,nan,0.0
overture,GLOBAL,bdpm,all,mean,0.34,0,28087,0,173960,0.0,nan,nan,0.0
overture,GLOBAL,bdpm,all,mean,0.4,0,23401,0,178646,0.0,nan,nan,0.0
overture,GLOBAL,bdpm,all,mean,0.42,0,21967,0,180080,0.0,nan,nan,0.0
overture,GLOBAL,bdpm,all,mean,0.44,0,20557,0,181490,0.0,nan,nan,0.0
overture,GLOBAL,bdpm,all,mean,0.46,0,19208,0,182839,0.0,nan,nan,0.0
overture,GLOBAL,bdpm,all,mean,0.48,0,17990,0,184057,0.0,nan,nan,0.0
overture,GLOBAL,bdpm,all,mean,0.5,0,16718,0,185329,0.0,nan,nan,0.0
overture,GLOBAL,bdpm,all,mean,0.52,0,15364,0,186683,0.0,nan,nan,0.0
overture,GLOBAL,bdpm,all,mean,0.54,0,14071,0,187976,0.0,nan,nan,0.0
overture,GLOBAL,bdpm,all,mean,0.56,0,12810,0,189237,0.0,nan,nan,0.0
overture,GLOBAL,bdpm,all,mean,0.58,0,11523,0,190524,0.0,nan,nan,0.0
overture,GLOBAL,bdpm,all,mean,0.6,0,10174,0,191873,0.0,nan,nan,0.0
overture,GLOBAL,bdpm,all,mean,0.62,0,8848,0,193199,0.0,nan,nan,0.0
overture,GLOBAL,bdpm,all,mean,0.64,0,7524,0,194523,0.0,nan,nan,0.0
overture,GLOBAL,bdpm,all,mean,0.66,0,6190,0,195857,0.0,nan,nan,0.0
overture,GLOBAL,bdpm,all,mean,0.68,0,5013,0,197034,0.0,nan,nan,0.0
overture,GLOBAL,bdpm,all,mean,0.7,0,3956,0,198091,0.0,nan,nan,0.0
overture,GLOBAL,bdpm,all,mean,0.72,0,2916,0,199131,0.0,nan,nan,0.0
overture,GLOBAL,bdpm,all,mean,0.74,0,1909,0,200138,0.0,nan,nan,0.0
overture,GLOBAL,bdpm,all,mean,0.76,0,1192,0,200855,0.0,nan,nan,0.0
overture,GLOBAL,bdpm,all,mean,0.78,0,655,0,201392,0.0,nan,nan,0.0
overture,GLOBAL,bdpm,all,mean,0.8,0,297,0,201750,0.0,nan,nan,0.0
overture,GLOBAL,bdpm,all,mean,0.82,0,136,0,201911,0.0,nan,nan,0.0
overture,GLOBAL,bdpm,all,mean,0.84,0,36,0,202011,0.0,nan,nan,0.0
overture,GLOBAL,bdpm,all,mean,0.86,0,12,0,202035,0.0,nan,nan,0.0
overture,GLOBAL,bdpm,all,mean,0.88,0,4,0,202043,0.0,nan,nan,0.0
overture,GLOBAL,bdpm,all,max,0.0,0,160211,0,41836,0.0,nan,nan,0.0
overture,GLOBAL,bdpm,all,max,0.04,0,123335,0,78712,0.0,nan,nan,0.0
overture,GLOBAL,bdpm,all,max,0.1,0,82678,0,119369,0.0,nan,nan,0.0
overture,GLOBAL,bdpm,all,max,0.12,0,73312,0,128735,0.0,nan,nan,0.0
overture,GLOBAL,bdpm,all,max,0.14,0,65395,0,136652,0.0,nan,nan,0.0
overture,GLOBAL,bdpm,all,max,0.18,0,53557,0,148490,0.0,nan,nan,0.0
overture,GLOBAL,bdpm,all,max,0.2,0,49153,0,152894,0.0,nan,nan,0.0
overture,GLOBAL,bdpm,all,max,0.22,0,45330,0,156717,0.0,nan,nan,0.0
overture,GLOBAL,bdpm,all,max,0.26,0,39176,0,162871,0.0,nan,nan,0.0
overture,GLOBAL,bdpm,all,max,0.28,0,36637,0,165410,0.0,nan,nan,0.0
overture,GLOBAL,bdpm,all,max,0.3,0,34386,0,167661,0.0,nan,nan,0.0
overture,GLOBAL,bdpm,all,max,0.32,0,32247,0,169800,0.0,nan,nan,0.0
overture,GLOBAL,bdpm,all,max,0.34,0,30412,0,171635,0.0,nan,nan,0.0
overture,GLOBAL,bdpm,all,max,0.36,0,28583,0,173464,0.0,nan,nan,0.0
overture,GLOBAL,bdpm,all,max,0.38,0,26965,0,175082,0.0,nan,nan,0.0
overture,GLOBAL,bdpm,all,max,0.4,0,25356,0,176691,0.0,nan,nan,0.0
overture,GLOBAL,bdpm,all,max,0.42,0,23821,0,178226,0.0,nan,nan,0.0
overture,GLOBAL,bdpm,all,max,0.44,0,22346,0,179701,0.0,nan,nan,0.0
overture,GLOBAL,bdpm,all,max,0.46,0,20918,0,181129,0.0,nan,nan,0.0
overture,GLOBAL,bdpm,all,max,0.48,0,19691,0,182356,0.0,nan,nan,0.0
overture,GLOBAL,bdpm,all,max,0.5,0,18419,0,183628,0.0,nan,nan,0.0
overture,GLOBAL,bdpm,all,max,0.52,0,16956,0,185091,0.0,nan,nan,0.0
overture,GLOBAL,bdpm,all,max,0.54,0,15639,0,186408,0.0,nan,nan,0.0
overture,GLOBAL,bdpm,all,max,0.56,0,14343,0,187704,0.0,nan,nan,0.0
overture,GLOBAL,bdpm,all,max,0.58,0,13075,0,188972,0.0,nan,nan,0.0
overture,GLOBAL,bdpm,all,max,0.62,0,10387,0,191660,0.0,nan,nan,0.0
overture,GLOBAL,bdpm,all,max,0.64,0,9093,0,192954,0.0,nan,nan,0.0
overture,GLOBAL,bdpm,all,max,0.66,0,7695,0,194352,0.0,nan,nan,0.0
overture,GLOBAL,bdpm,all,max,0.68,0,6463,0,195584,0.0,nan,nan,0.0
overture,GLOBAL,bdpm,all,max,0.7,0,5279,0,196768,0.0,nan,nan,0.0
overture,GLOBAL,bdpm,all,max,0.72,0,4134,0,197913,0.0,nan,nan,0.0
overture,GLOBAL,bdpm,all,max,0.74,0,2842,0,199205,0.0,nan,nan,0.0
overture,GLOBAL,bdpm,all,max,0.76,0,2001,0,200046,0.0,nan,nan,0.0
overture,GLOBAL,bdpm,all,max,0.78,0,1183,0,200864,0.0,nan,nan,0.0
overture,GLOBAL,bdpm,all,max,0.8,0,655,0,201392,0.0,nan,nan,0.0
overture,GLOBAL,bdpm,all,max,0.82,0,322,0,201725,0.0,nan,nan,0.0
overture,GLOBAL,bdpm,all,max,0.84,0,113,0,201934,0.0,nan,nan,0.0
overture,GLOBAL,bdpm,all,max,0.86,0,50,0,201997,0.0,nan,nan,0.0
overture,GLOBAL,bdpm,all,max,0.88,0,14,0,202033,0.0,nan,nan,0.0
overture,GLOBAL,bdpm,all,p75,0.04,0,119193,0,82854,0.0,nan,nan,0.0
overture,GLOBAL,bdpm,all,p75,0.06,0,102699,0,99348,0.0,nan,nan,0.0
overture,GLOBAL,bdpm,all,p75,0.08,0,89673,0,112374,0.0,nan,nan,0.0
overture,GLOBAL,bdpm,all,p75,0.12,0,69996,0,132051,0.0,nan,nan,0.0
overture,GLOBAL,bdpm,all,p75,0.14,0,62434,0,139613,0.0,nan,nan,0.0
overture,GLOBAL,bdpm,all,p75,0.16,0,56072,0,145975,0.0,nan,nan,0.0
overture,GLOBAL,bdpm,all,p75,0.2,0,46999,0,155048,0.0,nan,nan,0.0
overture,GLOBAL,bdpm,all,p75,0.22,0,43495,0,158552,0.0,nan,nan,0.0
overture,GLOBAL,bdpm,all,p75,0.26,0,37666,0,164381,0.0,nan,nan,0.0
overture,GLOBAL,bdpm,all,p75,0.28,0,35168,0,166879,0.0,nan,nan,0.0
overture,GLOBAL,bdpm,all,p75,0.3,0,33088,0,168959,0.0,nan,nan,0.0
overture,GLOBAL,bdpm,all,p75,0.32,0,30985,0,171062,0.0,nan,nan,0.0
overture,GLOBAL,bdpm,all,p75,0.34,0,29198,0,172849,0.0,nan,nan,0.0
overture,GLOBAL,bdpm,all,p75,0.36,0,27453,0,174594,0.0,nan,nan,0.0
overture,GLOBAL,bdpm,all,p75,0.38,0,25872,0,176175,0.0,nan,nan,0.0
overture,GLOBAL,bdpm,all,p75,0.4,0,24375,0,177672,0.0,nan,nan,0.0
overture,GLOBAL,bdpm,all,p75,0.42,0,22867,0,179180,0.0,nan,nan,0.0
overture,GLOBAL,bdpm,all,p75,0.46,0,20032,0,182015,0.0,nan,nan,0.0
overture,GLOBAL,bdpm,all,p75,0.48,0,18803,0,183244,0.0,nan,nan,0.0
overture,GLOBAL,bdpm,all,p75,0.5,0,17530,0,184517,0.0,nan,nan,0.0
overture,GLOBAL,bdpm,all,p75,0.52,0,16156,0,185891,0.0,nan,nan,0.0
overture,GLOBAL,bdpm,all,p75,0.54,0,14873,0,187174,0.0,nan,nan,0.0
overture,GLOBAL,bdpm,all,p75,0.56,0,13599,0,188448,0.0,nan,nan,0.0
overture,GLOBAL,bdpm,all,p75,0.58,0,12293,0,189754,0.0,nan,nan,0.0
overture,GLOBAL,bdpm,all,p75,0.6,0,10973,0,191074,0.0,nan,nan,0.0
overture,GLOBAL,bdpm,all,p75,0.62,0,9593,0,192454,0.0,nan,nan,0.0
overture,GLOBAL,bdpm,all,p75,0.64,0,8293,0,193754,0.0,nan,nan,0.0
overture,GLOBAL,bdpm,all,p75,0.66,0,6918,0,195129,0.0,nan,nan,0.0
overture,GLOBAL,bdpm,all,p75,0.68,0,5718,0,196329,0.0,nan,nan,0.0
overture,GLOBAL,bdpm,all,p75,0.7,0,4577,0,197470,0.0,nan,nan,0.0
overture,GLOBAL,bdpm,all,p75,0.72,0,3428,0,198619,0.0,nan,nan,0.0
overture,GLOBAL,bdpm,all,p75,0.74,0,2297,0,199750,0.0,nan,nan,0.0
overture,GLOBAL,bdpm,all,p75,0.76,0,1532,0,200515,0.0,nan,nan,0.0
overture,GLOBAL,bdpm,all,p75,0.78,0,854,0,201193,0.0,nan,nan,0.0
overture,GLOBAL,bdpm,all,p75,0.8,0,411,0,201636,0.0,nan,nan,0.0
overture,GLOBAL,bdpm,all,p75,0.82,0,190,0,201857,0.0,nan,nan,0.0
overture,GLOBAL,bdpm,all,p75,0.84,0,49,0,201998,0.0,nan,nan,0.0
overture,GLOBAL,bdpm,all,p75,0.86,0,13,0,202034,0.0,nan,nan,0.0
overture,GLOBAL,bdpm,all,p75,0.88,0,5,0,202042,0.0,nan,nan,0.0
overture,GLOBAL,bdpm,all,p90,-0.04,0,185332,0,16715,0.0,nan,nan,0.0
overture,GLOBAL,bdpm,all,p90,0.02,0,140377,0,61670,0.0,nan,nan,0.0
overture,GLOBAL,bdpm,all,p90,0.04,0,121765,0,80282,0.0,nan,nan,0.0
overture,GLOBAL,bdpm,all,p90,0.1,0,81227,0,120820,0.0,nan,nan,0.0
overture,GLOBAL,bdpm,all,p90,0.12,0,71945,0,130102,0.0,nan,nan,0.0
overture,GLOBAL,bdpm,all,p90,0.14,0,64176,0,137871,0.0,nan,nan,0.0
overture,GLOBAL,bdpm,all,p90,0.16,0,57664,0,144383,0.0,nan,nan,0.0
overture,GLOBAL,bdpm,all,p90,0.2,0,48218,0,153829,0.0,nan,nan,0.0
overture,GLOBAL,bdpm,all,p90,0.22,0,44580,0,157467,0.0,nan,nan,0.0
overture,GLOBAL,bdpm,all,p90,0.24,0,41445,0,160602,0.0,nan,nan,0.0
overture,GLOBAL,bdpm,all,p90,0.26,0,38554,0,163493,0.0,nan,nan,0.0
overture,GLOBAL,bdpm,all,p90,0.28,0,36033,0,166014,0.0,nan,nan,0.0
overture,GLOBAL,bdpm,all,p90,0.3,0,33836,0,168211,0.0,nan,nan,0.0
overture,GLOBAL,bdpm,all,p90,0.32,0,31758,0,170289,0.0,nan,nan,0.0
overture,GLOBAL,bdpm,all,p90,0.34,0,29929,0,172118,0.0,nan,nan,0.0
overture,GLOBAL,bdpm,all,p90,0.36,0,28148,0,173899,0.0,nan,nan,0.0
overture,GLOBAL,bdpm,all,p90,0.38,0,26509,0,175538,0.0,nan,nan,0.0
overture,GLOBAL,bdpm,all,p90,0.4,0,24933,0,177114,0.0,nan,nan,0.0
overture,GLOBAL,bdpm,all,p90,0.42,0,23420,0,178627,0.0,nan,nan,0.0
overture,GLOBAL,bdpm,all,p90,0.46,0,20569,0,181478,0.0,nan,nan,0.0
overture,GLOBAL,bdpm,all,p90,0.48,0,19358,0,182689,0.0,nan,nan,0.0
overture,GLOBAL,bdpm,all,p90,0.5,0,18042,0,184005,0.0,nan,nan,0.0
overture,GLOBAL,bdpm,all,p90,0.52,0,16612,0,185435,0.0,nan,nan,0.0
overture,GLOBAL,bdpm,all,p90,0.54,0,15325,0,186722,0.0,nan,nan,0.0
overture,GLOBAL,bdpm,all,p90,0.56,0,14014,0,188033,0.0,nan,nan,0.0
overture,GLOBAL,bdpm,all,p90,0.58,0,12778,0,189269,0.0,nan,nan,0.0
overture,GLOBAL,bdpm,all,p90,0.6,0,11431,0,190616,0.0,nan,nan,0.0
overture,GLOBAL,bdpm,all,p90,0.62,0,10082,0,191965,0.0,nan,nan,0.0
overture,GLOBAL,bdpm,all,p90,0.64,0,8765,0,193282,0.0,nan,nan,0.0
overture,GLOBAL,bdpm,all,p90,0.66,0,7364,0,194683,0.0,nan,nan,0.0
overture,GLOBAL,bdpm,all,p90,0.68,0,6155,0,195892,0.0,nan,nan,0.0
overture,GLOBAL,bdpm,all,p90,0.7,0,5010,0,197037,0.0,nan,nan,0.0
overture,GLOBAL,bdpm,all,p90,0.72,0,3780,0,198267,0.0,nan,nan,0.0
overture,GLOBAL,bdpm,all,p90,0.74,0,2614,0,199433,0.0,nan,nan,0.0
overture,GLOBAL,bdpm,all,p90,0.76,0,1774,0,200273,0.0,nan,nan,0.0
overture,GLOBAL,bdpm,all,p90,0.78,0,1040,0,201007,0.0,nan,nan,0.0
overture,GLOBAL,bdpm,all,p90,0.8,0,534,0,201513,0.0,nan,nan,0.0
overture,GLOBAL,bdpm,all,p90,0.82,0,250,0,201797,0.0,nan,nan,0.0
overture,GLOBAL,bdpm,all,p90,0.84,0,78,0,201969,0.0,nan,nan,0.0
overture,GLOBAL,bdpm,all,p90,0.86,0,27,0,202020,0.0,nan,nan,0.0
overture,GLOBAL,bdpm,all,p90,0.88,0,5,0,202042,0.0,nan,nan,0.0
overture,la_guaira,bdpm,all,mean,0.0,0,17139,0,1750,0.0,nan,nan,0.0
overture,la_guaira,bdpm,all,mean,0.08,0,12677,0,6212,0.0,nan,nan,0.0
overture,la_guaira,bdpm,all,mean,0.1,0,11407,0,7482,0.0,nan,nan,0.0
overture,la_guaira,bdpm,all,mean,0.16,0,8221,0,10668,0.0,nan,nan,0.0
overture,la_guaira,bdpm,all,mean,0.2,0,6527,0,12362,0.0,nan,nan,0.0
overture,la_guaira,bdpm,all,mean,0.24,0,5135,0,13754,0.0,nan,nan,0.0
overture,la_guaira,bdpm,all,mean,0.26,0,4563,0,14326,0.0,nan,nan,0.0
overture,la_guaira,bdpm,all,mean,0.28,0,4098,0,14791,0.0,nan,nan,0.0
overture,la_guaira,bdpm,all,mean,0.3,0,3646,0,15243,0.0,nan,nan,0.0
overture,la_guaira,bdpm,all,mean,0.32,0,3197,0,15692,0.0,nan,nan,0.0
overture,la_guaira,bdpm,all,mean,0.34,0,2764,0,16125,0.0,nan,nan,0.0
overture,la_guaira,bdpm,all,mean,0.36,0,2365,0,16524,0.0,nan,nan,0.0
overture,la_guaira,bdpm,all,mean,0.38,0,2086,0,16803,0.0,nan,nan,0.0
overture,la_guaira,bdpm,all,mean,0.4,0,1813,0,17076,0.0,nan,nan,0.0
overture,la_guaira,bdpm,all,mean,0.42,0,1622,0,17267,0.0,nan,nan,0.0
overture,la_guaira,bdpm,all,mean,0.44,0,1426,0,17463,0.0,nan,nan,0.0
overture,la_guaira,bdpm,all,mean,0.46,0,1231,0,17658,0.0,nan,nan,0.0
overture,la_guaira,bdpm,all,mean,0.48,0,1084,0,17805,0.0,nan,nan,0.0
overture,la_guaira,bdpm,all,mean,0.5,0,900,0,17989,0.0,nan,nan,0.0
overture,la_guaira,bdpm,all,mean,0.52,0,751,0,18138,0.0,nan,nan,0.0
overture,la_guaira,bdpm,all,mean,0.54,0,628,0,18261,0.0,nan,nan,0.0
overture,la_guaira,bdpm,all,mean,0.56,0,539,0,18350,0.0,nan,nan,0.0
overture,la_guaira,bdpm,all,mean,0.58,0,425,0,18464,0.0,nan,nan,0.0
overture,la_guaira,bdpm,all,mean,0.6,0,335,0,18554,0.0,nan,nan,0.0
overture,la_guaira,bdpm,all,mean,0.62,0,258,0,18631,0.0,nan,nan,0.0
overture,la_guaira,bdpm,all,mean,0.64,0,199,0,18690,0.0,nan,nan,0.0
overture,la_guaira,bdpm,all,mean,0.66,0,163,0,18726,0.0,nan,nan,0.0
overture,la_guaira,bdpm,all,mean,0.68,0,127,0,18762,0.0,nan,nan,0.0
overture,la_guaira,bdpm,all,mean,0.7,0,89,0,18800,0.0,nan,nan,0.0
overture,la_guaira,bdpm,all,mean,0.72,0,61,0,18828,0.0,nan,nan,0.0
overture,la_guaira,bdpm,all,mean,0.74,0,53,0,18836,0.0,nan,nan,0.0
overture,la_guaira,bdpm,all,mean,0.76,0,41,0,18848,0.0,nan,nan,0.0
overture,la_guaira,bdpm,all,mean,0.78,0,24,0,18865,0.0,nan,nan,0.0
overture,la_guaira,bdpm,all,mean,0.8,0,19,0,18870,0.0,nan,nan,0.0
overture,la_guaira,bdpm,all,mean,0.82,0,17,0,18872,0.0,nan,nan,0.0
overture,la_guaira,bdpm,all,mean,0.84,0,2,0,18887,0.0,nan,nan,0.0
overture,la_guaira,bdpm,all,mean,0.86,0,2,0,18887,0.0,nan,nan,0.0
overture,la_guaira,bdpm,all,max,0.04,0,15676,0,3213,0.0,nan,nan,0.0
overture,la_guaira,bdpm,all,max,0.08,0,13355,0,5534,0.0,nan,nan,0.0
overture,la_guaira,bdpm,all,max,0.14,0,9875,0,9014,0.0,nan,nan,0.0
overture,la_guaira,bdpm,all,max,0.16,0,8904,0,9985,0.0,nan,nan,0.0
overture,la_guaira,bdpm,all,max,0.18,0,8014,0,10875,0.0,nan,nan,0.0
overture,la_guaira,bdpm,all,max,0.2,0,7226,0,11663,0.0,nan,nan,0.0
overture,la_guaira,bdpm,all,max,0.22,0,6527,0,12362,0.0,nan,nan,0.0
overture,la_guaira,bdpm,all,max,0.24,0,5781,0,13108,0.0,nan,nan,0.0
overture,la_guaira,bdpm,all,max,0.28,0,4700,0,14189,0.0,nan,nan,0.0
overture,la_guaira,bdpm,all,max,0.3,0,4224,0,14665,0.0,nan,nan,0.0
overture,la_guaira,bdpm,all,max,0.34,0,3225,0,15664,0.0,nan,nan,0.0
overture,la_guaira,bdpm,all,max,0.36,0,2793,0,16096,0.0,nan,nan,0.0
overture,la_guaira,bdpm,all,max,0.38,0,2469,0,16420,0.0,nan,nan,0.0
overture,la_guaira,bdpm,all,max,0.4,0,2176,0,16713,0.0,nan,nan,0.0
overture,la_guaira,bdpm,all,max,0.42,0,1949,0,16940,0.0,nan,nan,0.0
overture,la_guaira,bdpm,all,max,0.44,0,1738,0,17151,0.0,nan,nan,0.0
overture,la_guaira,bdpm,all,max,0.46,0,1543,0,17346,0.0,nan,nan,0.0
overture,la_guaira,bdpm,all,max,0.48,0,1344,0,17545,0.0,nan,nan,0.0
overture,la_guaira,bdpm,all,max,0.5,0,1122,0,17767,0.0,nan,nan,0.0
overture,la_guaira,bdpm,all,max,0.52,0,933,0,17956,0.0,nan,nan,0.0
overture,la_guaira,bdpm,all,max,0.54,0,803,0,18086,0.0,nan,nan,0.0
overture,la_guaira,bdpm,all,max,0.56,0,685,0,18204,0.0,nan,nan,0.0
overture,la_guaira,bdpm,all,max,0.58,0,517,0,18372,0.0,nan,nan,0.0
overture,la_guaira,bdpm,all,max,0.6,0,443,0,18446,0.0,nan,nan,0.0
overture,la_guaira,bdpm,all,max,0.62,0,335,0,18554,0.0,nan,nan,0.0
overture,la_guaira,bdpm,all,max,0.64,0,278,0,18611,0.0,nan,nan,0.0
overture,la_guaira,bdpm,all,max,0.66,0,220,0,18669,0.0,nan,nan,0.0
overture,la_guaira,bdpm,all,max,0.68,0,174,0,18715,0.0,nan,nan,0.0
overture,la_guaira,bdpm,all,max,0.7,0,127,0,18762,0.0,nan,nan,0.0
overture,la_guaira,bdpm,all,max,0.72,0,84,0,18805,0.0,nan,nan,0.0
overture,la_guaira,bdpm,all,max,0.74,0,83,0,18806,0.0,nan,nan,0.0
overture,la_guaira,bdpm,all,max,0.76,0,72,0,18817,0.0,nan,nan,0.0
overture,la_guaira,bdpm,all,max,0.78,0,42,0,18847,0.0,nan,nan,0.0
overture,la_guaira,bdpm,all,max,0.8,0,33,0,18856,0.0,nan,nan,0.0
overture,la_guaira,bdpm,all,max,0.82,0,24,0,18865,0.0,nan,nan,0.0
overture,la_guaira,bdpm,all,max,0.84,0,4,0,18885,0.0,nan,nan,0.0
overture,la_guaira,bdpm,all,max,0.86,0,4,0,18885,0.0,nan,nan,0.0
overture,la_guaira,bdpm,all,p75,0.04,0,15493,0,3396,0.0,nan,nan,0.0
overture,la_guaira,bdpm,all,p75,0.08,0,13033,0,5856,0.0,nan,nan,0.0
overture,la_guaira,bdpm,all,p75,0.1,0,11840,0,7049,0.0,nan,nan,0.0
overture,la_guaira,bdpm,all,p75,0.16,0,8557,0,10332,0.0,nan,nan,0.0
overture,la_guaira,bdpm,all,p75,0.2,0,6865,0,12024,0.0,nan,nan,0.0
overture,la_guaira,bdpm,all,p75,0.22,0,6163,0,12726,0.0,nan,nan,0.0
overture,la_guaira,bdpm,all,p75,0.24,0,5444,0,13445,0.0,nan,nan,0.0
overture,la_guaira,bdpm,all,p75,0.26,0,4891,0,13998,0.0,nan,nan,0.0
overture,la_guaira,bdpm,all,p75,0.28,0,4382,0,14507,0.0,nan,nan,0.0
overture,la_guaira,bdpm,all,p75,0.3,0,3932,0,14957,0.0,nan,nan,0.0
overture,la_guaira,bdpm,all,p75,0.32,0,3427,0,15462,0.0,nan,nan,0.0
overture,la_guaira,bdpm,all,p75,0.36,0,2584,0,16305,0.0,nan,nan,0.0
overture,la_guaira,bdpm,all,p75,0.4,0,2009,0,16880,0.0,nan,nan,0.0
overture,la_guaira,bdpm,all,p75,0.42,0,1777,0,17112,0.0,nan,nan,0.0
overture,la_guaira,bdpm,all,p75,0.44,0,1583,0,17306,0.0,nan,nan,0.0
overture,la_guaira,bdpm,all,p75,0.46,0,1365,0,17524,0.0,nan,nan,0.0
overture,la_guaira,bdpm,all,p75,0.48,0,1189,0,17700,0.0,nan,nan,0.0
overture,la_guaira,bdpm,all,p75,0.5,0,986,0,17903,0.0,nan,nan,0.0
overture,la_guaira,bdpm,all,p75,0.52,0,828,0,18061,0.0,nan,nan,0.0
overture,la_guaira,bdpm,all,p75,0.54,0,716,0,18173,0.0,nan,nan,0.0
overture,la_guaira,bdpm,all,p75,0.56,0,609,0,18280,0.0,nan,nan,0.0
overture,la_guaira,bdpm,all,p75,0.58,0,466,0,18423,0.0,nan,nan,0.0
overture,la_guaira,bdpm,all,p75,0.6,0,389,0,18500,0.0,nan,nan,0.0
overture,la_guaira,bdpm,all,p75,0.62,0,300,0,18589,0.0,nan,nan,0.0
overture,la_guaira,bdpm,all,p75,0.64,0,230,0,18659,0.0,nan,nan,0.0
overture,la_guaira,bdpm,all,p75,0.66,0,181,0,18708,0.0,nan,nan,0.0
overture,la_guaira,bdpm,all,p75,0.68,0,147,0,18742,0.0,nan,nan,0.0
overture,la_guaira,bdpm,all,p75,0.7,0,109,0,18780,0.0,nan,nan,0.0
overture,la_guaira,bdpm,all,p75,0.72,0,74,0,18815,0.0,nan,nan,0.0
overture,la_guaira,bdpm,all,p75,0.74,0,67,0,18822,0.0,nan,nan,0.0
overture,la_guaira,bdpm,all,p75,0.76,0,48,0,18841,0.0,nan,nan,0.0
overture,la_guaira,bdpm,all,p75,0.78,0,34,0,18855,0.0,nan,nan,0.0
overture,la_guaira,bdpm,all,p75,0.8,0,25,0,18864,0.0,nan,nan,0.0
overture,la_guaira,bdpm,all,p75,0.82,0,18,0,18871,0.0,nan,nan,0.0
overture,la_guaira,bdpm,all,p75,0.84,0,4,0,18885,0.0,nan,nan,0.0
overture,la_guaira,bdpm,all,p75,0.86,0,2,0,18887,0.0,nan,nan,0.0
overture,la_guaira,bdpm,all,p90,0.08,0,13221,0,5668,0.0,nan,nan,0.0
overture,la_guaira,bdpm,all,p90,0.1,0,12034,0,6855,0.0,nan,nan,0.0
overture,la_guaira,bdpm,all,p90,0.16,0,8782,0,10107,0.0,nan,nan,0.0
overture,la_guaira,bdpm,all,p90,0.18,0,7890,0,10999,0.0,nan,nan,0.0
overture,la_guaira,bdpm,all,p90,0.2,0,7088,0,11801,0.0,nan,nan,0.0
overture,la_guaira,bdpm,all,p90,0.22,0,6363,0,12526,0.0,nan,nan,0.0
overture,la_guaira,bdpm,all,p90,0.24,0,5631,0,13258,0.0,nan,nan,0.0
overture,la_guaira,bdpm,all,p90,0.28,0,4583,0,14306,0.0,nan,nan,0.0
overture,la_guaira,bdpm,all,p90,0.3,0,4097,0,14792,0.0,nan,nan,0.0
overture,la_guaira,bdpm,all,p90,0.32,0,3628,0,15261,0.0,nan,nan,0.0
overture,la_guaira,bdpm,all,p90,0.34,0,3110,0,15779,0.0,nan,nan,0.0
overture,la_guaira,bdpm,all,p90,0.36,0,2698,0,16191,0.0,nan,nan,0.0
overture,la_guaira,bdpm,all,p90,0.38,0,2373,0,16516,0.0,nan,nan,0.0
overture,la_guaira,bdpm,all,p90,0.4,0,2123,0,16766,0.0,nan,nan,0.0
overture,la_guaira,bdpm,all,p90,0.44,0,1669,0,17220,0.0,nan,nan,0.0
overture,la_guaira,bdpm,all,p90,0.46,0,1465,0,17424,0.0,nan,nan,0.0
overture,la_guaira,bdpm,all,p90,0.48,0,1275,0,17614,0.0,nan,nan,0.0
overture,la_guaira,bdpm,all,p90,0.5,0,1060,0,17829,0.0,nan,nan,0.0
overture,la_guaira,bdpm,all,p90,0.52,0,882,0,18007,0.0,nan,nan,0.0
overture,la_guaira,bdpm,all,p90,0.54,0,761,0,18128,0.0,nan,nan,0.0
overture,la_guaira,bdpm,all,p90,0.56,0,645,0,18244,0.0,nan,nan,0.0
overture,la_guaira,bdpm,all,p90,0.58,0,501,0,18388,0.0,nan,nan,0.0
overture,la_guaira,bdpm,all,p90,0.6,0,419,0,18470,0.0,nan,nan,0.0
overture,la_guaira,bdpm,all,p90,0.64,0,262,0,18627,0.0,nan,nan,0.0
overture,la_guaira,bdpm,all,p90,0.66,0,202,0,18687,0.0,nan,nan,0.0
overture,la_guaira,bdpm,all,p90,0.68,0,154,0,18735,0.0,nan,nan,0.0
overture,la_guaira,bdpm,all,p90,0.7,0,119,0,18770,0.0,nan,nan,0.0
overture,la_guaira,bdpm,all,p90,0.72,0,83,0,18806,0.0,nan,nan,0.0
overture,la_guaira,bdpm,all,p90,0.74,0,73,0,18816,0.0,nan,nan,0.0
overture,la_guaira,bdpm,all,p90,0.76,0,64,0,18825,0.0,nan,nan,0.0
overture,la_guaira,bdpm,all,p90,0.78,0,37,0,18852,0.0,nan,nan,0.0
overture,la_guaira,bdpm,all,p90,0.8,0,30,0,18859,0.0,nan,nan,0.0
overture,la_guaira,bdpm,all,p90,0.82,0,20,0,18869,0.0,nan,nan,0.0
overture,la_guaira,bdpm,all,p90,0.84,0,4,0,18885,0.0,nan,nan,0.0
overture,la_guaira,bdpm,all,p90,0.86,0,4,0,18885,0.0,nan,nan,0.0
overture,catia_la_mar,bdpm,all,mean,-0.04,0,26778,0,1445,0.0,nan,nan,0.0
overture,catia_la_mar,bdpm,all,mean,0.08,0,22811,0,5412,0.0,nan,nan,0.0
overture,catia_la_mar,bdpm,all,mean,0.14,0,20466,0,7757,0.0,nan,nan,0.0
overture,catia_la_mar,bdpm,all,mean,0.18,0,18903,0,9320,0.0,nan,nan,0.0
overture,catia_la_mar,bdpm,all,mean,0.26,0,16127,0,12096,0.0,nan,nan,0.0
overture,catia_la_mar,bdpm,all,mean,0.3,0,14968,0,13255,0.0,nan,nan,0.0
overture,catia_la_mar,bdpm,all,mean,0.32,0,14453,0,13770,0.0,nan,nan,0.0
overture,catia_la_mar,bdpm,all,mean,0.34,0,14054,0,14169,0.0,nan,nan,0.0
overture,catia_la_mar,bdpm,all,mean,0.36,0,13592,0,14631,0.0,nan,nan,0.0
overture,catia_la_mar,bdpm,all,mean,0.38,0,13176,0,15047,0.0,nan,nan,0.0
overture,catia_la_mar,bdpm,all,mean,0.4,0,12698,0,15525,0.0,nan,nan,0.0
overture,catia_la_mar,bdpm,all,mean,0.42,0,12224,0,15999,0.0,nan,nan,0.0
overture,catia_la_mar,bdpm,all,mean,0.44,0,11777,0,16446,0.0,nan,nan,0.0
overture,catia_la_mar,bdpm,all,mean,0.46,0,11277,0,16946,0.0,nan,nan,0.0
overture,catia_la_mar,bdpm,all,mean,0.48,0,10817,0,17406,0.0,nan,nan,0.0
overture,catia_la_mar,bdpm,all,mean,0.5,0,10338,0,17885,0.0,nan,nan,0.0
overture,catia_la_mar,bdpm,all,mean,0.52,0,9739,0,18484,0.0,nan,nan,0.0
overture,catia_la_mar,bdpm,all,mean,0.56,0,8447,0,19776,0.0,nan,nan,0.0
overture,catia_la_mar,bdpm,all,mean,0.58,0,7722,0,20501,0.0,nan,nan,0.0
overture,catia_la_mar,bdpm,all,mean,0.6,0,6960,0,21263,0.0,nan,nan,0.0
overture,catia_la_mar,bdpm,all,mean,0.62,0,6136,0,22087,0.0,nan,nan,0.0
overture,catia_la_mar,bdpm,all,mean,0.64,0,5241,0,22982,0.0,nan,nan,0.0
overture,catia_la_mar,bdpm,all,mean,0.66,0,4322,0,23901,0.0,nan,nan,0.0
overture,catia_la_mar,bdpm,all,mean,0.68,0,3526,0,24697,0.0,nan,nan,0.0
overture,catia_la_mar,bdpm,all,mean,0.7,0,2815,0,25408,0.0,nan,nan,0.0
overture,catia_la_mar,bdpm,all,mean,0.72,0,2103,0,26120,0.0,nan,nan,0.0
overture,catia_la_mar,bdpm,all,mean,0.74,0,1340,0,26883,0.0,nan,nan,0.0
overture,catia_la_mar,bdpm,all,mean,0.76,0,815,0,27408,0.0,nan,nan,0.0
overture,catia_la_mar,bdpm,all,mean,0.78,0,436,0,27787,0.0,nan,nan,0.0
overture,catia_la_mar,bdpm,all,mean,0.8,0,183,0,28040,0.0,nan,nan,0.0
overture,catia_la_mar,bdpm,all,mean,0.82,0,82,0,28141,0.0,nan,nan,0.0
overture,catia_la_mar,bdpm,all,mean,0.84,0,27,0,28196,0.0,nan,nan,0.0
overture,catia_la_mar,bdpm,all,mean,0.86,0,8,0,28215,0.0,nan,nan,0.0
overture,catia_la_mar,bdpm,all,mean,0.88,0,4,0,28219,0.0,nan,nan,0.0
overture,catia_la_mar,bdpm,all,max,0.0,0,25954,0,2269,0.0,nan,nan,0.0
overture,catia_la_mar,bdpm,all,max,0.14,0,21090,0,7133,0.0,nan,nan,0.0
overture,catia_la_mar,bdpm,all,max,0.16,0,20237,0,7986,0.0,nan,nan,0.0
overture,catia_la_mar,bdpm,all,max,0.2,0,18750,0,9473,0.0,nan,nan,0.0
overture,catia_la_mar,bdpm,all,max,0.22,0,18086,0,10137,0.0,nan,nan,0.0
overture,catia_la_mar,bdpm,all,max,0.24,0,17433,0,10790,0.0,nan,nan,0.0
overture,catia_la_mar,bdpm,all,max,0.28,0,16108,0,12115,0.0,nan,nan,0.0
overture,catia_la_mar,bdpm,all,max,0.3,0,15522,0,12701,0.0,nan,nan,0.0
overture,catia_la_mar,bdpm,all,max,0.32,0,15052,0,13171,0.0,nan,nan,0.0
overture,catia_la_mar,bdpm,all,max,0.34,0,14663,0,13560,0.0,nan,nan,0.0
overture,catia_la_mar,bdpm,all,max,0.38,0,13769,0,14454,0.0,nan,nan,0.0
overture,catia_la_mar,bdpm,all,max,0.4,0,13221,0,15002,0.0,nan,nan,0.0
overture,catia_la_mar,bdpm,all,max,0.44,0,12339,0,15884,0.0,nan,nan,0.0
overture,catia_la_mar,bdpm,all,max,0.46,0,11793,0,16430,0.0,nan,nan,0.0
overture,catia_la_mar,bdpm,all,max,0.5,0,10921,0,17302,0.0,nan,nan,0.0
overture,catia_la_mar,bdpm,all,max,0.52,0,10322,0,17901,0.0,nan,nan,0.0
overture,catia_la_mar,bdpm,all,max,0.54,0,9692,0,18531,0.0,nan,nan,0.0
overture,catia_la_mar,bdpm,all,max,0.58,0,8493,0,19730,0.0,nan,nan,0.0
overture,catia_la_mar,bdpm,all,max,0.6,0,7788,0,20435,0.0,nan,nan,0.0
overture,catia_la_mar,bdpm,all,max,0.62,0,6967,0,21256,0.0,nan,nan,0.0
overture,catia_la_mar,bdpm,all,max,0.64,0,6125,0,22098,0.0,nan,nan,0.0
overture,catia_la_mar,bdpm,all,max,0.66,0,5197,0,23026,0.0,nan,nan,0.0
overture,catia_la_mar,bdpm,all,max,0.68,0,4426,0,23797,0.0,nan,nan,0.0
overture,catia_la_mar,bdpm,all,max,0.7,0,3648,0,24575,0.0,nan,nan,0.0
overture,catia_la_mar,bdpm,all,max,0.74,0,1937,0,26286,0.0,nan,nan,0.0
overture,catia_la_mar,bdpm,all,max,0.76,0,1310,0,26913,0.0,nan,nan,0.0
overture,catia_la_mar,bdpm,all,max,0.8,0,390,0,27833,0.0,nan,nan,0.0
overture,catia_la_mar,bdpm,all,max,0.82,0,196,0,28027,0.0,nan,nan,0.0
overture,catia_la_mar,bdpm,all,max,0.84,0,78,0,28145,0.0,nan,nan,0.0
overture,catia_la_mar,bdpm,all,max,0.86,0,25,0,28198,0.0,nan,nan,0.0
overture,catia_la_mar,bdpm,all,max,0.88,0,14,0,28209,0.0,nan,nan,0.0
overture,catia_la_mar,bdpm,all,p75,0.04,0,24580,0,3643,0.0,nan,nan,0.0
overture,catia_la_mar,bdpm,all,p75,0.06,0,23784,0,4439,0.0,nan,nan,0.0
overture,catia_la_mar,bdpm,all,p75,0.16,0,19930,0,8293,0.0,nan,nan,0.0
overture,catia_la_mar,bdpm,all,p75,0.24,0,17081,0,11142,0.0,nan,nan,0.0
overture,catia_la_mar,bdpm,all,p75,0.28,0,15803,0,12420,0.0,nan,nan,0.0
overture,catia_la_mar,bdpm,all,p75,0.3,0,15251,0,12972,0.0,nan,nan,0.0
overture,catia_la_mar,bdpm,all,p75,0.32,0,14788,0,13435,0.0,nan,nan,0.0
overture,catia_la_mar,bdpm,all,p75,0.36,0,13901,0,14322,0.0,nan,nan,0.0
overture,catia_la_mar,bdpm,all,p75,0.38,0,13442,0,14781,0.0,nan,nan,0.0
overture,catia_la_mar,bdpm,all,p75,0.4,0,12958,0,15265,0.0,nan,nan,0.0
overture,catia_la_mar,bdpm,all,p75,0.42,0,12527,0,15696,0.0,nan,nan,0.0
overture,catia_la_mar,bdpm,all,p75,0.44,0,12074,0,16149,0.0,nan,nan,0.0
overture,catia_la_mar,bdpm,all,p75,0.46,0,11539,0,16684,0.0,nan,nan,0.0
overture,catia_la_mar,bdpm,all,p75,0.5,0,10618,0,17605,0.0,nan,nan,0.0
overture,catia_la_mar,bdpm,all,p75,0.52,0,10025,0,18198,0.0,nan,nan,0.0
overture,catia_la_mar,bdpm,all,p75,0.54,0,9433,0,18790,0.0,nan,nan,0.0
overture,catia_la_mar,bdpm,all,p75,0.56,0,8806,0,19417,0.0,nan,nan,0.0
overture,catia_la_mar,bdpm,all,p75,0.62,0,6554,0,21669,0.0,nan,nan,0.0
overture,catia_la_mar,bdpm,all,p75,0.66,0,4771,0,23452,0.0,nan,nan,0.0
overture,catia_la_mar,bdpm,all,p75,0.68,0,3988,0,24235,0.0,nan,nan,0.0
overture,catia_la_mar,bdpm,all,p75,0.7,0,3220,0,25003,0.0,nan,nan,0.0
overture,catia_la_mar,bdpm,all,p75,0.72,0,2420,0,25803,0.0,nan,nan,0.0
overture,catia_la_mar,bdpm,all,p75,0.74,0,1592,0,26631,0.0,nan,nan,0.0
overture,catia_la_mar,bdpm,all,p75,0.76,0,1038,0,27185,0.0,nan,nan,0.0
overture,catia_la_mar,bdpm,all,p75,0.78,0,565,0,27658,0.0,nan,nan,0.0
overture,catia_la_mar,bdpm,all,p75,0.8,0,253,0,27970,0.0,nan,nan,0.0
overture,catia_la_mar,bdpm,all,p75,0.82,0,115,0,28108,0.0,nan,nan,0.0
overture,catia_la_mar,bdpm,all,p75,0.84,0,33,0,28190,0.0,nan,nan,0.0
overture,catia_la_mar,bdpm,all,p75,0.86,0,9,0,28214,0.0,nan,nan,0.0
overture,catia_la_mar,bdpm,all,p75,0.88,0,5,0,28218,0.0,nan,nan,0.0
overture,catia_la_mar,bdpm,all,p90,0.04,0,24686,0,3537,0.0,nan,nan,0.0
overture,catia_la_mar,bdpm,all,p90,0.12,0,21732,0,6491,0.0,nan,nan,0.0
overture,catia_la_mar,bdpm,all,p90,0.14,0,21007,0,7216,0.0,nan,nan,0.0
overture,catia_la_mar,bdpm,all,p90,0.22,0,17978,0,10245,0.0,nan,nan,0.0
overture,catia_la_mar,bdpm,all,p90,0.26,0,16630,0,11593,0.0,nan,nan,0.0
overture,catia_la_mar,bdpm,all,p90,0.32,0,14944,0,13279,0.0,nan,nan,0.0
overture,catia_la_mar,bdpm,all,p90,0.38,0,13642,0,14581,0.0,nan,nan,0.0
overture,catia_la_mar,bdpm,all,p90,0.4,0,13100,0,15123,0.0,nan,nan,0.0
overture,catia_la_mar,bdpm,all,p90,0.42,0,12691,0,15532,0.0,nan,nan,0.0
overture,catia_la_mar,bdpm,all,p90,0.44,0,12230,0,15993,0.0,nan,nan,0.0
overture,catia_la_mar,bdpm,all,p90,0.46,0,11699,0,16524,0.0,nan,nan,0.0
overture,catia_la_mar,bdpm,all,p90,0.48,0,11285,0,16938,0.0,nan,nan,0.0
overture,catia_la_mar,bdpm,all,p90,0.5,0,10805,0,17418,0.0,nan,nan,0.0
overture,catia_la_mar,bdpm,all,p90,0.52,0,10196,0,18027,0.0,nan,nan,0.0
overture,catia_la_mar,bdpm,all,p90,0.54,0,9584,0,18639,0.0,nan,nan,0.0
overture,catia_la_mar,bdpm,all,p90,0.56,0,8975,0,19248,0.0,nan,nan,0.0
overture,catia_la_mar,bdpm,all,p90,0.58,0,8358,0,19865,0.0,nan,nan,0.0
overture,catia_la_mar,bdpm,all,p90,0.62,0,6800,0,21423,0.0,nan,nan,0.0
overture,catia_la_mar,bdpm,all,p90,0.64,0,5974,0,22249,0.0,nan,nan,0.0
overture,catia_la_mar,bdpm,all,p90,0.66,0,5034,0,23189,0.0,nan,nan,0.0
overture,catia_la_mar,bdpm,all,p90,0.68,0,4247,0,23976,0.0,nan,nan,0.0
overture,catia_la_mar,bdpm,all,p90,0.7,0,3493,0,24730,0.0,nan,nan,0.0
overture,catia_la_mar,bdpm,all,p90,0.72,0,2637,0,25586,0.0,nan,nan,0.0
overture,catia_la_mar,bdpm,all,p90,0.74,0,1804,0,26419,0.0,nan,nan,0.0
overture,catia_la_mar,bdpm,all,p90,0.76,0,1192,0,27031,0.0,nan,nan,0.0
overture,catia_la_mar,bdpm,all,p90,0.78,0,681,0,27542,0.0,nan,nan,0.0
overture,catia_la_mar,bdpm,all,p90,0.8,0,322,0,27901,0.0,nan,nan,0.0
overture,catia_la_mar,bdpm,all,p90,0.82,0,152,0,28071,0.0,nan,nan,0.0
overture,catia_la_mar,bdpm,all,p90,0.84,0,47,0,28176,0.0,nan,nan,0.0
overture,catia_la_mar,bdpm,all,p90,0.86,0,16,0,28207,0.0,nan,nan,0.0
overture,catia_la_mar,bdpm,all,p90,0.88,0,5,0,28218,0.0,nan,nan,0.0
overture,caraballeda,bdpm,all,mean,0.12,0,9981,0,964,0.0,nan,nan,0.0
overture,caraballeda,bdpm,all,mean,0.32,0,6901,0,4044,0.0,nan,nan,0.0
overture,caraballeda,bdpm,all,mean,0.34,0,6586,0,4359,0.0,nan,nan,0.0
overture,caraballeda,bdpm,all,mean,0.36,0,6219,0,4726,0.0,nan,nan,0.0
overture,caraballeda,bdpm,all,mean,0.4,0,5575,0,5370,0.0,nan,nan,0.0
overture,caraballeda,bdpm,all,mean,0.44,0,4839,0,6106,0.0,nan,nan,0.0
overture,caraballeda,bdpm,all,mean,0.46,0,4466,0,6479,0.0,nan,nan,0.0
overture,caraballeda,bdpm,all,mean,0.48,0,4128,0,6817,0.0,nan,nan,0.0
overture,caraballeda,bdpm,all,mean,0.5,0,3760,0,7185,0.0,nan,nan,0.0
overture,caraballeda,bdpm,all,mean,0.52,0,3412,0,7533,0.0,nan,nan,0.0
overture,caraballeda,bdpm,all,mean,0.54,0,3114,0,7831,0.0,nan,nan,0.0
overture,caraballeda,bdpm,all,mean,0.58,0,2466,0,8479,0.0,nan,nan,0.0
overture,caraballeda,bdpm,all,mean,0.6,0,2151,0,8794,0.0,nan,nan,0.0
overture,caraballeda,bdpm,all,mean,0.64,0,1621,0,9324,0.0,nan,nan,0.0
overture,caraballeda,bdpm,all,mean,0.66,0,1343,0,9602,0.0,nan,nan,0.0
overture,caraballeda,bdpm,all,mean,0.68,0,1073,0,9872,0.0,nan,nan,0.0
overture,caraballeda,bdpm,all,mean,0.7,0,842,0,10103,0.0,nan,nan,0.0
overture,caraballeda,bdpm,all,mean,0.72,0,611,0,10334,0.0,nan,nan,0.0
overture,caraballeda,bdpm,all,mean,0.74,0,436,0,10509,0.0,nan,nan,0.0
overture,caraballeda,bdpm,all,mean,0.76,0,282,0,10663,0.0,nan,nan,0.0
overture,caraballeda,bdpm,all,mean,0.78,0,173,0,10772,0.0,nan,nan,0.0
overture,caraballeda,bdpm,all,mean,0.8,0,81,0,10864,0.0,nan,nan,0.0
overture,caraballeda,bdpm,all,mean,0.82,0,35,0,10910,0.0,nan,nan,0.0
overture,caraballeda,bdpm,all,mean,0.84,0,6,0,10939,0.0,nan,nan,0.0
overture,caraballeda,bdpm,all,mean,0.86,0,1,0,10944,0.0,nan,nan,0.0
overture,caraballeda,bdpm,all,max,0.04,0,10702,0,243,0.0,nan,nan,0.0
overture,caraballeda,bdpm,all,max,0.26,0,8171,0,2774,0.0,nan,nan,0.0
overture,caraballeda,bdpm,all,max,0.28,0,7857,0,3088,0.0,nan,nan,0.0
overture,caraballeda,bdpm,all,max,0.32,0,7236,0,3709,0.0,nan,nan,0.0
overture,caraballeda,bdpm,all,max,0.34,0,6976,0,3969,0.0,nan,nan,0.0
overture,caraballeda,bdpm,all,max,0.42,0,5582,0,5363,0.0,nan,nan,0.0
overture,caraballeda,bdpm,all,max,0.44,0,5249,0,5696,0.0,nan,nan,0.0
overture,caraballeda,bdpm,all,max,0.46,0,4855,0,6090,0.0,nan,nan,0.0
overture,caraballeda,bdpm,all,max,0.48,0,4521,0,6424,0.0,nan,nan,0.0
overture,caraballeda,bdpm,all,max,0.5,0,4181,0,6764,0.0,nan,nan,0.0
overture,caraballeda,bdpm,all,max,0.52,0,3815,0,7130,0.0,nan,nan,0.0
overture,caraballeda,bdpm,all,max,0.54,0,3539,0,7406,0.0,nan,nan,0.0
overture,caraballeda,bdpm,all,max,0.56,0,3192,0,7753,0.0,nan,nan,0.0
overture,caraballeda,bdpm,all,max,0.6,0,2547,0,8398,0.0,nan,nan,0.0
overture,caraballeda,bdpm,all,max,0.62,0,2215,0,8730,0.0,nan,nan,0.0
overture,caraballeda,bdpm,all,max,0.64,0,1980,0,8965,0.0,nan,nan,0.0
overture,caraballeda,bdpm,all,max,0.66,0,1700,0,9245,0.0,nan,nan,0.0
overture,caraballeda,bdpm,all,max,0.68,0,1422,0,9523,0.0,nan,nan,0.0
overture,caraballeda,bdpm,all,max,0.7,0,1148,0,9797,0.0,nan,nan,0.0
overture,caraballeda,bdpm,all,max,0.72,0,900,0,10045,0.0,nan,nan,0.0
overture,caraballeda,bdpm,all,max,0.74,0,656,0,10289,0.0,nan,nan,0.0
overture,caraballeda,bdpm,all,max,0.76,0,505,0,10440,0.0,nan,nan,0.0
overture,caraballeda,bdpm,all,max,0.78,0,301,0,10644,0.0,nan,nan,0.0
overture,caraballeda,bdpm,all,max,0.8,0,177,0,10768,0.0,nan,nan,0.0
overture,caraballeda,bdpm,all,max,0.82,0,88,0,10857,0.0,nan,nan,0.0
overture,caraballeda,bdpm,all,max,0.84,0,25,0,10920,0.0,nan,nan,0.0
overture,caraballeda,bdpm,all,max,0.86,0,15,0,10930,0.0,nan,nan,0.0
overture,caraballeda,bdpm,all,p75,0.04,0,10678,0,267,0.0,nan,nan,0.0
overture,caraballeda,bdpm,all,p75,0.26,0,8017,0,2928,0.0,nan,nan,0.0
overture,caraballeda,bdpm,all,p75,0.28,0,7705,0,3240,0.0,nan,nan,0.0
overture,caraballeda,bdpm,all,p75,0.3,0,7399,0,3546,0.0,nan,nan,0.0
overture,caraballeda,bdpm,all,p75,0.34,0,6785,0,4160,0.0,nan,nan,0.0
overture,caraballeda,bdpm,all,p75,0.36,0,6451,0,4494,0.0,nan,nan,0.0
overture,caraballeda,bdpm,all,p75,0.38,0,6100,0,4845,0.0,nan,nan,0.0
overture,caraballeda,bdpm,all,p75,0.4,0,5789,0,5156,0.0,nan,nan,0.0
overture,caraballeda,bdpm,all,p75,0.44,0,5054,0,5891,0.0,nan,nan,0.0
overture,caraballeda,bdpm,all,p75,0.46,0,4670,0,6275,0.0,nan,nan,0.0
overture,caraballeda,bdpm,all,p75,0.48,0,4320,0,6625,0.0,nan,nan,0.0
overture,caraballeda,bdpm,all,p75,0.52,0,3649,0,7296,0.0,nan,nan,0.0
overture,caraballeda,bdpm,all,p75,0.54,0,3333,0,7612,0.0,nan,nan,0.0
overture,caraballeda,bdpm,all,p75,0.56,0,2983,0,7962,0.0,nan,nan,0.0
overture,caraballeda,bdpm,all,p75,0.58,0,2665,0,8280,0.0,nan,nan,0.0
overture,caraballeda,bdpm,all,p75,0.6,0,2345,0,8600,0.0,nan,nan,0.0
overture,caraballeda,bdpm,all,p75,0.64,0,1782,0,9163,0.0,nan,nan,0.0
overture,caraballeda,bdpm,all,p75,0.66,0,1518,0,9427,0.0,nan,nan,0.0
overture,caraballeda,bdpm,all,p75,0.68,0,1232,0,9713,0.0,nan,nan,0.0
overture,caraballeda,bdpm,all,p75,0.7,0,983,0,9962,0.0,nan,nan,0.0
overture,caraballeda,bdpm,all,p75,0.72,0,742,0,10203,0.0,nan,nan,0.0
overture,caraballeda,bdpm,all,p75,0.74,0,526,0,10419,0.0,nan,nan,0.0
overture,caraballeda,bdpm,all,p75,0.76,0,371,0,10574,0.0,nan,nan,0.0
overture,caraballeda,bdpm,all,p75,0.78,0,220,0,10725,0.0,nan,nan,0.0
overture,caraballeda,bdpm,all,p75,0.8,0,113,0,10832,0.0,nan,nan,0.0
overture,caraballeda,bdpm,all,p75,0.82,0,51,0,10894,0.0,nan,nan,0.0
overture,caraballeda,bdpm,all,p75,0.84,0,11,0,10934,0.0,nan,nan,0.0
overture,caraballeda,bdpm,all,p75,0.86,0,1,0,10944,0.0,nan,nan,0.0
overture,caraballeda,bdpm,all,p90,0.14,0,9869,0,1076,0.0,nan,nan,0.0
overture,caraballeda,bdpm,all,p90,0.24,0,8451,0,2494,0.0,nan,nan,0.0
overture,caraballeda,bdpm,all,p90,0.26,0,8129,0,2816,0.0,nan,nan,0.0
overture,caraballeda,bdpm,all,p90,0.28,0,7794,0,3151,0.0,nan,nan,0.0
overture,caraballeda,bdpm,all,p90,0.32,0,7192,0,3753,0.0,nan,nan,0.0
overture,caraballeda,bdpm,all,p90,0.42,0,5507,0,5438,0.0,nan,nan,0.0
overture,caraballeda,bdpm,all,p90,0.44,0,5171,0,5774,0.0,nan,nan,0.0
overture,caraballeda,bdpm,all,p90,0.46,0,4790,0,6155,0.0,nan,nan,0.0
overture,caraballeda,bdpm,all,p90,0.48,0,4448,0,6497,0.0,nan,nan,0.0
overture,caraballeda,bdpm,all,p90,0.5,0,4100,0,6845,0.0,nan,nan,0.0
overture,caraballeda,bdpm,all,p90,0.52,0,3745,0,7200,0.0,nan,nan,0.0
overture,caraballeda,bdpm,all,p90,0.54,0,3476,0,7469,0.0,nan,nan,0.0
overture,caraballeda,bdpm,all,p90,0.56,0,3111,0,7834,0.0,nan,nan,0.0
overture,caraballeda,bdpm,all,p90,0.6,0,2455,0,8490,0.0,nan,nan,0.0
overture,caraballeda,bdpm,all,p90,0.62,0,2139,0,8806,0.0,nan,nan,0.0
overture,caraballeda,bdpm,all,p90,0.64,0,1890,0,9055,0.0,nan,nan,0.0
overture,caraballeda,bdpm,all,p90,0.66,0,1614,0,9331,0.0,nan,nan,0.0
overture,caraballeda,bdpm,all,p90,0.68,0,1341,0,9604,0.0,nan,nan,0.0
overture,caraballeda,bdpm,all,p90,0.7,0,1086,0,9859,0.0,nan,nan,0.0
overture,caraballeda,bdpm,all,p90,0.72,0,826,0,10119,0.0,nan,nan,0.0
overture,caraballeda,bdpm,all,p90,0.74,0,599,0,10346,0.0,nan,nan,0.0
overture,caraballeda,bdpm,all,p90,0.76,0,430,0,10515,0.0,nan,nan,0.0
overture,caraballeda,bdpm,all,p90,0.78,0,268,0,10677,0.0,nan,nan,0.0
overture,caraballeda,bdpm,all,p90,0.8,0,147,0,10798,0.0,nan,nan,0.0
overture,caraballeda,bdpm,all,p90,0.82,0,68,0,10877,0.0,nan,nan,0.0
overture,caraballeda,bdpm,all,p90,0.84,0,22,0,10923,0.0,nan,nan,0.0
overture,caraballeda,bdpm,all,p90,0.86,0,6,0,10939,0.0,nan,nan,0.0
overture,Caracas,bdpm,all,mean,-0.02,0,97337,0,22024,0.0,nan,nan,0.0
overture,Caracas,bdpm,all,mean,0.02,0,65877,0,53484,0.0,nan,nan,0.0
overture,Caracas,bdpm,all,mean,0.04,0,49988,0,69373,0.0,nan,nan,0.0
overture,Caracas,bdpm,all,mean,0.08,0,27819,0,91542,0.0,nan,nan,0.0
overture,Caracas,bdpm,all,mean,0.1,0,20600,0,98761,0.0,nan,nan,0.0
overture,Caracas,bdpm,all,mean,0.12,0,15032,0,104329,0.0,nan,nan,0.0
overture,Caracas,bdpm,all,mean,0.14,0,10877,0,108484,0.0,nan,nan,0.0
overture,Caracas,bdpm,all,mean,0.16,0,7818,0,111543,0.0,nan,nan,0.0
overture,Caracas,bdpm,all,mean,0.18,0,5732,0,113629,0.0,nan,nan,0.0
overture,Caracas,bdpm,all,mean,0.2,0,4289,0,115072,0.0,nan,nan,0.0
overture,Caracas,bdpm,all,mean,0.22,0,3166,0,116195,0.0,nan,nan,0.0
overture,Caracas,bdpm,all,mean,0.26,0,1855,0,117506,0.0,nan,nan,0.0
overture,Caracas,bdpm,all,mean,0.28,0,1468,0,117893,0.0,nan,nan,0.0
overture,Caracas,bdpm,all,mean,0.3,0,1151,0,118210,0.0,nan,nan,0.0
overture,Caracas,bdpm,all,mean,0.32,0,901,0,118460,0.0,nan,nan,0.0
overture,Caracas,bdpm,all,mean,0.34,0,729,0,118632,0.0,nan,nan,0.0
overture,Caracas,bdpm,all,mean,0.36,0,598,0,118763,0.0,nan,nan,0.0
overture,Caracas,bdpm,all,mean,0.38,0,501,0,118860,0.0,nan,nan,0.0
overture,Caracas,bdpm,all,mean,0.4,0,436,0,118925,0.0,nan,nan,0.0
overture,Caracas,bdpm,all,mean,0.42,0,375,0,118986,0.0,nan,nan,0.0
overture,Caracas,bdpm,all,mean,0.44,0,316,0,119045,0.0,nan,nan,0.0
overture,Caracas,bdpm,all,mean,0.46,0,291,0,119070,0.0,nan,nan,0.0
overture,Caracas,bdpm,all,mean,0.48,0,260,0,119101,0.0,nan,nan,0.0
overture,Caracas,bdpm,all,mean,0.5,0,232,0,119129,0.0,nan,nan,0.0
overture,Caracas,bdpm,all,mean,0.52,0,208,0,119153,0.0,nan,nan,0.0
overture,Caracas,bdpm,all,mean,0.54,0,176,0,119185,0.0,nan,nan,0.0
overture,Caracas,bdpm,all,mean,0.56,0,150,0,119211,0.0,nan,nan,0.0
overture,Caracas,bdpm,all,mean,0.58,0,118,0,119243,0.0,nan,nan,0.0
overture,Caracas,bdpm,all,mean,0.6,0,85,0,119276,0.0,nan,nan,0.0
overture,Caracas,bdpm,all,mean,0.62,0,63,0,119298,0.0,nan,nan,0.0
overture,Caracas,bdpm,all,mean,0.64,0,41,0,119320,0.0,nan,nan,0.0
overture,Caracas,bdpm,all,mean,0.66,0,26,0,119335,0.0,nan,nan,0.0
overture,Caracas,bdpm,all,mean,0.68,0,17,0,119344,0.0,nan,nan,0.0
overture,Caracas,bdpm,all,mean,0.7,0,17,0,119344,0.0,nan,nan,0.0
overture,Caracas,bdpm,all,mean,0.72,0,15,0,119346,0.0,nan,nan,0.0
overture,Caracas,bdpm,all,mean,0.74,0,5,0,119356,0.0,nan,nan,0.0
overture,Caracas,bdpm,all,mean,0.76,0,5,0,119356,0.0,nan,nan,0.0
overture,Caracas,bdpm,all,max,0.0,0,88092,0,31269,0.0,nan,nan,0.0
overture,Caracas,bdpm,all,max,0.04,0,56938,0,62423,0.0,nan,nan,0.0
overture,Caracas,bdpm,all,max,0.1,0,25505,0,93856,0.0,nan,nan,0.0
overture,Caracas,bdpm,all,max,0.12,0,19201,0,100160,0.0,nan,nan,0.0
overture,Caracas,bdpm,all,max,0.14,0,14376,0,104985,0.0,nan,nan,0.0
overture,Caracas,bdpm,all,max,0.16,0,10548,0,108813,0.0,nan,nan,0.0
overture,Caracas,bdpm,all,max,0.18,0,7950,0,111411,0.0,nan,nan,0.0
overture,Caracas,bdpm,all,max,0.2,0,6037,0,113324,0.0,nan,nan,0.0
overture,Caracas,bdpm,all,max,0.22,0,4451,0,114910,0.0,nan,nan,0.0
overture,Caracas,bdpm,all,max,0.24,0,3490,0,115871,0.0,nan,nan,0.0
overture,Caracas,bdpm,all,max,0.26,0,2656,0,116705,0.0,nan,nan,0.0
overture,Caracas,bdpm,all,max,0.28,0,2080,0,117281,0.0,nan,nan,0.0
overture,Caracas,bdpm,all,max,0.3,0,1662,0,117699,0.0,nan,nan,0.0
overture,Caracas,bdpm,all,max,0.32,0,1251,0,118110,0.0,nan,nan,0.0
overture,Caracas,bdpm,all,max,0.34,0,1040,0,118321,0.0,nan,nan,0.0
overture,Caracas,bdpm,all,max,0.36,0,851,0,118510,0.0,nan,nan,0.0
overture,Caracas,bdpm,all,max,0.38,0,692,0,118669,0.0,nan,nan,0.0
overture,Caracas,bdpm,all,max,0.4,0,591,0,118770,0.0,nan,nan,0.0
overture,Caracas,bdpm,all,max,0.42,0,479,0,118882,0.0,nan,nan,0.0
overture,Caracas,bdpm,all,max,0.44,0,407,0,118954,0.0,nan,nan,0.0
overture,Caracas,bdpm,all,max,0.46,0,375,0,118986,0.0,nan,nan,0.0
overture,Caracas,bdpm,all,max,0.48,0,331,0,119030,0.0,nan,nan,0.0
overture,Caracas,bdpm,all,max,0.5,0,284,0,119077,0.0,nan,nan,0.0
overture,Caracas,bdpm,all,max,0.52,0,262,0,119099,0.0,nan,nan,0.0
overture,Caracas,bdpm,all,max,0.54,0,219,0,119142,0.0,nan,nan,0.0
overture,Caracas,bdpm,all,max,0.56,0,192,0,119169,0.0,nan,nan,0.0
overture,Caracas,bdpm,all,max,0.58,0,156,0,119205,0.0,nan,nan,0.0
overture,Caracas,bdpm,all,max,0.6,0,123,0,119238,0.0,nan,nan,0.0
overture,Caracas,bdpm,all,max,0.62,0,100,0,119261,0.0,nan,nan,0.0
overture,Caracas,bdpm,all,max,0.64,0,71,0,119290,0.0,nan,nan,0.0
overture,Caracas,bdpm,all,max,0.66,0,57,0,119304,0.0,nan,nan,0.0
overture,Caracas,bdpm,all,max,0.68,0,33,0,119328,0.0,nan,nan,0.0
overture,Caracas,bdpm,all,max,0.7,0,30,0,119331,0.0,nan,nan,0.0
overture,Caracas,bdpm,all,max,0.72,0,22,0,119339,0.0,nan,nan,0.0
overture,Caracas,bdpm,all,max,0.74,0,7,0,119354,0.0,nan,nan,0.0
overture,Caracas,bdpm,all,max,0.76,0,7,0,119354,0.0,nan,nan,0.0
overture,Caracas,bdpm,all,p75,0.02,0,69437,0,49924,0.0,nan,nan,0.0
overture,Caracas,bdpm,all,p75,0.04,0,53511,0,65850,0.0,nan,nan,0.0
overture,Caracas,bdpm,all,p75,0.06,0,40157,0,79204,0.0,nan,nan,0.0
overture,Caracas,bdpm,all,p75,0.08,0,30458,0,88903,0.0,nan,nan,0.0
overture,Caracas,bdpm,all,p75,0.1,0,22895,0,96466,0.0,nan,nan,0.0
overture,Caracas,bdpm,all,p75,0.12,0,16912,0,102449,0.0,nan,nan,0.0
overture,Caracas,bdpm,all,p75,0.14,0,12444,0,106917,0.0,nan,nan,0.0
overture,Caracas,bdpm,all,p75,0.16,0,9035,0,110326,0.0,nan,nan,0.0
overture,Caracas,bdpm,all,p75,0.18,0,6654,0,112707,0.0,nan,nan,0.0
overture,Caracas,bdpm,all,p75,0.2,0,4999,0,114362,0.0,nan,nan,0.0
overture,Caracas,bdpm,all,p75,0.22,0,3690,0,115671,0.0,nan,nan,0.0
overture,Caracas,bdpm,all,p75,0.24,0,2871,0,116490,0.0,nan,nan,0.0
overture,Caracas,bdpm,all,p75,0.28,0,1704,0,117657,0.0,nan,nan,0.0
overture,Caracas,bdpm,all,p75,0.3,0,1357,0,118004,0.0,nan,nan,0.0
overture,Caracas,bdpm,all,p75,0.32,0,1031,0,118330,0.0,nan,nan,0.0
overture,Caracas,bdpm,all,p75,0.34,0,858,0,118503,0.0,nan,nan,0.0
overture,Caracas,bdpm,all,p75,0.38,0,571,0,118790,0.0,nan,nan,0.0
overture,Caracas,bdpm,all,p75,0.4,0,482,0,118879,0.0,nan,nan,0.0
overture,Caracas,bdpm,all,p75,0.42,0,407,0,118954,0.0,nan,nan,0.0
overture,Caracas,bdpm,all,p75,0.44,0,350,0,119011,0.0,nan,nan,0.0
overture,Caracas,bdpm,all,p75,0.46,0,324,0,119037,0.0,nan,nan,0.0
overture,Caracas,bdpm,all,p75,0.48,0,291,0,119070,0.0,nan,nan,0.0
overture,Caracas,bdpm,all,p75,0.5,0,260,0,119101,0.0,nan,nan,0.0
overture,Caracas,bdpm,all,p75,0.52,0,231,0,119130,0.0,nan,nan,0.0
overture,Caracas,bdpm,all,p75,0.54,0,195,0,119166,0.0,nan,nan,0.0
overture,Caracas,bdpm,all,p75,0.56,0,169,0,119192,0.0,nan,nan,0.0
overture,Caracas,bdpm,all,p75,0.58,0,136,0,119225,0.0,nan,nan,0.0
overture,Caracas,bdpm,all,p75,0.6,0,104,0,119257,0.0,nan,nan,0.0
overture,Caracas,bdpm,all,p75,0.62,0,78,0,119283,0.0,nan,nan,0.0
overture,Caracas,bdpm,all,p75,0.64,0,57,0,119304,0.0,nan,nan,0.0
overture,Caracas,bdpm,all,p75,0.66,0,38,0,119323,0.0,nan,nan,0.0
overture,Caracas,bdpm,all,p75,0.68,0,21,0,119340,0.0,nan,nan,0.0
overture,Caracas,bdpm,all,p75,0.7,0,17,0,119344,0.0,nan,nan,0.0
overture,Caracas,bdpm,all,p75,0.72,0,15,0,119346,0.0,nan,nan,0.0
overture,Caracas,bdpm,all,p75,0.74,0,6,0,119355,0.0,nan,nan,0.0
overture,Caracas,bdpm,all,p75,0.76,0,5,0,119356,0.0,nan,nan,0.0
overture,Caracas,bdpm,all,p90,-0.04,0,108703,0,10658,0.0,nan,nan,0.0
overture,Caracas,bdpm,all,p90,0.02,0,71333,0,48028,0.0,nan,nan,0.0
overture,Caracas,bdpm,all,p90,0.04,0,55627,0,63734,0.0,nan,nan,0.0
overture,Caracas,bdpm,all,p90,0.06,0,42049,0,77312,0.0,nan,nan,0.0
overture,Caracas,bdpm,all,p90,0.08,0,32170,0,87191,0.0,nan,nan,0.0
overture,Caracas,bdpm,all,p90,0.1,0,24440,0,94921,0.0,nan,nan,0.0
overture,Caracas,bdpm,all,p90,0.12,0,18219,0,101142,0.0,nan,nan,0.0
overture,Caracas,bdpm,all,p90,0.14,0,13544,0,105817,0.0,nan,nan,0.0
overture,Caracas,bdpm,all,p90,0.16,0,9901,0,109460,0.0,nan,nan,0.0
overture,Caracas,bdpm,all,p90,0.18,0,7339,0,112022,0.0,nan,nan,0.0
overture,Caracas,bdpm,all,p90,0.2,0,5563,0,113798,0.0,nan,nan,0.0
overture,Caracas,bdpm,all,p90,0.22,0,4118,0,115243,0.0,nan,nan,0.0
overture,Caracas,bdpm,all,p90,0.24,0,3190,0,116171,0.0,nan,nan,0.0
overture,Caracas,bdpm,all,p90,0.26,0,2428,0,116933,0.0,nan,nan,0.0
overture,Caracas,bdpm,all,p90,0.28,0,1921,0,117440,0.0,nan,nan,0.0
overture,Caracas,bdpm,all,p90,0.3,0,1493,0,117868,0.0,nan,nan,0.0
overture,Caracas,bdpm,all,p90,0.32,0,1151,0,118210,0.0,nan,nan,0.0
overture,Caracas,bdpm,all,p90,0.34,0,952,0,118409,0.0,nan,nan,0.0
overture,Caracas,bdpm,all,p90,0.36,0,781,0,118580,0.0,nan,nan,0.0
overture,Caracas,bdpm,all,p90,0.38,0,636,0,118725,0.0,nan,nan,0.0
overture,Caracas,bdpm,all,p90,0.4,0,533,0,118828,0.0,nan,nan,0.0
overture,Caracas,bdpm,all,p90,0.42,0,447,0,118914,0.0,nan,nan,0.0
overture,Caracas,bdpm,all,p90,0.44,0,384,0,118977,0.0,nan,nan,0.0
overture,Caracas,bdpm,all,p90,0.46,0,351,0,119010,0.0,nan,nan,0.0
overture,Caracas,bdpm,all,p90,0.48,0,311,0,119050,0.0,nan,nan,0.0
overture,Caracas,bdpm,all,p90,0.5,0,272,0,119089,0.0,nan,nan,0.0
overture,Caracas,bdpm,all,p90,0.52,0,251,0,119110,0.0,nan,nan,0.0
overture,Caracas,bdpm,all,p90,0.54,0,207,0,119154,0.0,nan,nan,0.0
overture,Caracas,bdpm,all,p90,0.56,0,175,0,119186,0.0,nan,nan,0.0
overture,Caracas,bdpm,all,p90,0.58,0,149,0,119212,0.0,nan,nan,0.0
overture,Caracas,bdpm,all,p90,0.6,0,120,0,119241,0.0,nan,nan,0.0
overture,Caracas,bdpm,all,p90,0.62,0,93,0,119268,0.0,nan,nan,0.0
overture,Caracas,bdpm,all,p90,0.64,0,64,0,119297,0.0,nan,nan,0.0
overture,Caracas,bdpm,all,p90,0.66,0,47,0,119314,0.0,nan,nan,0.0
overture,Caracas,bdpm,all,p90,0.68,0,28,0,119333,0.0,nan,nan,0.0
overture,Caracas,bdpm,all,p90,0.7,0,22,0,119339,0.0,nan,nan,0.0
overture,Caracas,bdpm,all,p90,0.72,0,16,0,119345,0.0,nan,nan,0.0
overture,Caracas,bdpm,all,p90,0.74,0,6,0,119355,0.0,nan,nan,0.0
overture,Caracas,bdpm,all,p90,0.76,0,5,0,119356,0.0,nan,nan,0.0
overture,Moron,bdpm,all,mean,-0.02,0,15370,0,3103,0.0,nan,nan,0.0
overture,Moron,bdpm,all,mean,0.04,0,12885,0,5588,0.0,nan,nan,0.0
overture,Moron,bdpm,all,mean,0.06,0,12166,0,6307,0.0,nan,nan,0.0
overture,Moron,bdpm,all,mean,0.08,0,11425,0,7048,0.0,nan,nan,0.0
overture,Moron,bdpm,all,mean,0.1,0,10710,0,7763,0.0,nan,nan,0.0
overture,Moron,bdpm,all,mean,0.14,0,9112,0,9361,0.0,nan,nan,0.0
overture,Moron,bdpm,all,mean,0.16,0,8467,0,10006,0.0,nan,nan,0.0
overture,Moron,bdpm,all,mean,0.18,0,7845,0,10628,0.0,nan,nan,0.0
overture,Moron,bdpm,all,mean,0.22,0,6804,0,11669,0.0,nan,nan,0.0
overture,Moron,bdpm,all,mean,0.24,0,6276,0,12197,0.0,nan,nan,0.0
overture,Moron,bdpm,all,mean,0.26,0,5732,0,12741,0.0,nan,nan,0.0
overture,Moron,bdpm,all,mean,0.28,0,5245,0,13228,0.0,nan,nan,0.0
overture,Moron,bdpm,all,mean,0.3,0,4804,0,13669,0.0,nan,nan,0.0
overture,Moron,bdpm,all,mean,0.32,0,4360,0,14113,0.0,nan,nan,0.0
overture,Moron,bdpm,all,mean,0.34,0,3947,0,14526,0.0,nan,nan,0.0
overture,Moron,bdpm,all,mean,0.36,0,3585,0,14888,0.0,nan,nan,0.0
overture,Moron,bdpm,all,mean,0.38,0,3217,0,15256,0.0,nan,nan,0.0
overture,Moron,bdpm,all,mean,0.4,0,2872,0,15601,0.0,nan,nan,0.0
overture,Moron,bdpm,all,mean,0.42,0,2525,0,15948,0.0,nan,nan,0.0
overture,Moron,bdpm,all,mean,0.44,0,2192,0,16281,0.0,nan,nan,0.0
overture,Moron,bdpm,all,mean,0.46,0,1936,0,16537,0.0,nan,nan,0.0
overture,Moron,bdpm,all,mean,0.48,0,1698,0,16775,0.0,nan,nan,0.0
overture,Moron,bdpm,all,mean,0.5,0,1485,0,16988,0.0,nan,nan,0.0
overture,Moron,bdpm,all,mean,0.52,0,1252,0,17221,0.0,nan,nan,0.0
overture,Moron,bdpm,all,mean,0.54,0,1067,0,17406,0.0,nan,nan,0.0
overture,Moron,bdpm,all,mean,0.56,0,913,0,17560,0.0,nan,nan,0.0
overture,Moron,bdpm,all,mean,0.58,0,790,0,17683,0.0,nan,nan,0.0
overture,Moron,bdpm,all,mean,0.6,0,641,0,17832,0.0,nan,nan,0.0
overture,Moron,bdpm,all,mean,0.62,0,534,0,17939,0.0,nan,nan,0.0
overture,Moron,bdpm,all,mean,0.64,0,420,0,18053,0.0,nan,nan,0.0
overture,Moron,bdpm,all,mean,0.66,0,334,0,18139,0.0,nan,nan,0.0
overture,Moron,bdpm,all,mean,0.68,0,268,0,18205,0.0,nan,nan,0.0
overture,Moron,bdpm,all,mean,0.7,0,191,0,18282,0.0,nan,nan,0.0
overture,Moron,bdpm,all,mean,0.72,0,124,0,18349,0.0,nan,nan,0.0
overture,Moron,bdpm,all,mean,0.74,0,74,0,18399,0.0,nan,nan,0.0
overture,Moron,bdpm,all,mean,0.76,0,49,0,18424,0.0,nan,nan,0.0
overture,Moron,bdpm,all,mean,0.78,0,22,0,18451,0.0,nan,nan,0.0
overture,Moron,bdpm,all,mean,0.8,0,14,0,18459,0.0,nan,nan,0.0
overture,Moron,bdpm,all,mean,0.82,0,2,0,18471,0.0,nan,nan,0.0
overture,Moron,bdpm,all,mean,0.84,0,1,0,18472,0.0,nan,nan,0.0
overture,Moron,bdpm,all,mean,0.86,0,1,0,18472,0.0,nan,nan,0.0
overture,Moron,bdpm,all,max,-0.04,0,16341,0,2132,0.0,nan,nan,0.0
overture,Moron,bdpm,all,max,0.0,0,15003,0,3470,0.0,nan,nan,0.0
overture,Moron,bdpm,all,max,0.04,0,13350,0,5123,0.0,nan,nan,0.0
overture,Moron,bdpm,all,max,0.1,0,11235,0,7238,0.0,nan,nan,0.0
overture,Moron,bdpm,all,max,0.12,0,10449,0,8024,0.0,nan,nan,0.0
overture,Moron,bdpm,all,max,0.16,0,9053,0,9420,0.0,nan,nan,0.0
overture,Moron,bdpm,all,max,0.18,0,8451,0,10022,0.0,nan,nan,0.0
overture,Moron,bdpm,all,max,0.2,0,7925,0,10548,0.0,nan,nan,0.0
overture,Moron,bdpm,all,max,0.22,0,7375,0,11098,0.0,nan,nan,0.0
overture,Moron,bdpm,all,max,0.24,0,6923,0,11550,0.0,nan,nan,0.0
overture,Moron,bdpm,all,max,0.26,0,6346,0,12127,0.0,nan,nan,0.0
overture,Moron,bdpm,all,max,0.28,0,5851,0,12622,0.0,nan,nan,0.0
overture,Moron,bdpm,all,max,0.3,0,5406,0,13067,0.0,nan,nan,0.0
overture,Moron,bdpm,all,max,0.32,0,4945,0,13528,0.0,nan,nan,0.0
overture,Moron,bdpm,all,max,0.34,0,4497,0,13976,0.0,nan,nan,0.0
overture,Moron,bdpm,all,max,0.36,0,4087,0,14386,0.0,nan,nan,0.0
overture,Moron,bdpm,all,max,0.38,0,3739,0,14734,0.0,nan,nan,0.0
overture,Moron,bdpm,all,max,0.4,0,3382,0,15091,0.0,nan,nan,0.0
overture,Moron,bdpm,all,max,0.42,0,3010,0,15463,0.0,nan,nan,0.0
overture,Moron,bdpm,all,max,0.44,0,2606,0,15867,0.0,nan,nan,0.0
overture,Moron,bdpm,all,max,0.46,0,2345,0,16128,0.0,nan,nan,0.0
overture,Moron,bdpm,all,max,0.48,0,2109,0,16364,0.0,nan,nan,0.0
overture,Moron,bdpm,all,max,0.5,0,1908,0,16565,0.0,nan,nan,0.0
overture,Moron,bdpm,all,max,0.52,0,1622,0,16851,0.0,nan,nan,0.0
overture,Moron,bdpm,all,max,0.54,0,1384,0,17089,0.0,nan,nan,0.0
overture,Moron,bdpm,all,max,0.56,0,1187,0,17286,0.0,nan,nan,0.0
overture,Moron,bdpm,all,max,0.58,0,1024,0,17449,0.0,nan,nan,0.0
overture,Moron,bdpm,all,max,0.6,0,847,0,17626,0.0,nan,nan,0.0
overture,Moron,bdpm,all,max,0.62,0,768,0,17705,0.0,nan,nan,0.0
overture,Moron,bdpm,all,max,0.64,0,637,0,17836,0.0,nan,nan,0.0
overture,Moron,bdpm,all,max,0.66,0,519,0,17954,0.0,nan,nan,0.0
overture,Moron,bdpm,all,max,0.68,0,406,0,18067,0.0,nan,nan,0.0
overture,Moron,bdpm,all,max,0.7,0,324,0,18149,0.0,nan,nan,0.0
overture,Moron,bdpm,all,max,0.72,0,249,0,18224,0.0,nan,nan,0.0
overture,Moron,bdpm,all,max,0.74,0,157,0,18316,0.0,nan,nan,0.0
overture,Moron,bdpm,all,max,0.76,0,107,0,18366,0.0,nan,nan,0.0
overture,Moron,bdpm,all,max,0.78,0,62,0,18411,0.0,nan,nan,0.0
overture,Moron,bdpm,all,max,0.8,0,55,0,18418,0.0,nan,nan,0.0
overture,Moron,bdpm,all,max,0.82,0,14,0,18459,0.0,nan,nan,0.0
overture,Moron,bdpm,all,max,0.84,0,6,0,18467,0.0,nan,nan,0.0
overture,Moron,bdpm,all,max,0.86,0,6,0,18467,0.0,nan,nan,0.0
overture,Moron,bdpm,all,p75,0.02,0,13993,0,4480,0.0,nan,nan,0.0
overture,Moron,bdpm,all,p75,0.06,0,12447,0,6026,0.0,nan,nan,0.0
overture,Moron,bdpm,all,p75,0.1,0,11000,0,7473,0.0,nan,nan,0.0
overture,Moron,bdpm,all,p75,0.16,0,8749,0,9724,0.0,nan,nan,0.0
overture,Moron,bdpm,all,p75,0.2,0,7622,0,10851,0.0,nan,nan,0.0
overture,Moron,bdpm,all,p75,0.22,0,7137,0,11336,0.0,nan,nan,0.0
overture,Moron,bdpm,all,p75,0.28,0,5541,0,12932,0.0,nan,nan,0.0
overture,Moron,bdpm,all,p75,0.3,0,5123,0,13350,0.0,nan,nan,0.0
overture,Moron,bdpm,all,p75,0.34,0,4213,0,14260,0.0,nan,nan,0.0
overture,Moron,bdpm,all,p75,0.38,0,3479,0,14994,0.0,nan,nan,0.0
overture,Moron,bdpm,all,p75,0.4,0,3130,0,15343,0.0,nan,nan,0.0
overture,Moron,bdpm,all,p75,0.42,0,2749,0,15724,0.0,nan,nan,0.0
overture,Moron,bdpm,all,p75,0.44,0,2411,0,16062,0.0,nan,nan,0.0
overture,Moron,bdpm,all,p75,0.46,0,2127,0,16346,0.0,nan,nan,0.0
overture,Moron,bdpm,all,p75,0.48,0,1883,0,16590,0.0,nan,nan,0.0
overture,Moron,bdpm,all,p75,0.52,0,1421,0,17052,0.0,nan,nan,0.0
overture,Moron,bdpm,all,p75,0.54,0,1194,0,17279,0.0,nan,nan,0.0
overture,Moron,bdpm,all,p75,0.58,0,900,0,17573,0.0,nan,nan,0.0
overture,Moron,bdpm,all,p75,0.6,0,749,0,17724,0.0,nan,nan,0.0
overture,Moron,bdpm,all,p75,0.62,0,637,0,17836,0.0,nan,nan,0.0
overture,Moron,bdpm,all,p75,0.64,0,507,0,17966,0.0,nan,nan,0.0
overture,Moron,bdpm,all,p75,0.66,0,408,0,18065,0.0,nan,nan,0.0
overture,Moron,bdpm,all,p75,0.68,0,328,0,18145,0.0,nan,nan,0.0
overture,Moron,bdpm,all,p75,0.7,0,246,0,18227,0.0,nan,nan,0.0
overture,Moron,bdpm,all,p75,0.72,0,175,0,18298,0.0,nan,nan,0.0
overture,Moron,bdpm,all,p75,0.74,0,104,0,18369,0.0,nan,nan,0.0
overture,Moron,bdpm,all,p75,0.76,0,70,0,18403,0.0,nan,nan,0.0
overture,Moron,bdpm,all,p75,0.78,0,35,0,18438,0.0,nan,nan,0.0
overture,Moron,bdpm,all,p75,0.8,0,20,0,18453,0.0,nan,nan,0.0
overture,Moron,bdpm,all,p75,0.82,0,6,0,18467,0.0,nan,nan,0.0
overture,Moron,bdpm,all,p75,0.84,0,1,0,18472,0.0,nan,nan,0.0
overture,Moron,bdpm,all,p75,0.86,0,1,0,18472,0.0,nan,nan,0.0
overture,Moron,bdpm,all,p90,0.02,0,14137,0,4336,0.0,nan,nan,0.0
overture,Moron,bdpm,all,p90,0.04,0,13264,0,5209,0.0,nan,nan,0.0
overture,Moron,bdpm,all,p90,0.08,0,11849,0,6624,0.0,nan,nan,0.0
overture,Moron,bdpm,all,p90,0.12,0,10353,0,8120,0.0,nan,nan,0.0
overture,Moron,bdpm,all,p90,0.14,0,9598,0,8875,0.0,nan,nan,0.0
overture,Moron,bdpm,all,p90,0.16,0,8950,0,9523,0.0,nan,nan,0.0
overture,Moron,bdpm,all,p90,0.2,0,7792,0,10681,0.0,nan,nan,0.0
overture,Moron,bdpm,all,p90,0.24,0,6803,0,11670,0.0,nan,nan,0.0
overture,Moron,bdpm,all,p90,0.3,0,5300,0,13173,0.0,nan,nan,0.0
overture,Moron,bdpm,all,p90,0.32,0,4824,0,13649,0.0,nan,nan,0.0
overture,Moron,bdpm,all,p90,0.34,0,4388,0,14085,0.0,nan,nan,0.0
overture,Moron,bdpm,all,p90,0.36,0,4002,0,14471,0.0,nan,nan,0.0
overture,Moron,bdpm,all,p90,0.38,0,3641,0,14832,0.0,nan,nan,0.0
overture,Moron,bdpm,all,p90,0.4,0,3275,0,15198,0.0,nan,nan,0.0
overture,Moron,bdpm,all,p90,0.42,0,2892,0,15581,0.0,nan,nan,0.0
overture,Moron,bdpm,all,p90,0.44,0,2535,0,15938,0.0,nan,nan,0.0
overture,Moron,bdpm,all,p90,0.46,0,2257,0,16216,0.0,nan,nan,0.0
overture,Moron,bdpm,all,p90,0.48,0,2036,0,16437,0.0,nan,nan,0.0
overture,Moron,bdpm,all,p90,0.5,0,1802,0,16671,0.0,nan,nan,0.0
overture,Moron,bdpm,all,p90,0.52,0,1536,0,16937,0.0,nan,nan,0.0
overture,Moron,bdpm,all,p90,0.54,0,1295,0,17178,0.0,nan,nan,0.0
overture,Moron,bdpm,all,p90,0.56,0,1106,0,17367,0.0,nan,nan,0.0
overture,Moron,bdpm,all,p90,0.58,0,969,0,17504,0.0,nan,nan,0.0
overture,Moron,bdpm,all,p90,0.6,0,814,0,17659,0.0,nan,nan,0.0
overture,Moron,bdpm,all,p90,0.62,0,722,0,17751,0.0,nan,nan,0.0
overture,Moron,bdpm,all,p90,0.64,0,573,0,17900,0.0,nan,nan,0.0
overture,Moron,bdpm,all,p90,0.66,0,465,0,18008,0.0,nan,nan,0.0
overture,Moron,bdpm,all,p90,0.68,0,383,0,18090,0.0,nan,nan,0.0
overture,Moron,bdpm,all,p90,0.7,0,288,0,18185,0.0,nan,nan,0.0
overture,Moron,bdpm,all,p90,0.72,0,216,0,18257,0.0,nan,nan,0.0
overture,Moron,bdpm,all,p90,0.74,0,130,0,18343,0.0,nan,nan,0.0
overture,Moron,bdpm,all,p90,0.76,0,83,0,18390,0.0,nan,nan,0.0
overture,Moron,bdpm,all,p90,0.78,0,54,0,18419,0.0,nan,nan,0.0
overture,Moron,bdpm,all,p90,0.8,0,35,0,18438,0.0,nan,nan,0.0
overture,Moron,bdpm,all,p90,0.82,0,10,0,18463,0.0,nan,nan,0.0
overture,Moron,bdpm,all,p90,0.84,0,5,0,18468,0.0,nan,nan,0.0
overture,Moron,bdpm,all,p90,0.86,0,1,0,18472,0.0,nan,nan,0.0
overture,San Felipe,bdpm,all,mean,-0.04,0,3759,0,2329,0.0,nan,nan,0.0
overture,San Felipe,bdpm,all,mean,0.06,0,1185,0,4903,0.0,nan,nan,0.0
overture,San Felipe,bdpm,all,mean,0.08,0,883,0,5205,0.0,nan,nan,0.0
overture,San Felipe,bdpm,all,mean,0.1,0,650,0,5438,0.0,nan,nan,0.0
overture,San Felipe,bdpm,all,mean,0.12,0,440,0,5648,0.0,nan,nan,0.0
overture,San Felipe,bdpm,all,mean,0.14,0,304,0,5784,0.0,nan,nan,0.0
overture,San Felipe,bdpm,all,mean,0.16,0,198,0,5890,0.0,nan,nan,0.0
overture,San Felipe,bdpm,all,mean,0.18,0,131,0,5957,0.0,nan,nan,0.0
overture,San Felipe,bdpm,all,mean,0.2,0,99,0,5989,0.0,nan,nan,0.0
overture,San Felipe,bdpm,all,mean,0.22,0,64,0,6024,0.0,nan,nan,0.0
overture,San Felipe,bdpm,all,mean,0.24,0,40,0,6048,0.0,nan,nan,0.0
overture,San Felipe,bdpm,all,mean,0.26,0,32,0,6056,0.0,nan,nan,0.0
overture,San Felipe,bdpm,all,mean,0.28,0,25,0,6063,0.0,nan,nan,0.0
overture,San Felipe,bdpm,all,mean,0.3,0,17,0,6071,0.0,nan,nan,0.0
overture,San Felipe,bdpm,all,mean,0.32,0,10,0,6078,0.0,nan,nan,0.0
overture,San Felipe,bdpm,all,mean,0.34,0,4,0,6084,0.0,nan,nan,0.0
overture,San Felipe,bdpm,all,mean,0.36,0,4,0,6084,0.0,nan,nan,0.0
overture,San Felipe,bdpm,all,mean,0.38,0,4,0,6084,0.0,nan,nan,0.0
overture,San Felipe,bdpm,all,mean,0.4,0,4,0,6084,0.0,nan,nan,0.0
overture,San Felipe,bdpm,all,mean,0.42,0,4,0,6084,0.0,nan,nan,0.0
overture,San Felipe,bdpm,all,mean,0.44,0,4,0,6084,0.0,nan,nan,0.0
overture,San Felipe,bdpm,all,mean,0.46,0,4,0,6084,0.0,nan,nan,0.0
overture,San Felipe,bdpm,all,max,-0.04,0,4011,0,2077,0.0,nan,nan,0.0
overture,San Felipe,bdpm,all,max,-0.02,0,3594,0,2494,0.0,nan,nan,0.0
overture,San Felipe,bdpm,all,max,0.0,0,2984,0,3104,0.0,nan,nan,0.0
overture,San Felipe,bdpm,all,max,0.02,0,2448,0,3640,0.0,nan,nan,0.0
overture,San Felipe,bdpm,all,max,0.06,0,1441,0,4647,0.0,nan,nan,0.0
overture,San Felipe,bdpm,all,max,0.08,0,1117,0,4971,0.0,nan,nan,0.0
overture,San Felipe,bdpm,all,max,0.1,0,843,0,5245,0.0,nan,nan,0.0
overture,San Felipe,bdpm,all,max,0.12,0,582,0,5506,0.0,nan,nan,0.0
overture,San Felipe,bdpm,all,max,0.14,0,420,0,5668,0.0,nan,nan,0.0
overture,San Felipe,bdpm,all,max,0.16,0,304,0,5784,0.0,nan,nan,0.0
overture,San Felipe,bdpm,all,max,0.18,0,191,0,5897,0.0,nan,nan,0.0
overture,San Felipe,bdpm,all,max,0.2,0,142,0,5946,0.0,nan,nan,0.0
overture,San Felipe,bdpm,all,max,0.22,0,91,0,5997,0.0,nan,nan,0.0
overture,San Felipe,bdpm,all,max,0.24,0,59,0,6029,0.0,nan,nan,0.0
overture,San Felipe,bdpm,all,max,0.26,0,43,0,6045,0.0,nan,nan,0.0
overture,San Felipe,bdpm,all,max,0.28,0,36,0,6052,0.0,nan,nan,0.0
overture,San Felipe,bdpm,all,max,0.3,0,28,0,6060,0.0,nan,nan,0.0
overture,San Felipe,bdpm,all,max,0.32,0,21,0,6067,0.0,nan,nan,0.0
overture,San Felipe,bdpm,all,max,0.34,0,8,0,6080,0.0,nan,nan,0.0
overture,San Felipe,bdpm,all,max,0.36,0,7,0,6081,0.0,nan,nan,0.0
overture,San Felipe,bdpm,all,max,0.38,0,4,0,6084,0.0,nan,nan,0.0
overture,San Felipe,bdpm,all,max,0.4,0,4,0,6084,0.0,nan,nan,0.0
overture,San Felipe,bdpm,all,max,0.42,0,4,0,6084,0.0,nan,nan,0.0
overture,San Felipe,bdpm,all,max,0.44,0,4,0,6084,0.0,nan,nan,0.0
overture,San Felipe,bdpm,all,max,0.46,0,4,0,6084,0.0,nan,nan,0.0
overture,San Felipe,bdpm,all,max,0.48,0,1,0,6087,0.0,nan,nan,0.0
overture,San Felipe,bdpm,all,p75,-0.1,0,4902,0,1186,0.0,nan,nan,0.0
overture,San Felipe,bdpm,all,p75,-0.04,0,3909,0,2179,0.0,nan,nan,0.0
overture,San Felipe,bdpm,all,p75,0.02,0,2268,0,3820,0.0,nan,nan,0.0
overture,San Felipe,bdpm,all,p75,0.06,0,1325,0,4763,0.0,nan,nan,0.0
overture,San Felipe,bdpm,all,p75,0.08,0,985,0,5103,0.0,nan,nan,0.0
overture,San Felipe,bdpm,all,p75,0.1,0,724,0,5364,0.0,nan,nan,0.0
overture,San Felipe,bdpm,all,p75,0.12,0,507,0,5581,0.0,nan,nan,0.0
overture,San Felipe,bdpm,all,p75,0.14,0,365,0,5723,0.0,nan,nan,0.0
overture,San Felipe,bdpm,all,p75,0.16,0,238,0,5850,0.0,nan,nan,0.0
overture,San Felipe,bdpm,all,p75,0.18,0,152,0,5936,0.0,nan,nan,0.0
overture,San Felipe,bdpm,all,p75,0.2,0,116,0,5972,0.0,nan,nan,0.0
overture,San Felipe,bdpm,all,p75,0.22,0,73,0,6015,0.0,nan,nan,0.0
overture,San Felipe,bdpm,all,p75,0.24,0,47,0,6041,0.0,nan,nan,0.0
overture,San Felipe,bdpm,all,p75,0.26,0,38,0,6050,0.0,nan,nan,0.0
overture,San Felipe,bdpm,all,p75,0.28,0,30,0,6058,0.0,nan,nan,0.0
overture,San Felipe,bdpm,all,p75,0.3,0,23,0,6065,0.0,nan,nan,0.0
overture,San Felipe,bdpm,all,p75,0.32,0,12,0,6076,0.0,nan,nan,0.0
overture,San Felipe,bdpm,all,p75,0.34,0,7,0,6081,0.0,nan,nan,0.0
overture,San Felipe,bdpm,all,p75,0.36,0,4,0,6084,0.0,nan,nan,0.0
overture,San Felipe,bdpm,all,p75,0.38,0,4,0,6084,0.0,nan,nan,0.0
overture,San Felipe,bdpm,all,p75,0.4,0,4,0,6084,0.0,nan,nan,0.0
overture,San Felipe,bdpm,all,p75,0.42,0,4,0,6084,0.0,nan,nan,0.0
overture,San Felipe,bdpm,all,p75,0.44,0,4,0,6084,0.0,nan,nan,0.0
overture,San Felipe,bdpm,all,p75,0.46,0,4,0,6084,0.0,nan,nan,0.0
overture,San Felipe,bdpm,all,p90,-0.04,0,3961,0,2127,0.0,nan,nan,0.0
overture,San Felipe,bdpm,all,p90,-0.02,0,3529,0,2559,0.0,nan,nan,0.0
overture,San Felipe,bdpm,all,p90,0.0,0,2932,0,3156,0.0,nan,nan,0.0
overture,San Felipe,bdpm,all,p90,0.02,0,2377,0,3711,0.0,nan,nan,0.0
overture,San Felipe,bdpm,all,p90,0.04,0,1851,0,4237,0.0,nan,nan,0.0
overture,San Felipe,bdpm,all,p90,0.06,0,1395,0,4693,0.0,nan,nan,0.0
overture,San Felipe,bdpm,all,p90,0.08,0,1063,0,5025,0.0,nan,nan,0.0
overture,San Felipe,bdpm,all,p90,0.1,0,782,0,5306,0.0,nan,nan,0.0
overture,San Felipe,bdpm,all,p90,0.12,0,546,0,5542,0.0,nan,nan,0.0
overture,San Felipe,bdpm,all,p90,0.14,0,403,0,5685,0.0,nan,nan,0.0
overture,San Felipe,bdpm,all,p90,0.16,0,272,0,5816,0.0,nan,nan,0.0
overture,San Felipe,bdpm,all,p90,0.18,0,178,0,5910,0.0,nan,nan,0.0
overture,San Felipe,bdpm,all,p90,0.2,0,126,0,5962,0.0,nan,nan,0.0
overture,San Felipe,bdpm,all,p90,0.22,0,83,0,6005,0.0,nan,nan,0.0
overture,San Felipe,bdpm,all,p90,0.24,0,54,0,6034,0.0,nan,nan,0.0
overture,San Felipe,bdpm,all,p90,0.26,0,42,0,6046,0.0,nan,nan,0.0
overture,San Felipe,bdpm,all,p90,0.28,0,32,0,6056,0.0,nan,nan,0.0
overture,San Felipe,bdpm,all,p90,0.3,0,26,0,6062,0.0,nan,nan,0.0
overture,San Felipe,bdpm,all,p90,0.32,0,16,0,6072,0.0,nan,nan,0.0
overture,San Felipe,bdpm,all,p90,0.34,0,7,0,6081,0.0,nan,nan,0.0
overture,San Felipe,bdpm,all,p90,0.36,0,4,0,6084,0.0,nan,nan,0.0
overture,San Felipe,bdpm,all,p90,0.38,0,4,0,6084,0.0,nan,nan,0.0
overture,San Felipe,bdpm,all,p90,0.4,0,4,0,6084,0.0,nan,nan,0.0
overture,San Felipe,bdpm,all,p90,0.42,0,4,0,6084,0.0,nan,nan,0.0
overture,San Felipe,bdpm,all,p90,0.44,0,4,0,6084,0.0,nan,nan,0.0
overture,San Felipe,bdpm,all,p90,0.46,0,4,0,6084,0.0,nan,nan,0.0
overture,San Felipe,t_test,all,max,1.0,0,89433,0,9,0.0,nan,nan,-1.1656346260866473e-18
overture,Moron,t_test,all,mean,1.2,0,18437,0,36,0.0,nan,nan,-1.3035830166941296e-18
overture,Caracas,bdpm,all,p75,-0.1,0,116802,0,2559,0.0,nan,nan,-3.545458619134393e-18
overture,catia_la_mar,bdpm,all,p90,-0.08,0,27569,0,654,0.0,nan,nan,-3.5517502022194074e-18
overture,catia_la_mar,t_test,all,p75,1.1,0,27451,0,772,0.0,nan,nan,-3.567017643254776e-18
overture,Caracas,bdpm,all,max,-0.08,0,115743,0,3618,0.0,nan,nan,-3.577898081371101e-18
overture,Caracas,t_test,all,p90,1.1,0,118984,0,377,0.0,nan,nan,-3.915494855074231e-18
overture,GLOBAL,t_test,all,mean,1.0,0,284905,0,547,0.0,nan,nan,-6.3004458873446476e-18
overture,caraballeda,bdpm,all,max,0.02,0,10758,0,187,0.0,nan,nan,-7.059508624118295e-18
overture,caraballeda,bdpm,all,p75,0.02,0,10746,0,199,0.0,nan,nan,-7.06739193916477e-18
overture,Moron,t_test,all,max,1.4,0,18058,0,415,0.0,nan,nan,-7.098360122210557e-18
overture,GLOBAL,bdpm,all,max,-0.06,0,191546,0,10501,0.0,nan,nan,-7.319300306990194e-18
overture,San Felipe,t_test,all,p90,1.2,0,89177,0,265,0.0,nan,nan,-9.569331265469198e-18
overture,Caracas,bdpm,all,p90,-0.1,0,116960,0,2401,0.0,nan,nan,-1.0622007292205934e-17
overture,Moron,t_test,all,mean,1.4,0,17926,0,547,0.0,nan,nan,-1.0725944473408309e-17
overture,Moron,t_test,all,p75,1.3,0,18324,0,149,0.0,nan,nan,-1.3990633823060273e-17
overture,la_guaira,bdpm,all,p75,-0.1,0,18730,0,159,0.0,nan,nan,-1.399559711168218e-17
overture,caraballeda,bdpm,all,p75,0.0,0,10814,0,131,0.0,nan,nan,-1.4045902307798154e-17
overture,caraballeda,bdpm,all,p90,0.0,0,10814,0,131,0.0,nan,nan,-1.4045902307798154e-17
overture,la_guaira,bdpm,all,p90,-0.06,0,18617,0,272,0.0,nan,nan,-1.408054648449306e-17
overture,GLOBAL,t_test,all,p75,1.2,0,280136,0,5316,0.0,nan,nan,-1.4141139608319718e-17
overture,la_guaira,t_test,all,p75,1.1,0,18504,0,385,0.0,nan,nan,-1.4166533392877608e-17
overture,caraballeda,bdpm,all,mean,0.06,0,10559,0,386,0.0,nan,nan,-1.4385111048066033e-17
overture,catia_la_mar,bdpm,all,max,-0.02,0,26469,0,1754,0.0,nan,nan,-1.4797416045182948e-17
overture,Moron,bdpm,all,max,-0.08,0,17228,0,1245,0.0,nan,nan,-1.4880681110619715e-17
overture,San Felipe,t_test,all,mean,1.5,0,82687,0,6755,0.0,nan,nan,-1.5011514471519595e-17
overture,caraballeda,bdpm,all,p75,0.12,0,10065,0,880,0.0,nan,nan,-1.5091146304672553e-17
overture,la_guaira,bdpm,all,max,0.0,0,17319,0,1570,0.0,nan,nan,-1.5135835435175663e-17
overture,la_guaira,bdpm,all,p90,0.0,0,17293,0,1596,0.0,nan,nan,-1.515859214143337e-17
overture,la_guaira,bdpm,all,p75,0.0,0,17255,0,1634,0.0,nan,nan,-1.519197530581323e-17
overture,Moron,bdpm,all,max,-0.06,0,16818,0,1655,0.0,nan,nan,-1.524345190710884e-17
overture,Moron,bdpm,all,p90,-0.06,0,16794,0,1679,0.0,nan,nan,-1.5265236047026108e-17
overture,catia_la_mar,bdpm,all,mean,0.0,0,25645,0,2578,0.0,nan,nan,-1.5272872111520665e-17
overture,Caracas,t_test,all,max,1.4,0,106894,0,12467,0.0,nan,nan,-1.5496348069382203e-17
overture,catia_la_mar,bdpm,all,p90,0.02,0,25267,0,2956,0.0,nan,nan,-1.5501357711637608e-17
overture,GLOBAL,t_test,all,p75,1.1,0,283723,0,1729,0.0,nan,nan,-1.5707653489427306e-17
overture,caraballeda,t_test,all,p90,1.2,0,10826,0,119,0.0,nan,nan,-1.5784124884638406e-17
overture,Caracas,t_test,all,max,1.2,0,117902,0,1459,0.0,nan,nan,-1.5805711178305788e-17
overture,la_guaira,t_test,all,p75,1.0,0,18817,0,72,0.0,nan,nan,-1.6978270683043397e-17
overture,la_guaira,bdpm,all,max,-0.1,0,18733,0,156,0.0,nan,nan,-1.7491694730009026e-17
overture,caraballeda,bdpm,all,max,-0.02,0,10874,0,71,0.0,nan,nan,-2.007957578742972e-17
overture,caraballeda,bdpm,all,p90,-0.02,0,10874,0,71,0.0,nan,nan,-2.007957578742972e-17
overture,GLOBAL,t_test,all,p90,1.1,0,283859,0,1593,0.0,nan,nan,-2.0933503704213638e-17
overture,Caracas,t_test,all,p75,1.3,0,113730,0,5631,0.0,nan,nan,-2.1847357300561084e-17
overture,GLOBAL,t_test,all,mean,1.3,0,269727,0,15725,0.0,nan,nan,-2.203028776494151e-17
overture,Caracas,t_test,all,mean,1.1,0,118859,0,502,0.0,nan,nan,-2.264665086033771e-17
overture,la_guaira,bdpm,all,p75,-0.08,0,18681,0,208,0.0,nan,nan,-2.4556537890271547e-17
overture,caraballeda,t_test,all,p75,1.1,0,10918,0,27,0.0,nan,nan,-2.4780941137119224e-17
overture,la_guaira,bdpm,all,p75,-0.04,0,18455,0,434,0.0,nan,nan,-2.4857257346419006e-17
overture,GLOBAL,bdpm,all,max,-0.1,0,197121,0,4926,0.0,nan,nan,-2.4893032391828387e-17
overture,caraballeda,bdpm,all,max,-0.06,0,10922,0,23,0.0,nan,nan,-2.520645966363388e-17
overture,caraballeda,bdpm,all,max,-0.08,0,10930,0,15,0.0,nan,nan,-2.6056562366742206e-17
overture,caraballeda,bdpm,all,p90,-0.08,0,10930,0,15,0.0,nan,nan,-2.6056562366742206e-17
overture,Caracas,t_test,all,p75,1.1,0,118938,0,423,0.0,nan,nan,-2.6983841132767065e-17
overture,San Felipe,t_test,all,p90,1.3,0,88463,0,979,0.0,nan,nan,-2.8062740289308315e-17
overture,la_guaira,t_test,all,max,1.1,0,18542,0,347,0.0,nan,nan,-2.827500096017768e-17
overture,Caracas,bdpm,all,max,-0.1,0,117065,0,2296,0.0,nan,nan,-2.829994670530972e-17
overture,la_guaira,bdpm,all,max,-0.04,0,18487,0,402,0.0,nan,nan,-2.83591208851417e-17
overture,la_guaira,t_test,all,max,1.0,0,18826,0,63,0.0,nan,nan,-2.871872217531486e-17
overture,la_guaira,bdpm,all,p75,-0.02,0,18032,0,857,0.0,nan,nan,-2.9074704292569577e-17
overture,catia_la_mar,bdpm,all,p90,-0.04,0,26932,0,1291,0.0,nan,nan,-2.908605415861781e-17
overture,Caracas,bdpm,all,max,-0.06,0,113481,0,5880,0.0,nan,nan,-2.9193726359981694e-17
overture,la_guaira,t_test,all,p90,1.2,0,17722,0,1167,0.0,nan,nan,-2.958329013675739e-17
overture,catia_la_mar,bdpm,all,p75,-0.02,0,26370,0,1853,0.0,nan,nan,-2.9705938968520853e-17
overture,caraballeda,t_test,all,max,1.4,0,10133,0,812,0.0,nan,nan,-2.9979746877830696e-17
overture,caraballeda,bdpm,all,max,0.12,0,10129,0,816,0.0,nan,nan,-2.999158605124479e-17
overture,Moron,t_test,all,mean,1.5,0,16952,0,1521,0.0,nan,nan,-3.0245914838810345e-17
overture,caraballeda,t_test,all,mean,1.4,0,9942,0,1003,0.0,nan,nan,-3.055570057463875e-17
overture,GLOBAL,bdpm,all,mean,-0.04,0,182619,0,19428,0.0,nan,nan,-3.070836433454884e-17
overture,Caracas,t_test,all,p90,1.4,0,106147,0,13214,0.0,nan,nan,-3.1210804460390615e-17
overture,caraballeda,bdpm,all,p90,0.16,0,9619,0,1326,0.0,nan,nan,-3.1581741876812396e-17
overture,Caracas,t_test,all,p75,1.4,0,104866,0,14495,0.0,nan,nan,-3.1592062833111614e-17
overture,la_guaira,bdpm,all,mean,-0.08,0,18658,0,231,0.0,nan,nan,-3.1611611709672334e-17
overture,la_guaira,bdpm,all,max,0.02,0,16537,0,2352,0.0,nan,nan,-3.170315461109116e-17
overture,caraballeda,bdpm,all,p75,0.16,0,9555,0,1390,0.0,nan,nan,-3.1793278400110775e-17
overture,caraballeda,bdpm,all,mean,0.02,0,10727,0,218,0.0,nan,nan,-3.185959466786527e-17
overture,Moron,bdpm,all,mean,-0.04,0,16060,0,2413,0.0,nan,nan,-3.192582492823866e-17
overture,GLOBAL,bdpm,all,p75,-0.1,0,196672,0,5375,0.0,nan,nan,-3.2078395169176837e-17
overture,catia_la_mar,t_test,all,mean,1.3,0,24283,0,3940,0.0,nan,nan,-3.225901291438022e-17
overture,caraballeda,t_test,all,max,1.5,0,9416,0,1529,0.0,nan,nan,-3.226261417938174e-17
overture,San Felipe,t_test,all,p90,1.1,0,89383,0,59,0.0,nan,nan,-3.233055143820598e-17
overture,caraballeda,t_test,all,p90,1.5,0,9360,0,1585,0.0,nan,nan,-3.245563836677975e-17
overture,Moron,bdpm,all,max,-0.02,0,15741,0,2732,0.0,nan,nan,-3.2572819283877323e-17
overture,Moron,bdpm,all,p90,-0.02,0,15688,0,2785,0.0,nan,nan,-3.26828625922688e-17
overture,catia_la_mar,bdpm,all,p90,0.06,0,23910,0,4313,0.0,nan,nan,-3.276225891258448e-17
overture,Moron,bdpm,all,p75,-0.02,0,15597,0,2876,0.0,nan,nan,-3.287354929457671e-17
overture,caraballeda,bdpm,all,mean,0.18,0,9141,0,1804,0.0,nan,nan,-3.323321027382764e-17
overture,caraballeda,bdpm,all,p90,0.2,0,9034,0,1911,0.0,nan,nan,-3.362682921331176e-17
overture,catia_la_mar,bdpm,all,mean,0.1,0,22099,0,6124,0.0,nan,nan,-3.5447106683555586e-17
overture,catia_la_mar,bdpm,all,mean,-0.08,0,27480,0,743,0.0,nan,nan,-3.563253323325577e-17
overture,caraballeda,bdpm,all,max,0.24,0,8496,0,2449,0.0,nan,nan,-3.575621176001159e-17
overture,la_guaira,bdpm,all,max,0.06,0,14639,0,4250,0.0,nan,nan,-3.5813584794290225e-17
overture,catia_la_mar,t_test,all,mean,1.4,0,21794,0,6429,0.0,nan,nan,-3.594317750756607e-17
overture,caraballeda,t_test,all,mean,1.3,0,10516,0,429,0.0,nan,nan,-3.61098296777599e-17
overture,Caracas,t_test,all,max,1.3,0,114566,0,4795,0.0,nan,nan,-3.61465581090494e-17
overture,caraballeda,bdpm,all,p75,0.24,0,8368,0,2577,0.0,nan,nan,-3.6303151901656127e-17
overture,Moron,t_test,all,max,1.7,0,14067,0,4406,0.0,nan,nan,-3.6449047298465413e-17
overture,Caracas,t_test,all,p75,1.5,0,90473,0,28888,0.0,nan,nan,-3.6617922043671406e-17
overture,la_guaira,bdpm,all,p90,-0.08,0,18690,0,199,0.0,nan,nan,-3.681706936823136e-17
overture,caraballeda,t_test,all,p75,1.6,0,8237,0,2708,0.0,nan,nan,-3.688051172915606e-17
overture,GLOBAL,bdpm,all,mean,-0.06,0,189461,0,12586,0.0,nan,nan,-3.6999242498528557e-17
overture,Moron,t_test,all,p75,1.2,0,18441,0,32,0.0,nan,nan,-3.8230140934755725e-17
overture,Moron,t_test,all,p90,1.2,0,18441,0,32,0.0,nan,nan,-3.8230140934755725e-17
overture,San Felipe,t_test,all,mean,1.0,0,89430,0,12,0.0,nan,nan,-3.8548559105356076e-17
overture,Caracas,t_test,all,mean,1.2,0,117302,0,2059,0.0,nan,nan,-3.883380704466666e-17
overture,GLOBAL,bdpm,all,p90,-0.1,0,196938,0,5109,0.0,nan,nan,-3.915397145962227e-17
overture,la_guaira,bdpm,all,mean,-0.04,0,18409,0,480,0.0,nan,nan,-3.9159010170567114e-17
overture,San Felipe,t_test,all,p75,1.3,0,88364,0,1078,0.0,nan,nan,-4.038538493256648e-17
overture,caraballeda,bdpm,all,mean,0.0,0,10799,0,146,0.0,nan,nan,-4.0438060396798e-17
overture,GLOBAL,t_test,all,max,1.0,0,285070,0,382,0.0,nan,nan,-4.060349800893965e-17
overture,Caracas,t_test,all,p75,1.0,0,119288,0,73,0.0,nan,nan,-4.111640872368221e-17
overture,caraballeda,bdpm,all,max,0.0,0,10815,0,130,0.0,nan,nan,-4.2133810695292435e-17
overture,caraballeda,t_test,all,p75,1.3,0,10556,0,389,0.0,nan,nan,-4.3167597827736616e-17
overture,Caracas,bdpm,all,mean,-0.08,0,114807,0,4554,0.0,nan,nan,-4.3284816183556963e-17
overture,Caracas,t_test,all,max,1.0,0,119303,0,58,0.0,nan,nan,-4.333493413934427e-17
overture,caraballeda,t_test,all,max,1.2,0,10831,0,114,0.0,nan,nan,-4.3824550929198955e-17
overture,caraballeda,bdpm,all,max,0.1,0,10297,0,648,0.0,nan,nan,-4.425339056711544e-17
overture,catia_la_mar,t_test,all,max,1.2,0,26531,0,1692,0.0,nan,nan,-4.428850838264077e-17
overture,Moron,bdpm,all,p75,-0.08,0,17153,0,1320,0.0,nan,nan,-4.483723678197804e-17
overture,caraballeda,t_test,all,p90,1.4,0,10094,0,851,0.0,nan,nan,-4.514336860209904e-17
overture,GLOBAL,bdpm,all,max,-0.04,0,185817,0,16230,0.0,nan,nan,-4.526978790754593e-17
overture,GLOBAL,bdpm,all,p75,-0.04,0,184528,0,17519,0.0,nan,nan,-4.558601502003199e-17
overture,GLOBAL,t_test,all,p90,1.4,0,258116,0,27336,0.0,nan,nan,-4.6042581071877595e-17
overture,Caracas,bdpm,all,mean,-0.1,0,116484,0,2877,0.0,nan,nan,-4.6216789852836095e-17
overture,San Felipe,t_test,all,max,1.4,0,87188,0,2254,0.0,nan,nan,-4.626881641506007e-17
overture,Moron,bdpm,all,mean,-0.06,0,16616,0,1857,0.0,nan,nan,-4.6286297696272837e-17
overture,Moron,t_test,all,mean,1.0,0,18472,0,1,0.0,nan,nan,-4.629793901419801e-17
overture,Moron,t_test,all,max,1.0,0,18472,0,1,0.0,nan,nan,-4.629793901419801e-17
overture,Moron,t_test,all,p75,1.0,0,18472,0,1,0.0,nan,nan,-4.629793901419801e-17
overture,Moron,t_test,all,p90,1.0,0,18472,0,1,0.0,nan,nan,-4.629793901419801e-17
overture,catia_la_mar,bdpm,all,max,0.02,0,25348,0,2875,0.0,nan,nan,-4.6355468514274987e-17
overture,caraballeda,bdpm,all,p75,0.14,0,9823,0,1122,0.0,nan,nan,-4.638879799140667e-17
overture,caraballeda,bdpm,all,p75,0.06,0,10604,0,341,0.0,nan,nan,-4.6553211953858925e-17
overture,Caracas,bdpm,all,mean,-0.04,0,106663,0,12698,0.0,nan,nan,-4.658972550542948e-17
overture,catia_la_mar,bdpm,all,mean,0.02,0,24989,0,3234,0.0,nan,nan,-4.702142606346162e-17
overture,caraballeda,bdpm,all,mean,-0.02,0,10863,0,82,0.0,nan,nan,-4.719108975451405e-17
overture,San Felipe,t_test,all,max,1.6,0,78905,0,10537,0.0,nan,nan,-4.719309665191841e-17
overture,catia_la_mar,t_test,all,max,1.3,0,24890,0,3333,0.0,nan,nan,-4.7208453832858266e-17
overture,San Felipe,t_test,all,p90,1.6,0,78454,0,10988,0.0,nan,nan,-4.746439048766949e-17
overture,catia_la_mar,t_test,all,p90,1.0,0,27995,0,228,0.0,nan,nan,-4.896784492051495e-17
overture,San Felipe,t_test,all,mean,1.1,0,89349,0,93,0.0,nan,nan,-4.9056946626794614e-17
overture,caraballeda,bdpm,all,p90,0.06,0,10624,0,321,0.0,nan,nan,-5.003984906323911e-17
overture,GLOBAL,bdpm,all,p75,-0.08,0,194340,0,7707,0.0,nan,nan,-5.0498501987337694e-17
overture,caraballeda,bdpm,all,p90,-0.04,0,10895,0,50,0.0,nan,nan,-5.053785267484337e-17
overture,San Felipe,t_test,all,p75,1.0,0,89432,0,10,0.0,nan,nan,-5.063790299025678e-17
overture,San Felipe,t_test,all,p90,1.0,0,89432,0,10,0.0,nan,nan,-5.063790299025678e-17
overture,catia_la_mar,t_test,all,mean,1.0,0,27936,0,287,0.0,nan,nan,-5.082380867741657e-17
overture,Moron,t_test,all,max,1.3,0,18340,0,133,0.0,nan,nan,-5.15454541856994e-17
overture,Caracas,bdpm,all,mean,-0.06,0,111984,0,7377,0.0,nan,nan,-5.177197820090276e-17
overture,Moron,t_test,all,mean,1.3,0,18304,0,169,0.0,nan,nan,-5.2522202969383016e-17
overture,caraballeda,bdpm,all,p75,-0.06,0,10919,0,26,0.0,nan,nan,-5.260033798407603e-17
overture,Caracas,t_test,all,mean,1.0,0,119265,0,96,0.0,nan,nan,-5.262613165838303e-17
overture,catia_la_mar,bdpm,all,p75,-0.1,0,27733,0,490,0.0,nan,nan,-5.296120217339642e-17
overture,la_guaira,bdpm,all,mean,-0.1,0,18705,0,184,0.0,nan,nan,-5.60572112059465e-17
overture,catia_la_mar,bdpm,all,max,-0.04,0,26968,0,1255,0.0,nan,nan,-5.809445347077239e-17
overture,Caracas,bdpm,all,p90,-0.06,0,113254,0,6107,0.0,nan,nan,-5.85044812731927e-17
overture,catia_la_mar,bdpm,all,p90,-0.02,0,26439,0,1784,0.0,nan,nan,-5.925682594651045e-17
overture,catia_la_mar,t_test,all,p75,1.2,0,26373,0,1850,0.0,nan,nan,-5.940511967541765e-17
overture,caraballeda,bdpm,all,p90,0.12,0,10118,0,827,0.0,nan,nan,-6.004838409034561e-17
overture,catia_la_mar,bdpm,all,p75,0.02,0,25190,0,3033,0.0,nan,nan,-6.219496709804644e-17
overture,la_guaira,bdpm,all,p90,0.02,0,16471,0,2418,0.0,nan,nan,-6.36603810094851e-17
overture,San Felipe,t_test,all,p75,1.6,0,77637,0,11805,0.0,nan,nan,-6.395183209585846e-17
overture,la_guaira,t_test,all,max,1.3,0,16297,0,2592,0.0,nan,nan,-6.43400709091998e-17
overture,la_guaira,bdpm,all,mean,0.02,0,16213,0,2676,0.0,nan,nan,-6.467341859046624e-17
overture,caraballeda,bdpm,all,max,0.18,0,9361,0,1584,0.0,nan,nan,-6.490434250893248e-17
overture,catia_la_mar,bdpm,all,max,0.06,0,23974,0,4249,0.0,nan,nan,-6.534959627929381e-17
overture,GLOBAL,bdpm,all,mean,-0.02,0,171072,0,30975,0.0,nan,nan,-6.556222861030414e-17
overture,caraballeda,bdpm,all,max,0.2,0,9066,0,1879,0.0,nan,nan,-6.70162751186981e-17
overture,catia_la_mar,bdpm,all,p90,0.08,0,23209,0,5014,0.0,nan,nan,-6.750360727303157e-17
overture,la_guaira,bdpm,all,mean,0.04,0,15222,0,3667,0.0,nan,nan,-6.888386122764611e-17
overture,caraballeda,bdpm,all,mean,0.2,0,8799,0,2146,0.0,nan,nan,-6.904984091670837e-17
overture,caraballeda,bdpm,all,max,0.22,0,8795,0,2150,0.0,nan,nan,-6.908124505129243e-17
overture,GLOBAL,t_test,all,mean,1.5,0,225810,0,59642,0.0,nan,nan,-7.017301776389447e-17
overture,Moron,bdpm,all,max,0.02,0,14220,0,4253,0.0,nan,nan,-7.21137480094955e-17
overture,San Felipe,bdpm,all,max,-0.08,0,4654,0,1434,0.0,nan,nan,-7.261536069959124e-17
overture,Moron,t_test,all,p90,1.7,0,13918,0,4555,0.0,nan,nan,-7.367850960590788e-17
overture,caraballeda,bdpm,all,mean,0.24,0,8193,0,2752,0.0,nan,nan,-7.415715247480984e-17
overture,Moron,bdpm,all,mean,0.02,0,13755,0,4718,0.0,nan,nan,-7.455161735332795e-17
overture,la_guaira,t_test,all,p75,1.4,0,13944,0,4945,0.0,nan,nan,-7.519722716632452e-17
overture,San Felipe,bdpm,all,mean,-0.08,0,4494,0,1594,0.0,nan,nan,-7.520068729325716e-17
overture,catia_la_mar,bdpm,all,p75,0.14,0,20829,0,7394,0.0,nan,nan,-7.521682371692302e-17
overture,caraballeda,bdpm,all,mean,0.26,0,7847,0,3098,0.0,nan,nan,-7.74269848637845e-17
overture,catia_la_mar,bdpm,all,p90,0.16,0,20132,0,8091,0.0,nan,nan,-7.782094283726354e-17
overture,Moron,bdpm,all,p75,0.04,0,13148,0,5325,0.0,nan,nan,-7.799342080126452e-17
overture,catia_la_mar,t_test,all,p90,1.5,0,19714,0,8509,0.0,nan,nan,-7.947099630718219e-17
overture,Caracas,bdpm,all,mean,0.0,0,82819,0,36542,0.0,nan,nan,-8.000418408957083e-17
overture,catia_la_mar,bdpm,all,mean,0.16,0,19582,0,8641,0.0,nan,nan,-8.000670111325655e-17
overture,catia_la_mar,bdpm,all,max,0.18,0,19582,0,8641,0.0,nan,nan,-8.000670111325655e-17
overture,caraballeda,bdpm,all,mean,0.28,0,7524,0,3421,0.0,nan,nan,-8.075087057763383e-17
overture,GLOBAL,bdpm,all,p75,0.02,0,138037,0,64010,0.0,nan,nan,-8.125257411289692e-17
overture,catia_la_mar,bdpm,all,p75,0.18,0,19247,0,8976,0.0,nan,nan,-8.139924254168389e-17
overture,Moron,bdpm,all,p90,0.06,0,12592,0,5881,0.0,nan,nan,-8.143722178327715e-17
overture,caraballeda,bdpm,all,mean,0.3,0,7221,0,3724,0.0,nan,nan,-8.413925359730189e-17
overture,caraballeda,t_test,all,p90,1.7,0,7137,0,3808,0.0,nan,nan,-8.512954325712721e-17
overture,San Felipe,t_test,all,p75,1.8,0,57963,0,31479,0.0,nan,nan,-8.565858199931271e-17
overture,Moron,t_test,all,max,1.8,0,11702,0,6771,0.0,nan,nan,-8.763096023714117e-17
overture,Moron,bdpm,all,p75,0.08,0,11678,0,6795,0.0,nan,nan,-8.781105469215841e-17
overture,catia_la_mar,bdpm,all,p75,0.22,0,17766,0,10457,0.0,nan,nan,-8.818480362488966e-17
overture,Caracas,bdpm,all,max,0.02,0,72609,0,46752,0.0,nan,nan,-9.125406660488598e-17
overture,caraballeda,bdpm,all,max,0.36,0,6627,0,4318,0.0,nan,nan,-9.168093409176353e-17
overture,Moron,bdpm,all,p90,0.1,0,11146,0,7327,0.0,nan,nan,-9.200228751974034e-17
overture,caraballeda,bdpm,all,p90,0.36,0,6556,0,4389,0.0,nan,nan,-9.26738179112442e-17
overture,caraballeda,bdpm,all,max,0.38,0,6289,0,4656,0.0,nan,nan,-9.660829229227492e-17
overture,catia_la_mar,bdpm,all,p90,0.28,0,15986,0,12237,0.0,nan,nan,-9.800395478542411e-17
overture,San Felipe,bdpm,all,p75,-0.02,0,3448,0,2640,0.0,nan,nan,-9.801388883291695e-17
overture,catia_la_mar,t_test,all,mean,1.6,0,15816,0,12407,0.0,nan,nan,-9.905736097621332e-17
overture,Moron,bdpm,all,p75,0.12,0,10201,0,8272,0.0,nan,nan,-1.0052519328448445e-16
overture,la_guaira,bdpm,all,mean,0.12,0,10363,0,8526,0.0,nan,nan,-1.011821032140528e-16
overture,catia_la_mar,bdpm,all,p90,0.3,0,15424,0,12799,0.0,nan,nan,-1.0157489764002786e-16
overture,San Felipe,bdpm,all,mean,-0.02,0,3287,0,2801,0.0,nan,nan,-1.028146908110428e-16
overture,San Felipe,t_test,all,p90,1.9,0,48147,0,41295,0.0,nan,nan,-1.0312227944474553e-16
overture,caraballeda,t_test,all,p90,1.8,0,5878,0,5067,0.0,nan,nan,-1.033633123896082e-16
overture,la_guaira,t_test,all,max,1.6,0,9847,0,9042,0.0,nan,nan,-1.0648422215976736e-16
overture,caraballeda,t_test,all,p75,1.8,0,5695,0,5250,0.0,nan,nan,-1.0668473226095117e-16
overture,San Felipe,t_test,all,p75,1.9,0,46219,0,43223,0.0,nan,nan,-1.0742396824739097e-16
overture,catia_la_mar,bdpm,all,p90,0.34,0,14562,0,13661,0.0,nan,nan,-1.0758764051639814e-16
overture,la_guaira,bdpm,all,p75,0.14,0,9543,0,9346,0.0,nan,nan,-1.0987636336657541e-16
overture,Moron,t_test,all,max,1.9,0,9316,0,9157,0.0,nan,nan,-1.1007487083458844e-16
overture,catia_la_mar,bdpm,all,max,0.36,0,14215,0,14008,0.0,nan,nan,-1.1021394450930635e-16
overture,Moron,t_test,all,p90,1.9,0,9085,0,9388,0.0,nan,nan,-2.257473850732033e-16
overture,San Felipe,t_test,all,mean,1.9,0,43059,0,46383,0.0,nan,nan,-2.306151275424958e-16
overture,caraballeda,bdpm,all,mean,0.42,0,5214,0,5731,0.0,nan,nan,-2.330531454645635e-16
overture,San Felipe,bdpm,all,p75,0.0,0,2851,0,3237,0.0,nan,nan,-2.370760355635901e-16
overture,catia_la_mar,t_test,all,mean,1.7,0,13061,0,15162,0.0,nan,nan,-2.3990371659134675e-16
overture,catia_la_mar,bdpm,all,max,0.42,0,12794,0,15429,0.0,nan,nan,-2.4491030501794433e-16
overture,GLOBAL,t_test,all,p75,1.8,0,128421,0,157031,0.0,nan,nan,-2.4677847301087847e-16
overture,Moron,bdpm,all,p75,0.18,0,8145,0,10328,0.0,nan,nan,-2.5180049028729923e-16
overture,catia_la_mar,bdpm,all,max,0.48,0,11382,0,16841,0.0,nan,nan,-2.7529278179578103e-16
overture,Moron,bdpm,all,p90,0.22,0,7284,0,11189,0.0,nan,nan,-2.8156438679160516e-16
overture,GLOBAL,bdpm,all,p75,0.1,0,79101,0,122946,0.0,nan,nan,-2.8358330672992637e-16
overture,caraballeda,bdpm,all,p75,0.5,0,3983,0,6962,0.0,nan,nan,-3.050813709395516e-16
overture,Moron,bdpm,all,p75,0.24,0,6622,0,11851,0.0,nan,nan,-3.097123215629798e-16
overture,caraballeda,t_test,all,max,2.0,0,3831,0,7114,0.0,nan,nan,-3.171858784787873e-16
overture,San Felipe,bdpm,all,mean,0.02,0,2080,0,4008,0.0,nan,nan,-3.249537391306709e-16
overture,Moron,bdpm,all,p75,0.26,0,6056,0,12417,0.0,nan,nan,-3.3865835425859516e-16
overture,catia_la_mar,bdpm,all,max,0.56,0,9085,0,19138,0.0,nan,nan,-3.448962512272515e-16
overture,la_guaira,bdpm,all,mean,0.22,0,5826,0,13063,0.0,nan,nan,-3.5995541902067605e-16
overture,GLOBAL,bdpm,all,mean,0.14,0,59705,0,142342,0.0,nan,nan,-3.7570928976876147e-16
overture,caraballeda,t_test,all,mean,2.0,0,3198,0,7747,0.0,nan,nan,-3.799684491720557e-16
overture,GLOBAL,bdpm,all,max,0.16,0,58712,0,143335,0.0,nan,nan,-3.8206368622502907e-16
overture,catia_la_mar,bdpm,all,p75,0.58,0,8124,0,20099,0.0,nan,nan,-3.8569453993101676e-16
overture,Caracas,bdpm,all,max,0.08,0,33305,0,86056,0.0,nan,nan,-3.978901979951459e-16
overture,GLOBAL,t_test,all,max,2.0,0,78372,0,207080,0.0,nan,nan,-4.043732236325477e-16
overture,catia_la_mar,bdpm,all,p90,0.6,0,7621,0,20602,0.0,nan,nan,-4.1115108809861964e-16
overture,la_guaira,bdpm,all,p90,0.26,0,5081,0,13808,0.0,nan,nan,-4.1273376721402453e-16
overture,caraballeda,t_test,all,max,2.1,0,2923,0,8022,0.0,nan,nan,-4.1571642163949167e-16
overture,caraballeda,bdpm,all,max,0.58,0,2883,0,8062,0.0,nan,nan,-4.2148425267160394e-16
overture,GLOBAL,bdpm,all,p75,0.18,0,51174,0,150873,0.0,nan,nan,-4.383421883308693e-16
overture,la_guaira,t_test,all,mean,1.8,0,4748,0,14141,0.0,nan,nan,-4.4168076478821794e-16
overture,caraballeda,t_test,all,p75,2.1,0,2616,0,8329,0.0,nan,nan,-4.645027142401507e-16
overture,GLOBAL,bdpm,all,max,0.24,0,42187,0,159860,0.0,nan,nan,-5.317212208889921e-16
overture,Moron,bdpm,all,p75,0.36,0,3826,0,14647,0.0,nan,nan,-5.360467834265688e-16
overture,caraballeda,bdpm,all,mean,0.62,0,1855,0,9090,0.0,nan,nan,-6.550615096777543e-16
overture,la_guaira,t_test,all,p90,2.0,0,2821,0,16068,0.0,nan,nan,-7.433889653365683e-16
overture,GLOBAL,bdpm,all,p90,0.44,0,21996,0,180051,0.0,nan,nan,-1.0198091992018509e-15
overture,caraballeda,t_test,all,max,2.6,0,1054,0,9891,0.0,nan,nan,-1.1528833970135052e-15
overture,caraballeda,t_test,all,p90,2.6,0,1022,0,9923,0.0,nan,nan,-1.1889815072918146e-15
overture,San Felipe,t_test,all,p75,2.4,0,8118,0,81324,0.0,nan,nan,-1.223214680568161e-15
overture,GLOBAL,bdpm,all,max,0.6,0,11750,0,190297,0.0,nan,nan,-1.9090828209058657e-15
overture,Moron,bdpm,all,p75,0.56,0,1030,0,17443,0.0,nan,nan,-1.991179605233062e-15
overture,San Felipe,t_test,all,p75,2.7,0,2050,0,87392,0.0,nan,nan,-4.843930135049927e-15
overture,Caracas,bdpm,all,p75,0.26,0,2199,0,117162,0.0,nan,nan,-6.026254226570428e-15
overture,la_guaira,bdpm,all,p90,0.62,0,326,0,18563,0.0,nan,nan,-6.432822917835783e-15
overture,Caracas,bdpm,all,p75,0.36,0,684,0,118677,0.0,nan,nan,-1.937387871963225e-14
overture,la_guaira,t_test,all,mean,4.4,0,0,0,18889,nan,nan,nan,nan
overture,la_guaira,t_test,all,mean,4.5,0,0,0,18889,nan,nan,nan,nan
overture,la_guaira,t_test,all,mean,4.6,0,0,0,18889,nan,nan,nan,nan
overture,la_guaira,t_test,all,mean,4.7,0,0,0,18889,nan,nan,nan,nan
overture,la_guaira,t_test,all,mean,4.8,0,0,0,18889,nan,nan,nan,nan
overture,la_guaira,t_test,all,mean,4.9,0,0,0,18889,nan,nan,nan,nan
overture,la_guaira,t_test,all,mean,5.0,0,0,0,18889,nan,nan,nan,nan
overture,la_guaira,t_test,all,mean,5.1,0,0,0,18889,nan,nan,nan,nan
overture,la_guaira,t_test,all,mean,5.2,0,0,0,18889,nan,nan,nan,nan
overture,la_guaira,t_test,all,mean,5.3,0,0,0,18889,nan,nan,nan,nan
overture,la_guaira,t_test,all,mean,5.4,0,0,0,18889,nan,nan,nan,nan
overture,la_guaira,t_test,all,mean,5.5,0,0,0,18889,nan,nan,nan,nan
overture,la_guaira,t_test,all,mean,5.6,0,0,0,18889,nan,nan,nan,nan
overture,la_guaira,t_test,all,mean,5.7,0,0,0,18889,nan,nan,nan,nan
overture,la_guaira,t_test,all,mean,5.8,0,0,0,18889,nan,nan,nan,nan
overture,la_guaira,t_test,all,mean,5.9,0,0,0,18889,nan,nan,nan,nan
overture,la_guaira,t_test,all,mean,6.0,0,0,0,18889,nan,nan,nan,nan
overture,la_guaira,t_test,all,p75,4.8,0,0,0,18889,nan,nan,nan,nan
overture,la_guaira,t_test,all,p75,4.9,0,0,0,18889,nan,nan,nan,nan
overture,la_guaira,t_test,all,p75,5.0,0,0,0,18889,nan,nan,nan,nan
overture,la_guaira,t_test,all,p75,5.1,0,0,0,18889,nan,nan,nan,nan
overture,la_guaira,t_test,all,p75,5.2,0,0,0,18889,nan,nan,nan,nan
overture,la_guaira,t_test,all,p75,5.3,0,0,0,18889,nan,nan,nan,nan
overture,la_guaira,t_test,all,p75,5.4,0,0,0,18889,nan,nan,nan,nan
overture,la_guaira,t_test,all,p75,5.5,0,0,0,18889,nan,nan,nan,nan
overture,la_guaira,t_test,all,p75,5.6,0,0,0,18889,nan,nan,nan,nan
overture,la_guaira,t_test,all,p75,5.7,0,0,0,18889,nan,nan,nan,nan
overture,la_guaira,t_test,all,p75,5.8,0,0,0,18889,nan,nan,nan,nan
overture,la_guaira,t_test,all,p75,5.9,0,0,0,18889,nan,nan,nan,nan
overture,la_guaira,t_test,all,p75,6.0,0,0,0,18889,nan,nan,nan,nan
overture,la_guaira,t_test,all,p90,5.9,0,0,0,18889,nan,nan,nan,nan
overture,la_guaira,t_test,all,p90,6.0,0,0,0,18889,nan,nan,nan,nan
overture,catia_la_mar,t_test,all,mean,5.3,0,0,0,28223,nan,nan,nan,nan
overture,catia_la_mar,t_test,all,mean,5.4,0,0,0,28223,nan,nan,nan,nan
overture,catia_la_mar,t_test,all,mean,5.5,0,0,0,28223,nan,nan,nan,nan
overture,catia_la_mar,t_test,all,mean,5.6,0,0,0,28223,nan,nan,nan,nan
overture,catia_la_mar,t_test,all,mean,5.7,0,0,0,28223,nan,nan,nan,nan
overture,catia_la_mar,t_test,all,mean,5.8,0,0,0,28223,nan,nan,nan,nan
overture,catia_la_mar,t_test,all,mean,5.9,0,0,0,28223,nan,nan,nan,nan
overture,catia_la_mar,t_test,all,mean,6.0,0,0,0,28223,nan,nan,nan,nan
overture,catia_la_mar,t_test,all,p75,5.5,0,0,0,28223,nan,nan,nan,nan
overture,catia_la_mar,t_test,all,p75,5.6,0,0,0,28223,nan,nan,nan,nan
overture,catia_la_mar,t_test,all,p75,5.7,0,0,0,28223,nan,nan,nan,nan
overture,catia_la_mar,t_test,all,p75,5.8,0,0,0,28223,nan,nan,nan,nan
overture,catia_la_mar,t_test,all,p75,5.9,0,0,0,28223,nan,nan,nan,nan
overture,catia_la_mar,t_test,all,p75,6.0,0,0,0,28223,nan,nan,nan,nan
overture,catia_la_mar,t_test,all,p90,5.6,0,0,0,28223,nan,nan,nan,nan
overture,catia_la_mar,t_test,all,p90,5.7,0,0,0,28223,nan,nan,nan,nan
overture,catia_la_mar,t_test,all,p90,5.8,0,0,0,28223,nan,nan,nan,nan
overture,catia_la_mar,t_test,all,p90,5.9,0,0,0,28223,nan,nan,nan,nan
overture,catia_la_mar,t_test,all,p90,6.0,0,0,0,28223,nan,nan,nan,nan
overture,Caracas,t_test,all,mean,5.4,0,0,0,119361,nan,nan,nan,nan
overture,Caracas,t_test,all,mean,5.5,0,0,0,119361,nan,nan,nan,nan
overture,Caracas,t_test,all,mean,5.6,0,0,0,119361,nan,nan,nan,nan
overture,Caracas,t_test,all,mean,5.7,0,0,0,119361,nan,nan,nan,nan
overture,Caracas,t_test,all,mean,5.8,0,0,0,119361,nan,nan,nan,nan
overture,Caracas,t_test,all,mean,5.9,0,0,0,119361,nan,nan,nan,nan
overture,Caracas,t_test,all,mean,6.0,0,0,0,119361,nan,nan,nan,nan
overture,Caracas,t_test,all,max,5.5,0,0,0,119361,nan,nan,nan,nan
overture,Caracas,t_test,all,max,5.6,0,0,0,119361,nan,nan,nan,nan
overture,Caracas,t_test,all,max,5.7,0,0,0,119361,nan,nan,nan,nan
overture,Caracas,t_test,all,max,5.8,0,0,0,119361,nan,nan,nan,nan
overture,Caracas,t_test,all,max,5.9,0,0,0,119361,nan,nan,nan,nan
overture,Caracas,t_test,all,max,6.0,0,0,0,119361,nan,nan,nan,nan
overture,Caracas,t_test,all,p75,5.4,0,0,0,119361,nan,nan,nan,nan
overture,Caracas,t_test,all,p75,5.5,0,0,0,119361,nan,nan,nan,nan
overture,Caracas,t_test,all,p75,5.6,0,0,0,119361,nan,nan,nan,nan
overture,Caracas,t_test,all,p75,5.7,0,0,0,119361,nan,nan,nan,nan
overture,Caracas,t_test,all,p75,5.8,0,0,0,119361,nan,nan,nan,nan
overture,Caracas,t_test,all,p75,5.9,0,0,0,119361,nan,nan,nan,nan
overture,Caracas,t_test,all,p75,6.0,0,0,0,119361,nan,nan,nan,nan
overture,Caracas,t_test,all,p90,5.5,0,0,0,119361,nan,nan,nan,nan
overture,Caracas,t_test,all,p90,5.6,0,0,0,119361,nan,nan,nan,nan
overture,Caracas,t_test,all,p90,5.7,0,0,0,119361,nan,nan,nan,nan
overture,Caracas,t_test,all,p90,5.8,0,0,0,119361,nan,nan,nan,nan
overture,Caracas,t_test,all,p90,5.9,0,0,0,119361,nan,nan,nan,nan
overture,Caracas,t_test,all,p90,6.0,0,0,0,119361,nan,nan,nan,nan
overture,Moron,t_test,all,mean,4.0,0,0,0,18473,nan,nan,nan,nan
overture,Moron,t_test,all,mean,4.1,0,0,0,18473,nan,nan,nan,nan
overture,Moron,t_test,all,mean,4.2,0,0,0,18473,nan,nan,nan,nan
overture,Moron,t_test,all,mean,4.3,0,0,0,18473,nan,nan,nan,nan
overture,Moron,t_test,all,mean,4.4,0,0,0,18473,nan,nan,nan,nan
overture,Moron,t_test,all,mean,4.5,0,0,0,18473,nan,nan,nan,nan
overture,Moron,t_test,all,mean,4.6,0,0,0,18473,nan,nan,nan,nan
overture,Moron,t_test,all,mean,4.7,0,0,0,18473,nan,nan,nan,nan
overture,Moron,t_test,all,mean,4.8,0,0,0,18473,nan,nan,nan,nan
overture,Moron,t_test,all,mean,4.9,0,0,0,18473,nan,nan,nan,nan
overture,Moron,t_test,all,mean,5.0,0,0,0,18473,nan,nan,nan,nan
overture,Moron,t_test,all,mean,5.1,0,0,0,18473,nan,nan,nan,nan
overture,Moron,t_test,all,mean,5.2,0,0,0,18473,nan,nan,nan,nan
overture,Moron,t_test,all,mean,5.3,0,0,0,18473,nan,nan,nan,nan
overture,Moron,t_test,all,mean,5.4,0,0,0,18473,nan,nan,nan,nan
overture,Moron,t_test,all,mean,5.5,0,0,0,18473,nan,nan,nan,nan
overture,Moron,t_test,all,mean,5.6,0,0,0,18473,nan,nan,nan,nan
overture,Moron,t_test,all,mean,5.7,0,0,0,18473,nan,nan,nan,nan
overture,Moron,t_test,all,mean,5.8,0,0,0,18473,nan,nan,nan,nan
overture,Moron,t_test,all,mean,5.9,0,0,0,18473,nan,nan,nan,nan
overture,Moron,t_test,all,mean,6.0,0,0,0,18473,nan,nan,nan,nan
overture,Moron,t_test,all,max,4.3,0,0,0,18473,nan,nan,nan,nan
overture,Moron,t_test,all,max,4.4,0,0,0,18473,nan,nan,nan,nan
overture,Moron,t_test,all,max,4.5,0,0,0,18473,nan,nan,nan,nan
overture,Moron,t_test,all,max,4.6,0,0,0,18473,nan,nan,nan,nan
overture,Moron,t_test,all,max,4.7,0,0,0,18473,nan,nan,nan,nan
overture,Moron,t_test,all,max,4.8,0,0,0,18473,nan,nan,nan,nan
overture,Moron,t_test,all,max,4.9,0,0,0,18473,nan,nan,nan,nan
overture,Moron,t_test,all,max,5.0,0,0,0,18473,nan,nan,nan,nan
overture,Moron,t_test,all,max,5.1,0,0,0,18473,nan,nan,nan,nan
overture,Moron,t_test,all,max,5.2,0,0,0,18473,nan,nan,nan,nan
overture,Moron,t_test,all,max,5.3,0,0,0,18473,nan,nan,nan,nan
overture,Moron,t_test,all,max,5.4,0,0,0,18473,nan,nan,nan,nan
overture,Moron,t_test,all,max,5.5,0,0,0,18473,nan,nan,nan,nan
overture,Moron,t_test,all,max,5.6,0,0,0,18473,nan,nan,nan,nan
overture,Moron,t_test,all,max,5.7,0,0,0,18473,nan,nan,nan,nan
overture,Moron,t_test,all,max,5.8,0,0,0,18473,nan,nan,nan,nan
overture,Moron,t_test,all,max,5.9,0,0,0,18473,nan,nan,nan,nan
overture,Moron,t_test,all,max,6.0,0,0,0,18473,nan,nan,nan,nan
overture,Moron,t_test,all,p75,4.1,0,0,0,18473,nan,nan,nan,nan
overture,Moron,t_test,all,p75,4.2,0,0,0,18473,nan,nan,nan,nan
overture,Moron,t_test,all,p75,4.3,0,0,0,18473,nan,nan,nan,nan
overture,Moron,t_test,all,p75,4.4,0,0,0,18473,nan,nan,nan,nan
overture,Moron,t_test,all,p75,4.5,0,0,0,18473,nan,nan,nan,nan
overture,Moron,t_test,all,p75,4.6,0,0,0,18473,nan,nan,nan,nan
overture,Moron,t_test,all,p75,4.7,0,0,0,18473,nan,nan,nan,nan
overture,Moron,t_test,all,p75,4.8,0,0,0,18473,nan,nan,nan,nan
overture,Moron,t_test,all,p75,4.9,0,0,0,18473,nan,nan,nan,nan
overture,Moron,t_test,all,p75,5.0,0,0,0,18473,nan,nan,nan,nan
overture,Moron,t_test,all,p75,5.1,0,0,0,18473,nan,nan,nan,nan
overture,Moron,t_test,all,p75,5.2,0,0,0,18473,nan,nan,nan,nan
overture,Moron,t_test,all,p75,5.3,0,0,0,18473,nan,nan,nan,nan
overture,Moron,t_test,all,p75,5.4,0,0,0,18473,nan,nan,nan,nan
overture,Moron,t_test,all,p75,5.5,0,0,0,18473,nan,nan,nan,nan
overture,Moron,t_test,all,p75,5.6,0,0,0,18473,nan,nan,nan,nan
overture,Moron,t_test,all,p75,5.7,0,0,0,18473,nan,nan,nan,nan
overture,Moron,t_test,all,p75,5.8,0,0,0,18473,nan,nan,nan,nan
overture,Moron,t_test,all,p75,5.9,0,0,0,18473,nan,nan,nan,nan
overture,Moron,t_test,all,p75,6.0,0,0,0,18473,nan,nan,nan,nan
overture,Moron,t_test,all,p90,4.2,0,0,0,18473,nan,nan,nan,nan
overture,Moron,t_test,all,p90,4.3,0,0,0,18473,nan,nan,nan,nan
overture,Moron,t_test,all,p90,4.4,0,0,0,18473,nan,nan,nan,nan
overture,Moron,t_test,all,p90,4.5,0,0,0,18473,nan,nan,nan,nan
overture,Moron,t_test,all,p90,4.6,0,0,0,18473,nan,nan,nan,nan
overture,Moron,t_test,all,p90,4.7,0,0,0,18473,nan,nan,nan,nan
overture,Moron,t_test,all,p90,4.8,0,0,0,18473,nan,nan,nan,nan
overture,Moron,t_test,all,p90,4.9,0,0,0,18473,nan,nan,nan,nan
overture,Moron,t_test,all,p90,5.0,0,0,0,18473,nan,nan,nan,nan
overture,Moron,t_test,all,p90,5.1,0,0,0,18473,nan,nan,nan,nan
overture,Moron,t_test,all,p90,5.2,0,0,0,18473,nan,nan,nan,nan
overture,Moron,t_test,all,p90,5.3,0,0,0,18473,nan,nan,nan,nan
overture,Moron,t_test,all,p90,5.4,0,0,0,18473,nan,nan,nan,nan
overture,Moron,t_test,all,p90,5.5,0,0,0,18473,nan,nan,nan,nan
overture,Moron,t_test,all,p90,5.6,0,0,0,18473,nan,nan,nan,nan
overture,Moron,t_test,all,p90,5.7,0,0,0,18473,nan,nan,nan,nan
overture,Moron,t_test,all,p90,5.8,0,0,0,18473,nan,nan,nan,nan
overture,Moron,t_test,all,p90,5.9,0,0,0,18473,nan,nan,nan,nan
overture,Moron,t_test,all,p90,6.0,0,0,0,18473,nan,nan,nan,nan
overture,San Felipe,t_test,all,mean,4.3,0,0,0,89442,nan,nan,nan,nan
overture,San Felipe,t_test,all,mean,4.4,0,0,0,89442,nan,nan,nan,nan
overture,San Felipe,t_test,all,mean,4.5,0,0,0,89442,nan,nan,nan,nan
overture,San Felipe,t_test,all,mean,4.6,0,0,0,89442,nan,nan,nan,nan
overture,San Felipe,t_test,all,mean,4.7,0,0,0,89442,nan,nan,nan,nan
overture,San Felipe,t_test,all,mean,4.8,0,0,0,89442,nan,nan,nan,nan
overture,San Felipe,t_test,all,mean,4.9,0,0,0,89442,nan,nan,nan,nan
overture,San Felipe,t_test,all,mean,5.0,0,0,0,89442,nan,nan,nan,nan
overture,San Felipe,t_test,all,mean,5.1,0,0,0,89442,nan,nan,nan,nan
overture,San Felipe,t_test,all,mean,5.2,0,0,0,89442,nan,nan,nan,nan
overture,San Felipe,t_test,all,mean,5.3,0,0,0,89442,nan,nan,nan,nan
overture,San Felipe,t_test,all,mean,5.4,0,0,0,89442,nan,nan,nan,nan
overture,San Felipe,t_test,all,mean,5.5,0,0,0,89442,nan,nan,nan,nan
overture,San Felipe,t_test,all,mean,5.6,0,0,0,89442,nan,nan,nan,nan
overture,San Felipe,t_test,all,mean,5.7,0,0,0,89442,nan,nan,nan,nan
overture,San Felipe,t_test,all,mean,5.8,0,0,0,89442,nan,nan,nan,nan
overture,San Felipe,t_test,all,mean,5.9,0,0,0,89442,nan,nan,nan,nan
overture,San Felipe,t_test,all,mean,6.0,0,0,0,89442,nan,nan,nan,nan
overture,San Felipe,t_test,all,max,4.3,0,0,0,89442,nan,nan,nan,nan
overture,San Felipe,t_test,all,max,4.4,0,0,0,89442,nan,nan,nan,nan
overture,San Felipe,t_test,all,max,4.5,0,0,0,89442,nan,nan,nan,nan
overture,San Felipe,t_test,all,max,4.6,0,0,0,89442,nan,nan,nan,nan
overture,San Felipe,t_test,all,max,4.7,0,0,0,89442,nan,nan,nan,nan
overture,San Felipe,t_test,all,max,4.8,0,0,0,89442,nan,nan,nan,nan
overture,San Felipe,t_test,all,max,4.9,0,0,0,89442,nan,nan,nan,nan
overture,San Felipe,t_test,all,max,5.0,0,0,0,89442,nan,nan,nan,nan
overture,San Felipe,t_test,all,max,5.1,0,0,0,89442,nan,nan,nan,nan
overture,San Felipe,t_test,all,max,5.2,0,0,0,89442,nan,nan,nan,nan
overture,San Felipe,t_test,all,max,5.3,0,0,0,89442,nan,nan,nan,nan
overture,San Felipe,t_test,all,max,5.4,0,0,0,89442,nan,nan,nan,nan
overture,San Felipe,t_test,all,max,5.5,0,0,0,89442,nan,nan,nan,nan
overture,San Felipe,t_test,all,max,5.6,0,0,0,89442,nan,nan,nan,nan
overture,San Felipe,t_test,all,max,5.7,0,0,0,89442,nan,nan,nan,nan
overture,San Felipe,t_test,all,max,5.8,0,0,0,89442,nan,nan,nan,nan
overture,San Felipe,t_test,all,max,5.9,0,0,0,89442,nan,nan,nan,nan
overture,San Felipe,t_test,all,max,6.0,0,0,0,89442,nan,nan,nan,nan
overture,San Felipe,t_test,all,p75,4.3,0,0,0,89442,nan,nan,nan,nan
overture,San Felipe,t_test,all,p75,4.4,0,0,0,89442,nan,nan,nan,nan
overture,San Felipe,t_test,all,p75,4.5,0,0,0,89442,nan,nan,nan,nan
overture,San Felipe,t_test,all,p75,4.6,0,0,0,89442,nan,nan,nan,nan
overture,San Felipe,t_test,all,p75,4.7,0,0,0,89442,nan,nan,nan,nan
overture,San Felipe,t_test,all,p75,4.8,0,0,0,89442,nan,nan,nan,nan
overture,San Felipe,t_test,all,p75,4.9,0,0,0,89442,nan,nan,nan,nan
overture,San Felipe,t_test,all,p75,5.0,0,0,0,89442,nan,nan,nan,nan
overture,San Felipe,t_test,all,p75,5.1,0,0,0,89442,nan,nan,nan,nan
overture,San Felipe,t_test,all,p75,5.2,0,0,0,89442,nan,nan,nan,nan
overture,San Felipe,t_test,all,p75,5.3,0,0,0,89442,nan,nan,nan,nan
overture,San Felipe,t_test,all,p75,5.4,0,0,0,89442,nan,nan,nan,nan
overture,San Felipe,t_test,all,p75,5.5,0,0,0,89442,nan,nan,nan,nan
overture,San Felipe,t_test,all,p75,5.6,0,0,0,89442,nan,nan,nan,nan
overture,San Felipe,t_test,all,p75,5.7,0,0,0,89442,nan,nan,nan,nan
overture,San Felipe,t_test,all,p75,5.8,0,0,0,89442,nan,nan,nan,nan
overture,San Felipe,t_test,all,p75,5.9,0,0,0,89442,nan,nan,nan,nan
overture,San Felipe,t_test,all,p75,6.0,0,0,0,89442,nan,nan,nan,nan
overture,San Felipe,t_test,all,p90,4.3,0,0,0,89442,nan,nan,nan,nan
overture,San Felipe,t_test,all,p90,4.4,0,0,0,89442,nan,nan,nan,nan
overture,San Felipe,t_test,all,p90,4.5,0,0,0,89442,nan,nan,nan,nan
overture,San Felipe,t_test,all,p90,4.6,0,0,0,89442,nan,nan,nan,nan
overture,San Felipe,t_test,all,p90,4.7,0,0,0,89442,nan,nan,nan,nan
overture,San Felipe,t_test,all,p90,4.8,0,0,0,89442,nan,nan,nan,nan
overture,San Felipe,t_test,all,p90,4.9,0,0,0,89442,nan,nan,nan,nan
overture,San Felipe,t_test,all,p90,5.0,0,0,0,89442,nan,nan,nan,nan
overture,San Felipe,t_test,all,p90,5.1,0,0,0,89442,nan,nan,nan,nan
overture,San Felipe,t_test,all,p90,5.2,0,0,0,89442,nan,nan,nan,nan
overture,San Felipe,t_test,all,p90,5.3,0,0,0,89442,nan,nan,nan,nan
overture,San Felipe,t_test,all,p90,5.4,0,0,0,89442,nan,nan,nan,nan
overture,San Felipe,t_test,all,p90,5.5,0,0,0,89442,nan,nan,nan,nan
overture,San Felipe,t_test,all,p90,5.6,0,0,0,89442,nan,nan,nan,nan
overture,San Felipe,t_test,all,p90,5.7,0,0,0,89442,nan,nan,nan,nan
overture,San Felipe,t_test,all,p90,5.8,0,0,0,89442,nan,nan,nan,nan
overture,San Felipe,t_test,all,p90,5.9,0,0,0,89442,nan,nan,nan,nan
overture,San Felipe,t_test,all,p90,6.0,0,0,0,89442,nan,nan,nan,nan
overture,GLOBAL,bdpm,all,mean,0.9,0,0,0,202047,nan,nan,nan,nan
overture,GLOBAL,bdpm,all,max,0.9,0,0,0,202047,nan,nan,nan,nan
overture,GLOBAL,bdpm,all,p75,0.9,0,0,0,202047,nan,nan,nan,nan
overture,GLOBAL,bdpm,all,p90,0.9,0,0,0,202047,nan,nan,nan,nan
overture,la_guaira,bdpm,all,mean,0.88,0,0,0,18889,nan,nan,nan,nan
overture,la_guaira,bdpm,all,mean,0.9,0,0,0,18889,nan,nan,nan,nan
overture,la_guaira,bdpm,all,max,0.88,0,0,0,18889,nan,nan,nan,nan
overture,la_guaira,bdpm,all,max,0.9,0,0,0,18889,nan,nan,nan,nan
overture,la_guaira,bdpm,all,p75,0.88,0,0,0,18889,nan,nan,nan,nan
overture,la_guaira,bdpm,all,p75,0.9,0,0,0,18889,nan,nan,nan,nan
overture,la_guaira,bdpm,all,p90,0.88,0,0,0,18889,nan,nan,nan,nan
overture,la_guaira,bdpm,all,p90,0.9,0,0,0,18889,nan,nan,nan,nan
overture,catia_la_mar,bdpm,all,mean,0.9,0,0,0,28223,nan,nan,nan,nan
overture,catia_la_mar,bdpm,all,max,0.9,0,0,0,28223,nan,nan,nan,nan
overture,catia_la_mar,bdpm,all,p75,0.9,0,0,0,28223,nan,nan,nan,nan
overture,catia_la_mar,bdpm,all,p90,0.9,0,0,0,28223,nan,nan,nan,nan
overture,caraballeda,bdpm,all,mean,0.88,0,0,0,10945,nan,nan,nan,nan
overture,caraballeda,bdpm,all,mean,0.9,0,0,0,10945,nan,nan,nan,nan
overture,caraballeda,bdpm,all,max,0.88,0,0,0,10945,nan,nan,nan,nan
overture,caraballeda,bdpm,all,max,0.9,0,0,0,10945,nan,nan,nan,nan
overture,caraballeda,bdpm,all,p75,0.88,0,0,0,10945,nan,nan,nan,nan
overture,caraballeda,bdpm,all,p75,0.9,0,0,0,10945,nan,nan,nan,nan
overture,caraballeda,bdpm,all,p90,0.88,0,0,0,10945,nan,nan,nan,nan
overture,caraballeda,bdpm,all,p90,0.9,0,0,0,10945,nan,nan,nan,nan
overture,Caracas,bdpm,all,mean,0.78,0,0,0,119361,nan,nan,nan,nan
overture,Caracas,bdpm,all,mean,0.8,0,0,0,119361,nan,nan,nan,nan
overture,Caracas,bdpm,all,mean,0.82,0,0,0,119361,nan,nan,nan,nan
overture,Caracas,bdpm,all,mean,0.84,0,0,0,119361,nan,nan,nan,nan
overture,Caracas,bdpm,all,mean,0.86,0,0,0,119361,nan,nan,nan,nan
overture,Caracas,bdpm,all,mean,0.88,0,0,0,119361,nan,nan,nan,nan
overture,Caracas,bdpm,all,mean,0.9,0,0,0,119361,nan,nan,nan,nan
overture,Caracas,bdpm,all,max,0.78,0,0,0,119361,nan,nan,nan,nan
overture,Caracas,bdpm,all,max,0.8,0,0,0,119361,nan,nan,nan,nan
overture,Caracas,bdpm,all,max,0.82,0,0,0,119361,nan,nan,nan,nan
overture,Caracas,bdpm,all,max,0.84,0,0,0,119361,nan,nan,nan,nan
overture,Caracas,bdpm,all,max,0.86,0,0,0,119361,nan,nan,nan,nan
overture,Caracas,bdpm,all,max,0.88,0,0,0,119361,nan,nan,nan,nan
overture,Caracas,bdpm,all,max,0.9,0,0,0,119361,nan,nan,nan,nan
overture,Caracas,bdpm,all,p75,0.78,0,0,0,119361,nan,nan,nan,nan
overture,Caracas,bdpm,all,p75,0.8,0,0,0,119361,nan,nan,nan,nan
overture,Caracas,bdpm,all,p75,0.82,0,0,0,119361,nan,nan,nan,nan
overture,Caracas,bdpm,all,p75,0.84,0,0,0,119361,nan,nan,nan,nan
overture,Caracas,bdpm,all,p75,0.86,0,0,0,119361,nan,nan,nan,nan
overture,Caracas,bdpm,all,p75,0.88,0,0,0,119361,nan,nan,nan,nan
overture,Caracas,bdpm,all,p75,0.9,0,0,0,119361,nan,nan,nan,nan
overture,Caracas,bdpm,all,p90,0.78,0,0,0,119361,nan,nan,nan,nan
overture,Caracas,bdpm,all,p90,0.8,0,0,0,119361,nan,nan,nan,nan
overture,Caracas,bdpm,all,p90,0.82,0,0,0,119361,nan,nan,nan,nan
overture,Caracas,bdpm,all,p90,0.84,0,0,0,119361,nan,nan,nan,nan
overture,Caracas,bdpm,all,p90,0.86,0,0,0,119361,nan,nan,nan,nan
overture,Caracas,bdpm,all,p90,0.88,0,0,0,119361,nan,nan,nan,nan
overture,Caracas,bdpm,all,p90,0.9,0,0,0,119361,nan,nan,nan,nan
overture,Moron,bdpm,all,mean,0.88,0,0,0,18473,nan,nan,nan,nan
overture,Moron,bdpm,all,mean,0.9,0,0,0,18473,nan,nan,nan,nan
overture,Moron,bdpm,all,max,0.88,0,0,0,18473,nan,nan,nan,nan
overture,Moron,bdpm,all,max,0.9,0,0,0,18473,nan,nan,nan,nan
overture,Moron,bdpm,all,p75,0.88,0,0,0,18473,nan,nan,nan,nan
overture,Moron,bdpm,all,p75,0.9,0,0,0,18473,nan,nan,nan,nan
overture,Moron,bdpm,all,p90,0.88,0,0,0,18473,nan,nan,nan,nan
overture,Moron,bdpm,all,p90,0.9,0,0,0,18473,nan,nan,nan,nan
overture,San Felipe,bdpm,all,mean,0.48,0,0,0,6088,nan,nan,nan,nan
overture,San Felipe,bdpm,all,mean,0.5,0,0,0,6088,nan,nan,nan,nan
overture,San Felipe,bdpm,all,mean,0.52,0,0,0,6088,nan,nan,nan,nan
overture,San Felipe,bdpm,all,mean,0.54,0,0,0,6088,nan,nan,nan,nan
overture,San Felipe,bdpm,all,mean,0.56,0,0,0,6088,nan,nan,nan,nan
overture,San Felipe,bdpm,all,mean,0.58,0,0,0,6088,nan,nan,nan,nan
overture,San Felipe,bdpm,all,mean,0.6,0,0,0,6088,nan,nan,nan,nan
overture,San Felipe,bdpm,all,mean,0.62,0,0,0,6088,nan,nan,nan,nan
overture,San Felipe,bdpm,all,mean,0.64,0,0,0,6088,nan,nan,nan,nan
overture,San Felipe,bdpm,all,mean,0.66,0,0,0,6088,nan,nan,nan,nan
overture,San Felipe,bdpm,all,mean,0.68,0,0,0,6088,nan,nan,nan,nan
overture,San Felipe,bdpm,all,mean,0.7,0,0,0,6088,nan,nan,nan,nan
overture,San Felipe,bdpm,all,mean,0.72,0,0,0,6088,nan,nan,nan,nan
overture,San Felipe,bdpm,all,mean,0.74,0,0,0,6088,nan,nan,nan,nan
overture,San Felipe,bdpm,all,mean,0.76,0,0,0,6088,nan,nan,nan,nan
overture,San Felipe,bdpm,all,mean,0.78,0,0,0,6088,nan,nan,nan,nan
overture,San Felipe,bdpm,all,mean,0.8,0,0,0,6088,nan,nan,nan,nan
overture,San Felipe,bdpm,all,mean,0.82,0,0,0,6088,nan,nan,nan,nan
overture,San Felipe,bdpm,all,mean,0.84,0,0,0,6088,nan,nan,nan,nan
overture,San Felipe,bdpm,all,mean,0.86,0,0,0,6088,nan,nan,nan,nan
overture,San Felipe,bdpm,all,mean,0.88,0,0,0,6088,nan,nan,nan,nan
overture,San Felipe,bdpm,all,mean,0.9,0,0,0,6088,nan,nan,nan,nan
overture,San Felipe,bdpm,all,max,0.5,0,0,0,6088,nan,nan,nan,nan
overture,San Felipe,bdpm,all,max,0.52,0,0,0,6088,nan,nan,nan,nan
overture,San Felipe,bdpm,all,max,0.54,0,0,0,6088,nan,nan,nan,nan
overture,San Felipe,bdpm,all,max,0.56,0,0,0,6088,nan,nan,nan,nan
overture,San Felipe,bdpm,all,max,0.58,0,0,0,6088,nan,nan,nan,nan
overture,San Felipe,bdpm,all,max,0.6,0,0,0,6088,nan,nan,nan,nan
overture,San Felipe,bdpm,all,max,0.62,0,0,0,6088,nan,nan,nan,nan
overture,San Felipe,bdpm,all,max,0.64,0,0,0,6088,nan,nan,nan,nan
overture,San Felipe,bdpm,all,max,0.66,0,0,0,6088,nan,nan,nan,nan
overture,San Felipe,bdpm,all,max,0.68,0,0,0,6088,nan,nan,nan,nan
overture,San Felipe,bdpm,all,max,0.7,0,0,0,6088,nan,nan,nan,nan
overture,San Felipe,bdpm,all,max,0.72,0,0,0,6088,nan,nan,nan,nan
overture,San Felipe,bdpm,all,max,0.74,0,0,0,6088,nan,nan,nan,nan
overture,San Felipe,bdpm,all,max,0.76,0,0,0,6088,nan,nan,nan,nan
overture,San Felipe,bdpm,all,max,0.78,0,0,0,6088,nan,nan,nan,nan
overture,San Felipe,bdpm,all,max,0.8,0,0,0,6088,nan,nan,nan,nan
overture,San Felipe,bdpm,all,max,0.82,0,0,0,6088,nan,nan,nan,nan
overture,San Felipe,bdpm,all,max,0.84,0,0,0,6088,nan,nan,nan,nan
overture,San Felipe,bdpm,all,max,0.86,0,0,0,6088,nan,nan,nan,nan
overture,San Felipe,bdpm,all,max,0.88,0,0,0,6088,nan,nan,nan,nan
overture,San Felipe,bdpm,all,max,0.9,0,0,0,6088,nan,nan,nan,nan
overture,San Felipe,bdpm,all,p75,0.48,0,0,0,6088,nan,nan,nan,nan
overture,San Felipe,bdpm,all,p75,0.5,0,0,0,6088,nan,nan,nan,nan
overture,San Felipe,bdpm,all,p75,0.52,0,0,0,6088,nan,nan,nan,nan
overture,San Felipe,bdpm,all,p75,0.54,0,0,0,6088,nan,nan,nan,nan
overture,San Felipe,bdpm,all,p75,0.56,0,0,0,6088,nan,nan,nan,nan
overture,San Felipe,bdpm,all,p75,0.58,0,0,0,6088,nan,nan,nan,nan
overture,San Felipe,bdpm,all,p75,0.6,0,0,0,6088,nan,nan,nan,nan
overture,San Felipe,bdpm,all,p75,0.62,0,0,0,6088,nan,nan,nan,nan
overture,San Felipe,bdpm,all,p75,0.64,0,0,0,6088,nan,nan,nan,nan
overture,San Felipe,bdpm,all,p75,0.66,0,0,0,6088,nan,nan,nan,nan
overture,San Felipe,bdpm,all,p75,0.68,0,0,0,6088,nan,nan,nan,nan
overture,San Felipe,bdpm,all,p75,0.7,0,0,0,6088,nan,nan,nan,nan
overture,San Felipe,bdpm,all,p75,0.72,0,0,0,6088,nan,nan,nan,nan
overture,San Felipe,bdpm,all,p75,0.74,0,0,0,6088,nan,nan,nan,nan
overture,San Felipe,bdpm,all,p75,0.76,0,0,0,6088,nan,nan,nan,nan
overture,San Felipe,bdpm,all,p75,0.78,0,0,0,6088,nan,nan,nan,nan
overture,San Felipe,bdpm,all,p75,0.8,0,0,0,6088,nan,nan,nan,nan
overture,San Felipe,bdpm,all,p75,0.82,0,0,0,6088,nan,nan,nan,nan
overture,San Felipe,bdpm,all,p75,0.84,0,0,0,6088,nan,nan,nan,nan
overture,San Felipe,bdpm,all,p75,0.86,0,0,0,6088,nan,nan,nan,nan
overture,San Felipe,bdpm,all,p75,0.88,0,0,0,6088,nan,nan,nan,nan
overture,San Felipe,bdpm,all,p75,0.9,0,0,0,6088,nan,nan,nan,nan
overture,San Felipe,bdpm,all,p90,0.48,0,0,0,6088,nan,nan,nan,nan
overture,San Felipe,bdpm,all,p90,0.5,0,0,0,6088,nan,nan,nan,nan
overture,San Felipe,bdpm,all,p90,0.52,0,0,0,6088,nan,nan,nan,nan
overture,San Felipe,bdpm,all,p90,0.54,0,0,0,6088,nan,nan,nan,nan
overture,San Felipe,bdpm,all,p90,0.56,0,0,0,6088,nan,nan,nan,nan
overture,San Felipe,bdpm,all,p90,0.58,0,0,0,6088,nan,nan,nan,nan
overture,San Felipe,bdpm,all,p90,0.6,0,0,0,6088,nan,nan,nan,nan
overture,San Felipe,bdpm,all,p90,0.62,0,0,0,6088,nan,nan,nan,nan
overture,San Felipe,bdpm,all,p90,0.64,0,0,0,6088,nan,nan,nan,nan
overture,San Felipe,bdpm,all,p90,0.66,0,0,0,6088,nan,nan,nan,nan
overture,San Felipe,bdpm,all,p90,0.68,0,0,0,6088,nan,nan,nan,nan
overture,San Felipe,bdpm,all,p90,0.7,0,0,0,6088,nan,nan,nan,nan
overture,San Felipe,bdpm,all,p90,0.72,0,0,0,6088,nan,nan,nan,nan
overture,San Felipe,bdpm,all,p90,0.74,0,0,0,6088,nan,nan,nan,nan
overture,San Felipe,bdpm,all,p90,0.76,0,0,0,6088,nan,nan,nan,nan
overture,San Felipe,bdpm,all,p90,0.78,0,0,0,6088,nan,nan,nan,nan
overture,San Felipe,bdpm,all,p90,0.8,0,0,0,6088,nan,nan,nan,nan
overture,San Felipe,bdpm,all,p90,0.82,0,0,0,6088,nan,nan,nan,nan
overture,San Felipe,bdpm,all,p90,0.84,0,0,0,6088,nan,nan,nan,nan
overture,San Felipe,bdpm,all,p90,0.86,0,0,0,6088,nan,nan,nan,nan
overture,San Felipe,bdpm,all,p90,0.88,0,0,0,6088,nan,nan,nan,nan
overture,San Felipe,bdpm,all,p90,0.9,0,0,0,6088,nan,nan,nan,nan
