raster,agg,low,high,kappa,accord,n_no_damage_pred,n_damaged_pred,n_destroyed_pred
t_test,max,3.5,3.6,0.20834068999611635,0.9671558350803634,8384,14,188
t_test,max,3.7,3.8,0.20606822417753892,0.970184020498486,8419,16,151
t_test,max,4.1,4.2,0.2043596065125594,0.9761239226648032,8486,8,92
t_test,max,3.6,3.8,0.20405487590576044,0.9682040531097135,8398,37,151
t_test,p90,3.5,3.6,0.20145225310794485,0.9682040531097135,8399,25,162
t_test,p90,3.7,3.8,0.20085629188384319,0.9716981132075472,8438,14,134
t_test,p75,3.7,3.8,0.1985454586957383,0.9733286745865363,8457,14,115
t_test,p90,3.6,3.8,0.19753421263476076,0.9703004891684137,8424,28,134
t_test,p90,3.9,4.0,0.1961670913364813,0.9741439552760307,8467,22,97
t_test,max,3.5,3.8,0.1953652017887444,0.9665734917307245,8384,51,151
t_test,p90,3.4,3.6,0.19511449344295978,0.9652923363615188,8370,54,162
t_test,max,3.4,3.6,0.19487379854653591,0.9636617749825297,8352,46,188
t_test,max,3.9,4.0,0.1946892401546384,0.9722804565571861,8447,26,113
t_test,p90,4.1,4.2,0.19379221886484765,0.9767062660144421,8496,14,76
t_test,max,4.0,4.2,0.19370036680372202,0.9746098299557419,8473,21,92
t_test,max,3.3,3.4,0.1930997239001839,0.9600512462147682,8313,39,234
t_test,mean,3.9,4.0,0.19280383301923085,0.9774050780340089,8504,13,69
t_test,p90,3.3,3.4,0.19265198729373278,0.9620312136035406,8335,35,216
t_test,p90,3.8,4.0,0.19202367094218886,0.9726298625669695,8452,37,97
t_test,mean,3.5,3.6,0.19193285855112927,0.9727463312368972,8453,13,120
t_test,p90,4.0,4.2,0.19191142036719566,0.9760074539948754,8489,21,76
t_test,max,3.7,4.0,0.19177094070607925,0.9696016771488469,8419,54,113
t_test,p75,3.6,3.8,0.19123609924359533,0.9721639878872583,8447,24,115
t_test,max,3.6,4.0,0.1906155255216861,0.9676217097600746,8398,75,113
t_test,p90,3.5,3.8,0.1905935059538465,0.9677381784300023,8399,53,134
t_test,max,4.1,4.4,0.19015170490316502,0.975658047985092,8486,41,59
t_test,max,3.1,3.2,0.18973184074820224,0.9495690659212672,8200,55,331
t_test,max,3.8,4.0,0.1896555253085519,0.9709993011879804,8435,38,113
t_test,max,3.3,3.6,0.18950820856297632,0.9598183088749126,8313,85,188
t_test,p75,3.9,4.0,0.18916715190200298,0.9761239226648032,8491,8,87
t_test,p90,3.7,4.0,0.18895451894486298,0.971232238527836,8438,51,97
t_test,max,4.2,4.4,0.18880231664652392,0.9763568600046587,8494,33,59
t_test,p75,3.8,4.0,0.18866590158495197,0.9742604239459586,8471,28,87
t_test,max,3.9,4.2,0.18865381594225195,0.9720475192173306,8447,47,92
t_test,p75,3.5,3.6,0.1885804178369463,0.9700675518285581,8425,22,139
t_test,max,3.7,4.2,0.18624941485453103,0.9693687398089914,8419,75,92
t_test,p75,3.5,3.8,0.18620598446024353,0.9699510831586303,8425,46,115
t_test,p90,3.6,4.0,0.18614952142997593,0.9698346144887026,8424,65,97
t_test,max,3.6,4.2,0.18542487624223444,0.9673887724202189,8398,96,92
t_test,p90,3.4,3.8,0.18509304433418508,0.9648264616818076,8370,82,134
t_test,mean,3.8,4.0,0.1843925099171965,0.976240391334731,8494,23,69
t_test,max,3.2,3.4,0.18434318956496357,0.9542278127183788,8255,97,234
t_test,mean,3.4,3.6,0.18422553827826757,0.9709993011879804,8437,29,120
t_test,p90,3.3,3.6,0.18413101449909647,0.9615653389238294,8335,89,162
t_test,max,3.8,4.2,0.18385483117830337,0.9707663638481249,8435,59,92
t_test,p90,3.2,3.4,0.18357521750713326,0.9571395294665735,8287,83,216
t_test,p75,3.3,3.4,0.18309581414627285,0.9647099930118798,8369,31,186
t_test,max,3.4,3.8,0.18296148626357892,0.9630794316328908,8352,83,151
t_test,p90,3.9,4.2,0.18247278435654882,0.9736780805963196,8467,43,76
t_test,max,3.5,4.0,0.1824529034669042,0.9659911483810855,8384,89,113
t_test,p75,3.7,4.0,0.18206400269670078,0.9727463312368972,8457,42,87
t_test,mean,3.3,3.4,0.1813352602328288,0.9687863964593524,8414,23,149
t_test,max,3.2,3.6,0.18118468160803716,0.9539948753785232,8255,143,188
t_test,mean,3.6,3.8,0.1811513159829533,0.9735616119263918,8466,28,92
t_test,mean,3.7,3.8,0.18109335719384026,0.9749592359655253,8481,13,92
t_test,max,4.0,4.4,0.18017618909575123,0.9741439552760307,8473,54,59
t_test,p90,3.5,4.0,0.18003076414855204,0.9672723037502912,8399,90,97
t_test,p90,3.1,3.2,0.17968365734365854,0.9528301886792453,8242,45,299
t_test,p75,3.1,3.2,0.17948291852587278,0.9553924994176567,8270,53,263
t_test,mean,3.5,3.8,0.17912737483354213,0.9722804565571861,8453,41,92
t_test,p90,3.8,4.2,0.17902339961784788,0.9721639878872583,8452,58,76
t_test,p90,4.1,4.4,0.178802718345552,0.976240391334731,8496,41,49
t_test,max,3.3,3.8,0.1786682788466419,0.9592359655252737,8313,122,151
t_test,mean,3.6,4.0,0.1784094128312155,0.973445143256464,8466,51,69
t_test,mean,3.7,4.0,0.17819844730405157,0.9748427672955975,8481,36,69
t_test,max,3.5,4.2,0.1774672229542935,0.9657582110412299,8384,110,92
t_test,p90,4.0,4.4,0.17732654167435208,0.9755415793151643,8489,48,49
t_test,p90,3.7,4.2,0.17654102954628675,0.9707663638481249,8438,72,76
t_test,mean,3.5,4.0,0.17650764960921464,0.9721639878872583,8453,64,69
t_test,p75,3.4,3.6,0.17639837933180214,0.9672723037502912,8400,47,139
t_test,max,3.9,4.4,0.1762979598769518,0.9715816445376194,8447,80,59
t_test,p90,3.2,3.6,0.17595431772381157,0.9566736547868623,8287,137,162
t_test,max,4.3,4.4,0.1756575581833306,0.977288609364081,8508,19,59
t_test,p90,3.4,4.0,0.17534480220543033,0.9643605870020965,8370,119,97
t_test,p75,3.6,4.0,0.17530834649438554,0.9715816445376194,8447,52,87
t_test,p90,3.3,3.8,0.17496674951357702,0.9610994642441183,8335,117,134
t_test,max,3.7,4.4,0.17494245195692182,0.9689028651292803,8419,108,59
t_test,max,3.6,4.4,0.17479382739404367,0.9669228977405078,8398,129,59
t_test,p90,3.6,4.2,0.17427213222657012,0.9693687398089914,8424,86,76
t_test,p75,3.4,3.8,0.1742048584169631,0.9671558350803634,8400,71,115
t_test,p75,4.1,4.2,0.17372861706705317,0.9775215467039367,8511,13,62
t_test,p75,3.3,3.6,0.17364092422732766,0.9642441183321686,8369,78,139
t_test,mean,3.3,3.6,0.17310104787174338,0.9684369904495691,8414,52,120
t_test,p75,3.2,3.4,0.17289931221119909,0.9599347775448405,8323,77,186
t_test,p75,4.0,4.2,0.17250288539007674,0.9763568600046587,8499,25,62
t_test,mean,3.4,3.8,0.17208489009512612,0.9705334265082692,8437,57,92
t_test,max,3.8,4.4,0.17197647347139003,0.9703004891684137,8435,92,59
t_test,p75,3.3,3.8,0.1716285646445889,0.9641276496622408,8369,102,115
t_test,max,3.2,3.8,0.17162651991482752,0.9534125320288842,8255,180,151
t_test,max,3.0,3.2,0.171381462300384,0.9395527603074773,8106,149,331
t_test,p75,3.5,4.0,0.17136386087566893,0.9693687398089914,8425,74,87
t_test,p75,3.8,4.2,0.1712755175908483,0.9736780805963196,8471,53,62
t_test,max,3.4,4.0,0.17110507151326862,0.9624970882832518,8352,121,113
t_test,max,3.1,3.4,0.17105783310363912,0.9482879105520615,8200,152,234
t_test,p75,3.9,4.2,0.17043211089247062,0.9755415793151643,8491,33,62
t_test,mean,3.4,4.0,0.16960593631438844,0.9704169578383415,8437,80,69
t_test,p90,3.1,3.4,0.16930371477978848,0.9521313766596785,8242,128,216
t_test,p90,3.9,4.4,0.16903360676225393,0.9732122059166084,8467,70,49
t_test,p90,3.5,4.2,0.16900506847105395,0.96680642907058,8399,111,76
t_test,max,3.1,3.6,0.1682307138258519,0.9480549732122059,8200,198,188
t_test,max,3.3,4.0,0.1678769824152965,0.9586536221756348,8313,160,113
t_test,max,4.1,4.6,0.1678439829745195,0.9749592359655253,8486,64,36
t_test,p90,3.2,3.8,0.16774893588389617,0.9562077801071511,8287,165,134
t_test,p90,4.1,4.6,0.16744957765902455,0.9758909853249476,8496,58,32
t_test,max,3.5,4.4,0.16725234360277863,0.9652923363615188,8384,143,59
t_test,p75,2.9,3.0,0.16706635064469444,0.9417656650361053,8132,74,380
t_test,mean,3.2,3.4,0.16677430092261988,0.9642441183321686,8372,65,149
t_test,max,3.4,4.2,0.16652864681018392,0.9622641509433962,8352,142,92
t_test,p90,4.0,4.6,0.16627894095491372,0.9751921733053809,8489,65,32
t_test,p90,3.8,4.4,0.16626486380861397,0.9716981132075472,8452,85,49
t_test,p75,3.1,3.4,0.1662325865827944,0.9545772187281621,8270,130,186
t_test,p90,3.3,4.0,0.16605372189376552,0.9606335895644071,8335,154,97
t_test,p90,3.0,3.2,0.16599457959914768,0.9433962264150944,8151,136,299
t_test,max,2.9,3.0,0.1659724298089741,0.9322152341020266,8031,75,480
t_test,max,4.2,4.6,0.16579937056338195,0.975658047985092,8494,56,36
t_test,p75,3.7,4.2,0.16551249888676614,0.9721639878872583,8457,67,62
t_test,p90,3.4,4.2,0.16516479594109287,0.9638947123223853,8370,140,76
t_test,p90,4.2,4.4,0.1649720715575486,0.9771721406941533,8510,27,49
t_test,mean,3.9,4.2,0.16495734270606716,0.9765897973445143,8504,42,40
t_test,p75,3.2,3.6,0.16448050575314524,0.9594689028651293,8323,124,139
t_test,max,4.1,4.8,0.16442511695091133,0.9748427672955975,8486,75,25
t_test,p90,3.7,4.4,0.16435787465692792,0.9703004891684137,8438,99,49
t_test,max,2.9,3.2,0.16393961627987524,0.9318658280922432,8031,224,331
t_test,max,3.3,4.2,0.16371156634822498,0.9584206848357791,8313,181,92
t_test,p75,3.2,3.8,0.16269209231831902,0.9593524341952014,8323,148,115
t_test,p90,3.6,4.4,0.1626147017708325,0.9689028651292803,8424,113,49
t_test,p90,3.1,3.6,0.16237966461241532,0.9516655019799674,8242,182,162
t_test,max,4.2,4.8,0.16227491243207218,0.9755415793151643,8494,67,25
t_test,max,3.2,4.0,0.162108942969541,0.9528301886792453,8255,218,113
t_test,p75,4.1,4.4,0.16202362468989928,0.9771721406941533,8511,38,37
t_test,mean,3.3,3.8,0.16180501862655647,0.967971115769858,8414,80,92
t_test,p90,4.3,4.4,0.1613749718600977,0.9782203587235033,8522,15,49
t_test,p75,4.0,4.4,0.16135884526791808,0.9760074539948754,8499,50,37
t_test,p75,3.0,3.2,0.161290819371841,0.9482879105520615,8206,117,263
t_test,p75,3.8,4.4,0.16125088409767793,0.9733286745865363,8471,78,37
t_test,mean,3.1,3.2,0.16084200343574082,0.9590030281854182,8319,53,214
t_test,p75,3.4,4.0,0.16043701749562417,0.9665734917307245,8400,99,87
t_test,p90,4.1,4.8,0.15979171709784454,0.975658047985092,8496,67,23
t_test,p90,3.2,4.0,0.1597687811254682,0.95574190542744,8287,202,97
t_test,max,3.1,3.8,0.15964210168577792,0.947472629862567,8200,235,151
t_test,p75,3.9,4.4,0.15963474247525414,0.9751921733053809,8491,58,37
t_test,mean,3.3,4.0,0.159505052930481,0.9678546470999301,8414,103,69
t_test,mean,3.2,3.6,0.15947189650141905,0.9638947123223853,8372,94,120
t_test,p75,3.6,4.2,0.15931073290368752,0.9709993011879804,8447,77,62
t_test,p75,3.3,4.0,0.15898500553600523,0.9635453063126019,8369,130,87
t_test,max,2.8,3.0,0.15896267978420794,0.9235965525273702,7947,159,480
t_test,max,4.0,4.6,0.15892570125400007,0.973445143256464,8473,77,36
t_test,p90,3.9,4.6,0.1588507777907218,0.9728627999068251,8467,87,32
t_test,p90,4.0,4.8,0.15882676203053028,0.9749592359655253,8489,74,23
t_test,p75,3.1,3.6,0.15875421725277145,0.954111344048451,8270,177,139
t_test,max,3.2,4.2,0.15843537704939217,0.9525972513393897,8255,239,92
t_test,p75,4.1,4.6,0.15825079363025343,0.9770556720242255,8511,49,26
t_test,p90,3.5,4.4,0.1581833195481934,0.9663405543908689,8399,138,49
t_test,max,3.6,4.6,0.15807419540047313,0.9662240857209411,8398,152,36
t_test,p75,3.8,4.6,0.1580188769747731,0.9732122059166084,8471,89,26
t_test,p90,2.9,3.0,0.1578811444719932,0.9352434195201491,8070,81,435
t_test,mean,4.0,4.2,0.15785558950445838,0.9776380153738644,8517,29,40
t_test,p75,4.0,4.6,0.15776658887085632,0.9758909853249476,8499,61,26
t_test,mean,3.8,4.2,0.15764585756969804,0.9754251106452364,8494,52,40
t_test,p75,2.9,3.2,0.15748994788869403,0.9409503843466107,8132,191,263
t_test,p90,3.0,3.4,0.1572221267915937,0.9426974143955276,8151,219,216
t_test,p75,3.1,3.8,0.1571673714150117,0.9539948753785232,8270,201,115
t_test,max,3.7,4.6,0.15716229991855482,0.9682040531097135,8419,131,36
t_test,max,2.8,3.2,0.15716045991585592,0.9232471465175868,7947,308,331
t_test,max,3.4,4.4,0.1571472138979055,0.9617982762636851,8352,175,59
t_test,mean,3.9,4.4,0.15713744793638548,0.9763568600046587,8504,53,29
t_test,max,3.9,4.6,0.15687405901999324,0.9708828325180526,8447,103,36
t_test,p90,3.3,4.2,0.1567392096573113,0.960167714884696,8335,175,76
t_test,p90,3.8,4.6,0.1565963509513931,0.9713487071977638,8452,102,32
t_test,p75,3.5,4.2,0.15645383669858842,0.9687863964593524,8425,99,62
t_test,p75,3.9,4.6,0.1561542873964882,0.975075704635453,8491,69,26
t_test,p75,3.7,4.4,0.1559730666865964,0.9718145818774749,8457,92,37
t_test,max,4.0,4.8,0.15567172870106727,0.9733286745865363,8473,88,25
t_test,p90,2.9,3.2,0.15554559323700906,0.9348940135103657,8070,217,299
t_test,max,3.6,4.8,0.1555133739128835,0.9661076170510132,8398,163,25
t_test,max,3.0,3.4,0.15547958933701467,0.9382716049382716,8106,246,234
t_test,p90,3.4,4.4,0.15517257047451954,0.9634288376426742,8370,167,49
t_test,max,3.3,4.4,0.1551704870365106,0.957954810156068,8313,214,59
t_test,p90,3.7,4.6,0.15512431776834337,0.9699510831586303,8438,116,32
t_test,p90,3.1,3.8,0.15491252517033194,0.9511996273002562,8242,210,134
t_test,max,3.7,4.8,0.1544395299638369,0.9680875844397857,8419,142,25
t_test,mean,3.6,4.2,0.15430707340646896,0.9726298625669695,8466,80,40
t_test,mean,2.9,3.0,0.15402353130195,0.9482879105520615,8210,63,313
t_test,max,3.9,4.8,0.15390003148701104,0.9707663638481249,8447,114,25
t_test,p90,3.6,4.6,0.15377865125556112,0.9685534591194969,8424,130,32
t_test,p75,2.8,3.0,0.15372223820039907,0.9318658280922432,8039,167,380
t_test,mean,3.5,4.2,0.1534624715386817,0.9713487071977638,8453,93,40
t_test,max,3.8,4.6,0.15329634850723792,0.9696016771488469,8435,115,36
t_test,max,4.1,5.0,0.15323575358313923,0.9744933612858141,8486,85,15
t_test,max,3.0,3.6,0.1530807987727173,0.938038667598416,8106,292,188
t_test,mean,3.1,3.4,0.15297239567947793,0.958537153505707,8319,118,149
t_test,p90,4.2,4.6,0.15296983613774082,0.9768227346843699,8510,44,32
t_test,p75,3.7,4.6,0.15289792905594463,0.9716981132075472,8457,103,26
t_test,mean,3.7,4.2,0.1527527334403875,0.9740274866061029,8481,65,40
t_test,p90,2.8,3.0,0.15272264571635405,0.9261588632657815,7980,171,435
t_test,p90,3.9,4.8,0.15198039776070604,0.9726298625669695,8467,96,23
t_test,mean,3.0,3.2,0.15171442062214582,0.954111344048451,8273,99,214
t_test,p90,3.2,4.2,0.15142446149819094,0.9552760307477288,8287,223,76
t_test,p75,3.2,4.0,0.15141995644647963,0.9587700908455625,8323,176,87
t_test,p90,3.0,3.6,0.1513668202858654,0.9422315397158164,8151,273,162
t_test,max,4.3,4.6,0.15134071355230116,0.9765897973445143,8508,42,36
t_test,max,3.5,4.6,0.15117820371900004,0.964593524341952,8384,166,36
t_test,max,3.1,4.0,0.15108857397903822,0.9468902865129281,8200,273,113
t_test,max,3.2,4.4,0.15090000346488341,0.9521313766596785,8255,272,59
t_test,max,4.2,5.0,0.15073750161952099,0.9751921733053809,8494,77,15
t_test,p90,2.8,3.2,0.15067312943810238,0.9258094572559982,7980,307,299
t_test,max,3.8,4.8,0.15043714381748668,0.9694852084789192,8435,126,25
t_test,max,2.7,3.0,0.15035130560080726,0.9132308409037969,7848,258,480
t_test,mean,3.8,4.4,0.150135253007472,0.9751921733053809,8494,63,29
t_test,p75,3.6,4.4,0.15009266337074764,0.9706498951781971,8447,102,37
t_test,p90,3.8,4.8,0.15007234648077072,0.9711157698579083,8452,111,23
t_test,p90,3.5,4.6,0.1499790979467156,0.9659911483810855,8399,155,32
t_test,max,2.9,3.4,0.14971524279757376,0.9305846727230375,8031,321,234
t_test,p75,3.0,3.4,0.14963813977757048,0.947472629862567,8206,194,186
t_test,mean,4.0,4.4,0.14960412841882262,0.9774050780340089,8517,40,29
t_test,max,4.1,5.2,0.14949449286742963,0.9743768926158863,8486,88,12
t_test,mean,3.2,3.8,0.1494461312475877,0.9634288376426742,8372,122,92
t_test,mean,3.9,4.6,0.1492369799370091,0.9761239226648032,8504,62,20
t_test,p90,3.7,4.8,0.14889333944872582,0.9697181458187748,8438,125,23
t_test,max,2.7,3.2,0.1487662446192569,0.9128814348940135,7848,407,331
t_test,p90,4.3,4.6,0.14874498667810587,0.97787095271372,8522,32,32
t_test,max,3.5,4.8,0.14871795538614385,0.9644770556720242,8384,177,25
t_test,p75,4.3,4.4,0.14852448485202463,0.9790356394129979,8534,15,37
t_test,p75,2.7,3.0,0.1483821175266946,0.9223153971581645,7945,261,380
t_test,p90,4.1,5.0,0.148122598550122,0.9753086419753086,8496,76,14
t_test,p75,3.5,4.4,0.1478624102379345,0.9684369904495691,8425,124,37
t_test,p90,2.9,3.4,0.14783812070435648,0.9341952014907989,8070,300,216
t_test,p90,3.6,4.8,0.14781550803017152,0.9683205217796412,8424,139,23
t_test,max,4.4,4.6,0.1477974751902794,0.9783368273934312,8527,23,36
t_test,max,3.1,4.2,0.1477882389043529,0.9466573491730724,8200,294,92
t_test,mean,3.4,4.2,0.14774683706055863,0.9696016771488469,8437,109,40
t_test,p90,3.1,4.0,0.14765236284474806,0.950733752620545,8242,247,97
t_test,max,4.3,4.8,0.14762110006030357,0.9764733286745866,8508,53,25
t_test,p90,3.3,4.4,0.1475969211116624,0.9597018402049848,8335,202,49
t_test,p90,3.4,4.6,0.147595928897898,0.9630794316328908,8370,184,32
t_test,max,2.9,3.6,0.14757211953117472,0.9303517353831819,8031,367,188
t_test,mean,3.6,4.4,0.14753808547316857,0.972396925227114,8466,91,29
t_test,p90,4.0,5.0,0.14747055712921334,0.9746098299557419,8489,83,14
t_test,mean,3.2,4.0,0.1474116948714961,0.9633123689727463,8372,145,69
t_test,p75,2.9,3.4,0.14724287943039396,0.9401351036571163,8132,268,186
t_test,p75,3.1,4.0,0.14714546777000082,0.9534125320288842,8270,229,87
t_test,p75,3.6,4.6,0.14712170093675714,0.9705334265082692,8447,113,26
t_test,max,3.6,5.0,0.14712153806285558,0.9657582110412299,8398,173,15
t_test,mean,3.5,4.4,0.14698996735906716,0.9711157698579083,8453,104,29
t_test,max,4.2,5.2,0.14687990134398443,0.975075704635453,8494,80,12
t_test,p75,3.4,4.2,0.14660280032486778,0.9659911483810855,8400,124,62
t_test,mean,3.1,3.6,0.14658207724184089,0.9581877474959236,8319,147,120
t_test,mean,2.9,3.2,0.14654052517531438,0.9477055672024225,8210,162,214
t_test,p75,3.3,4.2,0.14627829468780496,0.9629629629629629,8369,155,62
t_test,mean,2.8,3.0,0.14579880506816528,0.9399021663172606,8129,144,313
t_test,max,4.1,5.6,0.1457962504287911,0.9742604239459586,8486,92,8
t_test,max,3.0,3.8,0.14575980651449838,0.9374563242487771,8106,329,151
t_test,mean,3.7,4.4,0.1456074088488718,0.9737945492662474,8481,76,29
t_test,max,3.7,5.0,0.14551632856017896,0.9677381784300023,8419,152,15
t_test,p75,4.2,4.4,0.14549214318099102,0.9779874213836478,8524,25,37
t_test,p75,2.8,3.2,0.14543205941157353,0.9310505474027486,8039,284,263
t_test,p75,3.5,4.6,0.14509338515845663,0.9683205217796412,8425,135,26
t_test,p90,3.0,3.8,0.14504297189674875,0.9417656650361053,8151,301,134
t_test,max,4.0,5.0,0.14501085501833322,0.9729792685767529,8473,98,15
t_test,p90,4.2,4.8,0.14487283732780956,0.9765897973445143,8510,53,23
t_test,mean,3.0,3.4,0.14462206682766748,0.9536454693687398,8273,164,149
t_test,p90,3.5,4.8,0.14444159742304163,0.9657582110412299,8399,164,23
t_test,max,2.8,3.4,0.14443928367302894,0.9219659911483811,7947,405,234
t_test,p75,4.3,4.6,0.1443592877671673,0.9789191707430701,8534,26,26
t_test,max,3.6,5.2,0.14431512981199504,0.9656417423713021,8398,176,12
t_test,max,3.9,5.0,0.14415353437680176,0.9704169578383415,8447,124,15
t_test,p90,2.8,3.4,0.14387596928075538,0.9251106452364314,7980,390,216
t_test,max,4.4,4.8,0.14376357882678667,0.9782203587235033,8527,34,25
t_test,max,2.6,3.0,0.14376030186196512,0.9036804099697181,7757,349,480
t_test,p90,3.2,4.4,0.14323409731641534,0.9548101560680177,8287,250,49
t_test,max,4.2,5.6,0.14306683464999848,0.9749592359655253,8494,84,8
t_test,p75,3.0,3.6,0.14306020314489679,0.9470067551828558,8206,241,139
t_test,p90,2.9,3.6,0.14269153745885776,0.9337293268110878,8070,354,162
t_test,mean,3.8,4.6,0.14254619638678512,0.9749592359655253,8494,72,20
t_test,max,3.7,5.2,0.1425322891965314,0.9676217097600746,8419,155,12
t_test,max,2.8,3.6,0.14252479819998096,0.9217330538085255,7947,451,188
t_test,p90,3.4,4.8,0.14248144111673733,0.9628464942930351,8370,193,23
t_test,p90,2.7,3.0,0.1424391760895632,0.9169578383414861,7895,256,435
t_test,max,3.4,4.6,0.14237266238170482,0.9610994642441183,8352,198,36
t_test,max,2.6,3.2,0.14233392602127926,0.9033310039599348,7757,498,331
t_test,mean,4.1,4.2,0.14194857445071568,0.9792685767528535,8538,8,40
t_test,max,4.1,5.4,0.1418889686732589,0.9741439552760307,8486,91,9
t_test,max,3.3,4.6,0.1417154838725499,0.9572559981365013,8313,237,36
t_test,p75,3.0,3.8,0.1416693577081426,0.9468902865129281,8206,265,115
t_test,mean,3.4,4.4,0.14160758082836541,0.9693687398089914,8437,120,29
t_test,p90,4.4,4.6,0.14159613808912327,0.9791521080829257,8537,17,32
t_test,max,3.6,5.6,0.14154094969542091,0.9655252737013743,8398,180,8
t_test,p75,4.2,4.6,0.1415129588212071,0.97787095271372,8524,36,26
t_test,p90,3.9,5.0,0.14150857391565222,0.9722804565571861,8467,105,14
t_test,p75,2.9,3.6,0.14145651801686465,0.9396692289774051,8132,315,139
t_test,max,4.0,5.2,0.14144605976074448,0.9728627999068251,8473,101,12
t_test,mean,4.0,4.6,0.1412672469264372,0.9771721406941533,8517,49,20
t_test,p75,2.7,3.2,0.1410735059825412,0.9215001164686699,7945,378,263
t_test,max,3.8,5.0,0.14106290770717803,0.9691358024691358,8435,136,15
t_test,max,2.9,3.8,0.14101994049772035,0.929769392033543,8031,404,151
t_test,max,3.1,4.4,0.14101494414487517,0.9461914744933613,8200,327,59
t_test,max,3.9,5.2,0.1408943068056918,0.9703004891684137,8447,127,12
t_test,mean,3.6,4.6,0.14069745725166005,0.9721639878872583,8466,100,20
t_test,p90,3.3,4.6,0.1406630385313227,0.9593524341952014,8335,219,32
t_test,max,3.5,5.0,0.14064918407608915,0.9641276496622408,8384,187,15
t_test,p90,2.7,3.2,0.14061551158990918,0.9166084323317027,7895,392,299
t_test,mean,3.5,4.6,0.14044864856423162,0.9708828325180526,8453,113,20
t_test,p90,4.1,5.6,0.14039297438635118,0.975075704635453,8496,83,7
t_test,p90,4.1,5.2,0.14030529529424057,0.975075704635453,8496,81,9
t_test,mean,2.9,3.4,0.14028578760685206,0.9472396925227113,8210,227,149
t_test,p75,3.8,5.0,0.14027430810469868,0.9726298625669695,8471,103,12
t_test,p75,2.9,3.8,0.14023326838328054,0.9395527603074773,8132,339,115
t_test,p90,4.3,4.8,0.14022452571875857,0.9776380153738644,8522,41,23
t_test,p90,3.8,5.0,0.14012766300414162,0.9707663638481249,8452,120,14
t_test,max,3.4,4.8,0.1401132500664441,0.9609829955741905,8352,209,25
t_test,p75,3.2,4.2,0.14008857519476137,0.9581877474959236,8323,201,62
t_test,p75,3.8,4.8,0.14007461713330246,0.9726298625669695,8471,98,17
t_test,p90,3.1,4.2,0.14005429573866957,0.9502678779408339,8242,268,76
t_test,p90,4.0,5.6,0.1399480759791784,0.9743768926158863,8489,90,7
t_test,p90,4.0,5.2,0.1398627000621137,0.9743768926158863,8489,88,9
t_test,mean,2.7,3.0,0.13985548589762523,0.9304682040531097,8037,236,313
t_test,max,3.3,4.8,0.139657807059298,0.9571395294665735,8313,248,25
t_test,max,3.7,5.6,0.13958263816728297,0.9675052410901468,8419,159,8
t_test,p90,3.7,5.0,0.13939475706132223,0.9693687398089914,8438,134,14
t_test,p90,2.8,3.6,0.13933573600484125,0.9246447705567202,7980,444,162
t_test,mean,2.8,3.2,0.1393123782194936,0.9393198229676217,8129,243,214
t_test,mean,3.3,4.2,0.13915328132008448,0.9670393664104356,8414,132,40
t_test,max,4.2,5.4,0.13903753493962936,0.9748427672955975,8494,83,9
t_test,max,3.2,4.6,0.1390237468350908,0.9514325646401118,8255,295,36
t_test,p75,3.3,4.4,0.13895796676930586,0.9626135569531796,8369,180,37
t_test,p90,3.0,4.0,0.13889493602221434,0.9412997903563941,8151,338,97
t_test,max,4.5,4.6,0.1388584160256036,0.9793850454227813,8540,10,36
t_test,mean,3.0,3.6,0.13885586669644726,0.9532960633589564,8273,193,120
t_test,p90,4.5,4.6,0.13880540092301114,0.9799673887724202,8546,8,32
t_test,p90,3.6,5.0,0.1387247223922476,0.967971115769858,8424,148,14
t_test,p75,3.4,4.4,0.13863399315836725,0.9656417423713021,8400,149,37
t_test,max,3.6,5.4,0.1386090352681456,0.9654088050314465,8398,179,9
t_test,max,3.0,4.0,0.13846713229853114,0.9368739808991381,8106,367,113
t_test,mean,3.7,4.6,0.13838663059926445,0.9735616119263918,8481,85,20
t_test,p75,4.0,5.0,0.13804610486747948,0.9753086419753086,8499,75,12
t_test,max,3.5,5.2,0.1379506868258627,0.9640111809923131,8384,190,12
t_test,max,3.8,5.2,0.13792805384996085,0.969019333799208,8435,139,12
t_test,max,4.0,5.6,0.1379225860211333,0.9727463312368972,8473,105,8
t_test,p75,4.0,4.8,0.13782359466580332,0.9753086419753086,8499,70,17
t_test,mean,3.1,3.8,0.13780180704543635,0.9577218728162125,8319,175,92
t_test,p90,2.6,3.0,0.1377430916167721,0.9058933146983461,7787,364,435
t_test,max,3.9,5.6,0.1376727927546213,0.970184020498486,8447,131,8
t_test,p75,4.1,5.0,0.13754156590648223,0.9764733286745866,8511,63,12
t_test,max,2.7,3.4,0.13745684818422912,0.9116002795248078,7848,504,234
t_test,mean,3.9,5.2,0.13737760837675134,0.9757745166550198,8504,75,7
t_test,mean,3.9,5.0,0.13733218947807582,0.9757745166550198,8504,74,8
t_test,p75,4.1,4.8,0.1373077638580656,0.9764733286745866,8511,58,17
t_test,max,3.2,4.8,0.13720782077510876,0.9513160959701841,8255,306,25
t_test,p90,2.9,3.8,0.13712689577566042,0.9332634521313766,8070,382,134
t_test,p75,3.1,4.2,0.13706872420385646,0.9528301886792453,8270,254,62
t_test,p75,3.9,5.0,0.13704305252593024,0.9744933612858141,8491,83,12
t_test,p90,3.2,4.6,0.1370208775528217,0.9544607500582344,8287,267,32
t_test,p75,3.9,4.8,0.13682715463382186,0.9744933612858141,8491,78,17
t_test,p75,3.8,5.4,0.1368163485082675,0.9725133938970417,8471,108,7
t_test,p75,2.6,3.0,0.1366987341691026,0.9122990915443746,7854,352,380
t_test,max,2.8,3.8,0.13666222674267967,0.9211507104588865,7947,488,151
t_test,p75,3.3,4.6,0.1365990078370559,0.9624970882832518,8369,191,26
t_test,p75,2.8,3.4,0.13654577277096355,0.9302352667132542,8039,361,186
t_test,max,3.7,5.4,0.13646489688570204,0.9673887724202189,8419,158,9
t_test,p90,4.1,5.4,0.13633207696885544,0.9749592359655253,8496,82,8
t_test,p90,2.6,3.2,0.136133289068397,0.9055439086885628,7787,500,299
t_test,p75,3.4,4.6,0.13606637735805296,0.9655252737013743,8400,160,26
t_test,mean,3.1,4.0,0.13602579562210976,0.9576054041462847,8319,198,69
t_test,p75,3.7,5.0,0.13600315519237277,0.9711157698579083,8457,117,12
t_test,p90,3.5,5.0,0.13599868267380824,0.9654088050314465,8399,173,14
t_test,p90,4.0,5.4,0.13599586918541084,0.9742604239459586,8489,89,8
t_test,p90,3.3,4.8,0.13598154580807126,0.9591194968553459,8335,228,23
t_test,p75,3.7,4.8,0.13581204920201742,0.9711157698579083,8457,112,17
t_test,max,2.7,3.6,0.13575755299117284,0.9113673421849523,7848,550,188
t_test,max,3.0,4.2,0.13565432568481917,0.9366410435592826,8106,388,92
t_test,max,4.3,5.0,0.13542515520673845,0.9761239226648032,8508,63,15
t_test,mean,3.4,4.6,0.13540230208271326,0.9691358024691358,8437,129,20
t_test,max,3.5,5.6,0.13528338518397318,0.9638947123223853,8384,194,8
t_test,mean,2.9,3.6,0.13519655246295512,0.9468902865129281,8210,256,120
t_test,max,3.8,5.6,0.13482956520360928,0.9689028651292803,8435,143,8
t_test,p90,3.4,5.0,0.13468277348009436,0.9624970882832518,8370,202,14
t_test,max,4.5,4.8,0.13458118036779076,0.9792685767528535,8540,21,25
t_test,p90,3.9,5.6,0.13457177127536465,0.9720475192173306,8467,112,7
t_test,p90,2.7,3.4,0.13450855433241202,0.9159096203121361,7895,475,216
t_test,p90,3.9,5.2,0.13449252912620344,0.9720475192173306,8467,110,9
t_test,max,2.9,4.0,0.13449216559666813,0.929187048683904,8031,442,113
t_test,p90,2.8,3.8,0.1344240696216243,0.9241788958770091,7980,472,134
t_test,max,4.1,5.8,0.13437062575107836,0.9739110179361752,8486,96,4
t_test,max,2.5,3.0,0.13430172836899124,0.8890053575588167,7619,487,480
t_test,max,3.9,5.4,0.13426730581059737,0.9700675518285581,8447,130,9
t_test,mean,2.7,3.2,0.1342193417800232,0.9298858607034708,8037,335,214
t_test,p75,4.0,5.4,0.1342037290228328,0.9751921733053809,8499,80,7
t_test,max,4.0,5.4,0.13419800107446994,0.9726298625669695,8473,104,9
t_test,mean,2.8,3.4,0.1338850921365736,0.9388539482879106,8129,308,149
t_test,p75,3.2,4.4,0.1335613631611976,0.9578383414861402,8323,226,37
t_test,p90,3.8,5.6,0.13353987097978576,0.9705334265082692,8452,127,7
t_test,p75,4.1,5.4,0.13350680186208455,0.9763568600046587,8511,68,7
t_test,p90,3.8,5.2,0.13346452154134084,0.9705334265082692,8452,125,9
t_test,mean,3.3,4.4,0.1334376603549897,0.96680642907058,8414,143,29
t_test,p75,3.9,5.4,0.13331938510329489,0.9743768926158863,8491,88,7
t_test,p75,2.7,3.4,0.13323265880808385,0.9206848357791754,7945,455,186
t_test,p75,3.8,5.6,0.13319903883877193,0.972396925227114,8471,109,6
t_test,p75,3.8,5.2,0.13311853874929563,0.972396925227114,8471,107,8
t_test,p90,3.7,5.6,0.13310231708409034,0.9691358024691358,8438,141,7
t_test,max,2.5,3.2,0.13306619068239703,0.8886559515490333,7619,636,331
t_test,mean,3.9,4.8,0.1330478074657038,0.975658047985092,8504,71,11
t_test,p90,3.7,5.2,0.13303030730253673,0.9691358024691358,8438,139,9
t_test,max,3.6,5.8,0.13296804171133042,0.9651758676915909,8398,184,4
t_test,max,3.3,5.0,0.13290149982116053,0.9567901234567902,8313,258,15
t_test,mean,4.1,4.4,0.13289125457194764,0.9790356394129979,8538,19,29
t_test,p75,3.0,4.0,0.13283804540404764,0.946307943163289,8206,293,87
t_test,p90,3.2,4.8,0.13282534167364907,0.9542278127183788,8287,276,23
t_test,p75,3.7,5.4,0.13271108868203013,0.9709993011879804,8457,122,7
t_test,p90,3.6,5.6,0.13270228767119865,0.9677381784300023,8424,155,7
t_test,max,3.4,5.0,0.13269539224590537,0.9606335895644071,8352,219,15
t_test,p90,3.6,5.2,0.13263333409919761,0.9677381784300023,8424,153,9
t_test,p90,3.1,4.4,0.1325973727345794,0.9498020032611227,8242,295,49
t_test,p90,4.2,5.0,0.1325314093497056,0.976240391334731,8510,62,14
t_test,p90,4.4,4.8,0.13248036440976269,0.9789191707430701,8537,26,23
t_test,max,3.5,5.4,0.1324632557311455,0.9637782436524575,8384,193,9
t_test,p75,2.9,4.0,0.13246120475301984,0.9389704169578383,8132,367,87
t_test,p90,3.0,4.2,0.1324559280153444,0.940833915676683,8151,359,76
t_test,max,2.6,3.4,0.13207167979368256,0.9020498485907291,7757,595,234
t_test,max,2.9,4.2,0.13197452402422857,0.9289541113440485,8031,463,92
t_test,p90,2.9,4.0,0.1317175217507822,0.9327975774516655,8070,419,97
t_test,mean,2.6,3.0,0.13169610711663834,0.9195201490798975,7933,340,313
t_test,max,3.8,5.4,0.13155350175535163,0.9687863964593524,8435,142,9
t_test,p75,2.8,3.6,0.13152677000621452,0.929769392033543,8039,408,139
t_test,p75,3.2,4.6,0.13145818708862814,0.9577218728162125,8323,237,26
t_test,p75,4.4,4.6,0.1313803966810203,0.980083857442348,8549,11,26
t_test,max,4.3,5.2,0.1313472418670448,0.9760074539948754,8508,66,12
t_test,max,4.2,5.8,0.1312854529201933,0.9746098299557419,8494,88,4
t_test,p75,3.1,4.4,0.13126410916385634,0.9524807826694619,8270,279,37
t_test,max,3.2,5.0,0.1312431803652224,0.9509666899604007,8255,316,15
t_test,mean,3.8,5.2,0.1311535906709021,0.9746098299557419,8494,85,7
t_test,mean,3.8,5.0,0.13110962769162554,0.9746098299557419,8494,84,8
t_test,mean,3.0,3.8,0.13092930754609988,0.9528301886792453,8273,221,92
t_test,p90,3.9,5.4,0.13092603598135993,0.9719310505474027,8467,111,8
t_test,p75,4.5,4.6,0.13086620309644864,0.980666200791987,8555,5,26
t_test,max,2.8,4.0,0.13082073745099784,0.9205683671092476,7947,526,113
t_test,p75,3.6,5.0,0.13078718100340508,0.9699510831586303,8447,127,12
t_test,p90,2.6,3.4,0.13071783085239774,0.904845096668996,7787,583,216
t_test,max,3.3,5.2,0.13064169092519998,0.9566736547868623,8313,261,12
t_test,mean,3.5,5.2,0.1306273387629346,0.9705334265082692,8453,126,7
t_test,p75,3.6,4.8,0.13060125889242782,0.9699510831586303,8447,122,17
t_test,mean,3.5,5.0,0.1305894119808318,0.9705334265082692,8453,125,8
t_test,max,2.7,3.8,0.13054302491860229,0.9107849988353133,7848,587,151
t_test,max,4.4,5.0,0.13053257238367125,0.97787095271372,8527,44,15
t_test,max,2.6,3.6,0.1305316455696194,0.9018169112508735,7757,641,188
t_test,p75,2.8,3.8,0.13046808350815825,0.9296529233636152,8039,432,115
t_test,max,3.7,5.8,0.13046701020598267,0.9671558350803634,8419,163,4
t_test,p90,2.7,3.6,0.13042818359530078,0.9154437456324249,7895,529,162
t_test,mean,3.6,5.2,0.13042721314370737,0.9718145818774749,8466,113,7
t_test,p90,3.5,5.6,0.1304052982932033,0.9651758676915909,8399,180,7
t_test,mean,3.6,5.0,0.1303875440809505,0.9718145818774749,8466,112,8
t_test,p90,3.5,5.2,0.1303410797776954,0.9651758676915909,8399,178,9
t_test,max,3.1,4.6,0.13033142326828087,0.9454926624737946,8200,350,36
t_test,max,3.4,5.2,0.1302144032818525,0.9605171208944794,8352,222,12
t_test,p75,4.0,5.6,0.13018384258700413,0.975075704635453,8499,81,6
t_test,p75,2.6,3.2,0.13015461598478387,0.9114838108548801,7854,469,263
t_test,p75,4.0,5.2,0.13009406837557497,0.975075704635453,8499,79,8
t_test,p90,3.8,5.4,0.13007730540021023,0.9704169578383415,8452,126,8
t_test,max,3.0,4.4,0.12987802904704498,0.9361751688795714,8106,421,59
t_test,p75,3.5,5.0,0.1298642618366162,0.9677381784300023,8425,149,12
t_test,p90,3.7,5.4,0.12979486581577154,0.969019333799208,8438,140,8
t_test,p75,3.5,4.8,0.12969072708191223,0.9677381784300023,8425,144,17
t_test,p90,2.8,4.0,0.12964920119221923,0.9237130211972979,7980,509,97
t_test,p90,3.6,5.4,0.1295366491230133,0.9676217097600746,8424,154,8
t_test,p90,3.4,5.6,0.12951601290081738,0.9622641509433962,8370,209,7
t_test,mean,2.7,3.4,0.12949971524919243,0.9294199860237596,8037,400,149
t_test,mean,2.8,3.6,0.12946459690042209,0.9385045422781272,8129,337,120
t_test,p90,3.4,5.2,0.12945662857931658,0.9622641509433962,8370,207,9
t_test,p75,3.9,5.6,0.1294234668152012,0.9742604239459586,8491,89,6
t_test,p75,3.1,4.6,0.1293937221278503,0.9523643139995341,8270,290,26
t_test,p75,3.9,5.2,0.12933638435536554,0.9742604239459586,8491,87,8
t_test,mean,3.2,4.2,0.1293328781635666,0.9624970882832518,8372,174,40
t_test,mean,3.0,4.0,0.12932898270405083,0.9527137200093175,8273,244,69
t_test,p90,4.5,4.8,0.12928961958831253,0.9797344514325647,8546,17,23
t_test,p75,4.1,5.6,0.12928554491237293,0.976240391334731,8511,69,6
t_test,p75,3.7,5.6,0.12926650286410885,0.9708828325180526,8457,123,6
t_test,max,3.2,5.2,0.12924805826910885,0.9508502212904728,8255,319,12
t_test,p75,4.1,5.2,0.12919117489866158,0.976240391334731,8511,67,8
t_test,p75,3.7,5.2,0.12918949510029443,0.9708828325180526,8457,121,8
t_test,p90,3.3,5.0,0.12884178678572195,0.9587700908455625,8335,237,14
t_test,p75,2.7,3.6,0.1288031291577447,0.9202189610994642,7945,502,139
t_test,mean,4.0,5.2,0.12875335141149513,0.9768227346843699,8517,62,7
t_test,mean,4.0,5.0,0.12870492426077232,0.9768227346843699,8517,61,8
t_test,max,3.1,4.8,0.12869925902846138,0.9453761938038667,8200,361,25
t_test,max,2.8,4.2,0.12856790763522347,0.9203354297693921,7947,547,92
t_test,p90,4.1,5.8,0.12852017068855479,0.9747262986256697,8496,87,3
t_test,max,3.3,5.6,0.1284081405377378,0.9565571861169345,8313,265,8
t_test,p90,4.0,5.8,0.1283931239364853,0.9740274866061029,8489,94,3
t_test,mean,2.9,3.8,0.12819826847509613,0.9464244118332169,8210,284,92
t_test,p75,2.7,3.8,0.12786926025790718,0.9201024924295365,7945,526,115
t_test,max,3.4,5.6,0.12776230713150502,0.9604006522245516,8352,226,8
t_test,max,3.9,5.8,0.12771660146757713,0.9698346144887026,8447,135,4
t_test,mean,3.3,4.6,0.12765957446808807,0.9665734917307245,8414,152,20
t_test,p75,3.6,5.4,0.1276047019980847,0.9698346144887026,8447,132,7
t_test,mean,3.7,5.2,0.12754619218742144,0.9732122059166084,8481,98,7
t_test,mean,3.7,5.0,0.12750417629648564,0.9732122059166084,8481,97,8
t_test,p90,3.5,5.4,0.12746473935219518,0.9650593990216632,8399,179,8
t_test,max,4.3,5.6,0.12731734718127488,0.9758909853249476,8508,70,8
t_test,max,3.2,5.6,0.12727610888557409,0.950733752620545,8255,323,8
t_test,p90,4.3,5.0,0.12723707174268098,0.977288609364081,8522,50,14
t_test,max,3.6,6.0,0.1272327549524845,0.9649429303517354,8398,186,2
t_test,p90,2.6,3.6,0.12709855712762397,0.9043792219892849,7787,637,162
t_test,p75,2.5,3.0,0.12708490040908424,0.8994875378523177,7735,471,380
t_test,max,3.5,5.8,0.1270388123077805,0.9635453063126019,8384,198,4
t_test,mean,3.5,4.8,0.12703875648763546,0.9704169578383415,8453,122,11
t_test,max,4.0,5.8,0.12703362552590358,0.972396925227114,8473,109,4
t_test,mean,3.8,4.8,0.12699137128544102,0.9744933612858141,8494,81,11
t_test,p90,3.1,4.6,0.12693897117087236,0.9494525972513393,8242,312,32
t_test,p75,3.5,5.4,0.12689706937760023,0.9676217097600746,8425,154,7
t_test,max,2.9,4.4,0.12680310599334932,0.9284882366643373,8031,496,59
t_test,p90,3.4,5.4,0.1267995511409571,0.9621476822734685,8370,208,8
t_test,mean,2.6,3.2,0.12679221230682658,0.9189378057302585,7933,439,214
t_test,mean,2.9,4.0,0.1267862662091775,0.946307943163289,8210,307,69
t_test,max,4.1,6.0,0.1267274759814005,0.9736780805963196,8486,98,2
t_test,mean,3.6,4.8,0.12667458341827229,0.9716981132075472,8466,109,11
t_test,p90,3.2,5.0,0.1264259256071434,0.9538784067085954,8287,285,14
t_test,p90,3.0,4.4,0.12613640203794163,0.9403680409969718,8151,386,49
t_test,max,4.4,5.2,0.12610873296567562,0.9777544840437922,8527,47,12
t_test,mean,3.4,5.2,0.12608496510109948,0.9687863964593524,8437,142,7
t_test,p90,2.9,4.2,0.12604884489096338,0.9323317027719543,8070,440,76
t_test,mean,3.4,5.0,0.12604878604593797,0.9687863964593524,8437,141,8
t_test,max,3.3,5.4,0.12604550754267937,0.9564407174470068,8313,264,9
t_test,p90,2.5,3.0,0.12601868472692668,0.8922664803167948,7663,488,435
t_test,p90,2.7,3.8,0.12600926256325637,0.9149778709527138,7895,557,134
t_test,p75,3.8,5.8,0.1260060036526211,0.9721639878872583,8471,112,3
t_test,max,2.6,3.8,0.12579817780967759,0.9012345679012346,7757,678,151
t_test,mean,2.7,3.6,0.1256527036944707,0.9290705800139762,8037,429,120
t_test,max,2.7,4.0,0.12534665100348338,0.9102026554856744,7848,625,113
t_test,max,3.8,5.8,0.1252524848509094,0.9685534591194969,8435,147,4
t_test,max,3.2,5.4,0.12519001863300197,0.9506172839506173,8255,322,9
t_test,max,3.4,5.4,0.12516841060724881,0.9602841835546239,8352,225,9
t_test,mean,3.9,5.6,0.12512018667749436,0.9754251106452364,8504,79,3
t_test,mean,3.9,5.4,0.12507413209905144,0.9754251106452364,8504,78,4
t_test,mean,4.3,4.4,0.12470319238473733,0.9804332634521313,8554,3,29
t_test,p90,2.8,4.2,0.12464417524152714,0.9232471465175868,7980,530,76
t_test,p75,2.9,4.2,0.12464312103877456,0.9383880736081994,8132,392,62
t_test,p90,2.5,3.2,0.12461217451224131,0.8919170743070114,7663,624,299
t_test,p90,4.1,6.0,0.12454876854386966,0.9746098299557419,8496,88,2
t_test,p90,4.0,6.0,0.12452801330644277,0.9739110179361752,8489,95,2
t_test,max,3.7,6.0,0.12436866215808133,0.9669228977405078,8419,165,2
t_test,p90,4.2,5.6,0.1243577055775369,0.9760074539948754,8510,69,7
t_test,p75,3.6,5.6,0.12427382742424671,0.9697181458187748,8447,133,6
t_test,p90,4.2,5.2,0.12426319101604551,0.9760074539948754,8510,67,9
t_test,mean,3.2,4.4,0.12425568325090536,0.9622641509433962,8372,185,29
t_test,p75,3.6,5.2,0.12419893014141234,0.9697181458187748,8447,131,8
t_test,mean,4.0,4.8,0.12418051306742119,0.9767062660144421,8517,58,11
t_test,p90,3.3,5.6,0.12411153635866723,0.958537153505707,8335,244,7
t_test,max,2.5,3.4,0.12406916031389599,0.8873747961798276,7619,733,234
t_test,p90,3.3,5.2,0.12405681708111921,0.958537153505707,8335,242,9
t_test,p75,3.0,4.2,0.12395581720823858,0.9457255998136501,8206,318,62
t_test,mean,4.2,4.4,0.12395161925085604,0.9796179827626369,8546,11,29
t_test,max,2.8,4.4,0.12393939915252762,0.9198695550896808,7947,580,59
t_test,p90,3.9,5.8,0.12391433970186977,0.9716981132075472,8467,116,3
t_test,p75,3.5,5.6,0.12379134659945872,0.9675052410901468,8425,155,6
t_test,mean,4.1,4.6,0.12373900784941223,0.9788027020731423,8538,28,20
t_test,p75,3.5,5.2,0.12372147332218301,0.9675052410901468,8425,153,8
t_test,p75,2.8,4.0,0.12371839260373162,0.9290705800139762,8039,460,87
t_test,p75,3.3,5.0,0.12360981526841011,0.9619147449336128,8369,205,12
t_test,mean,3.7,4.8,0.12358409609720132,0.9730957372466806,8481,94,11
t_test,p75,3.3,4.8,0.12346069840365932,0.9619147449336128,8369,200,17
t_test,p90,3.6,5.8,0.12344853913559008,0.9673887724202189,8424,159,3
t_test,p90,3.7,5.8,0.12343399473766595,0.9687863964593524,8438,145,3
t_test,p90,3.8,5.8,0.12341808624977102,0.970184020498486,8452,131,3
t_test,max,4.2,6.0,0.12340428691557283,0.9743768926158863,8494,90,2
t_test,mean,2.8,3.8,0.12338338648398005,0.938038667598416,8129,365,92
t_test,max,2.7,4.2,0.12334290522244735,0.9099697181458187,7848,646,92
t_test,max,3.1,5.0,0.12333266633857932,0.9450267877940834,8200,371,15
t_test,p90,2.6,3.8,0.12317706873060434,0.9039133473095737,7787,665,134
t_test,p75,2.6,3.4,0.12312393643793675,0.9106685301653855,7854,546,186
t_test,p90,3.1,4.8,0.12311719462790136,0.9492196599114838,8242,321,23
t_test,max,4.3,5.4,0.12305455423972649,0.9757745166550198,8508,69,9
t_test,max,2.5,3.6,0.12272157442564338,0.8871418588399721,7619,779,188
t_test,mean,2.6,3.4,0.12268204544618372,0.9184719310505474,7933,504,149
t_test,mean,3.4,4.8,0.12267881385612642,0.9686699277894246,8437,138,11
t_test,p75,3.7,5.8,0.12241704488763143,0.9706498951781971,8457,126,3
t_test,p75,3.8,6.0,0.12238986751777173,0.9720475192173306,8471,113,2
t_test,mean,2.5,3.0,0.12236994414363835,0.9077568134171907,7824,449,313
t_test,p75,4.0,5.8,0.12219060439280127,0.9748427672955975,8499,84,3
t_test,p90,3.2,5.6,0.12218601941388743,0.9536454693687398,8287,292,7
t_test,mean,2.8,4.0,0.12215796613498935,0.9379221989284883,8129,388,69
t_test,p90,3.2,5.2,0.1221368594171737,0.9536454693687398,8287,290,9
t_test,p75,3.4,5.0,0.12192839756840307,0.9649429303517354,8400,174,12
t_test,p75,2.7,4.0,0.12190943936185898,0.9195201490798975,7945,554,87
t_test,p90,3.5,5.8,0.12180996480428576,0.9648264616818076,8399,184,3
t_test,p75,3.4,4.8,0.12176577552573359,0.9649429303517354,8400,169,17
t_test,max,4.4,5.6,0.12173743949835059,0.9776380153738644,8527,51,8
t_test,p90,2.7,4.0,0.12171419285840322,0.9145119962730026,7895,594,97
t_test,p75,3.9,5.8,0.12167671900488644,0.9740274866061029,8491,92,3
t_test,p90,3.3,5.4,0.12162373987103803,0.9584206848357791,8335,243,8
t_test,p90,3.4,5.8,0.12157581980869316,0.9619147449336128,8370,213,3
t_test,max,3.1,5.2,0.12153746053472964,0.9449103191241556,8200,374,12
t_test,max,3.5,6.0,0.12152299360189787,0.9633123689727463,8384,200,2
t_test,max,3.3,5.8,0.12150225982812363,0.9562077801071511,8313,269,4
t_test,p75,4.3,5.0,0.12146094204708195,0.9783368273934312,8534,40,12
t_test,p90,3.0,4.6,0.12133976019106467,0.9400186349871884,8151,403,32
t_test,p75,2.5,3.2,0.1213245898122014,0.8986722571628232,7735,588,263
t_test,p75,4.3,4.8,0.12119746362755647,0.9783368273934312,8534,35,17
t_test,max,3.2,5.8,0.12117865082932822,0.9503843466107617,8255,327,4
t_test,mean,3.9,5.8,0.12111262616703135,0.9753086419753086,8504,82,0
t_test,mean,3.9,6.0,0.12111262616703135,0.9753086419753086,8504,82,0
t_test,max,2.6,4.0,0.12108078917050707,0.9006522245515957,7757,716,113
t_test,p75,3.3,5.4,0.12107924495797294,0.9617982762636851,8369,210,7
t_test,max,3.9,6.0,0.12105598196414971,0.9696016771488469,8447,137,2
t_test,p75,4.1,5.8,0.12089203278023848,0.9760074539948754,8511,72,3
t_test,max,3.0,4.6,0.12075878077805562,0.9354763568600046,8106,444,36
t_test,max,4.5,5.0,0.12053829372434353,0.9789191707430701,8540,31,15
t_test,p90,2.9,4.4,0.12048544456038299,0.9318658280922432,8070,467,49
t_test,mean,3.5,5.6,0.12047204457950338,0.970184020498486,8453,130,3
t_test,mean,3.5,5.4,0.1204336814624567,0.970184020498486,8453,129,4
t_test,mean,2.7,3.8,0.12035878114821229,0.9286047053342651,8037,457,92
t_test,p90,3.6,6.0,0.12035295756181977,0.9672723037502912,8424,160,2
t_test,p90,3.9,6.0,0.12034931006727173,0.9715816445376194,8467,117,2
t_test,p90,3.7,6.0,0.12019975773089905,0.9686699277894246,8438,146,2
t_test,max,3.4,5.8,0.12018070813401832,0.9600512462147682,8352,230,4
t_test,mean,3.1,4.2,0.12017973113799452,0.9567901234567902,8319,227,40
t_test,p75,2.9,4.4,0.12014098541469924,0.938038667598416,8132,417,37
t_test,p90,4.2,5.4,0.12005953070554573,0.9758909853249476,8510,68,8
t_test,p90,3.8,6.0,0.1200321902189912,0.9700675518285581,8452,132,2
t_test,p90,3.2,5.4,0.11995581558142933,0.953529000698812,8287,291,8
t_test,p75,3.2,5.0,0.11986907986824687,0.9571395294665735,8323,251,12
t_test,p90,2.5,3.4,0.11982719061046505,0.8912182622874447,7663,707,216
t_test,mean,3.6,5.6,0.11980799188584976,0.9714651758676915,8466,117,3
t_test,mean,3.6,5.4,0.11976784571028974,0.9714651758676915,8466,116,4
t_test,max,3.1,5.6,0.11976326098391622,0.9447938504542278,8200,378,8
t_test,max,4.0,6.0,0.11974914368687599,0.9721639878872583,8473,111,2
t_test,p75,3.2,4.8,0.11973544546070261,0.9571395294665735,8323,246,17
t_test,p90,2.8,4.4,0.11973172507758519,0.9227812718378756,7980,557,49
t_test,p75,4.2,5.0,0.11962817913360956,0.977288609364081,8524,50,12
t_test,p75,4.2,4.8,0.11937581493253566,0.977288609364081,8524,45,17
t_test,mean,3.8,5.6,0.11937521551454763,0.9742604239459586,8494,89,3
t_test,max,3.0,4.8,0.11936687659774611,0.9353598881900769,8106,455,25
t_test,p90,2.6,4.0,0.11936543977203347,0.9034474726298626,7787,702,97
t_test,mean,3.8,5.4,0.11933066557506135,0.9742604239459586,8494,88,4
t_test,mean,2.6,3.6,0.11932846723422444,0.9181225250407641,7933,533,120
t_test,mean,2.7,4.0,0.11929281528718703,0.9284882366643373,8037,480,69
t_test,max,2.6,4.2,0.11926195389155284,0.90041928721174,7757,737,92
t_test,max,2.7,4.4,0.11922498708474716,0.9095038434661076,7848,679,59
t_test,p75,3.4,5.4,0.1191743180660917,0.9648264616818076,8400,179,7
t_test,p75,2.6,3.6,0.11915178484106335,0.9102026554856744,7854,593,139
t_test,mean,3.2,4.6,0.11912189005876227,0.9620312136035406,8372,194,20
t_test,p75,3.1,5.0,0.11908388395691884,0.9517819706498952,8270,304,12
t_test,mean,3.3,5.2,0.11898297756254334,0.9662240857209411,8414,165,7
t_test,p75,3.7,6.0,0.11897352326959619,0.9705334265082692,8457,127,2
t_test,p75,3.1,4.8,0.11896488776890626,0.9517819706498952,8270,299,17
t_test,mean,3.3,5.0,0.11894899759456877,0.9662240857209411,8414,164,8
t_test,p90,3.5,6.0,0.11893457638174217,0.9647099930118798,8399,185,2
t_test,p90,3.4,6.0,0.11891955478689395,0.9617982762636851,8370,214,2
t_test,max,3.8,6.0,0.11884535671717537,0.9683205217796412,8435,149,2
t_test,p75,3.0,4.4,0.11884178608308024,0.9453761938038667,8206,343,37
t_test,p75,2.9,4.6,0.1186906590035399,0.9379221989284883,8132,428,26
t_test,max,2.9,4.6,0.1186362216254104,0.9277894246447705,8031,519,36
t_test,p90,4.3,5.6,0.11863620755148925,0.9770556720242255,8522,57,7
t_test,p90,4.4,5.0,0.11858426631540156,0.9785697647332867,8537,35,14
t_test,max,2.5,3.8,0.1185696879756147,0.8865595154903331,7619,816,151
t_test,p90,4.3,5.2,0.11853607872423153,0.9770556720242255,8522,55,9
t_test,p75,3.3,5.6,0.11842959795897769,0.9616818075937573,8369,211,6
t_test,p75,3.3,5.2,0.11836961701992296,0.9616818075937573,8369,209,8
t_test,p75,2.6,3.8,0.11831621658183182,0.9100861868157466,7854,617,115
t_test,p75,4.0,6.0,0.11817216723833641,0.9747262986256697,8499,85,2
t_test,p90,3.0,4.8,0.11809940151833814,0.9397856976473329,8151,412,23
t_test,mean,2.5,3.2,0.1180576301917064,0.9071744700675518,7824,548,214
t_test,max,3.1,5.4,0.11788542535665084,0.9446773817843,8200,377,9
t_test,p75,3.9,6.0,0.1177821620131485,0.9739110179361752,8491,93,2
t_test,p75,3.6,5.8,0.11765065817343297,0.9694852084789192,8447,136,3
t_test,p75,3.5,5.8,0.11761582118439735,0.9672723037502912,8425,158,3
t_test,p75,3.2,5.4,0.1176113766251137,0.9570230607966457,8323,256,7
t_test,max,2.9,4.8,0.11738987787916971,0.9276729559748428,8031,530,25
t_test,p90,3.1,5.0,0.11728643705638922,0.9488702539017004,8242,330,14
t_test,p90,2.7,4.2,0.11720950696253642,0.9140461215932913,7895,615,76
t_test,p75,3.0,4.6,0.11719460299987039,0.945259725133939,8206,354,26
t_test,mean,3.5,5.8,0.11715190726782625,0.9700675518285581,8453,133,0
t_test,mean,3.5,6.0,0.11715190726782625,0.9700675518285581,8453,133,0
t_test,max,4.4,5.4,0.1171118851983029,0.9775215467039367,8527,50,9
t_test,max,3.2,6.0,0.11709897441183124,0.9501514092709061,8255,329,2
t_test,p75,3.1,5.4,0.11707531865240714,0.9516655019799674,8270,309,7
t_test,p75,4.3,5.4,0.11700234995718481,0.9782203587235033,8534,45,7
t_test,p75,2.8,4.2,0.11692723474544843,0.9284882366643373,8039,485,62
t_test,max,3.3,6.0,0.11688178816371633,0.9559748427672956,8313,271,2
t_test,p90,3.3,5.8,0.11684079391020791,0.9581877474959236,8335,248,3
t_test,p75,4.1,6.0,0.1166723739384553,0.9758909853249476,8511,73,2
t_test,p90,2.5,3.6,0.11662839552416952,0.8907523876077336,7663,761,162
t_test,max,2.8,4.6,0.11662777339700388,0.9191707430701141,7947,603,36
t_test,mean,3.4,5.6,0.11644864000729632,0.9684369904495691,8437,146,3
t_test,mean,3.4,5.4,0.11641206807574331,0.9684369904495691,8437,145,4
t_test,mean,3.7,5.6,0.11633657462253714,0.9728627999068251,8481,102,3
t_test,mean,3.6,5.8,0.11633627949825465,0.9713487071977638,8466,120,0
t_test,mean,3.6,6.0,0.11633627949825465,0.9713487071977638,8466,120,0
t_test,mean,3.7,5.4,0.11629402709155895,0.9728627999068251,8481,101,4
t_test,p75,3.4,5.6,0.11629039785916846,0.9647099930118798,8400,180,6
t_test,p90,2.9,4.6,0.1162618581409765,0.9315164220824598,8070,484,32
t_test,p75,3.4,5.2,0.11622495318797145,0.9647099930118798,8400,178,8
t_test,p90,2.8,4.6,0.11600191199031888,0.9224318658280922,7980,574,32
t_test,p75,2.7,4.2,0.11591223235025445,0.9189378057302585,7945,579,62
t_test,max,4.5,5.2,0.1158430048342427,0.9788027020731423,8540,34,12
t_test,mean,4.0,5.6,0.11581555402615745,0.9764733286745866,8517,66,3
t_test,mean,3.3,4.8,0.11580858348594637,0.9661076170510132,8414,161,11
t_test,mean,4.0,5.4,0.11576641866872465,0.9764733286745866,8517,65,4
t_test,mean,3.1,4.4,0.11572960677777881,0.9565571861169345,8319,238,29
t_test,p90,3.2,5.8,0.1156683755766312,0.9532960633589564,8287,296,3
t_test,mean,3.8,5.8,0.11552471538996298,0.9741439552760307,8494,92,0
t_test,mean,3.8,6.0,0.11552471538996298,0.9741439552760307,8494,92,0
t_test,max,2.6,4.4,0.11552323711433614,0.8999534125320289,7757,770,59
t_test,max,2.8,4.8,0.11551212154539942,0.9190542744001864,7947,614,25
t_test,p75,4.2,5.4,0.115366964881322,0.9771721406941533,8524,55,7
t_test,p90,2.6,4.2,0.11536682810828033,0.9029815979501514,7787,723,76
t_test,p75,3.2,5.6,0.1152469386283031,0.9569065921267179,8323,257,6
t_test,p75,3.2,5.2,0.11519321882648126,0.9569065921267179,8323,255,8
t_test,p75,2.5,3.4,0.11512839408476633,0.8978569764733286,7735,665,186
t_test,max,3.4,6.0,0.11510819735599237,0.9598183088749126,8352,232,2
t_test,mean,3.0,4.2,0.11501612354571701,0.951898439319823,8273,273,40
t_test,p75,3.1,5.6,0.11497169317623329,0.9515490333100396,8270,310,6
t_test,p75,3.1,5.2,0.11492388413201005,0.9515490333100396,8270,308,8
t_test,max,4.3,5.8,0.11485926583382187,0.9755415793151643,8508,74,4
t_test,mean,4.3,4.6,0.11480993174984669,0.9802003261122758,8554,12,20
t_test,max,3.0,5.0,0.11478501194793833,0.9350104821802935,8106,465,15
t_test,p90,4.5,5.0,0.11478349002201658,0.9793850454227813,8546,26,14
t_test,mean,2.6,3.8,0.11471175238246534,0.9176566503610529,7933,561,92
t_test,p75,3.5,6.0,0.11451096359779166,0.9671558350803634,8425,159,2
t_test,mean,4.2,4.6,0.11444614206649041,0.9793850454227813,8546,20,20
t_test,mean,2.5,3.4,0.11443994786086198,0.9067085953878407,7824,613,149
t_test,max,2.5,4.0,0.11443149932015442,0.8859771721406942,7619,854,113
t_test,p90,3.3,6.0,0.11440839795810034,0.9580712788259959,8335,249,2
t_test,p75,3.6,6.0,0.11432077876081154,0.9693687398089914,8447,137,2
t_test,max,3.1,5.8,0.11427566716062004,0.9444444444444444,8200,382,4
t_test,mean,2.9,4.2,0.11414481008639957,0.9454926624737946,8210,336,40
t_test,p90,4.3,5.4,0.11411196398143246,0.9769392033542977,8522,56,8
t_test,mean,2.6,4.0,0.1137835941832566,0.9175401816911251,7933,584,69
t_test,p90,3.2,6.0,0.1134878791933806,0.9531795946890287,8287,297,2
t_test,p90,2.8,4.8,0.11348170754044491,0.9221989284882367,7980,583,23
t_test,p90,3.1,5.6,0.11342338121385738,0.9486373165618449,8242,337,7
t_test,p90,2.9,4.8,0.11340819287179343,0.9312834847426043,8070,493,23
t_test,p90,3.1,5.2,0.11337812463339864,0.9486373165618449,8242,335,9
t_test,mean,3.4,5.8,0.11329840530610416,0.9683205217796412,8437,149,0
t_test,mean,3.4,6.0,0.11329840530610416,0.9683205217796412,8437,149,0
t_test,max,2.9,5.0,0.11328605219726356,0.9273235499650594,8031,540,15
t_test,max,3.0,5.2,0.11325218131611786,0.9348940135103657,8106,468,12
t_test,p75,3.3,5.8,0.11316101032203262,0.9614488702539017,8369,214,3
t_test,p90,2.5,3.8,0.11315823205154214,0.8902865129280224,7663,789,134
t_test,p90,3.0,5.0,0.11315483420517244,0.9394362916375495,8151,421,14
t_test,p75,2.8,4.4,0.1130174199833048,0.9281388306545539,8039,510,37
t_test,p75,2.6,4.0,0.11296593466952405,0.9095038434661076,7854,645,87
t_test,max,2.5,4.2,0.11283631364194593,0.8857442348008385,7619,875,92
t_test,p90,2.7,4.4,0.1127885054327464,0.9135802469135802,7895,642,49
t_test,max,2.7,4.6,0.11271731228827173,0.9088050314465409,7848,702,36
t_test,mean,3.7,5.8,0.11267219346350514,0.9727463312368972,8481,105,0
t_test,mean,3.7,6.0,0.11267219346350514,0.9727463312368972,8481,105,0
t_test,p75,2.7,4.4,0.11245931720336615,0.9185883997204752,7945,604,37
t_test,p75,4.3,5.6,0.11233364862189563,0.9781038900535756,8534,46,6
t_test,p75,4.3,5.2,0.1122272197784429,0.9781038900535756,8534,44,8
t_test,max,2.9,5.2,0.11191309930040415,0.9272070812951316,8031,543,12
t_test,max,2.8,5.0,0.11183768268522963,0.918704868390403,7947,624,15
t_test,p90,4.2,5.8,0.11179735322170734,0.975658047985092,8510,73,3
t_test,p75,2.8,4.6,0.11175816256582045,0.9280223619846262,8039,521,26
t_test,max,3.0,5.6,0.11173742294929685,0.934777544840438,8106,472,8
t_test,max,2.7,4.8,0.11172469343500341,0.9086885627766131,7848,713,25
t_test,mean,4.4,4.6,0.11164923876218878,0.9804332634521313,8557,9,20
t_test,p75,2.5,3.6,0.11162731375130025,0.8973911017936175,7735,712,139
t_test,mean,4.0,5.8,0.11158650618769458,0.9763568600046587,8517,69,0
t_test,mean,4.0,6.0,0.11158650618769458,0.9763568600046587,8517,69,0
t_test,mean,2.5,3.6,0.11148488976618784,0.9063591893780573,7824,642,120
t_test,p90,2.6,4.4,0.11144233677217305,0.9025157232704403,7787,750,49
t_test,mean,3.2,5.2,0.11141190744546839,0.9616818075937573,8372,207,7
t_test,p90,3.1,5.4,0.11139032437077412,0.948520847891917,8242,336,8
t_test,mean,3.2,5.0,0.11138143862894662,0.9616818075937573,8372,206,8
t_test,p75,2.7,4.6,0.11134715731485459,0.9184719310505474,7945,615,26
t_test,mean,3.1,4.6,0.11122894836142888,0.956324248777079,8319,247,20
t_test,max,4.5,5.6,0.11120425742776097,0.9786862334032146,8540,38,8
t_test,mean,2.8,4.2,0.11116802640324398,0.9371069182389937,8129,417,40
t_test,mean,3.0,4.4,0.11099650904474602,0.9516655019799674,8273,284,29
t_test,p75,4.2,5.6,0.11090447480327971,0.9770556720242255,8524,56,6
t_test,p75,2.5,3.8,0.11089210741356503,0.8972746331236897,7735,736,115
t_test,p75,4.2,5.2,0.1108025814157431,0.9770556720242255,8524,54,8
t_test,p75,3.1,5.8,0.11078879800639632,0.9513160959701841,8270,313,3
t_test,p75,2.9,5.0,0.1106845656603611,0.9373398555788492,8132,442,12
t_test,max,2.8,5.2,0.11060834478487674,0.9185883997204752,7947,627,12
t_test,max,3.1,6.0,0.1106038698638595,0.9442115071045889,8200,384,2
t_test,mean,2.9,4.4,0.11059420009085147,0.945259725133939,8210,347,29
t_test,p75,2.9,4.8,0.11059124440493545,0.9373398555788492,8132,437,17
t_test,max,2.9,5.6,0.11055633874953576,0.9270906126252039,8031,547,8
t_test,p75,3.4,5.8,0.11055612786080604,0.9644770556720242,8400,183,3
t_test,p75,3.2,5.8,0.11054549262090688,0.9566736547868623,8323,260,3
t_test,p75,3.3,6.0,0.11051199312512149,0.9613324015839739,8369,215,2
t_test,max,3.0,5.4,0.11013332077071657,0.9346610761705101,8106,471,9
t_test,mean,3.3,5.6,0.11000630782690986,0.9658746797111577,8414,169,3
t_test,mean,4.1,5.2,0.11000232527518253,0.978453296063359,8538,41,7
t_test,mean,3.3,5.4,0.10997198693242548,0.9658746797111577,8414,168,4
t_test,mean,4.1,5.0,0.1099479666888164,0.978453296063359,8538,40,8
t_test,p90,3.0,5.6,0.10987879601553142,0.939203354297694,8151,428,7
t_test,p90,3.0,5.2,0.10984025597178335,0.939203354297694,8151,426,9
t_test,p90,2.5,4.0,0.10978611471879349,0.8898206382483113,7663,826,97
t_test,mean,2.7,4.2,0.10972231428859149,0.9276729559748428,8037,509,40
t_test,p90,2.8,5.0,0.10963534527017092,0.9218495224784533,7980,592,14
t_test,max,2.6,4.6,0.1096129774242124,0.8992546005124622,7757,793,36
t_test,max,2.5,4.4,0.10955628639546981,0.8852783601211274,7619,908,59
t_test,p90,2.7,4.6,0.10943121031798293,0.9132308409037969,7895,659,32
t_test,max,2.8,5.6,0.10939351123630846,0.9184719310505474,7947,631,8
t_test,p90,4.4,5.6,0.10938279013169894,0.9783368273934312,8537,42,7
t_test,p90,4.4,5.2,0.10927450031122855,0.9783368273934312,8537,40,9
t_test,p75,2.9,5.4,0.1091250380914974,0.9372233869089215,8132,447,7
t_test,max,2.9,5.4,0.10911943284664041,0.926974143955276,8031,546,9
t_test,p90,2.9,5.0,0.1090530673154725,0.9309340787328209,8070,502,14
t_test,max,2.6,4.8,0.10871174598364584,0.8991381318425343,7757,804,25
t_test,p75,3.1,6.0,0.10868556953896479,0.9511996273002562,8270,314,2
t_test,mean,3.2,4.8,0.10858877350023026,0.9615653389238294,8372,203,11
t_test,p90,2.6,4.6,0.10846180290170442,0.9021663172606569,7787,767,32
t_test,max,2.7,5.0,0.10845391706984504,0.9083391567668297,7848,723,15
t_test,max,4.4,5.8,0.10822173255120611,0.977288609364081,8527,55,4
t_test,p75,3.2,6.0,0.10818155616787871,0.9565571861169345,8323,261,2
t_test,p90,3.0,5.4,0.10815427646141469,0.9390868856277661,8151,427,8
t_test,max,2.8,5.4,0.10810681048900227,0.9183554623806196,7947,630,9
t_test,p75,3.0,5.0,0.10810080264039106,0.9446773817843,8206,368,12
t_test,mean,2.8,4.4,0.10808106827601172,0.9368739808991381,8129,428,29
t_test,p75,3.0,4.8,0.10799448745033485,0.9446773817843,8206,363,17
t_test,p75,3.4,6.0,0.10767295375333413,0.9643605870020965,8400,184,2
t_test,p90,4.2,6.0,0.10759572610485472,0.9755415793151643,8510,74,2
t_test,p75,2.6,4.2,0.10758120785958307,0.9089215001164687,7854,670,62
t_test,p75,2.9,5.6,0.10749093619473812,0.9371069182389937,8132,448,6
t_test,p90,3.1,5.8,0.10748336269615219,0.9482879105520615,8242,341,3
t_test,p75,2.9,5.2,0.10745348071658777,0.9371069182389937,8132,446,8
t_test,mean,2.5,3.8,0.10741504892467534,0.9058933146983461,7824,670,92
t_test,max,2.7,5.2,0.10735958836334991,0.908222688096902,7848,726,12
t_test,p90,2.7,4.8,0.10716236600632437,0.9129979035639413,7895,668,23
t_test,p90,2.8,5.6,0.10708679157465324,0.9216165851385977,7980,599,7
t_test,mean,3.3,5.8,0.10707208485115391,0.9657582110412299,8414,172,0
t_test,mean,3.3,6.0,0.10707208485115391,0.9657582110412299,8414,172,0
t_test,p90,2.8,5.2,0.10705671117028724,0.9216165851385977,7980,597,9
t_test,max,3.0,5.8,0.1070507977382185,0.9344281388306546,8106,476,4
t_test,mean,2.7,4.4,0.10703384641272874,0.9274400186349872,8037,520,29
t_test,mean,2.9,4.6,0.10700257150978884,0.9450267877940834,8210,356,20
t_test,mean,3.0,4.6,0.10693073900494632,0.9514325646401118,8273,293,20
t_test,p75,4.4,5.0,0.10678856437607342,0.979501514092709,8549,25,12
t_test,mean,2.5,4.0,0.10659853427642418,0.9057768460284183,7824,693,69
t_test,max,4.3,6.0,0.10652497238924913,0.9753086419753086,8508,76,2
t_test,p75,4.4,4.8,0.10650073081780974,0.979501514092709,8549,20,17
t_test,p90,2.6,4.8,0.10644745038711437,0.9019333799208014,7787,776,23
t_test,max,2.9,5.8,0.10635830594098872,0.9267412066154205,8031,551,4
t_test,p75,3.0,5.4,0.10632963373810572,0.9445609131143722,8206,373,7
t_test,max,4.5,5.4,0.10629234623829077,0.9785697647332867,8540,37,9
t_test,max,2.7,5.6,0.10627820604290121,0.9081062194269741,7848,730,8
t_test,p90,2.5,4.2,0.10624621767830439,0.8893547635686,7663,847,76
t_test,p75,2.5,4.0,0.10617209590334403,0.8966922897740508,7735,764,87
t_test,p90,2.9,5.6,0.10616752751787582,0.9307011413929653,8070,509,7
t_test,p90,2.9,5.2,0.10613343355644018,0.9307011413929653,8070,507,9
t_test,p90,2.8,5.4,0.10574496373817305,0.9215001164686699,7980,598,8
t_test,max,2.6,5.0,0.10574098439955945,0.898788725832751,7757,814,15
t_test,max,2.8,5.8,0.10563440907375521,0.9181225250407641,7947,635,4
t_test,p75,4.5,5.0,0.10551983755400654,0.980083857442348,8555,19,12
t_test,p90,3.1,6.0,0.10549601721596612,0.9481714418821338,8242,342,2
t_test,mean,2.6,4.2,0.10543380993577595,0.9167249010016305,7933,613,40
t_test,p90,4.3,5.8,0.10541766190601706,0.9767062660144421,8522,61,3
t_test,p75,4.5,4.8,0.10522274268037742,0.980083857442348,8555,14,17
t_test,p75,2.7,5.0,0.10520153080720614,0.9178895877009084,7945,629,12
t_test,p90,4.5,5.6,0.1051787349719971,0.9791521080829257,8546,33,7
t_test,max,2.7,5.4,0.10513261054638934,0.9079897507570464,7848,729,9
t_test,p75,2.7,4.8,0.10512943633678982,0.9178895877009084,7945,624,17
t_test,p90,4.5,5.2,0.10506514492015719,0.9791521080829257,8546,31,9
t_test,mean,4.1,4.8,0.1049728773036387,0.9783368273934312,8538,37,11
t_test,mean,2.8,4.6,0.10495814034238643,0.9366410435592826,8129,437,20
t_test,p90,3.0,5.8,0.10484066992031292,0.9388539482879106,8151,432,3
t_test,p75,2.8,5.0,0.10480041892520414,0.9274400186349872,8039,535,12
t_test,max,2.6,5.2,0.1047470046354119,0.8986722571628232,7757,817,12
t_test,p75,2.8,4.8,0.10471876126616968,0.9274400186349872,8039,530,17
t_test,p90,2.9,5.4,0.10464821276287467,0.9305846727230375,8070,508,8
t_test,p90,4.4,5.4,0.10454009285983216,0.9782203587235033,8537,41,8
t_test,p75,2.6,4.4,0.10448195487313273,0.9085720941066853,7854,695,37
t_test,p75,3.0,5.6,0.10447351941000492,0.9444444444444444,8206,374,6
t_test,mean,3.1,5.2,0.10446906224856073,0.9559748427672956,8319,260,7
t_test,mean,3.1,5.0,0.10444212718132304,0.9559748427672956,8319,259,8
t_test,p75,3.0,5.2,0.10443082954341382,0.9444444444444444,8206,372,8
t_test,max,2.5,4.6,0.10436867220932533,0.8845795481015607,7619,931,36
t_test,mean,4.5,4.6,0.1043482438981795,0.9807826694619147,8562,4,20
t_test,mean,2.7,4.6,0.10431386477905948,0.9272070812951316,8037,529,20
t_test,p75,2.9,5.8,0.10424173245700652,0.9368739808991381,8132,451,3
t_test,p75,2.7,5.4,0.1040044982204898,0.9177731190309807,7945,634,7
t_test,max,3.0,6.0,0.10391477244179897,0.9341952014907989,8106,478,2
t_test,max,2.6,5.6,0.10376481035731734,0.8985557884928954,7757,821,8
t_test,p90,2.7,5.0,0.10369907338393332,0.9126484975541579,7895,677,14
t_test,max,2.5,4.8,0.10357804184496452,0.8844630794316329,7619,942,25
t_test,max,2.9,6.0,0.10354917529746059,0.9265082692755648,8031,553,2
t_test,p75,2.6,4.6,0.10348398821400838,0.9084556254367575,7854,706,26
t_test,p75,2.8,5.4,0.10344527527194709,0.9273235499650594,8039,540,7
t_test,mean,3.2,5.6,0.10343224597055464,0.9613324015839739,8372,211,3
t_test,mean,3.2,5.4,0.10340150775517955,0.9613324015839739,8372,210,4
t_test,p90,2.6,5.0,0.10337248865215026,0.901583973911018,7787,785,14
t_test,p90,2.8,5.8,0.10316691783276355,0.9212671791288144,7980,603,3
t_test,p90,3.0,6.0,0.10315501759142408,0.9387374796179828,8151,433,2
t_test,max,2.8,6.0,0.10311895427664376,0.9178895877009084,7947,637,2
t_test,mean,2.6,4.4,0.10308823246595311,0.916491963661775,7933,624,29
t_test,p75,4.3,5.8,0.1030516828158879,0.97787095271372,8534,49,3
t_test,max,2.7,5.8,0.10293162393613432,0.9077568134171907,7848,734,4
t_test,p90,2.5,4.4,0.10277237574652695,0.8888888888888888,7663,874,49
t_test,p75,2.7,5.6,0.10274983885035892,0.9176566503610529,7945,635,6
t_test,max,2.6,5.4,0.10272411667307471,0.8984393198229677,7757,820,9
t_test,p75,2.7,5.2,0.10272092624156473,0.9176566503610529,7945,633,8
t_test,p75,2.9,6.0,0.10260787015275787,0.9367575122292103,8132,452,2
t_test,p75,4.2,5.8,0.10203247182903512,0.9768227346843699,8524,59,3
t_test,p75,2.8,5.6,0.102024868033425,0.9272070812951316,8039,541,6
t_test,p75,4.4,5.4,0.10200278193703138,0.9793850454227813,8549,30,7
t_test,p75,2.8,5.2,0.10199210907727312,0.9272070812951316,8039,539,8
t_test,mean,3.1,4.8,0.10199189773931673,0.9558583740973678,8319,256,11
t_test,p90,2.8,6.0,0.10185536846704851,0.9211507104588865,7980,604,2
t_test,p90,2.9,5.8,0.10172933305551357,0.9303517353831819,8070,513,3
t_test,mean,2.9,5.2,0.10160725366755614,0.9446773817843,8210,369,7
t_test,mean,2.9,5.0,0.1015856819410442,0.9446773817843,8210,368,8
t_test,p75,2.5,4.2,0.10142099088633733,0.8961099464244119,7735,789,62
t_test,p90,2.7,5.6,0.10140436881340396,0.9124155602143024,7895,684,7
t_test,p90,2.7,5.2,0.10137710481478703,0.9124155602143024,7895,682,9
t_test,p90,2.6,5.6,0.1013350330384722,0.9013510365711623,7787,792,7
t_test,p90,2.6,5.2,0.10131082333209723,0.9013510365711623,7787,790,9
t_test,p90,4.3,6.0,0.10099579926487483,0.9765897973445143,8522,62,2
t_test,max,2.5,5.0,0.10097022439464744,0.8841136734218495,7619,952,15
t_test,mean,3.2,5.8,0.10082422040600066,0.9612159329140462,8372,214,0
t_test,mean,3.2,6.0,0.10082422040600066,0.9612159329140462,8372,214,0
t_test,mean,3.0,5.2,0.10082359424207185,0.9510831586303284,8273,306,7
t_test,mean,3.0,5.0,0.10079915498878893,0.9510831586303284,8273,305,8
t_test,p75,3.0,5.8,0.10078298702630718,0.9442115071045889,8206,377,3
t_test,max,2.6,5.8,0.10072488091516006,0.898206382483112,7757,825,4
t_test,mean,2.6,4.6,0.10071491699652842,0.9162590263219194,7933,633,20
t_test,max,2.7,6.0,0.10069216248339596,0.9075238760773352,7848,736,2
t_test,p75,4.5,5.4,0.10058759330358191,0.9799673887724202,8555,24,7
t_test,mean,2.8,5.2,0.10026655550289491,0.9362916375494992,8129,450,7
t_test,p90,2.6,5.4,0.10026191645736195,0.9012345679012346,7787,791,8
t_test,p75,2.7,5.8,0.1002551369554252,0.9174237130211973,7945,638,3
t_test,mean,2.8,5.0,0.10024776730678571,0.9362916375494992,8129,449,8
t_test,p90,2.9,6.0,0.10024436617697861,0.9302352667132542,8070,514,2
t_test,mean,2.7,5.2,0.10022737914579921,0.9268576752853482,8037,542,7
t_test,mean,2.7,5.0,0.10021101288688825,0.9268576752853482,8037,541,8
t_test,p90,2.7,5.4,0.10019577789459269,0.9122990915443746,7895,683,8
t_test,mean,4.2,5.2,0.1001797334913902,0.9790356394129979,8546,33,7
t_test,p90,2.5,4.6,0.10013355404339146,0.8885394828791056,7663,891,32
t_test,mean,4.2,5.0,0.10012262479955299,0.9790356394129979,8546,32,8
t_test,p90,4.5,5.4,0.10012262479955299,0.9790356394129979,8546,32,8
t_test,max,2.5,5.2,0.10009764417511353,0.8839972047519218,7619,955,12
t_test,mean,4.3,5.2,0.09996237164094585,0.9798509201024924,8554,25,7
t_test,mean,4.3,5.0,0.09990292332882043,0.9798509201024924,8554,24,8
t_test,mean,2.9,4.8,0.09962942572553617,0.9445609131143722,8210,365,11
t_test,max,2.5,5.6,0.09923545561560823,0.8838807360819939,7619,959,8
t_test,mean,2.5,4.2,0.09923445852057017,0.9049615653389238,7824,722,40
t_test,p75,2.8,5.8,0.09920063879288113,0.926974143955276,8039,544,3
t_test,max,4.4,6.0,0.09917988740294408,0.9770556720242255,8527,57,2
t_test,p75,2.7,6.0,0.0990006188397763,0.9173072443512695,7945,639,2
t_test,p75,3.0,6.0,0.09892718182112492,0.944095038434661,8206,378,2
t_test,mean,2.7,4.8,0.09872904733788998,0.9267412066154205,8037,538,11
t_test,max,2.6,6.0,0.09869058930491584,0.8979734451432565,7757,827,2
t_test,p75,2.5,4.4,0.09868703012082636,0.8957605404146285,7735,814,37
t_test,mean,3.0,4.8,0.0985847002793503,0.9509666899604007,8273,302,11
t_test,mean,2.8,4.8,0.09854640970669673,0.9361751688795714,8129,446,11
t_test,p75,4.3,6.0,0.09838493663119306,0.9777544840437922,8534,50,2
t_test,p90,2.5,4.8,0.09834982385243532,0.8883065455392499,7663,900,23
t_test,max,2.5,5.4,0.09832163867363478,0.8837642674120662,7619,958,9
t_test,p90,2.6,5.8,0.09820062722264944,0.9010016305613789,7787,796,3
t_test,p75,2.6,5.0,0.09796382199958494,0.9078732820871186,7854,720,12
t_test,p75,2.6,4.8,0.0978985227057345,0.9078732820871186,7854,715,17
t_test,p90,2.7,5.8,0.0978742863631909,0.912066154204519,7895,688,3
t_test,p75,2.5,4.6,0.09780685279488469,0.8956440717447006,7735,825,26
t_test,p75,2.8,6.0,0.09778041259417765,0.9268576752853482,8039,545,2
t_test,p75,4.2,6.0,0.09757176805933862,0.9767062660144421,8524,60,2
t_test,mean,3.1,5.6,0.09747025287539064,0.9556254367575122,8319,264,3
t_test,mean,3.1,5.4,0.09744311056899031,0.9556254367575122,8319,263,4
t_test,mean,2.5,4.4,0.09716587376399968,0.9047286279990683,7824,733,29
t_test,p90,2.6,6.0,0.09715184700125215,0.9008851618914512,7787,797,2
t_test,mean,2.6,5.2,0.09714904902761856,0.9159096203121361,7933,646,7
t_test,mean,2.6,5.0,0.09713471601674323,0.9159096203121361,7933,645,8
t_test,p75,4.4,5.6,0.0969875122233734,0.9792685767528535,8549,31,6
t_test,p75,2.6,5.4,0.09688881994663506,0.9077568134171907,7854,725,7
t_test,p75,4.4,5.2,0.09687118293714742,0.9792685767528535,8549,29,8
t_test,max,4.5,5.8,0.09685657797704934,0.9783368273934312,8540,42,4
t_test,p90,2.7,6.0,0.09669312009164709,0.9119496855345912,7895,689,2
t_test,mean,4.4,5.2,0.09657423234967634,0.980083857442348,8557,22,7
t_test,max,2.5,5.8,0.09656647912301555,0.8835313300722106,7619,963,4
t_test,mean,4.4,5.0,0.09651363500703423,0.980083857442348,8557,21,8
t_test,mean,2.9,5.6,0.09602001566945767,0.9443279757745167,8210,373,3
t_test,mean,2.9,5.4,0.09599831186973459,0.9443279757745167,8210,372,4
t_test,mean,2.7,5.6,0.09599487407956278,0.9265082692755648,8037,546,3
t_test,mean,2.7,5.4,0.09597843203051012,0.9265082692755648,8037,545,4
t_test,mean,2.6,4.8,0.0958411487607803,0.9157931516422082,7933,642,11
t_test,mean,4.1,5.6,0.09579082340011177,0.9781038900535756,8538,45,3
t_test,p75,2.6,5.6,0.09576161790017249,0.907640344747263,7854,726,6
t_test,mean,4.1,5.4,0.0957356103037323,0.9781038900535756,8538,44,4
t_test,p75,2.6,5.2,0.09573543782609924,0.907640344747263,7854,724,8
t_test,p90,2.5,5.0,0.09562637952931016,0.8879571395294665,7663,909,14
t_test,p75,4.5,5.6,0.09541850150512377,0.9798509201024924,8555,25,6
t_test,mean,2.8,5.6,0.09540755985887753,0.9359422315397158,8129,454,3
t_test,mean,2.8,5.4,0.09538867177510406,0.9359422315397158,8129,453,4
t_test,p75,4.5,5.2,0.09529839332993784,0.9798509201024924,8555,23,8
t_test,p90,4.4,5.8,0.095237989038628,0.9779874213836478,8537,46,3
t_test,mean,3.1,5.8,0.09518303921317234,0.9555089680875845,8319,267,0
t_test,mean,3.1,6.0,0.09518303921317234,0.9555089680875845,8319,267,0
t_test,mean,2.5,4.6,0.09507257136188184,0.9044956906592126,7824,742,20
t_test,mean,4.2,4.8,0.09495098441739808,0.9789191707430701,8546,29,11
t_test,max,2.5,6.0,0.0947803763083625,0.883298392732355,7619,965,2
t_test,mean,2.7,5.8,0.09461162008790673,0.9263918006056371,8037,549,0
t_test,mean,2.7,6.0,0.09461162008790673,0.9263918006056371,8037,549,0
t_test,mean,4.3,4.8,0.09452062682017497,0.9797344514325647,8554,21,11
t_test,mean,3.0,5.6,0.09449934752896226,0.950733752620545,8273,310,3
t_test,mean,3.0,5.4,0.09447473906058884,0.950733752620545,8273,309,4
t_test,mean,2.9,5.8,0.09419408550404783,0.9442115071045889,8210,376,0
t_test,mean,2.9,6.0,0.09419408550404783,0.9442115071045889,8210,376,0
t_test,p90,2.5,5.6,0.09382188910274604,0.887724202189611,7663,916,7
t_test,mean,2.8,5.8,0.09381960886771923,0.935825762869788,8129,457,0
t_test,mean,2.8,6.0,0.09381960886771923,0.935825762869788,8129,457,0
t_test,p90,2.5,5.2,0.09380026061893032,0.887724202189611,7663,914,9
t_test,p75,2.6,5.8,0.09352043342925612,0.9074074074074074,7854,729,3
t_test,mean,2.6,5.6,0.09345515647850769,0.9155602143023527,7933,650,3
t_test,mean,2.6,5.4,0.09344076573988495,0.9155602143023527,7933,649,4
t_test,p75,2.5,5.0,0.0929346209401398,0.8950617283950617,7735,839,12
t_test,p75,2.5,4.8,0.09287665328102326,0.8950617283950617,7735,834,17
t_test,p90,2.5,5.4,0.09287104498469578,0.8876077335196833,7663,915,8
t_test,mean,3.0,5.8,0.09243267593779629,0.9506172839506173,8273,313,0
t_test,mean,3.0,6.0,0.09243267593779629,0.9506172839506173,8273,313,0
t_test,p75,2.6,6.0,0.0923933454056177,0.9072909387374796,7854,730,2
t_test,mean,2.6,5.8,0.09224797881661985,0.9154437456324249,7933,653,0
t_test,mean,2.6,6.0,0.09224797881661985,0.9154437456324249,7933,653,0
t_test,p75,2.5,5.4,0.09198591368969385,0.894945259725134,7735,844,7
t_test,mean,2.5,5.2,0.0919272475490651,0.9041462846494293,7824,755,7
t_test,mean,2.5,5.0,0.09191452766505996,0.9041462846494293,7824,754,8
t_test,mean,4.1,5.8,0.09114767980697985,0.9779874213836478,8538,48,0
t_test,mean,4.1,6.0,0.09114767980697985,0.9779874213836478,8538,48,0
t_test,mean,4.4,4.8,0.0910471848037629,0.9799673887724202,8557,18,11
t_test,p90,2.5,5.8,0.0910452212190196,0.8873747961798276,7663,920,3
t_test,p75,2.5,5.6,0.09099086307914243,0.8948287910552062,7735,845,6
t_test,p75,2.5,5.2,0.09096762900041518,0.8948287910552062,7735,843,8
t_test,mean,2.5,4.8,0.09077293497070252,0.9040298159795015,7824,751,11
t_test,p90,4.4,6.0,0.09050616080135114,0.97787095271372,8537,47,2
t_test,p90,4.5,5.8,0.09041263018931367,0.9788027020731423,8546,37,3
t_test,p90,2.5,6.0,0.09011610498987159,0.8872583275098999,7663,921,2
t_test,p75,2.5,5.8,0.08901247988174828,0.8945958537153506,7735,848,3
t_test,mean,4.5,5.2,0.08887989140699017,0.9804332634521313,8562,17,7
t_test,mean,4.5,5.0,0.08881715675436135,0.9804332634521313,8562,16,8
t_test,mean,2.5,5.6,0.0886682017363802,0.903796878639646,7824,759,3
t_test,mean,2.5,5.4,0.08865543691630969,0.903796878639646,7824,758,4
t_test,p75,2.5,6.0,0.08801751813110929,0.8944793850454228,7735,849,2
t_test,mean,2.5,5.8,0.08760323314809396,0.9036804099697181,7824,762,0
t_test,mean,2.5,6.0,0.08760323314809396,0.9036804099697181,7824,762,0
t_test,max,4.5,6.0,0.08725788557644648,0.9781038900535756,8540,44,2
t_test,p75,4.4,5.8,0.0870177022203718,0.9790356394129979,8549,34,3
t_test,p90,4.5,6.0,0.08547292106108739,0.9786862334032146,8546,38,2
t_test,mean,4.2,5.6,0.08541489738815727,0.9786862334032146,8546,37,3
t_test,mean,4.2,5.4,0.08535686635193677,0.9786862334032146,8546,36,4
t_test,p75,4.5,5.8,0.08514309651556709,0.9796179827626369,8555,28,3
t_test,mean,4.3,5.6,0.08459661967292251,0.979501514092709,8554,29,3
t_test,mean,4.3,5.4,0.08453617240915386,0.979501514092709,8554,28,4
t_test,mean,4.5,4.8,0.08320407298055407,0.9803167947822036,8562,13,11
t_test,p75,4.4,6.0,0.0820046890201481,0.9789191707430701,8549,35,2
t_test,mean,4.4,5.6,0.08097121660443526,0.9797344514325647,8557,26,3
t_test,mean,4.4,5.4,0.08090958922313086,0.9797344514325647,8557,25,4
t_test,mean,4.2,5.8,0.08059216460862928,0.9785697647332867,8546,40,0
t_test,mean,4.2,6.0,0.08059216460862928,0.9785697647332867,8546,40,0
t_test,p75,4.5,6.0,0.07997640178338415,0.979501514092709,8555,29,2
t_test,mean,4.3,5.8,0.07957778808731511,0.9793850454227813,8554,32,0
t_test,mean,4.3,6.0,0.07957778808731511,0.9793850454227813,8554,32,0
t_test,mean,4.4,5.8,0.0758753368099392,0.9796179827626369,8557,29,0
t_test,mean,4.4,6.0,0.0758753368099392,0.9796179827626369,8557,29,0
t_test,mean,4.5,5.6,0.07286522122133839,0.980083857442348,8562,21,3
t_test,mean,4.5,5.4,0.07280140146486791,0.980083857442348,8562,20,4
t_test,mean,4.5,5.8,0.06763590631356312,0.9799673887724202,8562,24,0
t_test,mean,4.5,6.0,0.06763590631356312,0.9799673887724202,8562,24,0
bdpm,p90,0.6,0.62,0.04800036679425056,0.784350256171402,6743,234,1611
bdpm,max,0.6,0.62,0.04776010531947986,0.7770144387517466,6675,235,1678
bdpm,max,0.64,0.66,0.047162891300870105,0.8247554727526781,7121,162,1305
bdpm,max,0.62,0.66,0.04697860464497607,0.8018164881229622,6910,373,1305
bdpm,p90,0.58,0.62,0.04676887579446189,0.7593153237074989,6515,462,1611
bdpm,p90,0.64,0.66,0.04673242563593334,0.8302282254308337,7173,177,1238
bdpm,max,0.58,0.62,0.0462311566181151,0.7522123893805309,6450,460,1678
bdpm,p90,0.62,0.66,0.04543802937367861,0.8086865393572427,6977,373,1238
bdpm,p75,0.6,0.62,0.04490050930329453,0.7964601769911505,6862,210,1516
bdpm,p75,0.58,0.62,0.04365401937489381,0.7703772706101537,6625,447,1516
bdpm,max,0.62,0.7,0.04288490266997153,0.8004191895668374,6910,759,919
bdpm,p75,0.56,0.58,0.04278106464096652,0.7410340009315324,6352,273,1963
bdpm,max,0.64,0.7,0.04253531552395536,0.8233581741965533,7121,548,919
bdpm,max,0.6,0.66,0.042059121732467473,0.7751513740102468,6675,608,1305
bdpm,p90,0.56,0.62,0.041586998493624044,0.7243828598043782,6207,770,1611
bdpm,p75,0.62,0.66,0.04148820225269075,0.8181183046110853,7072,383,1133
bdpm,p90,0.56,0.58,0.04133539689894224,0.7249650675360969,6207,308,2073
bdpm,max,0.56,0.58,0.04123129798766157,0.7154168607359106,6119,331,2138
bdpm,max,0.58,0.66,0.04109461626983067,0.7503493246390313,6450,833,1305
bdpm,p90,0.6,0.66,0.04108124097518397,0.7822543083372148,6743,607,1238
bdpm,max,0.56,0.62,0.04107382085409009,0.7147182114578482,6119,791,1678
bdpm,p90,0.64,0.7,0.04072332813990619,0.8285980437820214,7173,572,843
bdpm,p75,0.64,0.66,0.04068015597235574,0.8404750815090825,7278,177,1133
bdpm,p90,0.58,0.66,0.040562559104246096,0.7572193758733116,6515,835,1238
bdpm,max,0.68,0.7,0.04055147347845593,0.8636469492314858,7493,176,919
bdpm,p90,0.62,0.7,0.04010012417037567,0.8070563577084303,6977,768,843
bdpm,max,0.66,0.7,0.03991816950821145,0.8405915230554262,7283,386,919
bdpm,p75,0.54,0.58,0.039820581728291775,0.7134373544480671,6107,518,1963
bdpm,max,0.52,0.54,0.039659141974932366,0.6627852817885421,5635,266,2687
bdpm,p75,0.56,0.62,0.0395311282937853,0.7395202608290639,6352,720,1516
bdpm,p75,0.6,0.66,0.03925638307343267,0.7947135537959944,6862,593,1133
bdpm,mean,0.56,0.58,0.03900817635079302,0.7612948299953424,6549,275,1764
bdpm,mean,0.6,0.62,0.038784223539990545,0.8128784350256172,7026,211,1351
bdpm,p75,0.58,0.66,0.03864592069084413,0.7686306474149976,6625,830,1133
bdpm,max,0.6,0.7,0.03844306746550086,0.773754075454122,6675,994,919
bdpm,p90,0.52,0.54,0.03830145829244262,0.6712855146716349,5718,264,2606
bdpm,p90,0.54,0.62,0.03822147763589515,0.6987657196087564,5982,995,1611
bdpm,mean,0.58,0.62,0.038215987233204574,0.7906380996739637,6824,413,1351
bdpm,max,0.62,0.74,0.03810027951334159,0.7989054494643689,6910,1122,556
bdpm,p90,0.54,0.58,0.03798315614894543,0.6993479273404751,5982,533,2073
bdpm,max,0.52,0.58,0.03790289608367459,0.6613879832324173,5635,815,2138
bdpm,max,0.58,0.7,0.03783585756165489,0.7489520260829063,6450,1219,919
bdpm,max,0.52,0.62,0.037776455701818874,0.6606893339543549,5635,1275,1678
bdpm,p75,0.52,0.58,0.037556186996455784,0.6850256171401956,5854,771,1963
bdpm,mean,0.54,0.58,0.03744982864871621,0.7377736376339078,6338,486,1764
bdpm,max,0.54,0.58,0.0374158737093231,0.6903819282720075,5901,549,2138
bdpm,p90,0.52,0.62,0.03733301513997624,0.6695388914764788,5718,1259,1611
bdpm,max,0.54,0.62,0.03727857521223519,0.689683278993945,5901,1009,1678
bdpm,max,0.64,0.74,0.037130200051574726,0.8218444340940848,7121,911,556
bdpm,p90,0.52,0.58,0.03711384164554558,0.6701210992081975,5718,797,2073
bdpm,p90,0.68,0.7,0.03702715186360583,0.8701676758267349,7558,187,843
bdpm,p75,0.54,0.62,0.036880405778614136,0.7119236143455985,6107,965,1516
bdpm,p75,0.52,0.54,0.036726077905205774,0.6854913833255706,5854,253,2481
bdpm,max,0.56,0.66,0.03659657876823082,0.7128551467163484,6119,1164,1305
bdpm,p90,0.5,0.54,0.0364561856071068,0.6431066604564508,5467,515,2606
bdpm,p90,0.6,0.7,0.036379465542261666,0.7806241266884024,6743,1002,843
bdpm,p90,0.58,0.7,0.03634342122609044,0.7555891942244993,6515,1230,843
bdpm,p90,0.56,0.66,0.03614629053320953,0.722286911970191,6207,1143,1238
bdpm,mean,0.5,0.54,0.03614448770680667,0.6802515137401025,5811,527,2250
bdpm,max,0.5,0.54,0.03599494597162012,0.6363530507685142,5406,495,2687
bdpm,p75,0.5,0.58,0.03594807926698141,0.6564974382859804,5599,1026,1963
bdpm,mean,0.5,0.58,0.035775126795633154,0.6794364229156963,5811,1013,1764
bdpm,p90,0.64,0.74,0.03559133764547663,0.8272007452258966,7173,909,506
bdpm,p90,0.5,0.62,0.03556949660894789,0.6413600372612949,5467,1510,1611
bdpm,p90,0.62,0.74,0.03553827753208326,0.8056590591523055,6977,1105,506
bdpm,mean,0.52,0.54,0.03551355542360598,0.7095947834187238,6080,258,2250
bdpm,p90,0.5,0.58,0.03536396097169272,0.6419422449930136,5467,1048,2073
bdpm,mean,0.56,0.62,0.035284634159408995,0.7597810898928737,6549,688,1351
bdpm,p75,0.5,0.54,0.035182322821931955,0.6569632044713554,5599,508,2481
bdpm,mean,0.52,0.58,0.0351081980763786,0.7087796925943176,6080,744,1764
bdpm,p75,0.56,0.66,0.03510465851122995,0.7377736376339078,6352,1103,1133
bdpm,max,0.62,0.78,0.03508609445456154,0.7978574755472753,6910,1415,263
bdpm,p75,0.52,0.62,0.03487895645032091,0.6835118770377271,5854,1218,1516
bdpm,max,0.62,0.82,0.034821263137036505,0.797508150908244,6910,1621,57
bdpm,p75,0.48,0.5,0.03479415678087997,0.6261061946902655,5313,286,2989
bdpm,p90,0.66,0.7,0.034777126320189894,0.8469958081043316,7350,395,843
bdpm,max,0.62,0.9,0.034653858711359675,0.7973917093619003,6910,1678,0
bdpm,mean,0.48,0.5,0.0345759110320173,0.6507918025151374,5541,270,2777
bdpm,max,0.62,0.86,0.034572281418595106,0.7973917093619003,6910,1666,12
bdpm,max,0.5,0.58,0.03436774521756414,0.6349557522123894,5406,1044,2138
bdpm,max,0.5,0.62,0.03425635946593822,0.634257102934327,5406,1504,1678
bdpm,max,0.6,0.74,0.03421163367681426,0.7722403353516535,6675,1357,556
bdpm,max,0.7,0.74,0.03412597926941758,0.881578947368421,7669,363,556
bdpm,mean,0.54,0.62,0.03405753369842987,0.7362598975314392,6338,899,1351
bdpm,max,0.72,0.74,0.03404426031382201,0.901374010246856,7849,183,556
bdpm,p90,0.62,0.78,0.03403354804328054,0.8049604098742431,6977,1382,229
bdpm,p90,0.48,0.5,0.0340232797256444,0.6141127154168607,5205,262,3121
bdpm,max,0.58,0.74,0.034020449296238806,0.7474382859804378,6450,1582,556
bdpm,max,0.52,0.66,0.03400324071457854,0.6588262692128551,5635,1648,1305
bdpm,max,0.66,0.74,0.0339227091998617,0.8390777829529577,7283,749,556
bdpm,p90,0.64,0.78,0.03389942350096835,0.8265020959478342,7173,1186,229
bdpm,p75,0.62,0.7,0.033817952004583124,0.8161387983232418,7072,750,766
bdpm,max,0.56,0.7,0.03375785021144122,0.7114578481602236,6119,1550,919
bdpm,max,0.64,0.78,0.03372766201100936,0.8207964601769911,7121,1204,263
bdpm,p90,0.62,0.82,0.03359086067208535,0.804611085235212,6977,1564,47
bdpm,max,0.68,0.74,0.03354830014449899,0.8621332091290173,7493,539,556
bdpm,p75,0.5,0.62,0.03349166532240781,0.6549836981835119,5599,1473,1516
bdpm,p75,0.48,0.58,0.0334674291617843,0.624126688402422,5313,1312,1963
bdpm,max,0.64,0.82,0.033430792917336326,0.8204471355379599,7121,1410,57
bdpm,p90,0.64,0.82,0.03340198538103374,0.8261527713088029,7173,1368,47
bdpm,p90,0.62,0.9,0.03334703388066404,0.8044946436888681,6977,1611,0
bdpm,p90,0.62,0.86,0.0333046505352458,0.8044946436888681,6977,1605,6
bdpm,max,0.64,0.9,0.03324236964718928,0.8203306939916162,7121,1467,0
bdpm,p90,0.54,0.66,0.033231100900351966,0.6966697717745691,5982,1368,1238
bdpm,max,0.54,0.66,0.03315213671337483,0.6878202142524453,5901,1382,1305
bdpm,max,0.64,0.86,0.03315010688675507,0.8203306939916162,7121,1455,12
bdpm,p90,0.64,0.9,0.03312797666751572,0.8260363297624592,7173,1415,0
bdpm,mean,0.48,0.54,0.03311674673881077,0.6495109455053563,5541,797,2250
bdpm,p90,0.64,0.86,0.033080323200041006,0.8260363297624592,7173,1409,6
bdpm,max,0.48,0.5,0.033062986303638055,0.6045645086166744,5121,285,3182
bdpm,mean,0.5,0.62,0.032997291347937,0.6779226828132278,5811,1426,1351
bdpm,p90,0.48,0.54,0.03295093020314883,0.6129482999534234,5205,777,2606
bdpm,p75,0.54,0.66,0.03287115603564808,0.7101769911504425,6107,1348,1133
bdpm,max,0.48,0.54,0.03280004945715624,0.6037494177922683,5121,780,2687
bdpm,mean,0.48,0.58,0.03278464851683584,0.6486958546809501,5541,1283,1764
bdpm,p90,0.52,0.66,0.03278052144527237,0.6674429436422916,5718,1632,1238
bdpm,p75,0.48,0.54,0.032761053653045095,0.6245924545877969,5313,794,2481
bdpm,p90,0.58,0.74,0.03273360573323464,0.7541918956683745,6515,1567,506
bdpm,p75,0.58,0.7,0.03260112498149998,0.7666511411271542,6625,1197,766
bdpm,p90,0.56,0.7,0.03244877489261754,0.7206567303213787,6207,1538,843
bdpm,p75,0.6,0.7,0.03244827302475425,0.7927340475081509,6862,960,766
bdpm,p90,0.6,0.74,0.03235867256412635,0.7792268281322776,6743,1339,506
bdpm,max,0.74,0.78,0.032150436924280164,0.9209361900326036,8032,293,263
bdpm,p90,0.48,0.62,0.032142945380889305,0.6112016767582673,5205,1772,1611
bdpm,mean,0.52,0.62,0.03205026900329652,0.7072659524918491,6080,1157,1351
bdpm,p90,0.48,0.58,0.03194687113702818,0.611783884489986,5205,1310,2073
bdpm,p75,0.64,0.7,0.03193372432358764,0.838495575221239,7278,544,766
bdpm,p90,0.7,0.74,0.031884319233463014,0.8896134140661388,7745,337,506
bdpm,max,0.58,0.78,0.0316160643103389,0.7463903120633442,6450,1875,263
bdpm,max,0.52,0.7,0.031611094395884755,0.6574289706567303,5635,2034,919
bdpm,max,0.6,0.78,0.03154607768993639,0.7711923614345598,6675,1650,263
bdpm,p90,0.58,0.78,0.031544485744936575,0.753493246390312,6515,1844,229
bdpm,max,0.74,0.82,0.03148372088485292,0.9205868653935724,8032,499,57
bdpm,max,0.58,0.82,0.031408186032397506,0.746040987424313,6450,2081,57
bdpm,p90,0.5,0.66,0.0313691066308902,0.6392640894271076,5467,1883,1238
bdpm,p75,0.46,0.5,0.031360101128167873,0.5944340940847694,5038,561,2989
bdpm,max,0.6,0.82,0.031315768478449,0.7708430367955287,6675,1856,57
bdpm,max,0.48,0.58,0.031307846146767626,0.6023521192361434,5121,1329,2138
bdpm,max,0.58,0.9,0.03127532115116159,0.7459245458779693,6450,2138,0
bdpm,p75,0.52,0.66,0.031224882628236042,0.681765253842571,5854,1601,1133
bdpm,p75,0.48,0.62,0.031220646598260605,0.6226129482999534,5313,1759,1516
bdpm,max,0.48,0.62,0.031210313594263843,0.601653469958081,5121,1789,1678
bdpm,max,0.58,0.86,0.03120981364647251,0.7459245458779693,6450,2126,12
bdpm,p90,0.58,0.82,0.031195853650048237,0.7531439217512809,6515,2026,47
bdpm,max,0.6,0.9,0.031168547376639464,0.7707265952491849,6675,1913,0
bdpm,max,0.6,0.86,0.03109593694830466,0.7707265952491849,6675,1901,12
bdpm,max,0.74,0.9,0.03105908130402543,0.9204704238472287,8032,556,0
bdpm,p90,0.6,0.78,0.03103511114781058,0.7785281788542152,6743,1616,229
bdpm,p90,0.58,0.9,0.031003023150247774,0.7530274802049371,6515,2073,0
bdpm,p90,0.58,0.86,0.03096930956046964,0.7530274802049371,6515,2067,6
bdpm,p90,0.46,0.5,0.03089638225852378,0.5837214718211458,4941,526,3121
bdpm,max,0.74,0.86,0.030849678040603217,0.9204704238472287,8032,544,12
bdpm,p75,0.62,0.82,0.030768926673471784,0.8145086166744294,7072,1483,33
bdpm,max,0.5,0.66,0.03074776730853143,0.6323940381928272,5406,1877,1305
bdpm,p90,0.6,0.82,0.030647511256183164,0.778178854215184,6743,1798,47
bdpm,max,0.54,0.7,0.030537411493904133,0.6864229156963204,5901,1768,919
bdpm,p90,0.6,0.9,0.030432969309723067,0.7780624126688402,6743,1845,0
bdpm,max,0.56,0.74,0.030430608807515518,0.709944108057755,6119,1913,556
bdpm,p75,0.62,0.9,0.030407581950144688,0.8143921751280857,7072,1516,0
bdpm,p90,0.6,0.86,0.030395408467751843,0.7780624126688402,6743,1839,6
bdpm,p75,0.62,0.86,0.030377638766784343,0.8143921751280857,7072,1512,4
bdpm,p75,0.62,0.78,0.030269053763585834,0.8146250582207731,7072,1335,181
bdpm,p75,0.62,0.74,0.03026713763582649,0.8149743828598044,7072,1091,425
bdpm,mean,0.48,0.62,0.03024664617666947,0.6471821145784816,5541,1696,1351
bdpm,p90,0.68,0.74,0.030245645928718496,0.8687703772706101,7558,524,506
bdpm,p75,0.58,0.82,0.030198261533676985,0.7650209594783419,6625,1930,33
bdpm,max,0.66,0.78,0.030152534978022207,0.838029809035864,7283,1042,263
bdpm,p75,0.46,0.58,0.03014466422590563,0.592454587796926,5038,1587,1963
bdpm,p75,0.5,0.66,0.03013664136495757,0.6532370749883558,5599,1856,1133
bdpm,mean,0.46,0.5,0.03004761674753787,0.6144620400558919,5227,584,2777
bdpm,p75,0.58,0.9,0.029912949272038684,0.7649045179319981,6625,1963,0
bdpm,p90,0.46,0.54,0.02990450186928125,0.5825570563577084,4941,1041,2606
bdpm,p75,0.58,0.86,0.02988928516378616,0.7649045179319981,6625,1959,4
bdpm,p90,0.54,0.7,0.029840465666804303,0.6950395901257569,5982,1763,843
bdpm,max,0.66,0.82,0.029829429421641247,0.8376804843968327,7283,1248,57
bdpm,p75,0.58,0.78,0.029803011095153376,0.7651374010246856,6625,1782,181
bdpm,p75,0.58,0.74,0.0298008033204414,0.7654867256637168,6625,1538,425
bdpm,p75,0.56,0.7,0.029757202443162024,0.7357941313460643,6352,1470,766
bdpm,p75,0.6,0.82,0.029744892011856434,0.7911038658593386,6862,1693,33
bdpm,p90,0.52,0.7,0.029686692412237224,0.6658127619934793,5718,2027,843
bdpm,max,0.46,0.5,0.02966015229155531,0.5749883558453657,4866,540,3182
bdpm,max,0.66,0.9,0.02962204761017979,0.837564042850489,7283,1305,0
bdpm,max,0.66,0.86,0.029519229561919585,0.837564042850489,7283,1293,12
bdpm,max,0.8,0.82,0.029513690718067514,0.9654168607359106,8439,92,57
bdpm,p75,0.46,0.54,0.029484976122638812,0.5929203539823009,5038,1069,2481
bdpm,p90,0.72,0.74,0.02942896590605859,0.9081276199347927,7915,167,506
bdpm,p75,0.6,0.9,0.02942391622028194,0.7909874243129948,6862,1726,0
bdpm,max,0.46,0.54,0.02942029692715393,0.5741732650209594,4866,1035,2687
bdpm,p75,0.6,0.86,0.029397272117905538,0.7909874243129948,6862,1722,4
bdpm,mean,0.62,0.66,0.02931344331950394,0.8338379133674895,7237,367,984
bdpm,p75,0.6,0.78,0.029299571047587857,0.7912203074056824,6862,1545,181
bdpm,p75,0.6,0.74,0.02929624021617402,0.7915696320447135,6862,1301,425
bdpm,p90,0.56,0.74,0.02928356124469936,0.7192594317652539,6207,1875,506
bdpm,p90,0.7,0.78,0.02924233537723221,0.8889147647880764,7745,614,229
bdpm,p90,0.46,0.62,0.029163163818730544,0.5808104331625524,4941,2036,1611
bdpm,max,0.68,0.78,0.029148981493203885,0.8610852352119236,7493,832,263
bdpm,p90,0.66,0.74,0.02901307918040643,0.8455985095482068,7350,732,506
bdpm,max,0.7,0.78,0.029007815289404076,0.8805309734513275,7669,656,263
bdpm,p90,0.46,0.58,0.028976047233355652,0.5813926408942711,4941,1574,2073
bdpm,max,0.52,0.74,0.028804850721292952,0.6559152305542617,5635,2397,556
bdpm,max,0.68,0.82,0.02877410631125579,0.8607359105728924,7493,1038,57
bdpm,p75,0.44,0.5,0.028740879226941102,0.5613646949231486,4749,850,2989
bdpm,mean,0.46,0.54,0.028728351126039057,0.6131811830461108,5227,1111,2250
bdpm,max,0.7,0.82,0.02857235823692495,0.8801816488122962,7669,862,57
bdpm,max,0.8,0.9,0.028542557992906312,0.9653004191895669,8439,149,0
bdpm,max,0.68,0.9,0.028532769066931037,0.8606194690265486,7493,1095,0
bdpm,max,0.5,0.7,0.02852478534403549,0.6309967396367023,5406,2263,919
bdpm,p90,0.5,0.7,0.02851462699318994,0.6376339077782953,5467,2278,843
bdpm,p90,0.7,0.82,0.02847325425304401,0.8885654401490451,7745,796,47
bdpm,p75,0.64,0.82,0.02847078105881835,0.8368653935724266,7278,1277,33
bdpm,mean,0.46,0.58,0.028433924067478307,0.6123660922217047,5227,1597,1764
bdpm,max,0.68,0.86,0.028412672233849603,0.8606194690265486,7493,1083,12
bdpm,max,0.56,0.78,0.028333997855727697,0.7088961341406614,6119,2206,263
bdpm,mean,0.58,0.66,0.028333914060065184,0.7879599441080578,6824,780,984
bdpm,mean,0.64,0.66,0.028327564098486187,0.8550302748020494,7430,174,984
bdpm,max,0.7,0.9,0.02829195972794962,0.8800652072659525,7669,919,0
bdpm,p90,0.48,0.66,0.028258873803693994,0.6091057289240801,5205,2145,1238
bdpm,p90,0.56,0.78,0.028243362230300946,0.7185607824871915,6207,2152,229
bdpm,max,0.56,0.82,0.02815558578863572,0.7085468095016302,6119,2412,57
bdpm,max,0.7,0.86,0.02815231887833208,0.8800652072659525,7669,907,12
bdpm,p75,0.48,0.66,0.028149084022957554,0.6208663251047974,5313,2142,1133
bdpm,p75,0.46,0.62,0.028070317638872747,0.5909408476944574,5038,2034,1516
bdpm,max,0.8,0.86,0.02805998536330631,0.9653004191895669,8439,137,12
bdpm,p75,0.64,0.9,0.028059623612504952,0.8367489520260829,7278,1310,0
bdpm,p90,0.7,0.9,0.028046675190682782,0.8884489986027014,7745,843,0
bdpm,max,0.56,0.9,0.028040333315600564,0.7084303679552865,6119,2469,0
bdpm,max,0.46,0.58,0.02803294006801394,0.5727759664648346,4866,1584,2138
bdpm,p75,0.64,0.86,0.02802541456569747,0.8367489520260829,7278,1306,4
bdpm,p75,0.54,0.7,0.028024815221532107,0.7081974848625989,6107,1715,766
bdpm,p90,0.68,0.78,0.028023211477835826,0.8680717279925477,7558,801,229
bdpm,p90,0.44,0.5,0.028008428634046855,0.5494876571960876,4643,824,3121
bdpm,max,0.56,0.86,0.02798286829767665,0.7084303679552865,6119,2457,12
bdpm,max,0.48,0.66,0.027982437335119566,0.5997904052165812,5121,2162,1305
bdpm,p90,0.7,0.86,0.02797157438802687,0.8884489986027014,7745,837,6
bdpm,max,0.46,0.62,0.027946900064456767,0.5720773171867722,4866,2044,1678
bdpm,p90,0.56,0.82,0.027939985573652765,0.7182114578481602,6207,2334,47
bdpm,max,0.72,0.78,0.027903003567678976,0.9003260363297625,7849,476,263
bdpm,p75,0.64,0.78,0.027897966801928978,0.8369818351187703,7278,1129,181
bdpm,p75,0.64,0.74,0.027890672343484975,0.8373311597578016,7278,885,425
bdpm,mean,0.44,0.5,0.02784259116306615,0.5830228225430834,4951,860,2777
bdpm,p90,0.76,0.78,0.027840312240059638,0.9421285514671635,8227,132,229
bdpm,p90,0.56,0.9,0.02777126634095888,0.7180950163018165,6207,2381,0
bdpm,p90,0.56,0.86,0.027741533178129257,0.7180950163018165,6207,2375,6
bdpm,mean,0.6,0.66,0.027735815272554462,0.8102002794597112,7026,578,984
bdpm,p75,0.56,0.82,0.027638915800551795,0.734163949697252,6352,2203,33
bdpm,p75,0.44,0.58,0.02762250547125174,0.5593851886353051,4749,1876,1963
bdpm,max,0.54,0.74,0.0274705111424299,0.6849091755938519,5901,2131,556
bdpm,p75,0.68,0.7,0.027403683973434064,0.8799487657196088,7659,163,766
bdpm,p75,0.56,0.9,0.02738650639669035,0.7340475081509082,6352,2236,0
bdpm,max,0.72,0.82,0.02738400014555312,0.8999767116907312,7849,682,57
bdpm,p90,0.68,0.82,0.027376994838282008,0.8677224033535166,7558,983,47
bdpm,p75,0.56,0.86,0.02736547886364884,0.7340475081509082,6352,2232,4
bdpm,max,0.44,0.5,0.02733447135163604,0.5402887750349324,4562,844,3182
bdpm,p75,0.56,0.78,0.02728660893432536,0.7342803912435957,6352,2055,181
bdpm,p75,0.56,0.74,0.027281326619345677,0.7346297158826269,6352,1811,425
bdpm,mean,0.42,0.5,0.027227905846856554,0.5523986958546809,4677,1134,2777
bdpm,p90,0.66,0.78,0.02712409142768676,0.8448998602701444,7350,1009,229
bdpm,max,0.44,0.54,0.027115756146180642,0.5394736842105263,4562,1339,2687
bdpm,p90,0.44,0.54,0.027093804163652667,0.5483232417326502,4643,1339,2606
bdpm,max,0.72,0.9,0.02704871698840389,0.8998602701443875,7849,739,0
bdpm,p90,0.52,0.74,0.02703662308108879,0.6644154634373545,5718,2364,506
bdpm,max,0.52,0.78,0.027036076616627158,0.6548672566371682,5635,2690,263
bdpm,p90,0.68,0.9,0.02701775202880676,0.8676059618071728,7558,1030,0
bdpm,p75,0.44,0.54,0.02700655485285536,0.55985095482068,4749,1358,2481
bdpm,p90,0.68,0.86,0.026954341206674514,0.8676059618071728,7558,1024,6
bdpm,p90,0.54,0.74,0.026937036724414682,0.6936422915696321,5982,2100,506
bdpm,max,0.52,0.82,0.026886482318161407,0.6545179319981369,5635,2896,57
bdpm,max,0.72,0.86,0.026881039682863924,0.8998602701443875,7849,727,12
bdpm,p75,0.52,0.7,0.026805718988534108,0.6797857475547275,5854,1968,766
bdpm,max,0.52,0.9,0.026789423668696376,0.6544014904517932,5635,2953,0
bdpm,max,0.52,0.86,0.026740817975499962,0.6544014904517932,5635,2941,12
bdpm,p75,0.66,0.7,0.026680731521597674,0.8572426641825803,7455,367,766
bdpm,mean,0.56,0.66,0.02664936924108431,0.7571029343269678,6549,1055,984
bdpm,mean,0.44,0.54,0.02662384388670186,0.5817419655333023,4951,1387,2250
bdpm,p90,0.66,0.82,0.02657526335366544,0.8445505356311132,7350,1191,47
bdpm,max,0.76,0.78,0.026541902526951322,0.9368886818816954,8180,145,263
bdpm,mean,0.5,0.66,0.026541649744285425,0.6752445272473219,5811,1793,984
bdpm,p90,0.44,0.62,0.02641537250530656,0.5465766185374942,4643,2334,1611
bdpm,p75,0.42,0.5,0.026397262469330118,0.5321378667908709,4495,1104,2989
bdpm,p90,0.76,0.82,0.02637141277725466,0.9417792268281323,8227,314,47
bdpm,mean,0.44,0.58,0.026354433977262687,0.5809268747088961,4951,1873,1764
bdpm,p90,0.66,0.9,0.026269644014065736,0.8444340940847694,7350,1238,0
bdpm,p90,0.72,0.78,0.02625941656516686,0.9074289706567303,7915,444,229
bdpm,mean,0.62,0.7,0.026251498341195192,0.8327899394503959,7237,731,620
bdpm,p90,0.44,0.58,0.02623787940845237,0.5471588262692129,4643,1872,2073
bdpm,p90,0.66,0.86,0.026215595870875946,0.8444340940847694,7350,1232,6
bdpm,mean,0.54,0.66,0.02618331102979085,0.7335817419655333,6338,1266,984
bdpm,p90,0.52,0.78,0.026166872220618836,0.6637168141592921,5718,2641,229
bdpm,mean,0.46,0.62,0.026129739674400645,0.6108523521192362,5227,2010,1351
bdpm,p75,0.54,0.82,0.026108957484923204,0.7065673032137867,6107,2448,33
bdpm,mean,0.42,0.54,0.02609272433747984,0.5511178388448998,4677,1661,2250
bdpm,p75,0.5,0.7,0.026077591078723615,0.6512575687005123,5599,2223,766
bdpm,p90,0.5,0.74,0.02606897620742156,0.6362366092221705,5467,2615,506
bdpm,p90,0.54,0.78,0.025984450455347568,0.6929436422915697,5982,2377,229
bdpm,max,0.48,0.7,0.025938311731446867,0.5983931066604564,5121,2548,919
bdpm,mean,0.58,0.7,0.025932829946749808,0.7869119701909641,6824,1144,620
bdpm,max,0.5,0.74,0.025915334993034195,0.6294829995342338,5406,2626,556
bdpm,p90,0.52,0.82,0.025914008383808737,0.6633674895202608,5718,2823,47
bdpm,p75,0.54,0.9,0.02588017060905889,0.706450861667443,6107,2481,0
bdpm,p75,0.54,0.86,0.025861060863897677,0.706450861667443,6107,2477,4
bdpm,mean,0.42,0.58,0.025842355425722024,0.5503027480204937,4677,2147,1764
bdpm,max,0.44,0.58,0.02583365711568769,0.5380763856544015,4562,1888,2138
bdpm,p75,0.54,0.78,0.025788194266187767,0.7066837447601304,6107,2300,181
bdpm,p75,0.54,0.74,0.02578160534381197,0.7070330693991617,6107,2056,425
bdpm,p90,0.52,0.9,0.025772884093215934,0.6632510479739171,5718,2870,0
bdpm,max,0.44,0.62,0.025757039993384846,0.5373777363763391,4562,2348,1678
bdpm,p90,0.52,0.86,0.02574789105853994,0.6632510479739171,5718,2864,6
bdpm,max,0.76,0.82,0.0257288466033818,0.9365393572426641,8180,351,57
bdpm,p90,0.54,0.82,0.025707642247061627,0.6925943176525384,5982,2559,47
bdpm,p75,0.44,0.62,0.02570230724599164,0.5578714485328365,4749,2323,1516
bdpm,p90,0.48,0.7,0.025620365325536958,0.6074755472752679,5205,2540,843
bdpm,p90,0.76,0.9,0.025556067145458005,0.9416627852817886,8227,361,0
bdpm,p90,0.54,0.9,0.025553116098807786,0.6924778761061947,5982,2606,0
bdpm,p90,0.46,0.66,0.025553050847462927,0.5787144853283651,4941,2409,1238
bdpm,max,0.54,0.78,0.025538326463689007,0.6838612016767582,5901,2424,263
bdpm,p90,0.54,0.86,0.02552573531623181,0.6924778761061947,5982,2600,6
bdpm,p90,0.42,0.5,0.025461685663413017,0.5194457382394038,4383,1084,3121
bdpm,p90,0.76,0.86,0.025411714073764212,0.9416627852817886,8227,355,6
bdpm,mean,0.4,0.5,0.025386846835486823,0.529459711224965,4478,1333,2777
bdpm,max,0.54,0.82,0.02537617836402269,0.6835118770377271,5901,2630,57
bdpm,p75,0.42,0.58,0.025353382238855825,0.5301583605030274,4495,2130,1963
bdpm,p90,0.72,0.82,0.025342541148883086,0.9070796460176991,7915,626,47
bdpm,max,0.54,0.9,0.025270457633956734,0.6833954354913834,5901,2687,0
bdpm,p90,0.5,0.78,0.02526678896080494,0.6355379599441081,5467,2892,229
bdpm,max,0.78,0.82,0.025266054605820595,0.9526082906380997,8325,206,57
bdpm,p75,0.46,0.66,0.02523128525330841,0.5891942244993014,5038,2417,1133
bdpm,max,0.54,0.86,0.025217234741678817,0.6833954354913834,5901,2675,12
bdpm,max,0.76,0.9,0.025201880307904285,0.9364229156963204,8180,408,0
bdpm,max,0.42,0.5,0.025186833307633744,0.5088495575221239,4288,1118,3182
bdpm,p75,0.52,0.82,0.025061110208664878,0.6781555659059152,5854,2701,33
bdpm,mean,0.6,0.7,0.0250541473736701,0.8091523055426176,7026,942,620
bdpm,p90,0.5,0.82,0.02503389309573726,0.6351886353050769,5467,3074,47
bdpm,max,0.42,0.54,0.024984760474427953,0.5080344666977178,4288,1613,2687
bdpm,mean,0.5,0.7,0.024972585344535756,0.6741965533302282,5811,2157,620
bdpm,mean,0.52,0.66,0.024943432839027252,0.7045877969259432,6080,1524,984
bdpm,max,0.76,0.86,0.02493674318481312,0.9364229156963204,8180,396,12
bdpm,max,0.46,0.66,0.024935813819858165,0.5702142524452725,4866,2417,1305
bdpm,p90,0.5,0.9,0.02490371325259765,0.6350721937587331,5467,3121,0
bdpm,p90,0.5,0.86,0.02488060899511585,0.6350721937587331,5467,3115,6
bdpm,p75,0.52,0.9,0.024852447550207598,0.6780391243595715,5854,2734,0
bdpm,p75,0.52,0.86,0.024834987408506135,0.6780391243595715,5854,2730,4
bdpm,p90,0.72,0.9,0.02483166089702267,0.9069632044713554,7915,673,0
bdpm,mean,0.64,0.7,0.024819607937593847,0.8539823008849557,7430,538,620
bdpm,p75,0.42,0.54,0.024770848857886545,0.5306241266884024,4495,1612,2481
bdpm,p75,0.52,0.78,0.024767672451828062,0.678272007452259,5854,2553,181
bdpm,p75,0.52,0.74,0.024760543001661646,0.6786213320912902,5854,2309,425
bdpm,p90,0.72,0.86,0.02474101701747011,0.9069632044713554,7915,667,6
bdpm,mean,0.58,0.9,0.024695174037429088,0.7857475547275268,6824,1764,0
bdpm,mean,0.58,0.86,0.024675489400652784,0.7857475547275268,6824,1761,3
bdpm,mean,0.62,0.9,0.024674886995157963,0.8316255239869585,7237,1351,0
bdpm,mean,0.62,0.86,0.02464983759149793,0.8316255239869585,7237,1348,3
bdpm,p90,0.42,0.54,0.024605832632963884,0.5182813227759665,4383,1599,2606
bdpm,max,0.78,0.9,0.024561186660508036,0.952491849091756,8325,263,0
bdpm,mean,0.56,0.7,0.024552653991570906,0.7560549604098742,6549,1419,620
bdpm,mean,0.58,0.82,0.024537674691482884,0.7857475547275268,6824,1740,24
bdpm,p75,0.5,0.82,0.024476267343560024,0.6496273870517001,5599,2956,33
bdpm,mean,0.62,0.82,0.024474455731954513,0.8316255239869585,7237,1327,24
bdpm,p75,0.48,0.7,0.024431279687471285,0.6188868188169538,5313,2509,766
bdpm,mean,0.48,0.66,0.02433999538351472,0.6445039590125757,5541,2063,984
bdpm,mean,0.4,0.54,0.024307841454078397,0.528178854215184,4478,1860,2250
bdpm,p75,0.5,0.9,0.0242845566326557,0.6495109455053563,5599,2989,0
bdpm,mean,0.54,0.7,0.02427134571326836,0.7325337680484397,6338,1630,620
bdpm,max,0.5,0.78,0.02427100379573676,0.6284350256171402,5406,2919,263
bdpm,p75,0.5,0.86,0.02426849900205038,0.6495109455053563,5599,2985,4
bdpm,mean,0.44,0.62,0.02422125605767329,0.5794131346064276,4951,2286,1351
bdpm,p75,0.5,0.78,0.024206218377845583,0.6497438285980438,5599,2808,181
bdpm,max,0.78,0.86,0.02420587146734807,0.952491849091756,8325,251,12
bdpm,p75,0.5,0.74,0.024199101808860042,0.650093153237075,5599,2564,425
bdpm,mean,0.5,0.9,0.024163769823421194,0.6730321378667908,5811,2777,0
bdpm,mean,0.5,0.86,0.0241508570884704,0.6730321378667908,5811,2774,3
bdpm,max,0.5,0.82,0.02413385703374383,0.628085700978109,5406,3125,57
bdpm,p75,0.4,0.5,0.024111537338803574,0.5054727526781556,4265,1334,2989
bdpm,p90,0.4,0.5,0.0240934649440985,0.49476013041453193,4167,1300,3121
bdpm,mean,0.4,0.58,0.024071838175072066,0.5273637633907778,4478,2346,1764
bdpm,mean,0.5,0.82,0.024060458374344628,0.6730321378667908,5811,2753,24
bdpm,max,0.5,0.9,0.024044048209741105,0.6279692594317653,5406,3182,0
bdpm,max,0.5,0.86,0.023998640929989667,0.6279692594317653,5406,3170,12
bdpm,p90,0.42,0.62,0.023975349157045116,0.5165346995808104,4383,2594,1611
bdpm,max,0.4,0.5,0.023956434049169625,0.4902189101071262,4126,1280,3182
bdpm,mean,0.42,0.62,0.023853885928899907,0.5487890079180252,4677,2560,1351
bdpm,mean,0.58,0.78,0.023834870719858143,0.7857475547275268,6824,1633,131
bdpm,p90,0.42,0.58,0.023805114700809538,0.5171169073125291,4383,2132,2073
bdpm,max,0.42,0.58,0.02378525943309531,0.5066371681415929,4288,2162,2138
bdpm,max,0.4,0.54,0.023763211487467475,0.4894038192827201,4126,1775,2687
bdpm,max,0.42,0.62,0.023716119245957696,0.5059385188635305,4288,2622,1678
bdpm,mean,0.6,0.9,0.023675786951146693,0.8079878900791803,7026,1562,0
bdpm,mean,0.6,0.86,0.023653776295867575,0.8079878900791803,7026,1559,3
bdpm,mean,0.58,0.74,0.023640227639946595,0.7859804378202142,6824,1442,322
bdpm,mean,0.5,0.78,0.023599595205531978,0.6730321378667908,5811,2646,131
bdpm,mean,0.62,0.78,0.023579863093188366,0.8316255239869585,7237,1220,131
bdpm,p75,0.42,0.62,0.023551376710940035,0.5286446204005589,4495,2577,1516
bdpm,max,0.48,0.74,0.023537414907897583,0.5968793665579879,5121,2911,556
bdpm,mean,0.6,0.82,0.023499673916355646,0.8079878900791803,7026,1538,24
bdpm,mean,0.56,0.9,0.023474491861008563,0.7548905449464369,6549,2039,0
bdpm,mean,0.5,0.74,0.023471878657609673,0.6732650209594784,5811,2455,322
bdpm,mean,0.56,0.86,0.023457242283105306,0.7548905449464369,6549,2036,3
bdpm,p90,0.48,0.74,0.023359242105469823,0.606078248719143,5205,2877,506
bdpm,mean,0.56,0.82,0.023336478172434075,0.7548905449464369,6549,2015,24
bdpm,mean,0.62,0.74,0.023331614598071457,0.831858407079646,7237,1029,322
bdpm,mean,0.54,0.9,0.023288336684427095,0.7313693525850024,6338,2250,0
bdpm,p90,0.4,0.54,0.02328023413525834,0.49359571495109456,4167,1815,2606
bdpm,mean,0.54,0.86,0.02327259149568278,0.7313693525850024,6338,2247,3
bdpm,mean,0.52,0.7,0.023218795471711882,0.7035398230088495,6080,1888,620
bdpm,mean,0.54,0.82,0.02316236095883017,0.7313693525850024,6338,2226,24
bdpm,p75,0.4,0.58,0.02312828307273627,0.503493246390312,4265,2360,1963
bdpm,p90,0.46,0.7,0.023101466781470813,0.5770843036795529,4941,2804,843
bdpm,p90,0.74,0.78,0.023083960330297342,0.9257102934326968,8082,277,229
bdpm,p75,0.44,0.66,0.023071916625809045,0.5561248253376805,4749,2706,1133
bdpm,p90,0.44,0.66,0.023071316966073712,0.544480670703307,4643,2707,1238
bdpm,max,0.46,0.7,0.023030154601304684,0.5688169538891477,4866,2803,919
bdpm,mean,0.64,0.9,0.023021636345733953,0.8528178854215184,7430,1158,0
bdpm,mean,0.64,0.86,0.022992882806022817,0.8528178854215184,7430,1155,3
bdpm,max,0.44,0.66,0.02296781416706905,0.5355146716348393,4562,2721,1305
bdpm,p75,0.48,0.82,0.022967674552976953,0.6172566371681416,5313,3242,33
bdpm,mean,0.48,0.7,0.02290642027708955,0.6434559850954821,5541,2427,620
bdpm,p75,0.48,0.9,0.02279209230167735,0.6171401956217979,5313,3275,0
bdpm,mean,0.64,0.82,0.02279156062838827,0.8528178854215184,7430,1134,24
bdpm,p75,0.66,0.82,0.022783774924744152,0.8556124825337681,7455,1100,33
bdpm,p75,0.48,0.86,0.022777347357151572,0.6171401956217979,5313,3271,4
bdpm,p75,0.68,0.82,0.0227732044078582,0.8783185840707964,7659,896,33
bdpm,mean,0.56,0.78,0.02272069217324097,0.7548905449464369,6549,1908,131
bdpm,p75,0.48,0.78,0.022719252600081397,0.6173730787144853,5313,3094,181
bdpm,mean,0.6,0.78,0.02271372960587011,0.8079878900791803,7026,1431,131
bdpm,p75,0.48,0.74,0.022711357911221006,0.6177224033535166,5313,2850,425
bdpm,p90,0.4,0.62,0.022683334076529265,0.4918490917559385,4167,2810,1611
bdpm,p90,0.48,0.78,0.0226190959924157,0.6053795994410806,5205,3154,229
bdpm,max,0.4,0.58,0.022607856401706053,0.4880065207265952,4126,2324,2138
bdpm,mean,0.54,0.78,0.022600323551714183,0.7313693525850024,6338,2119,131
bdpm,p75,0.4,0.54,0.022572465194943013,0.503959012575687,4265,1842,2481
bdpm,mean,0.56,0.74,0.022549130661453736,0.7551234280391244,6549,1717,322
bdpm,max,0.4,0.62,0.022542674649220756,0.4873078714485328,4126,2784,1678
bdpm,p90,0.4,0.58,0.02251946678966146,0.4924312994876572,4167,2348,2073
bdpm,mean,0.6,0.74,0.022494646139317617,0.8082207731718677,7026,1240,322
bdpm,mean,0.54,0.74,0.02244365628929011,0.7316022356776898,6338,1928,322
bdpm,p90,0.48,0.82,0.022405165854714273,0.6050302748020494,5205,3336,47
bdpm,mean,0.52,0.9,0.02233385010120979,0.7023754075454122,6080,2508,0
bdpm,mean,0.52,0.86,0.0223196110074408,0.7023754075454122,6080,2505,3
bdpm,p75,0.66,0.9,0.02231840910756732,0.8554960409874243,7455,1133,0
bdpm,p90,0.48,0.9,0.022285052056904963,0.6049138332557057,5205,3383,0
bdpm,p75,0.66,0.86,0.02227930387094593,0.8554960409874243,7455,1129,4
bdpm,p90,0.48,0.86,0.02226359669259712,0.6049138332557057,5205,3377,6
bdpm,p75,0.68,0.9,0.022221032160298793,0.8782021425244527,7659,929,0
bdpm,mean,0.52,0.82,0.02221992573639985,0.7023754075454122,6080,2484,24
bdpm,mean,0.4,0.62,0.02217855015889222,0.5258500232883093,4478,2759,1351
bdpm,p75,0.68,0.86,0.022174627161847125,0.8782021425244527,7659,925,4
bdpm,mean,0.48,0.9,0.02217077768900968,0.6422915696320447,5541,3047,0
bdpm,mean,0.48,0.86,0.022158926394434276,0.6422915696320447,5541,3044,3
bdpm,p75,0.66,0.78,0.022124251649991662,0.8557289240801118,7455,952,181
bdpm,p75,0.66,0.74,0.022101811237847813,0.856078248719143,7455,708,425
bdpm,mean,0.48,0.82,0.022075959288007957,0.6422915696320447,5541,3023,24
bdpm,max,0.48,0.78,0.02202474072734529,0.5958313926408942,5121,3204,263
bdpm,p75,0.68,0.78,0.021990368551054663,0.8784350256171402,7659,748,181
bdpm,p75,0.68,0.74,0.021963331288305653,0.8787843502561714,7659,504,425
bdpm,p90,0.74,0.82,0.02194973359455142,0.9253609687936656,8082,459,47
bdpm,max,0.48,0.82,0.021900012726732927,0.5954820680018631,5121,3410,57
bdpm,p90,0.78,0.82,0.021895731898292,0.9562179785747554,8359,182,47
bdpm,p75,0.7,0.82,0.0218725129529605,0.8963670237540755,7822,733,33
bdpm,max,0.48,0.9,0.021817706845552193,0.5953656264555194,5121,3467,0
bdpm,p75,0.46,0.7,0.021793208075231496,0.5872147182114579,5038,2784,766
bdpm,max,0.48,0.86,0.021775767744898634,0.5953656264555194,5121,3455,12
bdpm,mean,0.64,0.78,0.021764486475180114,0.8528178854215184,7430,1027,131
bdpm,mean,0.52,0.78,0.021711689721280767,0.7023754075454122,6080,2377,131
bdpm,mean,0.48,0.78,0.021653003407668445,0.6422915696320447,5541,2916,131
bdpm,mean,0.52,0.74,0.02156934485979991,0.7026082906380997,6080,2186,322
bdpm,mean,0.48,0.74,0.02153453405452913,0.6425244527247321,5541,2725,322
bdpm,mean,0.64,0.74,0.021476484859778815,0.8530507685142059,7430,836,322
bdpm,p75,0.4,0.62,0.021421929808506254,0.5019795062878435,4265,2807,1516
bdpm,p90,0.74,0.9,0.021314710696973917,0.9252445272473219,8082,506,0
bdpm,p75,0.72,0.82,0.02126996867306801,0.9158127619934793,7997,558,33
bdpm,p75,0.7,0.9,0.021224037246121756,0.8962505822077317,7822,766,0
bdpm,max,0.44,0.7,0.021203151478212667,0.5341173730787144,4562,3107,919
bdpm,p90,0.74,0.86,0.021201082209581182,0.9252445272473219,8082,500,6
bdpm,p75,0.7,0.86,0.021169447941628953,0.8962505822077317,7822,762,4
bdpm,p90,0.8,0.82,0.0211506532880981,0.9685607824871915,8470,71,47
bdpm,max,0.42,0.66,0.021100945937696243,0.5040754541220307,4288,2995,1305
bdpm,p75,0.42,0.66,0.02108097347178508,0.5268979972054029,4495,2960,1133
bdpm,p90,0.46,0.74,0.021000119470833665,0.5756870051234281,4941,3141,506
bdpm,p75,0.7,0.78,0.020950346270023887,0.8964834653004192,7822,585,181
bdpm,p75,0.7,0.74,0.020914985751157657,0.8968327899394504,7822,341,425
bdpm,p90,0.42,0.66,0.020833718967753323,0.5144387517466232,4383,2967,1238
bdpm,p90,0.78,0.9,0.020813870389115568,0.9561015370284117,8359,229,0
bdpm,p90,0.44,0.7,0.020801083248534934,0.5428504890544946,4643,3102,843
bdpm,max,0.46,0.74,0.02079060499249713,0.5673032137866791,4866,3166,556
bdpm,mean,0.46,0.66,0.020756646982483834,0.6081741965533303,5227,2377,984
bdpm,p90,0.78,0.86,0.020620156492607587,0.9561015370284117,8359,223,6
bdpm,p75,0.72,0.9,0.020471641592593934,0.9156963204471356,7997,591,0
bdpm,p75,0.46,0.82,0.020444724819751393,0.5855845365626455,5038,3517,33
bdpm,p75,0.72,0.86,0.020404356361829495,0.9156963204471356,7997,587,4
bdpm,p90,0.46,0.78,0.020313503929253542,0.5749883558453657,4941,3418,229
bdpm,p75,0.46,0.9,0.020282432174254184,0.5854680950163018,5038,3550,0
bdpm,p75,0.46,0.86,0.0202687437860072,0.5854680950163018,5038,3546,4
bdpm,p75,0.46,0.78,0.02021340074543144,0.5857009781089892,5038,3369,181
bdpm,p75,0.46,0.74,0.020203952561711126,0.5860503027480205,5038,3125,425
bdpm,p75,0.72,0.78,0.020132017895267907,0.915929203539823,7997,410,181
bdpm,p90,0.46,0.82,0.02011582211789652,0.5746390312063344,4941,3600,47
bdpm,p75,0.72,0.74,0.020084953440017574,0.9162785281788542,7997,166,425
bdpm,max,0.4,0.66,0.02002064004807133,0.48544480670703305,4126,3157,1305
bdpm,p90,0.46,0.9,0.020004393975662796,0.5745225896599907,4941,3647,0
bdpm,p90,0.46,0.86,0.01998437811373189,0.5745225896599907,4941,3641,6
bdpm,p75,0.44,0.7,0.019885210443099932,0.554145319049837,4749,3073,766
bdpm,mean,0.68,0.7,0.019820826391549598,0.8927573358174197,7784,184,620
bdpm,p90,0.4,0.66,0.019691576240173796,0.4897531439217513,4167,3183,1238
bdpm,p75,0.74,0.82,0.019653718277578995,0.9342105263157895,8163,392,33
bdpm,p90,0.8,0.9,0.019645440200578918,0.9684443409408477,8470,118,0
bdpm,mean,0.46,0.7,0.01945585387411367,0.6071262226362366,5227,2741,620
bdpm,max,0.42,0.7,0.01944697376789562,0.5026781555659059,4288,3381,919
bdpm,max,0.46,0.78,0.01937995415008233,0.5662552398695855,4866,3459,263
bdpm,p90,0.8,0.86,0.01937529178387323,0.9684443409408477,8470,112,6
bdpm,max,0.46,0.82,0.019265230298676432,0.5659059152305542,4866,3665,57
bdpm,mean,0.44,0.66,0.01924197001374386,0.5767349790405216,4951,2653,984
bdpm,mean,0.42,0.66,0.0192108379644353,0.5461108523521192,4677,2927,984
bdpm,max,0.46,0.9,0.019188825889653812,0.5657894736842105,4866,3722,0
bdpm,max,0.46,0.86,0.019149533220365007,0.5657894736842105,4866,3710,12
bdpm,max,0.44,0.74,0.019128403911964374,0.5326036329762459,4562,3470,556
bdpm,p75,0.4,0.66,0.019080922872033283,0.5002328830926874,4265,3190,1133
bdpm,mean,0.7,0.9,0.01889221044506063,0.9123195156031673,7968,620,0
bdpm,p90,0.44,0.74,0.018854807091692242,0.5414531904983698,4643,3439,506
bdpm,mean,0.7,0.86,0.018843534349543677,0.9123195156031673,7968,617,3
bdpm,mean,0.46,0.9,0.018793603131347852,0.6059618071727992,5227,3361,0
bdpm,mean,0.46,0.86,0.018782770077569587,0.6059618071727992,5227,3358,3
bdpm,mean,0.46,0.82,0.018706932002846035,0.6059618071727992,5227,3337,24
bdpm,p90,0.42,0.7,0.018701539225538702,0.5128085700978109,4383,3362,843
bdpm,p75,0.44,0.82,0.018638611189660797,0.5525151374010246,4749,3806,33
bdpm,p75,0.74,0.9,0.018631792296249266,0.9340940847694458,8163,425,0
bdpm,mean,0.66,0.7,0.018557512718030612,0.8724965067536097,7604,364,620
bdpm,p75,0.74,0.86,0.01854539896463725,0.9340940847694458,8163,421,4
bdpm,mean,0.7,0.82,0.01850266639468506,0.9123195156031673,7968,596,24
bdpm,p75,0.44,0.9,0.018488226846635213,0.5523986958546809,4749,3839,0
bdpm,p75,0.44,0.86,0.01847550331333141,0.5523986958546809,4749,3835,4
bdpm,max,0.4,0.7,0.01842590385479853,0.48404750815090825,4126,3543,919
bdpm,p75,0.44,0.78,0.01842312834109288,0.5526315789473685,4749,3658,181
bdpm,p75,0.44,0.74,0.01841294551691439,0.5529809035863996,4749,3414,425
bdpm,mean,0.46,0.78,0.018320336844665514,0.6059618071727992,5227,3230,131
bdpm,p90,0.44,0.78,0.018219893928205038,0.5407545412203074,4643,3716,229
bdpm,mean,0.46,0.74,0.018210085943331036,0.6061946902654868,5227,3039,322
bdpm,p75,0.74,0.78,0.01818880585337015,0.9343269678621332,8163,244,181
bdpm,mean,0.42,0.7,0.01808772886354449,0.5450628784350257,4677,3291,620
bdpm,p75,0.42,0.7,0.018087057318244372,0.5249184909175594,4495,3327,766
bdpm,p90,0.44,0.82,0.018037752006185244,0.5404052165812762,4643,3898,47
bdpm,mean,0.44,0.7,0.01803770216217508,0.5756870051234281,4951,3017,620
bdpm,p90,0.44,0.9,0.01793471225875844,0.5402887750349324,4643,3945,0
bdpm,p90,0.44,0.86,0.01791610863632386,0.5402887750349324,4643,3939,6
bdpm,max,0.44,0.78,0.01782167927402064,0.5315556590591523,4562,3763,263
bdpm,mean,0.4,0.66,0.017754175133943218,0.5231718677224033,4478,3126,984
bdpm,max,0.44,0.82,0.017716273423578354,0.5312063344201211,4562,3969,57
bdpm,p90,0.4,0.7,0.017661350676976596,0.488122962272939,4167,3578,843
bdpm,max,0.44,0.9,0.017645685025013697,0.5310898928737774,4562,4026,0
bdpm,max,0.44,0.86,0.017609185557485193,0.5310898928737774,4562,4014,12
bdpm,mean,0.42,0.9,0.01751754922364926,0.5438984629715883,4677,3911,0
bdpm,mean,0.42,0.86,0.017508165917279727,0.5438984629715883,4677,3908,3
bdpm,max,0.42,0.74,0.017501619115810486,0.5011644154634374,4288,3744,556
bdpm,mean,0.42,0.82,0.017442477753843215,0.5438984629715883,4677,3887,24
bdpm,mean,0.44,0.9,0.017426532555157984,0.5745225896599907,4951,3637,0
bdpm,mean,0.44,0.86,0.01741647200603639,0.5745225896599907,4951,3634,3
bdpm,mean,0.68,0.9,0.017407244276564877,0.8915929203539823,7784,804,0
bdpm,p75,0.76,0.82,0.017385058384557287,0.9476013041453191,8284,271,33
bdpm,mean,0.68,0.86,0.017367755779492206,0.8915929203539823,7784,801,3
bdpm,mean,0.44,0.82,0.01734604239322566,0.5745225896599907,4951,3613,24
bdpm,mean,0.42,0.78,0.01710764447898722,0.5438984629715883,4677,3780,131
bdpm,mean,0.68,0.82,0.01709124740486591,0.8915929203539823,7784,780,24
bdpm,mean,0.42,0.74,0.01701154906953367,0.5441313460642757,4677,3589,322
bdpm,mean,0.44,0.78,0.016987029907690486,0.5745225896599907,4951,3506,131
bdpm,p75,0.42,0.82,0.01691885252034687,0.5232883092687471,4495,4060,33
bdpm,mean,0.44,0.74,0.016883922067975097,0.5747554727526781,4951,3315,322
bdpm,p90,0.42,0.74,0.016873349195480086,0.5114112715416861,4383,3699,506
bdpm,p75,0.42,0.9,0.01677761279151464,0.5231718677224033,4495,4093,0
bdpm,p75,0.42,0.86,0.016765627479116713,0.5231718677224033,4495,4089,4
bdpm,mean,0.7,0.78,0.016762178674226427,0.9123195156031673,7968,489,131
bdpm,p75,0.42,0.78,0.01671545602590932,0.5234047508150909,4495,3912,181
bdpm,p75,0.42,0.74,0.016704610057613072,0.523754075454122,4495,3668,425
bdpm,mean,0.4,0.7,0.016685062532645296,0.5221238938053098,4478,3490,620
bdpm,max,0.4,0.74,0.016549813300715366,0.48253376804843967,4126,3906,556
bdpm,mean,0.66,0.9,0.01653102230100279,0.8713320912901723,7604,984,0
bdpm,mean,0.66,0.86,0.01649769274815544,0.8713320912901723,7604,981,3
bdpm,mean,0.72,0.9,0.016464365701105398,0.9302515137401025,8130,458,0
bdpm,mean,0.72,0.86,0.016402871205139388,0.9302515137401025,8130,455,3
bdpm,p90,0.42,0.78,0.016277871345891218,0.5107126222636237,4383,3976,229
bdpm,max,0.42,0.78,0.016276538256096422,0.5001164415463437,4288,4037,263
bdpm,mean,0.66,0.82,0.016264322609456334,0.8713320912901723,7604,960,24
bdpm,mean,0.7,0.74,0.01625974842095666,0.9125523986958547,7968,298,322
bdpm,p75,0.4,0.7,0.016242919999063327,0.498253376804844,4265,3557,766
bdpm,max,0.42,0.82,0.016178527605644148,0.4997671169073125,4288,4243,57
bdpm,mean,0.4,0.9,0.016144066831411806,0.5209594783418724,4478,4110,0
bdpm,mean,0.4,0.86,0.016135107854813428,0.5209594783418724,4478,4107,3
bdpm,max,0.42,0.9,0.016112526077821068,0.4996506753609688,4288,4300,0
bdpm,p90,0.42,0.82,0.016107618431359185,0.5103632976245924,4383,4158,47
bdpm,p75,0.76,0.9,0.016101318609187443,0.9474848625989754,8284,304,0
bdpm,max,0.42,0.86,0.01607821326167837,0.4996506753609688,4288,4288,12
bdpm,mean,0.4,0.82,0.01607239044983679,0.5209594783418724,4478,4086,24
bdpm,p90,0.42,0.9,0.01601097914392521,0.5102468560782487,4383,4205,0
bdpm,p90,0.42,0.86,0.015993448224769478,0.5102468560782487,4383,4199,6
bdpm,p75,0.76,0.86,0.015992333598230213,0.9474848625989754,8284,300,4
bdpm,mean,0.72,0.82,0.01597219432600496,0.9302515137401025,8130,434,24
bdpm,p90,0.4,0.74,0.015920392707404484,0.48672566371681414,4167,3915,506
bdpm,mean,0.4,0.78,0.01575270613437799,0.5209594783418724,4478,3979,131
bdpm,mean,0.68,0.78,0.015679951464969852,0.8915929203539823,7784,673,131
bdpm,mean,0.4,0.74,0.015660302466740418,0.5211923614345598,4478,3788,322
bdpm,p75,0.76,0.78,0.015530619940601564,0.9477177456916628,8284,123,181
bdpm,max,0.4,0.78,0.015368443010877846,0.48148579413134607,4126,4199,263
bdpm,p90,0.4,0.78,0.015353729888062126,0.48602701443875174,4167,4192,229
bdpm,max,0.4,0.82,0.015274389446045256,0.48113646949231487,4126,4405,57
bdpm,mean,0.68,0.74,0.015270599486000996,0.8918258034466697,7784,482,322
bdpm,max,0.4,0.9,0.015210843489735518,0.4810200279459711,4126,4462,0
bdpm,p90,0.4,0.82,0.01519197361591074,0.48567768979972054,4167,4374,47
bdpm,max,0.4,0.86,0.015177701833722407,0.4810200279459711,4126,4450,12
bdpm,p75,0.4,0.82,0.01513850296395479,0.49662319515603165,4265,4290,33
bdpm,p90,0.4,0.9,0.015100008205383392,0.4855612482533768,4167,4421,0
bdpm,p90,0.4,0.86,0.015083287613696988,0.4855612482533768,4167,4415,6
bdpm,mean,0.66,0.78,0.015073524336808865,0.8713320912901723,7604,853,131
bdpm,p75,0.4,0.9,0.015004671992245408,0.49650675360968793,4265,4323,0
bdpm,p75,0.4,0.86,0.014993280460310674,0.49650675360968793,4265,4319,4
bdpm,p75,0.4,0.78,0.014944774297088128,0.4967396367023754,4265,4142,181
bdpm,p75,0.4,0.74,0.014933234212922489,0.4970889613414066,4265,3898,425
bdpm,p75,0.8,0.82,0.01485819920042158,0.9717047042384723,8500,55,33
bdpm,mean,0.66,0.74,0.014727244851705214,0.8715649743828598,7604,662,322
bdpm,mean,0.72,0.78,0.0137719234508432,0.9302515137401025,8130,327,131
bdpm,p75,0.78,0.82,0.013742338735819006,0.9612249650675361,8407,148,33
bdpm,mean,0.72,0.74,0.013125891683675268,0.9304843968327899,8130,136,322
bdpm,p75,0.8,0.9,0.012480937399267334,0.9715882626921285,8500,88,0
bdpm,p75,0.8,0.86,0.012277989366113424,0.9715882626921285,8500,84,4
bdpm,p75,0.78,0.9,0.012006204083768594,0.9611085235211924,8407,181,0
bdpm,p75,0.78,0.86,0.011857808270802949,0.9611085235211924,8407,177,4
bdpm,mean,0.74,0.9,0.008379588971056758,0.9450395901257569,8266,322,0
bdpm,mean,0.74,0.86,0.00830025862007905,0.9450395901257569,8266,319,3
bdpm,mean,0.74,0.82,0.007744590560890602,0.9450395901257569,8266,298,24
bdpm,mean,0.8,0.9,0.007444064448680471,0.9743828598043782,8526,62,0
bdpm,mean,0.8,0.86,0.007273527837022543,0.9743828598043782,8526,59,3
bdpm,mean,0.8,0.82,0.006078128731759813,0.9743828598043782,8526,38,24
bdpm,mean,0.74,0.78,0.004903632272012187,0.9450395901257569,8266,191,131
bdpm,mean,0.78,0.9,0.0005102289425831497,0.9663483931066604,8457,131,0
bdpm,mean,0.76,0.9,0.00038051762066845313,0.9558686539357243,8365,223,0
bdpm,mean,0.78,0.86,0.0003785938219939125,0.9663483931066604,8457,128,3
bdpm,mean,0.76,0.86,0.0002801185835361839,0.9558686539357243,8365,220,3
bdpm,mean,0.76,0.82,-0.00042323976670859446,0.9558686539357243,8365,199,24
bdpm,mean,0.78,0.82,-0.0005438237704631811,0.9663483931066604,8457,107,24
bdpm,mean,0.76,0.78,-0.004022441770219707,0.9558686539357243,8365,92,131
