reference_etape;zone;etape;source_ajoutee;aire_commune_km2;n_batiments_evalues;n_positifs_ems;taux_dommage;inclus_chatmap;inclus_disha;inclus_ems;inclus_fair;inclus_impact;inclus_microsoft;inclus_osu;inclus_uhsail;inclus_unep;inclus_eos;inclus_nasa_s1;inclus_nasa_s2;inclus_ungsc;inclus_t_test;inclus_bdpm;methode;seuil_a;seuil_b;n;tp;fp;fn;tn;precision;recall;kappa
la_guaira_etape1_+impact;la_guaira;1;impact;17,855;19186;297;0,0155;False;False;False;False;True;False;False;False;False;False;False;False;False;False;False;disha;;;4162;0;0;26;4136;nan;0;0
la_guaira_etape1_+impact;la_guaira;1;impact;17,855;19186;297;0,0155;False;False;False;False;True;False;False;False;False;False;False;False;False;False;False;fair;;;16294;65;2619;182;13428;0,024217586;0,263157895;0,017064247
la_guaira_etape1_+impact;la_guaira;1;impact;17,855;19186;297;0,0155;False;False;False;False;True;False;False;False;False;False;False;False;False;False;False;microsoft;;;830;113;717;0;0;0,136144578;1;0
la_guaira_etape1_+impact;la_guaira;1;impact;17,855;19186;297;0,0155;False;False;False;False;True;False;False;False;False;False;False;False;False;False;False;osu;;;19183;254;9350;43;9536;0,026447314;0,855218855;0,021930594
la_guaira_etape1_+impact;la_guaira;1;impact;17,855;19186;297;0,0155;False;False;False;False;True;False;False;False;False;False;False;False;False;False;False;uhsail;;;19174;137;3004;160;15873;0,043616683;0,461279461;0,052891276
la_guaira_etape1_+impact;la_guaira;1;impact;17,855;19186;297;0,0155;False;False;False;False;True;False;False;False;False;False;False;False;False;False;False;unep;;;446;45;401;0;0;0,100896861;1;0
la_guaira_etape1_+impact;la_guaira;1;impact;17,855;19186;297;0,0155;False;False;False;False;True;False;False;False;False;False;False;False;False;False;False;nasa_s1;;;19186;14;653;283;18236;0,020989505;0,047138047;0,007790993
la_guaira_etape1_+impact;la_guaira;1;impact;17,855;19186;297;0,0155;False;False;False;False;True;False;False;False;False;False;False;False;False;False;False;nasa_s2;;;19035;122;2459;175;16279;0,047268501;0,410774411;0,058430957
la_guaira_etape1_+impact;la_guaira;1;impact;17,855;19186;297;0,0155;False;False;False;False;True;False;False;False;False;False;False;False;False;False;False;ungsc;;;19186;39;492;258;18397;0,073446328;0,131313131;0,075854139
la_guaira_etape1_+impact;la_guaira;1;impact;17,855;19186;297;0,0155;False;False;False;False;True;False;False;False;False;False;False;False;False;False;False;eos;;;7689;43;309;175;7162;0,122159091;0,197247706;0,120064087
la_guaira_etape1_+impact;la_guaira;1;impact;17,855;19186;297;0,0155;False;False;False;False;True;False;False;False;False;False;False;False;False;False;False;t_test_seul;2,75;;19186;67;262;230;18627;0,203647416;0,225589226;0,201057638
la_guaira_etape1_+impact;la_guaira;1;impact;17,855;19186;297;0,0155;False;False;False;False;True;False;False;False;False;False;False;False;False;False;False;bdpm_seul;0,66;;8021;20;59;147;7795;0,253164557;0,119760479;0,151251811
la_guaira_etape1_+impact;la_guaira;1;impact;17,855;19186;297;0,0155;False;False;False;False;True;False;False;False;False;False;False;False;False;False;False;fusion_tstat_coevent;2,75;0,48;19186;64;193;233;18696;0,249027237;0,215488215;0,219842033
la_guaira_etape1_+impact;la_guaira;1;impact;17,855;19186;297;0,0155;False;False;False;False;True;False;False;False;False;False;False;False;False;False;False;fusion_tstat_eos;2,75;0,241;7689;58;102;160;7369;0,3625;0,266055046;0,289832981
la_guaira_etape2_+microsoft;la_guaira;2;microsoft;17,855;19186;297;0,0155;False;False;False;False;True;True;False;False;False;False;False;False;False;False;False;disha;;;4162;0;0;26;4136;nan;0;0
la_guaira_etape2_+microsoft;la_guaira;2;microsoft;17,855;19186;297;0,0155;False;False;False;False;True;True;False;False;False;False;False;False;False;False;False;fair;;;16294;65;2619;182;13428;0,024217586;0,263157895;0,017064247
la_guaira_etape2_+microsoft;la_guaira;2;microsoft;17,855;19186;297;0,0155;False;False;False;False;True;True;False;False;False;False;False;False;False;False;False;microsoft;;;830;113;717;0;0;0,136144578;1;0
la_guaira_etape2_+microsoft;la_guaira;2;microsoft;17,855;19186;297;0,0155;False;False;False;False;True;True;False;False;False;False;False;False;False;False;False;osu;;;19183;254;9350;43;9536;0,026447314;0,855218855;0,021930594
la_guaira_etape2_+microsoft;la_guaira;2;microsoft;17,855;19186;297;0,0155;False;False;False;False;True;True;False;False;False;False;False;False;False;False;False;uhsail;;;19174;137;3004;160;15873;0,043616683;0,461279461;0,052891276
la_guaira_etape2_+microsoft;la_guaira;2;microsoft;17,855;19186;297;0,0155;False;False;False;False;True;True;False;False;False;False;False;False;False;False;False;unep;;;446;45;401;0;0;0,100896861;1;0
la_guaira_etape2_+microsoft;la_guaira;2;microsoft;17,855;19186;297;0,0155;False;False;False;False;True;True;False;False;False;False;False;False;False;False;False;nasa_s1;;;19186;14;653;283;18236;0,020989505;0,047138047;0,007790993
la_guaira_etape2_+microsoft;la_guaira;2;microsoft;17,855;19186;297;0,0155;False;False;False;False;True;True;False;False;False;False;False;False;False;False;False;nasa_s2;;;19035;122;2459;175;16279;0,047268501;0,410774411;0,058430957
la_guaira_etape2_+microsoft;la_guaira;2;microsoft;17,855;19186;297;0,0155;False;False;False;False;True;True;False;False;False;False;False;False;False;False;False;ungsc;;;19186;39;492;258;18397;0,073446328;0,131313131;0,075854139
la_guaira_etape2_+microsoft;la_guaira;2;microsoft;17,855;19186;297;0,0155;False;False;False;False;True;True;False;False;False;False;False;False;False;False;False;eos;;;7689;43;309;175;7162;0,122159091;0,197247706;0,120064087
la_guaira_etape2_+microsoft;la_guaira;2;microsoft;17,855;19186;297;0,0155;False;False;False;False;True;True;False;False;False;False;False;False;False;False;False;t_test_seul;2,75;;19186;67;262;230;18627;0,203647416;0,225589226;0,201057638
la_guaira_etape2_+microsoft;la_guaira;2;microsoft;17,855;19186;297;0,0155;False;False;False;False;True;True;False;False;False;False;False;False;False;False;False;bdpm_seul;0,66;;8021;20;59;147;7795;0,253164557;0,119760479;0,151251811
la_guaira_etape2_+microsoft;la_guaira;2;microsoft;17,855;19186;297;0,0155;False;False;False;False;True;True;False;False;False;False;False;False;False;False;False;fusion_tstat_coevent;2,75;0,48;19186;64;193;233;18696;0,249027237;0,215488215;0,219842033
la_guaira_etape2_+microsoft;la_guaira;2;microsoft;17,855;19186;297;0,0155;False;False;False;False;True;True;False;False;False;False;False;False;False;False;False;fusion_tstat_eos;2,75;0,241;7689;58;102;160;7369;0,3625;0,266055046;0,289832981
la_guaira_etape3_+osu;la_guaira;3;osu;17,855;19186;297;0,0155;False;False;False;False;True;True;True;False;False;False;False;False;False;False;False;disha;;;4162;0;0;26;4136;nan;0;0
la_guaira_etape3_+osu;la_guaira;3;osu;17,855;19186;297;0,0155;False;False;False;False;True;True;True;False;False;False;False;False;False;False;False;fair;;;16294;65;2619;182;13428;0,024217586;0,263157895;0,017064247
la_guaira_etape3_+osu;la_guaira;3;osu;17,855;19186;297;0,0155;False;False;False;False;True;True;True;False;False;False;False;False;False;False;False;microsoft;;;830;113;717;0;0;0,136144578;1;0
la_guaira_etape3_+osu;la_guaira;3;osu;17,855;19186;297;0,0155;False;False;False;False;True;True;True;False;False;False;False;False;False;False;False;osu;;;19183;254;9350;43;9536;0,026447314;0,855218855;0,021930594
la_guaira_etape3_+osu;la_guaira;3;osu;17,855;19186;297;0,0155;False;False;False;False;True;True;True;False;False;False;False;False;False;False;False;uhsail;;;19174;137;3004;160;15873;0,043616683;0,461279461;0,052891276
la_guaira_etape3_+osu;la_guaira;3;osu;17,855;19186;297;0,0155;False;False;False;False;True;True;True;False;False;False;False;False;False;False;False;unep;;;446;45;401;0;0;0,100896861;1;0
la_guaira_etape3_+osu;la_guaira;3;osu;17,855;19186;297;0,0155;False;False;False;False;True;True;True;False;False;False;False;False;False;False;False;nasa_s1;;;19186;14;653;283;18236;0,020989505;0,047138047;0,007790993
la_guaira_etape3_+osu;la_guaira;3;osu;17,855;19186;297;0,0155;False;False;False;False;True;True;True;False;False;False;False;False;False;False;False;nasa_s2;;;19035;122;2459;175;16279;0,047268501;0,410774411;0,058430957
la_guaira_etape3_+osu;la_guaira;3;osu;17,855;19186;297;0,0155;False;False;False;False;True;True;True;False;False;False;False;False;False;False;False;ungsc;;;19186;39;492;258;18397;0,073446328;0,131313131;0,075854139
la_guaira_etape3_+osu;la_guaira;3;osu;17,855;19186;297;0,0155;False;False;False;False;True;True;True;False;False;False;False;False;False;False;False;eos;;;7689;43;309;175;7162;0,122159091;0,197247706;0,120064087
la_guaira_etape3_+osu;la_guaira;3;osu;17,855;19186;297;0,0155;False;False;False;False;True;True;True;False;False;False;False;False;False;False;False;t_test_seul;2,75;;19186;67;262;230;18627;0,203647416;0,225589226;0,201057638
la_guaira_etape3_+osu;la_guaira;3;osu;17,855;19186;297;0,0155;False;False;False;False;True;True;True;False;False;False;False;False;False;False;False;bdpm_seul;0,66;;8021;20;59;147;7795;0,253164557;0,119760479;0,151251811
la_guaira_etape3_+osu;la_guaira;3;osu;17,855;19186;297;0,0155;False;False;False;False;True;True;True;False;False;False;False;False;False;False;False;fusion_tstat_coevent;2,75;0,48;19186;64;193;233;18696;0,249027237;0,215488215;0,219842033
la_guaira_etape3_+osu;la_guaira;3;osu;17,855;19186;297;0,0155;False;False;False;False;True;True;True;False;False;False;False;False;False;False;False;fusion_tstat_eos;2,75;0,241;7689;58;102;160;7369;0,3625;0,266055046;0,289832981
la_guaira_etape4_+eos;la_guaira;4;eos;17,855;19186;297;0,0155;False;False;False;False;True;True;True;False;False;True;False;False;False;False;False;disha;;;4162;0;0;26;4136;nan;0;0
la_guaira_etape4_+eos;la_guaira;4;eos;17,855;19186;297;0,0155;False;False;False;False;True;True;True;False;False;True;False;False;False;False;False;fair;;;16294;65;2619;182;13428;0,024217586;0,263157895;0,017064247
la_guaira_etape4_+eos;la_guaira;4;eos;17,855;19186;297;0,0155;False;False;False;False;True;True;True;False;False;True;False;False;False;False;False;microsoft;;;830;113;717;0;0;0,136144578;1;0
la_guaira_etape4_+eos;la_guaira;4;eos;17,855;19186;297;0,0155;False;False;False;False;True;True;True;False;False;True;False;False;False;False;False;osu;;;19183;254;9350;43;9536;0,026447314;0,855218855;0,021930594
la_guaira_etape4_+eos;la_guaira;4;eos;17,855;19186;297;0,0155;False;False;False;False;True;True;True;False;False;True;False;False;False;False;False;uhsail;;;19174;137;3004;160;15873;0,043616683;0,461279461;0,052891276
la_guaira_etape4_+eos;la_guaira;4;eos;17,855;19186;297;0,0155;False;False;False;False;True;True;True;False;False;True;False;False;False;False;False;unep;;;446;45;401;0;0;0,100896861;1;0
la_guaira_etape4_+eos;la_guaira;4;eos;17,855;19186;297;0,0155;False;False;False;False;True;True;True;False;False;True;False;False;False;False;False;nasa_s1;;;19186;14;653;283;18236;0,020989505;0,047138047;0,007790993
la_guaira_etape4_+eos;la_guaira;4;eos;17,855;19186;297;0,0155;False;False;False;False;True;True;True;False;False;True;False;False;False;False;False;nasa_s2;;;19035;122;2459;175;16279;0,047268501;0,410774411;0,058430957
la_guaira_etape4_+eos;la_guaira;4;eos;17,855;19186;297;0,0155;False;False;False;False;True;True;True;False;False;True;False;False;False;False;False;ungsc;;;19186;39;492;258;18397;0,073446328;0,131313131;0,075854139
la_guaira_etape4_+eos;la_guaira;4;eos;17,855;19186;297;0,0155;False;False;False;False;True;True;True;False;False;True;False;False;False;False;False;eos;;;7689;43;309;175;7162;0,122159091;0,197247706;0,120064087
la_guaira_etape4_+eos;la_guaira;4;eos;17,855;19186;297;0,0155;False;False;False;False;True;True;True;False;False;True;False;False;False;False;False;t_test_seul;2,75;;19186;67;262;230;18627;0,203647416;0,225589226;0,201057638
la_guaira_etape4_+eos;la_guaira;4;eos;17,855;19186;297;0,0155;False;False;False;False;True;True;True;False;False;True;False;False;False;False;False;bdpm_seul;0,66;;8021;20;59;147;7795;0,253164557;0,119760479;0,151251811
la_guaira_etape4_+eos;la_guaira;4;eos;17,855;19186;297;0,0155;False;False;False;False;True;True;True;False;False;True;False;False;False;False;False;fusion_tstat_coevent;2,75;0,48;19186;64;193;233;18696;0,249027237;0,215488215;0,219842033
la_guaira_etape4_+eos;la_guaira;4;eos;17,855;19186;297;0,0155;False;False;False;False;True;True;True;False;False;True;False;False;False;False;False;fusion_tstat_eos;2,75;0,241;7689;58;102;160;7369;0,3625;0,266055046;0,289832981
la_guaira_etape5_+nasa_s1;la_guaira;5;nasa_s1;17,855;19186;297;0,0155;False;False;False;False;True;True;True;False;False;True;True;False;False;False;False;disha;;;4162;0;0;26;4136;nan;0;0
la_guaira_etape5_+nasa_s1;la_guaira;5;nasa_s1;17,855;19186;297;0,0155;False;False;False;False;True;True;True;False;False;True;True;False;False;False;False;fair;;;16294;65;2619;182;13428;0,024217586;0,263157895;0,017064247
la_guaira_etape5_+nasa_s1;la_guaira;5;nasa_s1;17,855;19186;297;0,0155;False;False;False;False;True;True;True;False;False;True;True;False;False;False;False;microsoft;;;830;113;717;0;0;0,136144578;1;0
la_guaira_etape5_+nasa_s1;la_guaira;5;nasa_s1;17,855;19186;297;0,0155;False;False;False;False;True;True;True;False;False;True;True;False;False;False;False;osu;;;19183;254;9350;43;9536;0,026447314;0,855218855;0,021930594
la_guaira_etape5_+nasa_s1;la_guaira;5;nasa_s1;17,855;19186;297;0,0155;False;False;False;False;True;True;True;False;False;True;True;False;False;False;False;uhsail;;;19174;137;3004;160;15873;0,043616683;0,461279461;0,052891276
la_guaira_etape5_+nasa_s1;la_guaira;5;nasa_s1;17,855;19186;297;0,0155;False;False;False;False;True;True;True;False;False;True;True;False;False;False;False;unep;;;446;45;401;0;0;0,100896861;1;0
la_guaira_etape5_+nasa_s1;la_guaira;5;nasa_s1;17,855;19186;297;0,0155;False;False;False;False;True;True;True;False;False;True;True;False;False;False;False;nasa_s1;;;19186;14;653;283;18236;0,020989505;0,047138047;0,007790993
la_guaira_etape5_+nasa_s1;la_guaira;5;nasa_s1;17,855;19186;297;0,0155;False;False;False;False;True;True;True;False;False;True;True;False;False;False;False;nasa_s2;;;19035;122;2459;175;16279;0,047268501;0,410774411;0,058430957
la_guaira_etape5_+nasa_s1;la_guaira;5;nasa_s1;17,855;19186;297;0,0155;False;False;False;False;True;True;True;False;False;True;True;False;False;False;False;ungsc;;;19186;39;492;258;18397;0,073446328;0,131313131;0,075854139
la_guaira_etape5_+nasa_s1;la_guaira;5;nasa_s1;17,855;19186;297;0,0155;False;False;False;False;True;True;True;False;False;True;True;False;False;False;False;eos;;;7689;43;309;175;7162;0,122159091;0,197247706;0,120064087
la_guaira_etape5_+nasa_s1;la_guaira;5;nasa_s1;17,855;19186;297;0,0155;False;False;False;False;True;True;True;False;False;True;True;False;False;False;False;t_test_seul;2,75;;19186;67;262;230;18627;0,203647416;0,225589226;0,201057638
la_guaira_etape5_+nasa_s1;la_guaira;5;nasa_s1;17,855;19186;297;0,0155;False;False;False;False;True;True;True;False;False;True;True;False;False;False;False;bdpm_seul;0,66;;8021;20;59;147;7795;0,253164557;0,119760479;0,151251811
la_guaira_etape5_+nasa_s1;la_guaira;5;nasa_s1;17,855;19186;297;0,0155;False;False;False;False;True;True;True;False;False;True;True;False;False;False;False;fusion_tstat_coevent;2,75;0,48;19186;64;193;233;18696;0,249027237;0,215488215;0,219842033
la_guaira_etape5_+nasa_s1;la_guaira;5;nasa_s1;17,855;19186;297;0,0155;False;False;False;False;True;True;True;False;False;True;True;False;False;False;False;fusion_tstat_eos;2,75;0,241;7689;58;102;160;7369;0,3625;0,266055046;0,289832981
la_guaira_etape6_+nasa_s2;la_guaira;6;nasa_s2;17,855;19186;297;0,0155;False;False;False;False;True;True;True;False;False;True;True;True;False;False;False;disha;;;4162;0;0;26;4136;nan;0;0
la_guaira_etape6_+nasa_s2;la_guaira;6;nasa_s2;17,855;19186;297;0,0155;False;False;False;False;True;True;True;False;False;True;True;True;False;False;False;fair;;;16294;65;2619;182;13428;0,024217586;0,263157895;0,017064247
la_guaira_etape6_+nasa_s2;la_guaira;6;nasa_s2;17,855;19186;297;0,0155;False;False;False;False;True;True;True;False;False;True;True;True;False;False;False;microsoft;;;830;113;717;0;0;0,136144578;1;0
la_guaira_etape6_+nasa_s2;la_guaira;6;nasa_s2;17,855;19186;297;0,0155;False;False;False;False;True;True;True;False;False;True;True;True;False;False;False;osu;;;19183;254;9350;43;9536;0,026447314;0,855218855;0,021930594
la_guaira_etape6_+nasa_s2;la_guaira;6;nasa_s2;17,855;19186;297;0,0155;False;False;False;False;True;True;True;False;False;True;True;True;False;False;False;uhsail;;;19174;137;3004;160;15873;0,043616683;0,461279461;0,052891276
la_guaira_etape6_+nasa_s2;la_guaira;6;nasa_s2;17,855;19186;297;0,0155;False;False;False;False;True;True;True;False;False;True;True;True;False;False;False;unep;;;446;45;401;0;0;0,100896861;1;0
la_guaira_etape6_+nasa_s2;la_guaira;6;nasa_s2;17,855;19186;297;0,0155;False;False;False;False;True;True;True;False;False;True;True;True;False;False;False;nasa_s1;;;19186;14;653;283;18236;0,020989505;0,047138047;0,007790993
la_guaira_etape6_+nasa_s2;la_guaira;6;nasa_s2;17,855;19186;297;0,0155;False;False;False;False;True;True;True;False;False;True;True;True;False;False;False;nasa_s2;;;19035;122;2459;175;16279;0,047268501;0,410774411;0,058430957
la_guaira_etape6_+nasa_s2;la_guaira;6;nasa_s2;17,855;19186;297;0,0155;False;False;False;False;True;True;True;False;False;True;True;True;False;False;False;ungsc;;;19186;39;492;258;18397;0,073446328;0,131313131;0,075854139
la_guaira_etape6_+nasa_s2;la_guaira;6;nasa_s2;17,855;19186;297;0,0155;False;False;False;False;True;True;True;False;False;True;True;True;False;False;False;eos;;;7689;43;309;175;7162;0,122159091;0,197247706;0,120064087
la_guaira_etape6_+nasa_s2;la_guaira;6;nasa_s2;17,855;19186;297;0,0155;False;False;False;False;True;True;True;False;False;True;True;True;False;False;False;t_test_seul;2,75;;19186;67;262;230;18627;0,203647416;0,225589226;0,201057638
la_guaira_etape6_+nasa_s2;la_guaira;6;nasa_s2;17,855;19186;297;0,0155;False;False;False;False;True;True;True;False;False;True;True;True;False;False;False;bdpm_seul;0,66;;8021;20;59;147;7795;0,253164557;0,119760479;0,151251811
la_guaira_etape6_+nasa_s2;la_guaira;6;nasa_s2;17,855;19186;297;0,0155;False;False;False;False;True;True;True;False;False;True;True;True;False;False;False;fusion_tstat_coevent;2,75;0,48;19186;64;193;233;18696;0,249027237;0,215488215;0,219842033
la_guaira_etape6_+nasa_s2;la_guaira;6;nasa_s2;17,855;19186;297;0,0155;False;False;False;False;True;True;True;False;False;True;True;True;False;False;False;fusion_tstat_eos;2,75;0,241;7689;58;102;160;7369;0,3625;0,266055046;0,289832981
la_guaira_etape7_+ungsc;la_guaira;7;ungsc;17,855;19186;297;0,0155;False;False;False;False;True;True;True;False;False;True;True;True;True;False;False;disha;;;4162;0;0;26;4136;nan;0;0
la_guaira_etape7_+ungsc;la_guaira;7;ungsc;17,855;19186;297;0,0155;False;False;False;False;True;True;True;False;False;True;True;True;True;False;False;fair;;;16294;65;2619;182;13428;0,024217586;0,263157895;0,017064247
la_guaira_etape7_+ungsc;la_guaira;7;ungsc;17,855;19186;297;0,0155;False;False;False;False;True;True;True;False;False;True;True;True;True;False;False;microsoft;;;830;113;717;0;0;0,136144578;1;0
la_guaira_etape7_+ungsc;la_guaira;7;ungsc;17,855;19186;297;0,0155;False;False;False;False;True;True;True;False;False;True;True;True;True;False;False;osu;;;19183;254;9350;43;9536;0,026447314;0,855218855;0,021930594
la_guaira_etape7_+ungsc;la_guaira;7;ungsc;17,855;19186;297;0,0155;False;False;False;False;True;True;True;False;False;True;True;True;True;False;False;uhsail;;;19174;137;3004;160;15873;0,043616683;0,461279461;0,052891276
la_guaira_etape7_+ungsc;la_guaira;7;ungsc;17,855;19186;297;0,0155;False;False;False;False;True;True;True;False;False;True;True;True;True;False;False;unep;;;446;45;401;0;0;0,100896861;1;0
la_guaira_etape7_+ungsc;la_guaira;7;ungsc;17,855;19186;297;0,0155;False;False;False;False;True;True;True;False;False;True;True;True;True;False;False;nasa_s1;;;19186;14;653;283;18236;0,020989505;0,047138047;0,007790993
la_guaira_etape7_+ungsc;la_guaira;7;ungsc;17,855;19186;297;0,0155;False;False;False;False;True;True;True;False;False;True;True;True;True;False;False;nasa_s2;;;19035;122;2459;175;16279;0,047268501;0,410774411;0,058430957
la_guaira_etape7_+ungsc;la_guaira;7;ungsc;17,855;19186;297;0,0155;False;False;False;False;True;True;True;False;False;True;True;True;True;False;False;ungsc;;;19186;39;492;258;18397;0,073446328;0,131313131;0,075854139
la_guaira_etape7_+ungsc;la_guaira;7;ungsc;17,855;19186;297;0,0155;False;False;False;False;True;True;True;False;False;True;True;True;True;False;False;eos;;;7689;43;309;175;7162;0,122159091;0,197247706;0,120064087
la_guaira_etape7_+ungsc;la_guaira;7;ungsc;17,855;19186;297;0,0155;False;False;False;False;True;True;True;False;False;True;True;True;True;False;False;t_test_seul;2,75;;19186;67;262;230;18627;0,203647416;0,225589226;0,201057638
la_guaira_etape7_+ungsc;la_guaira;7;ungsc;17,855;19186;297;0,0155;False;False;False;False;True;True;True;False;False;True;True;True;True;False;False;bdpm_seul;0,66;;8021;20;59;147;7795;0,253164557;0,119760479;0,151251811
la_guaira_etape7_+ungsc;la_guaira;7;ungsc;17,855;19186;297;0,0155;False;False;False;False;True;True;True;False;False;True;True;True;True;False;False;fusion_tstat_coevent;2,75;0,48;19186;64;193;233;18696;0,249027237;0,215488215;0,219842033
la_guaira_etape7_+ungsc;la_guaira;7;ungsc;17,855;19186;297;0,0155;False;False;False;False;True;True;True;False;False;True;True;True;True;False;False;fusion_tstat_eos;2,75;0,241;7689;58;102;160;7369;0,3625;0,266055046;0,289832981
la_guaira_etape8_+t_test;la_guaira;8;t_test;17,855;19186;297;0,0155;False;False;False;False;True;True;True;False;False;True;True;True;True;True;False;disha;;;4162;0;0;26;4136;nan;0;0
la_guaira_etape8_+t_test;la_guaira;8;t_test;17,855;19186;297;0,0155;False;False;False;False;True;True;True;False;False;True;True;True;True;True;False;fair;;;16294;65;2619;182;13428;0,024217586;0,263157895;0,017064247
la_guaira_etape8_+t_test;la_guaira;8;t_test;17,855;19186;297;0,0155;False;False;False;False;True;True;True;False;False;True;True;True;True;True;False;microsoft;;;830;113;717;0;0;0,136144578;1;0
la_guaira_etape8_+t_test;la_guaira;8;t_test;17,855;19186;297;0,0155;False;False;False;False;True;True;True;False;False;True;True;True;True;True;False;osu;;;19183;254;9350;43;9536;0,026447314;0,855218855;0,021930594
la_guaira_etape8_+t_test;la_guaira;8;t_test;17,855;19186;297;0,0155;False;False;False;False;True;True;True;False;False;True;True;True;True;True;False;uhsail;;;19174;137;3004;160;15873;0,043616683;0,461279461;0,052891276
la_guaira_etape8_+t_test;la_guaira;8;t_test;17,855;19186;297;0,0155;False;False;False;False;True;True;True;False;False;True;True;True;True;True;False;unep;;;446;45;401;0;0;0,100896861;1;0
la_guaira_etape8_+t_test;la_guaira;8;t_test;17,855;19186;297;0,0155;False;False;False;False;True;True;True;False;False;True;True;True;True;True;False;nasa_s1;;;19186;14;653;283;18236;0,020989505;0,047138047;0,007790993
la_guaira_etape8_+t_test;la_guaira;8;t_test;17,855;19186;297;0,0155;False;False;False;False;True;True;True;False;False;True;True;True;True;True;False;nasa_s2;;;19035;122;2459;175;16279;0,047268501;0,410774411;0,058430957
la_guaira_etape8_+t_test;la_guaira;8;t_test;17,855;19186;297;0,0155;False;False;False;False;True;True;True;False;False;True;True;True;True;True;False;ungsc;;;19186;39;492;258;18397;0,073446328;0,131313131;0,075854139
la_guaira_etape8_+t_test;la_guaira;8;t_test;17,855;19186;297;0,0155;False;False;False;False;True;True;True;False;False;True;True;True;True;True;False;eos;;;7689;43;309;175;7162;0,122159091;0,197247706;0,120064087
la_guaira_etape8_+t_test;la_guaira;8;t_test;17,855;19186;297;0,0155;False;False;False;False;True;True;True;False;False;True;True;True;True;True;False;t_test_seul;2,75;;19186;67;262;230;18627;0,203647416;0,225589226;0,201057638
la_guaira_etape8_+t_test;la_guaira;8;t_test;17,855;19186;297;0,0155;False;False;False;False;True;True;True;False;False;True;True;True;True;True;False;bdpm_seul;0,66;;8021;20;59;147;7795;0,253164557;0,119760479;0,151251811
la_guaira_etape8_+t_test;la_guaira;8;t_test;17,855;19186;297;0,0155;False;False;False;False;True;True;True;False;False;True;True;True;True;True;False;fusion_tstat_coevent;2,75;0,48;19186;64;193;233;18696;0,249027237;0,215488215;0,219842033
la_guaira_etape8_+t_test;la_guaira;8;t_test;17,855;19186;297;0,0155;False;False;False;False;True;True;True;False;False;True;True;True;True;True;False;fusion_tstat_eos;2,75;0,241;7689;58;102;160;7369;0,3625;0,266055046;0,289832981
la_guaira_etape9_+bdpm;la_guaira;9;bdpm;17,855;19186;297;0,0155;False;False;False;False;True;True;True;False;False;True;True;True;True;True;True;disha;;;4162;0;0;26;4136;nan;0;0
la_guaira_etape9_+bdpm;la_guaira;9;bdpm;17,855;19186;297;0,0155;False;False;False;False;True;True;True;False;False;True;True;True;True;True;True;fair;;;16294;65;2619;182;13428;0,024217586;0,263157895;0,017064247
la_guaira_etape9_+bdpm;la_guaira;9;bdpm;17,855;19186;297;0,0155;False;False;False;False;True;True;True;False;False;True;True;True;True;True;True;microsoft;;;830;113;717;0;0;0,136144578;1;0
la_guaira_etape9_+bdpm;la_guaira;9;bdpm;17,855;19186;297;0,0155;False;False;False;False;True;True;True;False;False;True;True;True;True;True;True;osu;;;19183;254;9350;43;9536;0,026447314;0,855218855;0,021930594
la_guaira_etape9_+bdpm;la_guaira;9;bdpm;17,855;19186;297;0,0155;False;False;False;False;True;True;True;False;False;True;True;True;True;True;True;uhsail;;;19174;137;3004;160;15873;0,043616683;0,461279461;0,052891276
la_guaira_etape9_+bdpm;la_guaira;9;bdpm;17,855;19186;297;0,0155;False;False;False;False;True;True;True;False;False;True;True;True;True;True;True;unep;;;446;45;401;0;0;0,100896861;1;0
la_guaira_etape9_+bdpm;la_guaira;9;bdpm;17,855;19186;297;0,0155;False;False;False;False;True;True;True;False;False;True;True;True;True;True;True;nasa_s1;;;19186;14;653;283;18236;0,020989505;0,047138047;0,007790993
la_guaira_etape9_+bdpm;la_guaira;9;bdpm;17,855;19186;297;0,0155;False;False;False;False;True;True;True;False;False;True;True;True;True;True;True;nasa_s2;;;19035;122;2459;175;16279;0,047268501;0,410774411;0,058430957
la_guaira_etape9_+bdpm;la_guaira;9;bdpm;17,855;19186;297;0,0155;False;False;False;False;True;True;True;False;False;True;True;True;True;True;True;ungsc;;;19186;39;492;258;18397;0,073446328;0,131313131;0,075854139
la_guaira_etape9_+bdpm;la_guaira;9;bdpm;17,855;19186;297;0,0155;False;False;False;False;True;True;True;False;False;True;True;True;True;True;True;eos;;;7689;43;309;175;7162;0,122159091;0,197247706;0,120064087
la_guaira_etape9_+bdpm;la_guaira;9;bdpm;17,855;19186;297;0,0155;False;False;False;False;True;True;True;False;False;True;True;True;True;True;True;t_test_seul;2,75;;19186;67;262;230;18627;0,203647416;0,225589226;0,201057638
la_guaira_etape9_+bdpm;la_guaira;9;bdpm;17,855;19186;297;0,0155;False;False;False;False;True;True;True;False;False;True;True;True;True;True;True;bdpm_seul;0,66;;8021;20;59;147;7795;0,253164557;0,119760479;0,151251811
la_guaira_etape9_+bdpm;la_guaira;9;bdpm;17,855;19186;297;0,0155;False;False;False;False;True;True;True;False;False;True;True;True;True;True;True;fusion_tstat_coevent;2,75;0,48;19186;64;193;233;18696;0,249027237;0,215488215;0,219842033
la_guaira_etape9_+bdpm;la_guaira;9;bdpm;17,855;19186;297;0,0155;False;False;False;False;True;True;True;False;False;True;True;True;True;True;True;fusion_tstat_eos;2,75;0,241;7689;58;102;160;7369;0,3625;0,266055046;0,289832981
la_guaira_etape10_+chatmap;la_guaira;10;chatmap;17,855;19186;297;0,0155;True;False;False;False;True;True;True;False;False;True;True;True;True;True;True;disha;;;4162;0;0;26;4136;nan;0;0
la_guaira_etape10_+chatmap;la_guaira;10;chatmap;17,855;19186;297;0,0155;True;False;False;False;True;True;True;False;False;True;True;True;True;True;True;fair;;;16294;65;2619;182;13428;0,024217586;0,263157895;0,017064247
la_guaira_etape10_+chatmap;la_guaira;10;chatmap;17,855;19186;297;0,0155;True;False;False;False;True;True;True;False;False;True;True;True;True;True;True;microsoft;;;830;113;717;0;0;0,136144578;1;0
la_guaira_etape10_+chatmap;la_guaira;10;chatmap;17,855;19186;297;0,0155;True;False;False;False;True;True;True;False;False;True;True;True;True;True;True;osu;;;19183;254;9350;43;9536;0,026447314;0,855218855;0,021930594
la_guaira_etape10_+chatmap;la_guaira;10;chatmap;17,855;19186;297;0,0155;True;False;False;False;True;True;True;False;False;True;True;True;True;True;True;uhsail;;;19174;137;3004;160;15873;0,043616683;0,461279461;0,052891276
la_guaira_etape10_+chatmap;la_guaira;10;chatmap;17,855;19186;297;0,0155;True;False;False;False;True;True;True;False;False;True;True;True;True;True;True;unep;;;446;45;401;0;0;0,100896861;1;0
la_guaira_etape10_+chatmap;la_guaira;10;chatmap;17,855;19186;297;0,0155;True;False;False;False;True;True;True;False;False;True;True;True;True;True;True;nasa_s1;;;19186;14;653;283;18236;0,020989505;0,047138047;0,007790993
la_guaira_etape10_+chatmap;la_guaira;10;chatmap;17,855;19186;297;0,0155;True;False;False;False;True;True;True;False;False;True;True;True;True;True;True;nasa_s2;;;19035;122;2459;175;16279;0,047268501;0,410774411;0,058430957
la_guaira_etape10_+chatmap;la_guaira;10;chatmap;17,855;19186;297;0,0155;True;False;False;False;True;True;True;False;False;True;True;True;True;True;True;ungsc;;;19186;39;492;258;18397;0,073446328;0,131313131;0,075854139
la_guaira_etape10_+chatmap;la_guaira;10;chatmap;17,855;19186;297;0,0155;True;False;False;False;True;True;True;False;False;True;True;True;True;True;True;eos;;;7689;43;309;175;7162;0,122159091;0,197247706;0,120064087
la_guaira_etape10_+chatmap;la_guaira;10;chatmap;17,855;19186;297;0,0155;True;False;False;False;True;True;True;False;False;True;True;True;True;True;True;t_test_seul;2,75;;19186;67;262;230;18627;0,203647416;0,225589226;0,201057638
la_guaira_etape10_+chatmap;la_guaira;10;chatmap;17,855;19186;297;0,0155;True;False;False;False;True;True;True;False;False;True;True;True;True;True;True;bdpm_seul;0,66;;8021;20;59;147;7795;0,253164557;0,119760479;0,151251811
la_guaira_etape10_+chatmap;la_guaira;10;chatmap;17,855;19186;297;0,0155;True;False;False;False;True;True;True;False;False;True;True;True;True;True;True;fusion_tstat_coevent;2,75;0,48;19186;64;193;233;18696;0,249027237;0,215488215;0,219842033
la_guaira_etape10_+chatmap;la_guaira;10;chatmap;17,855;19186;297;0,0155;True;False;False;False;True;True;True;False;False;True;True;True;True;True;True;fusion_tstat_eos;2,75;0,241;7689;58;102;160;7369;0,3625;0,266055046;0,289832981
la_guaira_etape11_+ems;la_guaira;11;ems;17,855;19186;297;0,0155;True;False;True;False;True;True;True;False;False;True;True;True;True;True;True;disha;;;4162;0;0;26;4136;nan;0;0
la_guaira_etape11_+ems;la_guaira;11;ems;17,855;19186;297;0,0155;True;False;True;False;True;True;True;False;False;True;True;True;True;True;True;fair;;;16294;65;2619;182;13428;0,024217586;0,263157895;0,017064247
la_guaira_etape11_+ems;la_guaira;11;ems;17,855;19186;297;0,0155;True;False;True;False;True;True;True;False;False;True;True;True;True;True;True;microsoft;;;830;113;717;0;0;0,136144578;1;0
la_guaira_etape11_+ems;la_guaira;11;ems;17,855;19186;297;0,0155;True;False;True;False;True;True;True;False;False;True;True;True;True;True;True;osu;;;19183;254;9350;43;9536;0,026447314;0,855218855;0,021930594
la_guaira_etape11_+ems;la_guaira;11;ems;17,855;19186;297;0,0155;True;False;True;False;True;True;True;False;False;True;True;True;True;True;True;uhsail;;;19174;137;3004;160;15873;0,043616683;0,461279461;0,052891276
la_guaira_etape11_+ems;la_guaira;11;ems;17,855;19186;297;0,0155;True;False;True;False;True;True;True;False;False;True;True;True;True;True;True;unep;;;446;45;401;0;0;0,100896861;1;0
la_guaira_etape11_+ems;la_guaira;11;ems;17,855;19186;297;0,0155;True;False;True;False;True;True;True;False;False;True;True;True;True;True;True;nasa_s1;;;19186;14;653;283;18236;0,020989505;0,047138047;0,007790993
la_guaira_etape11_+ems;la_guaira;11;ems;17,855;19186;297;0,0155;True;False;True;False;True;True;True;False;False;True;True;True;True;True;True;nasa_s2;;;19035;122;2459;175;16279;0,047268501;0,410774411;0,058430957
la_guaira_etape11_+ems;la_guaira;11;ems;17,855;19186;297;0,0155;True;False;True;False;True;True;True;False;False;True;True;True;True;True;True;ungsc;;;19186;39;492;258;18397;0,073446328;0,131313131;0,075854139
la_guaira_etape11_+ems;la_guaira;11;ems;17,855;19186;297;0,0155;True;False;True;False;True;True;True;False;False;True;True;True;True;True;True;eos;;;7689;43;309;175;7162;0,122159091;0,197247706;0,120064087
la_guaira_etape11_+ems;la_guaira;11;ems;17,855;19186;297;0,0155;True;False;True;False;True;True;True;False;False;True;True;True;True;True;True;t_test_seul;2,75;;19186;67;262;230;18627;0,203647416;0,225589226;0,201057638
la_guaira_etape11_+ems;la_guaira;11;ems;17,855;19186;297;0,0155;True;False;True;False;True;True;True;False;False;True;True;True;True;True;True;bdpm_seul;0,66;;8021;20;59;147;7795;0,253164557;0,119760479;0,151251811
la_guaira_etape11_+ems;la_guaira;11;ems;17,855;19186;297;0,0155;True;False;True;False;True;True;True;False;False;True;True;True;True;True;True;fusion_tstat_coevent;2,75;0,48;19186;64;193;233;18696;0,249027237;0,215488215;0,219842033
la_guaira_etape11_+ems;la_guaira;11;ems;17,855;19186;297;0,0155;True;False;True;False;True;True;True;False;False;True;True;True;True;True;True;fusion_tstat_eos;2,75;0,241;7689;58;102;160;7369;0,3625;0,266055046;0,289832981
la_guaira_etape12_+uhsail;la_guaira;12;uhsail;17,855;19186;297;0,0155;True;False;True;False;True;True;True;True;False;True;True;True;True;True;True;disha;;;4162;0;0;26;4136;nan;0;0
la_guaira_etape12_+uhsail;la_guaira;12;uhsail;17,855;19186;297;0,0155;True;False;True;False;True;True;True;True;False;True;True;True;True;True;True;fair;;;16294;65;2619;182;13428;0,024217586;0,263157895;0,017064247
la_guaira_etape12_+uhsail;la_guaira;12;uhsail;17,855;19186;297;0,0155;True;False;True;False;True;True;True;True;False;True;True;True;True;True;True;microsoft;;;830;113;717;0;0;0,136144578;1;0
la_guaira_etape12_+uhsail;la_guaira;12;uhsail;17,855;19186;297;0,0155;True;False;True;False;True;True;True;True;False;True;True;True;True;True;True;osu;;;19183;254;9350;43;9536;0,026447314;0,855218855;0,021930594
la_guaira_etape12_+uhsail;la_guaira;12;uhsail;17,855;19186;297;0,0155;True;False;True;False;True;True;True;True;False;True;True;True;True;True;True;uhsail;;;19174;137;3004;160;15873;0,043616683;0,461279461;0,052891276
la_guaira_etape12_+uhsail;la_guaira;12;uhsail;17,855;19186;297;0,0155;True;False;True;False;True;True;True;True;False;True;True;True;True;True;True;unep;;;446;45;401;0;0;0,100896861;1;0
la_guaira_etape12_+uhsail;la_guaira;12;uhsail;17,855;19186;297;0,0155;True;False;True;False;True;True;True;True;False;True;True;True;True;True;True;nasa_s1;;;19186;14;653;283;18236;0,020989505;0,047138047;0,007790993
la_guaira_etape12_+uhsail;la_guaira;12;uhsail;17,855;19186;297;0,0155;True;False;True;False;True;True;True;True;False;True;True;True;True;True;True;nasa_s2;;;19035;122;2459;175;16279;0,047268501;0,410774411;0,058430957
la_guaira_etape12_+uhsail;la_guaira;12;uhsail;17,855;19186;297;0,0155;True;False;True;False;True;True;True;True;False;True;True;True;True;True;True;ungsc;;;19186;39;492;258;18397;0,073446328;0,131313131;0,075854139
la_guaira_etape12_+uhsail;la_guaira;12;uhsail;17,855;19186;297;0,0155;True;False;True;False;True;True;True;True;False;True;True;True;True;True;True;eos;;;7689;43;309;175;7162;0,122159091;0,197247706;0,120064087
la_guaira_etape12_+uhsail;la_guaira;12;uhsail;17,855;19186;297;0,0155;True;False;True;False;True;True;True;True;False;True;True;True;True;True;True;t_test_seul;2,75;;19186;67;262;230;18627;0,203647416;0,225589226;0,201057638
la_guaira_etape12_+uhsail;la_guaira;12;uhsail;17,855;19186;297;0,0155;True;False;True;False;True;True;True;True;False;True;True;True;True;True;True;bdpm_seul;0,66;;8021;20;59;147;7795;0,253164557;0,119760479;0,151251811
la_guaira_etape12_+uhsail;la_guaira;12;uhsail;17,855;19186;297;0,0155;True;False;True;False;True;True;True;True;False;True;True;True;True;True;True;fusion_tstat_coevent;2,75;0,48;19186;64;193;233;18696;0,249027237;0,215488215;0,219842033
la_guaira_etape12_+uhsail;la_guaira;12;uhsail;17,855;19186;297;0,0155;True;False;True;False;True;True;True;True;False;True;True;True;True;True;True;fusion_tstat_eos;2,75;0,241;7689;58;102;160;7369;0,3625;0,266055046;0,289832981
la_guaira_etape13_+unep;la_guaira;13;unep;14,339;19018;297;0,0156;True;False;True;False;True;True;True;True;True;True;True;True;True;True;True;disha;;;4157;0;0;26;4131;nan;0;0
la_guaira_etape13_+unep;la_guaira;13;unep;14,339;19018;297;0,0156;True;False;True;False;True;True;True;True;True;True;True;True;True;True;True;fair;;;16245;65;2601;182;13397;0,024381095;0,263157895;0,017277503
la_guaira_etape13_+unep;la_guaira;13;unep;14,339;19018;297;0,0156;True;False;True;False;True;True;True;True;True;True;True;True;True;True;True;microsoft;;;825;113;712;0;0;0,136969697;1;0
la_guaira_etape13_+unep;la_guaira;13;unep;14,339;19018;297;0,0156;True;False;True;False;True;True;True;True;True;True;True;True;True;True;True;osu;;;19015;254;9249;43;9469;0,026728402;0,855218855;0,022217979
la_guaira_etape13_+unep;la_guaira;13;unep;14,339;19018;297;0,0156;True;False;True;False;True;True;True;True;True;True;True;True;True;True;True;uhsail;;;19006;137;2912;160;15797;0,044932765;0,461279461;0,054975311
la_guaira_etape13_+unep;la_guaira;13;unep;14,339;19018;297;0,0156;True;False;True;False;True;True;True;True;True;True;True;True;True;True;True;unep;;;444;45;399;0;0;0,101351351;1;0
la_guaira_etape13_+unep;la_guaira;13;unep;14,339;19018;297;0,0156;True;False;True;False;True;True;True;True;True;True;True;True;True;True;True;nasa_s1;;;19018;14;647;283;18074;0,02118003;0,047138047;0,007846136
la_guaira_etape13_+unep;la_guaira;13;unep;14,339;19018;297;0,0156;True;False;True;False;True;True;True;True;True;True;True;True;True;True;True;nasa_s2;;;18888;122;2445;175;16146;0,047526295;0,410774411;0,058661757
la_guaira_etape13_+unep;la_guaira;13;unep;14,339;19018;297;0,0156;True;False;True;False;True;True;True;True;True;True;True;True;True;True;True;ungsc;;;19018;39;447;258;18274;0,080246914;0,131313131;0,081816632
la_guaira_etape13_+unep;la_guaira;13;unep;14,339;19018;297;0,0156;True;False;True;False;True;True;True;True;True;True;True;True;True;True;True;eos;;;7644;43;309;175;7117;0,122159091;0,197247706;0,119876068
la_guaira_etape13_+unep;la_guaira;13;unep;14,339;19018;297;0,0156;True;False;True;False;True;True;True;True;True;True;True;True;True;True;True;t_test_seul;2,75;;19018;67;246;230;18475;0,214057508;0,225589226;0,206962593
la_guaira_etape13_+unep;la_guaira;13;unep;14,339;19018;297;0,0156;True;False;True;False;True;True;True;True;True;True;True;True;True;True;True;bdpm_seul;0,64;;7975;24;95;143;7713;0,201680672;0,143712575;0,153073664
la_guaira_etape13_+unep;la_guaira;13;unep;14,339;19018;297;0,0156;True;False;True;False;True;True;True;True;True;True;True;True;True;True;True;fusion_tstat_coevent;2,75;0,48;19018;64;181;233;18540;0,26122449;0,215488215;0,225223686
la_guaira_etape13_+unep;la_guaira;13;unep;14,339;19018;297;0,0156;True;False;True;False;True;True;True;True;True;True;True;True;True;True;True;fusion_tstat_eos;2,75;0,241;7644;58;96;160;7330;0,376623377;0,266055046;0,295185462
la_guaira_etape14_+fair;la_guaira;14;fair;9,591;18511;287;0,0155;True;False;True;True;True;True;True;True;True;True;True;True;True;True;True;disha;;;4156;0;0;26;4130;nan;0;0
la_guaira_etape14_+fair;la_guaira;14;fair;9,591;18511;287;0,0155;True;False;True;True;True;True;True;True;True;True;True;True;True;True;True;fair;;;16240;65;2600;182;13393;0,024390244;0,263157895;0,017285501
la_guaira_etape14_+fair;la_guaira;14;fair;9,591;18511;287;0,0155;True;False;True;True;True;True;True;True;True;True;True;True;True;True;True;microsoft;;;825;113;712;0;0;0,136969697;1;0
la_guaira_etape14_+fair;la_guaira;14;fair;9,591;18511;287;0,0155;True;False;True;True;True;True;True;True;True;True;True;True;True;True;True;osu;;;18508;247;9191;40;9030;0,026170799;0,860627178;0,021340885
la_guaira_etape14_+fair;la_guaira;14;fair;9,591;18511;287;0,0155;True;False;True;True;True;True;True;True;True;True;True;True;True;True;True;uhsail;;;18510;129;2799;158;15424;0,044057377;0,449477352;0,05351829
la_guaira_etape14_+fair;la_guaira;14;fair;9,591;18511;287;0,0155;True;False;True;True;True;True;True;True;True;True;True;True;True;True;True;unep;;;443;45;398;0;0;0,101580135;1;0
la_guaira_etape14_+fair;la_guaira;14;fair;9,591;18511;287;0,0155;True;False;True;True;True;True;True;True;True;True;True;True;True;True;True;nasa_s1;;;18511;13;636;274;17588;0,020030817;0,045296167;0,006415092
la_guaira_etape14_+fair;la_guaira;14;fair;9,591;18511;287;0,0155;True;False;True;True;True;True;True;True;True;True;True;True;True;True;True;nasa_s2;;;18382;121;2426;166;15669;0,047506871;0,421602787;0,058983055
la_guaira_etape14_+fair;la_guaira;14;fair;9,591;18511;287;0,0155;True;False;True;True;True;True;True;True;True;True;True;True;True;True;True;ungsc;;;18511;36;413;251;17811;0,080178174;0,12543554;0,080430663
la_guaira_etape14_+fair;la_guaira;14;fair;9,591;18511;287;0,0155;True;False;True;True;True;True;True;True;True;True;True;True;True;True;True;eos;;;7479;43;308;169;6959;0,122507123;0,202830189;0,121710461
la_guaira_etape14_+fair;la_guaira;14;fair;9,591;18511;287;0,0155;True;False;True;True;True;True;True;True;True;True;True;True;True;True;True;t_test_seul;2,75;;18511;67;238;220;17986;0,219672131;0,233449477;0,213791107
la_guaira_etape14_+fair;la_guaira;14;fair;9,591;18511;287;0,0155;True;False;True;True;True;True;True;True;True;True;True;True;True;True;True;bdpm_seul;0,66;;7821;20;57;140;7604;0,25974026;0,125;0,157577872
la_guaira_etape14_+fair;la_guaira;14;fair;9,591;18511;287;0,0155;True;False;True;True;True;True;True;True;True;True;True;True;True;True;True;fusion_tstat_coevent;2,75;0,48;18511;64;175;223;18049;0,267782427;0,222996516;0,232532814
la_guaira_etape14_+fair;la_guaira;14;fair;9,591;18511;287;0,0155;True;False;True;True;True;True;True;True;True;True;True;True;True;True;True;fusion_tstat_eos;2,75;0,241;7479;58;95;154;7172;0,379084967;0,273584906;0,30120193
la_guaira_etape15_+disha;la_guaira;15;disha;5,139;10728;43;0,004;True;True;True;True;True;True;True;True;True;True;True;True;True;True;True;disha;;;4154;0;0;26;4128;nan;0;0
la_guaira_etape15_+disha;la_guaira;15;disha;5,139;10728;43;0,004;True;True;True;True;True;True;True;True;True;True;True;True;True;True;True;fair;;;9457;5;1013;35;8404;0,004911591;0,125;0,001323046
la_guaira_etape15_+disha;la_guaira;15;disha;5,139;10728;43;0,004;True;True;True;True;True;True;True;True;True;True;True;True;True;True;True;microsoft;;;407;12;395;0;0;0,029484029;1;0
la_guaira_etape15_+disha;la_guaira;15;disha;5,139;10728;43;0,004;True;True;True;True;True;True;True;True;True;True;True;True;True;True;True;osu;;;10726;25;4279;18;6404;0,00580855;0,581395349;0,003592113
la_guaira_etape15_+disha;la_guaira;15;disha;5,139;10728;43;0,004;True;True;True;True;True;True;True;True;True;True;True;True;True;True;True;uhsail;;;10728;4;88;39;10597;0,043478261;0,093023256;0,054091732
la_guaira_etape15_+disha;la_guaira;15;disha;5,139;10728;43;0,004;True;True;True;True;True;True;True;True;True;True;True;True;True;True;True;unep;;;242;5;237;0;0;0,020661157;1;0
la_guaira_etape15_+disha;la_guaira;15;disha;5,139;10728;43;0,004;True;True;True;True;True;True;True;True;True;True;True;True;True;True;True;nasa_s1;;;10728;0;345;43;10340;0;0;-0,007179163
la_guaira_etape15_+disha;la_guaira;15;disha;5,139;10728;43;0,004;True;True;True;True;True;True;True;True;True;True;True;True;True;True;True;nasa_s2;;;10599;16;1589;27;8967;0,009968847;0,372093023;0,011606935
la_guaira_etape15_+disha;la_guaira;15;disha;5,139;10728;43;0,004;True;True;True;True;True;True;True;True;True;True;True;True;True;True;True;ungsc;;;10728;2;226;41;10459;0,00877193;0,046511628;0,008070146
la_guaira_etape15_+disha;la_guaira;15;disha;5,139;10728;43;0,004;True;True;True;True;True;True;True;True;True;True;True;True;True;True;True;eos;;;3567;2;54;24;3487;0,035714286;0,076923077;0,039215145
la_guaira_etape15_+disha;la_guaira;15;disha;5,139;10728;43;0,004;True;True;True;True;True;True;True;True;True;True;True;True;True;True;True;t_test_seul;2,6;;10728;4;239;39;10446;0,016460905;0,093023256;0,021306004
la_guaira_etape15_+disha;la_guaira;15;disha;5,139;10728;43;0,004;True;True;True;True;True;True;True;True;True;True;True;True;True;True;True;bdpm_seul;0,26;;4756;12;871;17;3856;0,013590034;0,413793103;0,014681804
la_guaira_etape15_+disha;la_guaira;15;disha;5,139;10728;43;0,004;True;True;True;True;True;True;True;True;True;True;True;True;True;True;True;fusion_tstat_coevent;2,6;0,84;10728;4;233;39;10452;0,016877637;0,093023256;0,021934949
la_guaira_etape15_+disha;la_guaira;15;disha;5,139;10728;43;0,004;True;True;True;True;True;True;True;True;True;True;True;True;True;True;True;fusion_tstat_eos;-1;0,883;3567;2;1;24;3540;0,666666667;0,076923077;0,136629005
catia_la_mar_etape1_+chatmap;catia_la_mar;1;chatmap;34,579;32821;1725;0,0526;True;False;False;False;False;False;False;False;False;False;False;False;False;False;False;chatmap;;;138;128;10;0;0;0,927536232;1;0
catia_la_mar_etape1_+chatmap;catia_la_mar;1;chatmap;34,579;32821;1725;0,0526;True;False;False;False;False;False;False;False;False;False;False;False;False;False;False;disha;;;9991;63;23;704;9201;0,73255814;0,082138201;0,134313279
catia_la_mar_etape1_+chatmap;catia_la_mar;1;chatmap;34,579;32821;1725;0,0526;True;False;False;False;False;False;False;False;False;False;False;False;False;False;False;fair;;;27306;357;2176;1210;23563;0,140939597;0,227823867;0,111117926
catia_la_mar_etape1_+chatmap;catia_la_mar;1;chatmap;34,579;32821;1725;0,0526;True;False;False;False;False;False;False;False;False;False;False;False;False;False;False;microsoft;;;9377;994;8383;0;0;0,106004052;1;0
catia_la_mar_etape1_+chatmap;catia_la_mar;1;chatmap;34,579;32821;1725;0,0526;True;False;False;False;False;False;False;False;False;False;False;False;False;False;False;osu;;;32796;1551;15723;173;15349;0,089788121;0,899651972;0,074840489
catia_la_mar_etape1_+chatmap;catia_la_mar;1;chatmap;34,579;32821;1725;0,0526;True;False;False;False;False;False;False;False;False;False;False;False;False;False;False;uhsail;;;29666;320;677;916;27753;0,320962889;0,258899676;0,259042979
catia_la_mar_etape1_+chatmap;catia_la_mar;1;chatmap;34,579;32821;1725;0,0526;True;False;False;False;False;False;False;False;False;False;False;False;False;False;False;unep;;;5565;576;4989;0;0;0,103504043;1;0
catia_la_mar_etape1_+chatmap;catia_la_mar;1;chatmap;34,579;32821;1725;0,0526;True;False;False;False;False;False;False;False;False;False;False;False;False;False;False;nasa_s1;;;32821;162;1230;1563;29866;0,11637931;0,093913043;0,05981092
catia_la_mar_etape1_+chatmap;catia_la_mar;1;chatmap;34,579;32821;1725;0,0526;True;False;False;False;False;False;False;False;False;False;False;False;False;False;False;nasa_s2;;;32536;1059;6677;659;24141;0,136892451;0,616414435;0,150634077
catia_la_mar_etape1_+chatmap;catia_la_mar;1;chatmap;34,579;32821;1725;0,0526;True;False;False;False;False;False;False;False;False;False;False;False;False;False;False;ungsc;;;32821;464;2570;1261;28526;0,152933421;0,268985507;0,137177551
catia_la_mar_etape1_+chatmap;catia_la_mar;1;chatmap;34,579;32821;1725;0,0526;True;False;False;False;False;False;False;False;False;False;False;False;False;False;False;eos;;;11783;290;1157;1050;9286;0,200414651;0,21641791;0,102073594
catia_la_mar_etape1_+chatmap;catia_la_mar;1;chatmap;34,579;32821;1725;0,0526;True;False;False;False;False;False;False;False;False;False;False;False;False;False;False;t_test_seul;2,75;;32821;514;1311;1211;29785;0,281643836;0,297971014;0,248994387
catia_la_mar_etape1_+chatmap;catia_la_mar;1;chatmap;34,579;32821;1725;0,0526;True;False;False;False;False;False;False;False;False;False;False;False;False;False;False;bdpm_seul;0,78;;13194;117;334;666;12077;0,259423503;0,149425287;0,152880265
catia_la_mar_etape1_+chatmap;catia_la_mar;1;chatmap;34,579;32821;1725;0,0526;True;False;False;False;False;False;False;False;False;False;False;False;False;False;False;fusion_tstat_coevent;2,75;0,6;32821;512;1286;1213;29810;0,284760845;0,296811594;0,250450383
catia_la_mar_etape1_+chatmap;catia_la_mar;1;chatmap;34,579;32821;1725;0,0526;True;False;False;False;False;False;False;False;False;False;False;False;False;False;False;fusion_tstat_eos;2,75;0,172;11783;423;891;917;9552;0,321917808;0,315671642;0,232315944
catia_la_mar_etape2_+impact;catia_la_mar;2;impact;34,579;32821;1725;0,0526;True;False;False;False;True;False;False;False;False;False;False;False;False;False;False;chatmap;;;138;128;10;0;0;0,927536232;1;0
catia_la_mar_etape2_+impact;catia_la_mar;2;impact;34,579;32821;1725;0,0526;True;False;False;False;True;False;False;False;False;False;False;False;False;False;False;disha;;;9991;63;23;704;9201;0,73255814;0,082138201;0,134313279
catia_la_mar_etape2_+impact;catia_la_mar;2;impact;34,579;32821;1725;0,0526;True;False;False;False;True;False;False;False;False;False;False;False;False;False;False;fair;;;27306;357;2176;1210;23563;0,140939597;0,227823867;0,111117926
catia_la_mar_etape2_+impact;catia_la_mar;2;impact;34,579;32821;1725;0,0526;True;False;False;False;True;False;False;False;False;False;False;False;False;False;False;microsoft;;;9377;994;8383;0;0;0,106004052;1;0
catia_la_mar_etape2_+impact;catia_la_mar;2;impact;34,579;32821;1725;0,0526;True;False;False;False;True;False;False;False;False;False;False;False;False;False;False;osu;;;32796;1551;15723;173;15349;0,089788121;0,899651972;0,074840489
catia_la_mar_etape2_+impact;catia_la_mar;2;impact;34,579;32821;1725;0,0526;True;False;False;False;True;False;False;False;False;False;False;False;False;False;False;uhsail;;;29666;320;677;916;27753;0,320962889;0,258899676;0,259042979
catia_la_mar_etape2_+impact;catia_la_mar;2;impact;34,579;32821;1725;0,0526;True;False;False;False;True;False;False;False;False;False;False;False;False;False;False;unep;;;5565;576;4989;0;0;0,103504043;1;0
catia_la_mar_etape2_+impact;catia_la_mar;2;impact;34,579;32821;1725;0,0526;True;False;False;False;True;False;False;False;False;False;False;False;False;False;False;nasa_s1;;;32821;162;1230;1563;29866;0,11637931;0,093913043;0,05981092
catia_la_mar_etape2_+impact;catia_la_mar;2;impact;34,579;32821;1725;0,0526;True;False;False;False;True;False;False;False;False;False;False;False;False;False;False;nasa_s2;;;32536;1059;6677;659;24141;0,136892451;0,616414435;0,150634077
catia_la_mar_etape2_+impact;catia_la_mar;2;impact;34,579;32821;1725;0,0526;True;False;False;False;True;False;False;False;False;False;False;False;False;False;False;ungsc;;;32821;464;2570;1261;28526;0,152933421;0,268985507;0,137177551
catia_la_mar_etape2_+impact;catia_la_mar;2;impact;34,579;32821;1725;0,0526;True;False;False;False;True;False;False;False;False;False;False;False;False;False;False;eos;;;11783;290;1157;1050;9286;0,200414651;0,21641791;0,102073594
catia_la_mar_etape2_+impact;catia_la_mar;2;impact;34,579;32821;1725;0,0526;True;False;False;False;True;False;False;False;False;False;False;False;False;False;False;t_test_seul;2,75;;32821;514;1311;1211;29785;0,281643836;0,297971014;0,248994387
catia_la_mar_etape2_+impact;catia_la_mar;2;impact;34,579;32821;1725;0,0526;True;False;False;False;True;False;False;False;False;False;False;False;False;False;False;bdpm_seul;0,78;;13194;117;334;666;12077;0,259423503;0,149425287;0,152880265
catia_la_mar_etape2_+impact;catia_la_mar;2;impact;34,579;32821;1725;0,0526;True;False;False;False;True;False;False;False;False;False;False;False;False;False;False;fusion_tstat_coevent;2,75;0,6;32821;512;1286;1213;29810;0,284760845;0,296811594;0,250450383
catia_la_mar_etape2_+impact;catia_la_mar;2;impact;34,579;32821;1725;0,0526;True;False;False;False;True;False;False;False;False;False;False;False;False;False;False;fusion_tstat_eos;2,75;0,172;11783;423;891;917;9552;0,321917808;0,315671642;0,232315944
catia_la_mar_etape3_+osu;catia_la_mar;3;osu;34,579;32821;1725;0,0526;True;False;False;False;True;False;True;False;False;False;False;False;False;False;False;chatmap;;;138;128;10;0;0;0,927536232;1;0
catia_la_mar_etape3_+osu;catia_la_mar;3;osu;34,579;32821;1725;0,0526;True;False;False;False;True;False;True;False;False;False;False;False;False;False;False;disha;;;9991;63;23;704;9201;0,73255814;0,082138201;0,134313279
catia_la_mar_etape3_+osu;catia_la_mar;3;osu;34,579;32821;1725;0,0526;True;False;False;False;True;False;True;False;False;False;False;False;False;False;False;fair;;;27306;357;2176;1210;23563;0,140939597;0,227823867;0,111117926
catia_la_mar_etape3_+osu;catia_la_mar;3;osu;34,579;32821;1725;0,0526;True;False;False;False;True;False;True;False;False;False;False;False;False;False;False;microsoft;;;9377;994;8383;0;0;0,106004052;1;0
catia_la_mar_etape3_+osu;catia_la_mar;3;osu;34,579;32821;1725;0,0526;True;False;False;False;True;False;True;False;False;False;False;False;False;False;False;osu;;;32796;1551;15723;173;15349;0,089788121;0,899651972;0,074840489
catia_la_mar_etape3_+osu;catia_la_mar;3;osu;34,579;32821;1725;0,0526;True;False;False;False;True;False;True;False;False;False;False;False;False;False;False;uhsail;;;29666;320;677;916;27753;0,320962889;0,258899676;0,259042979
catia_la_mar_etape3_+osu;catia_la_mar;3;osu;34,579;32821;1725;0,0526;True;False;False;False;True;False;True;False;False;False;False;False;False;False;False;unep;;;5565;576;4989;0;0;0,103504043;1;0
catia_la_mar_etape3_+osu;catia_la_mar;3;osu;34,579;32821;1725;0,0526;True;False;False;False;True;False;True;False;False;False;False;False;False;False;False;nasa_s1;;;32821;162;1230;1563;29866;0,11637931;0,093913043;0,05981092
catia_la_mar_etape3_+osu;catia_la_mar;3;osu;34,579;32821;1725;0,0526;True;False;False;False;True;False;True;False;False;False;False;False;False;False;False;nasa_s2;;;32536;1059;6677;659;24141;0,136892451;0,616414435;0,150634077
catia_la_mar_etape3_+osu;catia_la_mar;3;osu;34,579;32821;1725;0,0526;True;False;False;False;True;False;True;False;False;False;False;False;False;False;False;ungsc;;;32821;464;2570;1261;28526;0,152933421;0,268985507;0,137177551
catia_la_mar_etape3_+osu;catia_la_mar;3;osu;34,579;32821;1725;0,0526;True;False;False;False;True;False;True;False;False;False;False;False;False;False;False;eos;;;11783;290;1157;1050;9286;0,200414651;0,21641791;0,102073594
catia_la_mar_etape3_+osu;catia_la_mar;3;osu;34,579;32821;1725;0,0526;True;False;False;False;True;False;True;False;False;False;False;False;False;False;False;t_test_seul;2,75;;32821;514;1311;1211;29785;0,281643836;0,297971014;0,248994387
catia_la_mar_etape3_+osu;catia_la_mar;3;osu;34,579;32821;1725;0,0526;True;False;False;False;True;False;True;False;False;False;False;False;False;False;False;bdpm_seul;0,78;;13194;117;334;666;12077;0,259423503;0,149425287;0,152880265
catia_la_mar_etape3_+osu;catia_la_mar;3;osu;34,579;32821;1725;0,0526;True;False;False;False;True;False;True;False;False;False;False;False;False;False;False;fusion_tstat_coevent;2,75;0,6;32821;512;1286;1213;29810;0,284760845;0,296811594;0,250450383
catia_la_mar_etape3_+osu;catia_la_mar;3;osu;34,579;32821;1725;0,0526;True;False;False;False;True;False;True;False;False;False;False;False;False;False;False;fusion_tstat_eos;2,75;0,172;11783;423;891;917;9552;0,321917808;0,315671642;0,232315944
catia_la_mar_etape4_+eos;catia_la_mar;4;eos;34,579;32821;1725;0,0526;True;False;False;False;True;False;True;False;False;True;False;False;False;False;False;chatmap;;;138;128;10;0;0;0,927536232;1;0
catia_la_mar_etape4_+eos;catia_la_mar;4;eos;34,579;32821;1725;0,0526;True;False;False;False;True;False;True;False;False;True;False;False;False;False;False;disha;;;9991;63;23;704;9201;0,73255814;0,082138201;0,134313279
catia_la_mar_etape4_+eos;catia_la_mar;4;eos;34,579;32821;1725;0,0526;True;False;False;False;True;False;True;False;False;True;False;False;False;False;False;fair;;;27306;357;2176;1210;23563;0,140939597;0,227823867;0,111117926
catia_la_mar_etape4_+eos;catia_la_mar;4;eos;34,579;32821;1725;0,0526;True;False;False;False;True;False;True;False;False;True;False;False;False;False;False;microsoft;;;9377;994;8383;0;0;0,106004052;1;0
catia_la_mar_etape4_+eos;catia_la_mar;4;eos;34,579;32821;1725;0,0526;True;False;False;False;True;False;True;False;False;True;False;False;False;False;False;osu;;;32796;1551;15723;173;15349;0,089788121;0,899651972;0,074840489
catia_la_mar_etape4_+eos;catia_la_mar;4;eos;34,579;32821;1725;0,0526;True;False;False;False;True;False;True;False;False;True;False;False;False;False;False;uhsail;;;29666;320;677;916;27753;0,320962889;0,258899676;0,259042979
catia_la_mar_etape4_+eos;catia_la_mar;4;eos;34,579;32821;1725;0,0526;True;False;False;False;True;False;True;False;False;True;False;False;False;False;False;unep;;;5565;576;4989;0;0;0,103504043;1;0
catia_la_mar_etape4_+eos;catia_la_mar;4;eos;34,579;32821;1725;0,0526;True;False;False;False;True;False;True;False;False;True;False;False;False;False;False;nasa_s1;;;32821;162;1230;1563;29866;0,11637931;0,093913043;0,05981092
catia_la_mar_etape4_+eos;catia_la_mar;4;eos;34,579;32821;1725;0,0526;True;False;False;False;True;False;True;False;False;True;False;False;False;False;False;nasa_s2;;;32536;1059;6677;659;24141;0,136892451;0,616414435;0,150634077
catia_la_mar_etape4_+eos;catia_la_mar;4;eos;34,579;32821;1725;0,0526;True;False;False;False;True;False;True;False;False;True;False;False;False;False;False;ungsc;;;32821;464;2570;1261;28526;0,152933421;0,268985507;0,137177551
catia_la_mar_etape4_+eos;catia_la_mar;4;eos;34,579;32821;1725;0,0526;True;False;False;False;True;False;True;False;False;True;False;False;False;False;False;eos;;;11783;290;1157;1050;9286;0,200414651;0,21641791;0,102073594
catia_la_mar_etape4_+eos;catia_la_mar;4;eos;34,579;32821;1725;0,0526;True;False;False;False;True;False;True;False;False;True;False;False;False;False;False;t_test_seul;2,75;;32821;514;1311;1211;29785;0,281643836;0,297971014;0,248994387
catia_la_mar_etape4_+eos;catia_la_mar;4;eos;34,579;32821;1725;0,0526;True;False;False;False;True;False;True;False;False;True;False;False;False;False;False;bdpm_seul;0,78;;13194;117;334;666;12077;0,259423503;0,149425287;0,152880265
catia_la_mar_etape4_+eos;catia_la_mar;4;eos;34,579;32821;1725;0,0526;True;False;False;False;True;False;True;False;False;True;False;False;False;False;False;fusion_tstat_coevent;2,75;0,6;32821;512;1286;1213;29810;0,284760845;0,296811594;0,250450383
catia_la_mar_etape4_+eos;catia_la_mar;4;eos;34,579;32821;1725;0,0526;True;False;False;False;True;False;True;False;False;True;False;False;False;False;False;fusion_tstat_eos;2,75;0,172;11783;423;891;917;9552;0,321917808;0,315671642;0,232315944
catia_la_mar_etape5_+nasa_s1;catia_la_mar;5;nasa_s1;34,579;32821;1725;0,0526;True;False;False;False;True;False;True;False;False;True;True;False;False;False;False;chatmap;;;138;128;10;0;0;0,927536232;1;0
catia_la_mar_etape5_+nasa_s1;catia_la_mar;5;nasa_s1;34,579;32821;1725;0,0526;True;False;False;False;True;False;True;False;False;True;True;False;False;False;False;disha;;;9991;63;23;704;9201;0,73255814;0,082138201;0,134313279
catia_la_mar_etape5_+nasa_s1;catia_la_mar;5;nasa_s1;34,579;32821;1725;0,0526;True;False;False;False;True;False;True;False;False;True;True;False;False;False;False;fair;;;27306;357;2176;1210;23563;0,140939597;0,227823867;0,111117926
catia_la_mar_etape5_+nasa_s1;catia_la_mar;5;nasa_s1;34,579;32821;1725;0,0526;True;False;False;False;True;False;True;False;False;True;True;False;False;False;False;microsoft;;;9377;994;8383;0;0;0,106004052;1;0
catia_la_mar_etape5_+nasa_s1;catia_la_mar;5;nasa_s1;34,579;32821;1725;0,0526;True;False;False;False;True;False;True;False;False;True;True;False;False;False;False;osu;;;32796;1551;15723;173;15349;0,089788121;0,899651972;0,074840489
catia_la_mar_etape5_+nasa_s1;catia_la_mar;5;nasa_s1;34,579;32821;1725;0,0526;True;False;False;False;True;False;True;False;False;True;True;False;False;False;False;uhsail;;;29666;320;677;916;27753;0,320962889;0,258899676;0,259042979
catia_la_mar_etape5_+nasa_s1;catia_la_mar;5;nasa_s1;34,579;32821;1725;0,0526;True;False;False;False;True;False;True;False;False;True;True;False;False;False;False;unep;;;5565;576;4989;0;0;0,103504043;1;0
catia_la_mar_etape5_+nasa_s1;catia_la_mar;5;nasa_s1;34,579;32821;1725;0,0526;True;False;False;False;True;False;True;False;False;True;True;False;False;False;False;nasa_s1;;;32821;162;1230;1563;29866;0,11637931;0,093913043;0,05981092
catia_la_mar_etape5_+nasa_s1;catia_la_mar;5;nasa_s1;34,579;32821;1725;0,0526;True;False;False;False;True;False;True;False;False;True;True;False;False;False;False;nasa_s2;;;32536;1059;6677;659;24141;0,136892451;0,616414435;0,150634077
catia_la_mar_etape5_+nasa_s1;catia_la_mar;5;nasa_s1;34,579;32821;1725;0,0526;True;False;False;False;True;False;True;False;False;True;True;False;False;False;False;ungsc;;;32821;464;2570;1261;28526;0,152933421;0,268985507;0,137177551
catia_la_mar_etape5_+nasa_s1;catia_la_mar;5;nasa_s1;34,579;32821;1725;0,0526;True;False;False;False;True;False;True;False;False;True;True;False;False;False;False;eos;;;11783;290;1157;1050;9286;0,200414651;0,21641791;0,102073594
catia_la_mar_etape5_+nasa_s1;catia_la_mar;5;nasa_s1;34,579;32821;1725;0,0526;True;False;False;False;True;False;True;False;False;True;True;False;False;False;False;t_test_seul;2,75;;32821;514;1311;1211;29785;0,281643836;0,297971014;0,248994387
catia_la_mar_etape5_+nasa_s1;catia_la_mar;5;nasa_s1;34,579;32821;1725;0,0526;True;False;False;False;True;False;True;False;False;True;True;False;False;False;False;bdpm_seul;0,78;;13194;117;334;666;12077;0,259423503;0,149425287;0,152880265
catia_la_mar_etape5_+nasa_s1;catia_la_mar;5;nasa_s1;34,579;32821;1725;0,0526;True;False;False;False;True;False;True;False;False;True;True;False;False;False;False;fusion_tstat_coevent;2,75;0,6;32821;512;1286;1213;29810;0,284760845;0,296811594;0,250450383
catia_la_mar_etape5_+nasa_s1;catia_la_mar;5;nasa_s1;34,579;32821;1725;0,0526;True;False;False;False;True;False;True;False;False;True;True;False;False;False;False;fusion_tstat_eos;2,75;0,172;11783;423;891;917;9552;0,321917808;0,315671642;0,232315944
catia_la_mar_etape6_+nasa_s2;catia_la_mar;6;nasa_s2;34,579;32821;1725;0,0526;True;False;False;False;True;False;True;False;False;True;True;True;False;False;False;chatmap;;;138;128;10;0;0;0,927536232;1;0
catia_la_mar_etape6_+nasa_s2;catia_la_mar;6;nasa_s2;34,579;32821;1725;0,0526;True;False;False;False;True;False;True;False;False;True;True;True;False;False;False;disha;;;9991;63;23;704;9201;0,73255814;0,082138201;0,134313279
catia_la_mar_etape6_+nasa_s2;catia_la_mar;6;nasa_s2;34,579;32821;1725;0,0526;True;False;False;False;True;False;True;False;False;True;True;True;False;False;False;fair;;;27306;357;2176;1210;23563;0,140939597;0,227823867;0,111117926
catia_la_mar_etape6_+nasa_s2;catia_la_mar;6;nasa_s2;34,579;32821;1725;0,0526;True;False;False;False;True;False;True;False;False;True;True;True;False;False;False;microsoft;;;9377;994;8383;0;0;0,106004052;1;0
catia_la_mar_etape6_+nasa_s2;catia_la_mar;6;nasa_s2;34,579;32821;1725;0,0526;True;False;False;False;True;False;True;False;False;True;True;True;False;False;False;osu;;;32796;1551;15723;173;15349;0,089788121;0,899651972;0,074840489
catia_la_mar_etape6_+nasa_s2;catia_la_mar;6;nasa_s2;34,579;32821;1725;0,0526;True;False;False;False;True;False;True;False;False;True;True;True;False;False;False;uhsail;;;29666;320;677;916;27753;0,320962889;0,258899676;0,259042979
catia_la_mar_etape6_+nasa_s2;catia_la_mar;6;nasa_s2;34,579;32821;1725;0,0526;True;False;False;False;True;False;True;False;False;True;True;True;False;False;False;unep;;;5565;576;4989;0;0;0,103504043;1;0
catia_la_mar_etape6_+nasa_s2;catia_la_mar;6;nasa_s2;34,579;32821;1725;0,0526;True;False;False;False;True;False;True;False;False;True;True;True;False;False;False;nasa_s1;;;32821;162;1230;1563;29866;0,11637931;0,093913043;0,05981092
catia_la_mar_etape6_+nasa_s2;catia_la_mar;6;nasa_s2;34,579;32821;1725;0,0526;True;False;False;False;True;False;True;False;False;True;True;True;False;False;False;nasa_s2;;;32536;1059;6677;659;24141;0,136892451;0,616414435;0,150634077
catia_la_mar_etape6_+nasa_s2;catia_la_mar;6;nasa_s2;34,579;32821;1725;0,0526;True;False;False;False;True;False;True;False;False;True;True;True;False;False;False;ungsc;;;32821;464;2570;1261;28526;0,152933421;0,268985507;0,137177551
catia_la_mar_etape6_+nasa_s2;catia_la_mar;6;nasa_s2;34,579;32821;1725;0,0526;True;False;False;False;True;False;True;False;False;True;True;True;False;False;False;eos;;;11783;290;1157;1050;9286;0,200414651;0,21641791;0,102073594
catia_la_mar_etape6_+nasa_s2;catia_la_mar;6;nasa_s2;34,579;32821;1725;0,0526;True;False;False;False;True;False;True;False;False;True;True;True;False;False;False;t_test_seul;2,75;;32821;514;1311;1211;29785;0,281643836;0,297971014;0,248994387
catia_la_mar_etape6_+nasa_s2;catia_la_mar;6;nasa_s2;34,579;32821;1725;0,0526;True;False;False;False;True;False;True;False;False;True;True;True;False;False;False;bdpm_seul;0,78;;13194;117;334;666;12077;0,259423503;0,149425287;0,152880265
catia_la_mar_etape6_+nasa_s2;catia_la_mar;6;nasa_s2;34,579;32821;1725;0,0526;True;False;False;False;True;False;True;False;False;True;True;True;False;False;False;fusion_tstat_coevent;2,75;0,6;32821;512;1286;1213;29810;0,284760845;0,296811594;0,250450383
catia_la_mar_etape6_+nasa_s2;catia_la_mar;6;nasa_s2;34,579;32821;1725;0,0526;True;False;False;False;True;False;True;False;False;True;True;True;False;False;False;fusion_tstat_eos;2,75;0,172;11783;423;891;917;9552;0,321917808;0,315671642;0,232315944
catia_la_mar_etape7_+ungsc;catia_la_mar;7;ungsc;34,579;32821;1725;0,0526;True;False;False;False;True;False;True;False;False;True;True;True;True;False;False;chatmap;;;138;128;10;0;0;0,927536232;1;0
catia_la_mar_etape7_+ungsc;catia_la_mar;7;ungsc;34,579;32821;1725;0,0526;True;False;False;False;True;False;True;False;False;True;True;True;True;False;False;disha;;;9991;63;23;704;9201;0,73255814;0,082138201;0,134313279
catia_la_mar_etape7_+ungsc;catia_la_mar;7;ungsc;34,579;32821;1725;0,0526;True;False;False;False;True;False;True;False;False;True;True;True;True;False;False;fair;;;27306;357;2176;1210;23563;0,140939597;0,227823867;0,111117926
catia_la_mar_etape7_+ungsc;catia_la_mar;7;ungsc;34,579;32821;1725;0,0526;True;False;False;False;True;False;True;False;False;True;True;True;True;False;False;microsoft;;;9377;994;8383;0;0;0,106004052;1;0
catia_la_mar_etape7_+ungsc;catia_la_mar;7;ungsc;34,579;32821;1725;0,0526;True;False;False;False;True;False;True;False;False;True;True;True;True;False;False;osu;;;32796;1551;15723;173;15349;0,089788121;0,899651972;0,074840489
catia_la_mar_etape7_+ungsc;catia_la_mar;7;ungsc;34,579;32821;1725;0,0526;True;False;False;False;True;False;True;False;False;True;True;True;True;False;False;uhsail;;;29666;320;677;916;27753;0,320962889;0,258899676;0,259042979
catia_la_mar_etape7_+ungsc;catia_la_mar;7;ungsc;34,579;32821;1725;0,0526;True;False;False;False;True;False;True;False;False;True;True;True;True;False;False;unep;;;5565;576;4989;0;0;0,103504043;1;0
catia_la_mar_etape7_+ungsc;catia_la_mar;7;ungsc;34,579;32821;1725;0,0526;True;False;False;False;True;False;True;False;False;True;True;True;True;False;False;nasa_s1;;;32821;162;1230;1563;29866;0,11637931;0,093913043;0,05981092
catia_la_mar_etape7_+ungsc;catia_la_mar;7;ungsc;34,579;32821;1725;0,0526;True;False;False;False;True;False;True;False;False;True;True;True;True;False;False;nasa_s2;;;32536;1059;6677;659;24141;0,136892451;0,616414435;0,150634077
catia_la_mar_etape7_+ungsc;catia_la_mar;7;ungsc;34,579;32821;1725;0,0526;True;False;False;False;True;False;True;False;False;True;True;True;True;False;False;ungsc;;;32821;464;2570;1261;28526;0,152933421;0,268985507;0,137177551
catia_la_mar_etape7_+ungsc;catia_la_mar;7;ungsc;34,579;32821;1725;0,0526;True;False;False;False;True;False;True;False;False;True;True;True;True;False;False;eos;;;11783;290;1157;1050;9286;0,200414651;0,21641791;0,102073594
catia_la_mar_etape7_+ungsc;catia_la_mar;7;ungsc;34,579;32821;1725;0,0526;True;False;False;False;True;False;True;False;False;True;True;True;True;False;False;t_test_seul;2,75;;32821;514;1311;1211;29785;0,281643836;0,297971014;0,248994387
catia_la_mar_etape7_+ungsc;catia_la_mar;7;ungsc;34,579;32821;1725;0,0526;True;False;False;False;True;False;True;False;False;True;True;True;True;False;False;bdpm_seul;0,78;;13194;117;334;666;12077;0,259423503;0,149425287;0,152880265
catia_la_mar_etape7_+ungsc;catia_la_mar;7;ungsc;34,579;32821;1725;0,0526;True;False;False;False;True;False;True;False;False;True;True;True;True;False;False;fusion_tstat_coevent;2,75;0,6;32821;512;1286;1213;29810;0,284760845;0,296811594;0,250450383
catia_la_mar_etape7_+ungsc;catia_la_mar;7;ungsc;34,579;32821;1725;0,0526;True;False;False;False;True;False;True;False;False;True;True;True;True;False;False;fusion_tstat_eos;2,75;0,172;11783;423;891;917;9552;0,321917808;0,315671642;0,232315944
catia_la_mar_etape8_+t_test;catia_la_mar;8;t_test;34,579;32821;1725;0,0526;True;False;False;False;True;False;True;False;False;True;True;True;True;True;False;chatmap;;;138;128;10;0;0;0,927536232;1;0
catia_la_mar_etape8_+t_test;catia_la_mar;8;t_test;34,579;32821;1725;0,0526;True;False;False;False;True;False;True;False;False;True;True;True;True;True;False;disha;;;9991;63;23;704;9201;0,73255814;0,082138201;0,134313279
catia_la_mar_etape8_+t_test;catia_la_mar;8;t_test;34,579;32821;1725;0,0526;True;False;False;False;True;False;True;False;False;True;True;True;True;True;False;fair;;;27306;357;2176;1210;23563;0,140939597;0,227823867;0,111117926
catia_la_mar_etape8_+t_test;catia_la_mar;8;t_test;34,579;32821;1725;0,0526;True;False;False;False;True;False;True;False;False;True;True;True;True;True;False;microsoft;;;9377;994;8383;0;0;0,106004052;1;0
catia_la_mar_etape8_+t_test;catia_la_mar;8;t_test;34,579;32821;1725;0,0526;True;False;False;False;True;False;True;False;False;True;True;True;True;True;False;osu;;;32796;1551;15723;173;15349;0,089788121;0,899651972;0,074840489
catia_la_mar_etape8_+t_test;catia_la_mar;8;t_test;34,579;32821;1725;0,0526;True;False;False;False;True;False;True;False;False;True;True;True;True;True;False;uhsail;;;29666;320;677;916;27753;0,320962889;0,258899676;0,259042979
catia_la_mar_etape8_+t_test;catia_la_mar;8;t_test;34,579;32821;1725;0,0526;True;False;False;False;True;False;True;False;False;True;True;True;True;True;False;unep;;;5565;576;4989;0;0;0,103504043;1;0
catia_la_mar_etape8_+t_test;catia_la_mar;8;t_test;34,579;32821;1725;0,0526;True;False;False;False;True;False;True;False;False;True;True;True;True;True;False;nasa_s1;;;32821;162;1230;1563;29866;0,11637931;0,093913043;0,05981092
catia_la_mar_etape8_+t_test;catia_la_mar;8;t_test;34,579;32821;1725;0,0526;True;False;False;False;True;False;True;False;False;True;True;True;True;True;False;nasa_s2;;;32536;1059;6677;659;24141;0,136892451;0,616414435;0,150634077
catia_la_mar_etape8_+t_test;catia_la_mar;8;t_test;34,579;32821;1725;0,0526;True;False;False;False;True;False;True;False;False;True;True;True;True;True;False;ungsc;;;32821;464;2570;1261;28526;0,152933421;0,268985507;0,137177551
catia_la_mar_etape8_+t_test;catia_la_mar;8;t_test;34,579;32821;1725;0,0526;True;False;False;False;True;False;True;False;False;True;True;True;True;True;False;eos;;;11783;290;1157;1050;9286;0,200414651;0,21641791;0,102073594
catia_la_mar_etape8_+t_test;catia_la_mar;8;t_test;34,579;32821;1725;0,0526;True;False;False;False;True;False;True;False;False;True;True;True;True;True;False;t_test_seul;2,75;;32821;514;1311;1211;29785;0,281643836;0,297971014;0,248994387
catia_la_mar_etape8_+t_test;catia_la_mar;8;t_test;34,579;32821;1725;0,0526;True;False;False;False;True;False;True;False;False;True;True;True;True;True;False;bdpm_seul;0,78;;13194;117;334;666;12077;0,259423503;0,149425287;0,152880265
catia_la_mar_etape8_+t_test;catia_la_mar;8;t_test;34,579;32821;1725;0,0526;True;False;False;False;True;False;True;False;False;True;True;True;True;True;False;fusion_tstat_coevent;2,75;0,6;32821;512;1286;1213;29810;0,284760845;0,296811594;0,250450383
catia_la_mar_etape8_+t_test;catia_la_mar;8;t_test;34,579;32821;1725;0,0526;True;False;False;False;True;False;True;False;False;True;True;True;True;True;False;fusion_tstat_eos;2,75;0,172;11783;423;891;917;9552;0,321917808;0,315671642;0,232315944
catia_la_mar_etape9_+bdpm;catia_la_mar;9;bdpm;34,579;32821;1725;0,0526;True;False;False;False;True;False;True;False;False;True;True;True;True;True;True;chatmap;;;138;128;10;0;0;0,927536232;1;0
catia_la_mar_etape9_+bdpm;catia_la_mar;9;bdpm;34,579;32821;1725;0,0526;True;False;False;False;True;False;True;False;False;True;True;True;True;True;True;disha;;;9991;63;23;704;9201;0,73255814;0,082138201;0,134313279
catia_la_mar_etape9_+bdpm;catia_la_mar;9;bdpm;34,579;32821;1725;0,0526;True;False;False;False;True;False;True;False;False;True;True;True;True;True;True;fair;;;27306;357;2176;1210;23563;0,140939597;0,227823867;0,111117926
catia_la_mar_etape9_+bdpm;catia_la_mar;9;bdpm;34,579;32821;1725;0,0526;True;False;False;False;True;False;True;False;False;True;True;True;True;True;True;microsoft;;;9377;994;8383;0;0;0,106004052;1;0
catia_la_mar_etape9_+bdpm;catia_la_mar;9;bdpm;34,579;32821;1725;0,0526;True;False;False;False;True;False;True;False;False;True;True;True;True;True;True;osu;;;32796;1551;15723;173;15349;0,089788121;0,899651972;0,074840489
catia_la_mar_etape9_+bdpm;catia_la_mar;9;bdpm;34,579;32821;1725;0,0526;True;False;False;False;True;False;True;False;False;True;True;True;True;True;True;uhsail;;;29666;320;677;916;27753;0,320962889;0,258899676;0,259042979
catia_la_mar_etape9_+bdpm;catia_la_mar;9;bdpm;34,579;32821;1725;0,0526;True;False;False;False;True;False;True;False;False;True;True;True;True;True;True;unep;;;5565;576;4989;0;0;0,103504043;1;0
catia_la_mar_etape9_+bdpm;catia_la_mar;9;bdpm;34,579;32821;1725;0,0526;True;False;False;False;True;False;True;False;False;True;True;True;True;True;True;nasa_s1;;;32821;162;1230;1563;29866;0,11637931;0,093913043;0,05981092
catia_la_mar_etape9_+bdpm;catia_la_mar;9;bdpm;34,579;32821;1725;0,0526;True;False;False;False;True;False;True;False;False;True;True;True;True;True;True;nasa_s2;;;32536;1059;6677;659;24141;0,136892451;0,616414435;0,150634077
catia_la_mar_etape9_+bdpm;catia_la_mar;9;bdpm;34,579;32821;1725;0,0526;True;False;False;False;True;False;True;False;False;True;True;True;True;True;True;ungsc;;;32821;464;2570;1261;28526;0,152933421;0,268985507;0,137177551
catia_la_mar_etape9_+bdpm;catia_la_mar;9;bdpm;34,579;32821;1725;0,0526;True;False;False;False;True;False;True;False;False;True;True;True;True;True;True;eos;;;11783;290;1157;1050;9286;0,200414651;0,21641791;0,102073594
catia_la_mar_etape9_+bdpm;catia_la_mar;9;bdpm;34,579;32821;1725;0,0526;True;False;False;False;True;False;True;False;False;True;True;True;True;True;True;t_test_seul;2,75;;32821;514;1311;1211;29785;0,281643836;0,297971014;0,248994387
catia_la_mar_etape9_+bdpm;catia_la_mar;9;bdpm;34,579;32821;1725;0,0526;True;False;False;False;True;False;True;False;False;True;True;True;True;True;True;bdpm_seul;0,78;;13194;117;334;666;12077;0,259423503;0,149425287;0,152880265
catia_la_mar_etape9_+bdpm;catia_la_mar;9;bdpm;34,579;32821;1725;0,0526;True;False;False;False;True;False;True;False;False;True;True;True;True;True;True;fusion_tstat_coevent;2,75;0,6;32821;512;1286;1213;29810;0,284760845;0,296811594;0,250450383
catia_la_mar_etape9_+bdpm;catia_la_mar;9;bdpm;34,579;32821;1725;0,0526;True;False;False;False;True;False;True;False;False;True;True;True;True;True;True;fusion_tstat_eos;2,75;0,172;11783;423;891;917;9552;0,321917808;0,315671642;0,232315944
catia_la_mar_etape10_+ems;catia_la_mar;10;ems;34,579;32821;1725;0,0526;True;False;True;False;True;False;True;False;False;True;True;True;True;True;True;chatmap;;;138;128;10;0;0;0,927536232;1;0
catia_la_mar_etape10_+ems;catia_la_mar;10;ems;34,579;32821;1725;0,0526;True;False;True;False;True;False;True;False;False;True;True;True;True;True;True;disha;;;9991;63;23;704;9201;0,73255814;0,082138201;0,134313279
catia_la_mar_etape10_+ems;catia_la_mar;10;ems;34,579;32821;1725;0,0526;True;False;True;False;True;False;True;False;False;True;True;True;True;True;True;fair;;;27306;357;2176;1210;23563;0,140939597;0,227823867;0,111117926
catia_la_mar_etape10_+ems;catia_la_mar;10;ems;34,579;32821;1725;0,0526;True;False;True;False;True;False;True;False;False;True;True;True;True;True;True;microsoft;;;9377;994;8383;0;0;0,106004052;1;0
catia_la_mar_etape10_+ems;catia_la_mar;10;ems;34,579;32821;1725;0,0526;True;False;True;False;True;False;True;False;False;True;True;True;True;True;True;osu;;;32796;1551;15723;173;15349;0,089788121;0,899651972;0,074840489
catia_la_mar_etape10_+ems;catia_la_mar;10;ems;34,579;32821;1725;0,0526;True;False;True;False;True;False;True;False;False;True;True;True;True;True;True;uhsail;;;29666;320;677;916;27753;0,320962889;0,258899676;0,259042979
catia_la_mar_etape10_+ems;catia_la_mar;10;ems;34,579;32821;1725;0,0526;True;False;True;False;True;False;True;False;False;True;True;True;True;True;True;unep;;;5565;576;4989;0;0;0,103504043;1;0
catia_la_mar_etape10_+ems;catia_la_mar;10;ems;34,579;32821;1725;0,0526;True;False;True;False;True;False;True;False;False;True;True;True;True;True;True;nasa_s1;;;32821;162;1230;1563;29866;0,11637931;0,093913043;0,05981092
catia_la_mar_etape10_+ems;catia_la_mar;10;ems;34,579;32821;1725;0,0526;True;False;True;False;True;False;True;False;False;True;True;True;True;True;True;nasa_s2;;;32536;1059;6677;659;24141;0,136892451;0,616414435;0,150634077
catia_la_mar_etape10_+ems;catia_la_mar;10;ems;34,579;32821;1725;0,0526;True;False;True;False;True;False;True;False;False;True;True;True;True;True;True;ungsc;;;32821;464;2570;1261;28526;0,152933421;0,268985507;0,137177551
catia_la_mar_etape10_+ems;catia_la_mar;10;ems;34,579;32821;1725;0,0526;True;False;True;False;True;False;True;False;False;True;True;True;True;True;True;eos;;;11783;290;1157;1050;9286;0,200414651;0,21641791;0,102073594
catia_la_mar_etape10_+ems;catia_la_mar;10;ems;34,579;32821;1725;0,0526;True;False;True;False;True;False;True;False;False;True;True;True;True;True;True;t_test_seul;2,75;;32821;514;1311;1211;29785;0,281643836;0,297971014;0,248994387
catia_la_mar_etape10_+ems;catia_la_mar;10;ems;34,579;32821;1725;0,0526;True;False;True;False;True;False;True;False;False;True;True;True;True;True;True;bdpm_seul;0,78;;13194;117;334;666;12077;0,259423503;0,149425287;0,152880265
catia_la_mar_etape10_+ems;catia_la_mar;10;ems;34,579;32821;1725;0,0526;True;False;True;False;True;False;True;False;False;True;True;True;True;True;True;fusion_tstat_coevent;2,75;0,6;32821;512;1286;1213;29810;0,284760845;0,296811594;0,250450383
catia_la_mar_etape10_+ems;catia_la_mar;10;ems;34,579;32821;1725;0,0526;True;False;True;False;True;False;True;False;False;True;True;True;True;True;True;fusion_tstat_eos;2,75;0,172;11783;423;891;917;9552;0,321917808;0,315671642;0,232315944
catia_la_mar_etape11_+uhsail;catia_la_mar;11;uhsail;34,579;32821;1725;0,0526;True;False;True;False;True;False;True;True;False;True;True;True;True;True;True;chatmap;;;138;128;10;0;0;0,927536232;1;0
catia_la_mar_etape11_+uhsail;catia_la_mar;11;uhsail;34,579;32821;1725;0,0526;True;False;True;False;True;False;True;True;False;True;True;True;True;True;True;disha;;;9991;63;23;704;9201;0,73255814;0,082138201;0,134313279
catia_la_mar_etape11_+uhsail;catia_la_mar;11;uhsail;34,579;32821;1725;0,0526;True;False;True;False;True;False;True;True;False;True;True;True;True;True;True;fair;;;27306;357;2176;1210;23563;0,140939597;0,227823867;0,111117926
catia_la_mar_etape11_+uhsail;catia_la_mar;11;uhsail;34,579;32821;1725;0,0526;True;False;True;False;True;False;True;True;False;True;True;True;True;True;True;microsoft;;;9377;994;8383;0;0;0,106004052;1;0
catia_la_mar_etape11_+uhsail;catia_la_mar;11;uhsail;34,579;32821;1725;0,0526;True;False;True;False;True;False;True;True;False;True;True;True;True;True;True;osu;;;32796;1551;15723;173;15349;0,089788121;0,899651972;0,074840489
catia_la_mar_etape11_+uhsail;catia_la_mar;11;uhsail;34,579;32821;1725;0,0526;True;False;True;False;True;False;True;True;False;True;True;True;True;True;True;uhsail;;;29666;320;677;916;27753;0,320962889;0,258899676;0,259042979
catia_la_mar_etape11_+uhsail;catia_la_mar;11;uhsail;34,579;32821;1725;0,0526;True;False;True;False;True;False;True;True;False;True;True;True;True;True;True;unep;;;5565;576;4989;0;0;0,103504043;1;0
catia_la_mar_etape11_+uhsail;catia_la_mar;11;uhsail;34,579;32821;1725;0,0526;True;False;True;False;True;False;True;True;False;True;True;True;True;True;True;nasa_s1;;;32821;162;1230;1563;29866;0,11637931;0,093913043;0,05981092
catia_la_mar_etape11_+uhsail;catia_la_mar;11;uhsail;34,579;32821;1725;0,0526;True;False;True;False;True;False;True;True;False;True;True;True;True;True;True;nasa_s2;;;32536;1059;6677;659;24141;0,136892451;0,616414435;0,150634077
catia_la_mar_etape11_+uhsail;catia_la_mar;11;uhsail;34,579;32821;1725;0,0526;True;False;True;False;True;False;True;True;False;True;True;True;True;True;True;ungsc;;;32821;464;2570;1261;28526;0,152933421;0,268985507;0,137177551
catia_la_mar_etape11_+uhsail;catia_la_mar;11;uhsail;34,579;32821;1725;0,0526;True;False;True;False;True;False;True;True;False;True;True;True;True;True;True;eos;;;11783;290;1157;1050;9286;0,200414651;0,21641791;0,102073594
catia_la_mar_etape11_+uhsail;catia_la_mar;11;uhsail;34,579;32821;1725;0,0526;True;False;True;False;True;False;True;True;False;True;True;True;True;True;True;t_test_seul;2,75;;32821;514;1311;1211;29785;0,281643836;0,297971014;0,248994387
catia_la_mar_etape11_+uhsail;catia_la_mar;11;uhsail;34,579;32821;1725;0,0526;True;False;True;False;True;False;True;True;False;True;True;True;True;True;True;bdpm_seul;0,78;;13194;117;334;666;12077;0,259423503;0,149425287;0,152880265
catia_la_mar_etape11_+uhsail;catia_la_mar;11;uhsail;34,579;32821;1725;0,0526;True;False;True;False;True;False;True;True;False;True;True;True;True;True;True;fusion_tstat_coevent;2,75;0,6;32821;512;1286;1213;29810;0,284760845;0,296811594;0,250450383
catia_la_mar_etape11_+uhsail;catia_la_mar;11;uhsail;34,579;32821;1725;0,0526;True;False;True;False;True;False;True;True;False;True;True;True;True;True;True;fusion_tstat_eos;2,75;0,172;11783;423;891;917;9552;0,321917808;0,315671642;0,232315944
catia_la_mar_etape12_+microsoft;catia_la_mar;12;microsoft;34,353;32798;1725;0,0526;True;False;True;False;True;True;True;True;False;True;True;True;True;True;True;chatmap;;;138;128;10;0;0;0,927536232;1;0
catia_la_mar_etape12_+microsoft;catia_la_mar;12;microsoft;34,353;32798;1725;0,0526;True;False;True;False;True;True;True;True;False;True;True;True;True;True;True;disha;;;9985;63;23;704;9195;0,73255814;0,082138201;0,1343051
catia_la_mar_etape12_+microsoft;catia_la_mar;12;microsoft;34,353;32798;1725;0,0526;True;False;True;False;True;True;True;True;False;True;True;True;True;True;True;fair;;;27306;357;2176;1210;23563;0,140939597;0,227823867;0,111117926
catia_la_mar_etape12_+microsoft;catia_la_mar;12;microsoft;34,353;32798;1725;0,0526;True;False;True;False;True;True;True;True;False;True;True;True;True;True;True;microsoft;;;9377;994;8383;0;0;0,106004052;1;0
catia_la_mar_etape12_+microsoft;catia_la_mar;12;microsoft;34,353;32798;1725;0,0526;True;False;True;False;True;True;True;True;False;True;True;True;True;True;True;osu;;;32773;1551;15723;173;15326;0,089788121;0,899651972;0,074771856
catia_la_mar_etape12_+microsoft;catia_la_mar;12;microsoft;34,353;32798;1725;0,0526;True;False;True;False;True;True;True;True;False;True;True;True;True;True;True;uhsail;;;29643;320;677;916;27730;0,320962889;0,258899676;0,259020762
catia_la_mar_etape12_+microsoft;catia_la_mar;12;microsoft;34,353;32798;1725;0,0526;True;False;True;False;True;True;True;True;False;True;True;True;True;True;True;unep;;;5565;576;4989;0;0;0,103504043;1;0
catia_la_mar_etape12_+microsoft;catia_la_mar;12;microsoft;34,353;32798;1725;0,0526;True;False;True;False;True;True;True;True;False;True;True;True;True;True;True;nasa_s1;;;32798;162;1230;1563;29843;0,11637931;0,093913043;0,059778444
catia_la_mar_etape12_+microsoft;catia_la_mar;12;microsoft;34,353;32798;1725;0,0526;True;False;True;False;True;True;True;True;False;True;True;True;True;True;True;nasa_s2;;;32513;1059;6677;659;24118;0,136892451;0,616414435;0,150577239
catia_la_mar_etape12_+microsoft;catia_la_mar;12;microsoft;34,353;32798;1725;0,0526;True;False;True;False;True;True;True;True;False;True;True;True;True;True;True;ungsc;;;32798;464;2566;1261;28507;0,153135314;0,268985507;0,137339574
catia_la_mar_etape12_+microsoft;catia_la_mar;12;microsoft;34,353;32798;1725;0,0526;True;False;True;False;True;True;True;True;False;True;True;True;True;True;True;eos;;;11783;290;1157;1050;9286;0,200414651;0,21641791;0,102073594
catia_la_mar_etape12_+microsoft;catia_la_mar;12;microsoft;34,353;32798;1725;0,0526;True;False;True;False;True;True;True;True;False;True;True;True;True;True;True;t_test_seul;2,75;;32798;514;1311;1211;29762;0,281643836;0,297971014;0,2489643
catia_la_mar_etape12_+microsoft;catia_la_mar;12;microsoft;34,353;32798;1725;0,0526;True;False;True;False;True;True;True;True;False;True;True;True;True;True;True;bdpm_seul;0,78;;13188;117;334;666;12071;0,259423503;0,149425287;0,152862788
catia_la_mar_etape12_+microsoft;catia_la_mar;12;microsoft;34,353;32798;1725;0,0526;True;False;True;False;True;True;True;True;False;True;True;True;True;True;True;fusion_tstat_coevent;2,75;0,6;32798;512;1286;1213;29787;0,284760845;0,296811594;0,250420585
catia_la_mar_etape12_+microsoft;catia_la_mar;12;microsoft;34,353;32798;1725;0,0526;True;False;True;False;True;True;True;True;False;True;True;True;True;True;True;fusion_tstat_eos;2,75;0,172;11783;423;891;917;9552;0,321917808;0,315671642;0,232315944
catia_la_mar_etape13_+fair;catia_la_mar;13;fair;33,947;32509;1725;0,0531;True;False;True;True;True;True;True;True;False;True;True;True;True;True;True;chatmap;;;138;128;10;0;0;0,927536232;1;0
catia_la_mar_etape13_+fair;catia_la_mar;13;fair;33,947;32509;1725;0,0531;True;False;True;True;True;True;True;True;False;True;True;True;True;True;True;disha;;;9879;63;23;704;9089;0,73255814;0,082138201;0,134158937
catia_la_mar_etape13_+fair;catia_la_mar;13;fair;33,947;32509;1725;0,0531;True;False;True;True;True;True;True;True;False;True;True;True;True;True;True;fair;;;27303;357;2176;1210;23560;0,140939597;0,227823867;0,111110472
catia_la_mar_etape13_+fair;catia_la_mar;13;fair;33,947;32509;1725;0,0531;True;False;True;True;True;True;True;True;False;True;True;True;True;True;True;microsoft;;;9377;994;8383;0;0;0,106004052;1;0
catia_la_mar_etape13_+fair;catia_la_mar;13;fair;33,947;32509;1725;0,0531;True;False;True;True;True;True;True;True;False;True;True;True;True;True;True;osu;;;32484;1551;15709;173;15051;0,08986095;0,899651972;0,074040865
catia_la_mar_etape13_+fair;catia_la_mar;13;fair;33,947;32509;1725;0,0531;True;False;True;True;True;True;True;True;False;True;True;True;True;True;True;uhsail;;;29354;320;677;916;27441;0,320962889;0,258899676;0,258738525
catia_la_mar_etape13_+fair;catia_la_mar;13;fair;33,947;32509;1725;0,0531;True;False;True;True;True;True;True;True;False;True;True;True;True;True;True;unep;;;5557;576;4981;0;0;0,10365305;1;0
catia_la_mar_etape13_+fair;catia_la_mar;13;fair;33,947;32509;1725;0,0531;True;False;True;True;True;True;True;True;False;True;True;True;True;True;True;nasa_s1;;;32509;162;1214;1563;29570;0,117732558;0,093913043;0,060228219
catia_la_mar_etape13_+fair;catia_la_mar;13;fair;33,947;32509;1725;0,0531;True;False;True;True;True;True;True;True;False;True;True;True;True;True;True;nasa_s2;;;32224;1059;6632;659;23874;0,137693408;0,616414435;0,151115568
catia_la_mar_etape13_+fair;catia_la_mar;13;fair;33,947;32509;1725;0,0531;True;False;True;True;True;True;True;True;False;True;True;True;True;True;True;ungsc;;;32509;464;2554;1261;28230;0,153744201;0,268985507;0,137407949
catia_la_mar_etape13_+fair;catia_la_mar;13;fair;33,947;32509;1725;0,0531;True;False;True;True;True;True;True;True;False;True;True;True;True;True;True;eos;;;11783;290;1157;1050;9286;0,200414651;0,21641791;0,102073594
catia_la_mar_etape13_+fair;catia_la_mar;13;fair;33,947;32509;1725;0,0531;True;False;True;True;True;True;True;True;False;True;True;True;True;True;True;t_test_seul;2,75;;32509;514;1311;1211;29473;0,281643836;0,297971014;0,248582421
catia_la_mar_etape13_+fair;catia_la_mar;13;fair;33,947;32509;1725;0,0531;True;False;True;True;True;True;True;True;False;True;True;True;True;True;True;bdpm_seul;0,78;;13168;117;334;666;12051;0,259423503;0,149425287;0,152804412
catia_la_mar_etape13_+fair;catia_la_mar;13;fair;33,947;32509;1725;0,0531;True;False;True;True;True;True;True;True;False;True;True;True;True;True;True;fusion_tstat_coevent;2,75;0,6;32509;512;1286;1213;29498;0,284760845;0,296811594;0,250042365
catia_la_mar_etape13_+fair;catia_la_mar;13;fair;33,947;32509;1725;0,0531;True;False;True;True;True;True;True;True;False;True;True;True;True;True;True;fusion_tstat_eos;2,75;0,172;11783;423;891;917;9552;0,321917808;0,315671642;0,232315944
catia_la_mar_etape14_+unep;catia_la_mar;14;unep;29,746;32368;1721;0,0532;True;False;True;True;True;True;True;True;True;True;True;True;True;True;True;chatmap;;;138;128;10;0;0;0,927536232;1;0
catia_la_mar_etape14_+unep;catia_la_mar;14;unep;29,746;32368;1721;0,0532;True;False;True;True;True;True;True;True;True;True;True;True;True;True;True;disha;;;9856;63;23;704;9066;0,73255814;0,082138201;0,1341268
catia_la_mar_etape14_+unep;catia_la_mar;14;unep;29,746;32368;1721;0,0532;True;False;True;True;True;True;True;True;True;True;True;True;True;True;True;fair;;;27233;356;2137;1210;23530;0,14279984;0,227330779;0,112739651
catia_la_mar_etape14_+unep;catia_la_mar;14;unep;29,746;32368;1721;0,0532;True;False;True;True;True;True;True;True;True;True;True;True;True;True;True;microsoft;;;9325;994;8331;0;0;0,106595174;1;0
catia_la_mar_etape14_+unep;catia_la_mar;14;unep;29,746;32368;1721;0,0532;True;False;True;True;True;True;True;True;True;True;True;True;True;True;True;osu;;;32343;1548;15622;172;15001;0,090157251;0,9;0,074414821
catia_la_mar_etape14_+unep;catia_la_mar;14;unep;29,746;32368;1721;0,0532;True;False;True;True;True;True;True;True;True;True;True;True;True;True;True;uhsail;;;29230;317;630;915;27368;0,334741288;0,257305195;0,263995092
catia_la_mar_etape14_+unep;catia_la_mar;14;unep;29,746;32368;1721;0,0532;True;False;True;True;True;True;True;True;True;True;True;True;True;True;True;unep;;;5533;576;4957;0;0;0,104102657;1;0
catia_la_mar_etape14_+unep;catia_la_mar;14;unep;29,746;32368;1721;0,0532;True;False;True;True;True;True;True;True;True;True;True;True;True;True;True;nasa_s1;;;32368;162;1208;1559;29439;0,118248175;0,094131319;0,060541833
catia_la_mar_etape14_+unep;catia_la_mar;14;unep;29,746;32368;1721;0,0532;True;False;True;True;True;True;True;True;True;True;True;True;True;True;True;nasa_s2;;;32100;1058;6609;656;23777;0,137994;0,617269545;0,151506218
catia_la_mar_etape14_+unep;catia_la_mar;14;unep;29,746;32368;1721;0,0532;True;False;True;True;True;True;True;True;True;True;True;True;True;True;True;ungsc;;;32368;464;2534;1257;28113;0,154769847;0,269610691;0,138447057
catia_la_mar_etape14_+unep;catia_la_mar;14;unep;29,746;32368;1721;0,0532;True;False;True;True;True;True;True;True;True;True;True;True;True;True;True;eos;;;11749;290;1155;1049;9255;0,200692042;0,216579537;0,102106811
catia_la_mar_etape14_+unep;catia_la_mar;14;unep;29,746;32368;1721;0,0532;True;False;True;True;True;True;True;True;True;True;True;True;True;True;True;t_test_seul;2,75;;32368;514;1299;1207;29348;0,283507998;0,298663568;0,249971488
catia_la_mar_etape14_+unep;catia_la_mar;14;unep;29,746;32368;1721;0,0532;True;False;True;True;True;True;True;True;True;True;True;True;True;True;True;bdpm_seul;0,78;;13129;117;334;665;12013;0,259423503;0,149616368;0,152868884
catia_la_mar_etape14_+unep;catia_la_mar;14;unep;29,746;32368;1721;0,0532;True;False;True;True;True;True;True;True;True;True;True;True;True;True;True;fusion_tstat_coevent;2,75;0,6;32368;512;1275;1209;29372;0,28651371;0,297501453;0,251349728
catia_la_mar_etape14_+unep;catia_la_mar;14;unep;29,746;32368;1721;0,0532;True;False;True;True;True;True;True;True;True;True;True;True;True;True;True;fusion_tstat_eos;2,75;0,172;11749;423;887;916;9523;0,322900763;0,315907394;0,232898512
catia_la_mar_etape15_+disha;catia_la_mar;15;disha;22,325;24183;1649;0,0682;True;True;True;True;True;True;True;True;True;True;True;True;True;True;True;chatmap;;;138;128;10;0;0;0,927536232;1;0
catia_la_mar_etape15_+disha;catia_la_mar;15;disha;22,325;24183;1649;0,0682;True;True;True;True;True;True;True;True;True;True;True;True;True;True;True;disha;;;9851;63;23;704;9061;0,73255814;0,082138201;0,134119794
catia_la_mar_etape15_+disha;catia_la_mar;15;disha;22,325;24183;1649;0,0682;True;True;True;True;True;True;True;True;True;True;True;True;True;True;True;fair;;;20669;346;1334;1152;17837;0,205952381;0,230974633;0,152831653
catia_la_mar_etape15_+disha;catia_la_mar;15;disha;22,325;24183;1649;0,0682;True;True;True;True;True;True;True;True;True;True;True;True;True;True;True;microsoft;;;6756;965;5791;0;0;0,142835998;1;0
catia_la_mar_etape15_+disha;catia_la_mar;15;disha;22,325;24183;1649;0,0682;True;True;True;True;True;True;True;True;True;True;True;True;True;True;True;osu;;;24163;1494;11964;154;10551;0,111012037;0,906553398;0,086828592
catia_la_mar_etape15_+disha;catia_la_mar;15;disha;22,325;24183;1649;0,0682;True;True;True;True;True;True;True;True;True;True;True;True;True;True;True;uhsail;;;21100;313;486;847;19454;0,391739675;0,269827586;0,287603068
catia_la_mar_etape15_+disha;catia_la_mar;15;disha;22,325;24183;1649;0,0682;True;True;True;True;True;True;True;True;True;True;True;True;True;True;True;unep;;;4274;565;3709;0;0;0,132194665;1;0
catia_la_mar_etape15_+disha;catia_la_mar;15;disha;22,325;24183;1649;0,0682;True;True;True;True;True;True;True;True;True;True;True;True;True;True;True;nasa_s1;;;24183;159;948;1490;21586;0,143631436;0,096422074;0,064118583
catia_la_mar_etape15_+disha;catia_la_mar;15;disha;22,325;24183;1649;0,0682;True;True;True;True;True;True;True;True;True;True;True;True;True;True;True;nasa_s2;;;23915;1031;5087;611;17186;0,168519124;0,627892814;0,176575106
catia_la_mar_etape15_+disha;catia_la_mar;15;disha;22,325;24183;1649;0,0682;True;True;True;True;True;True;True;True;True;True;True;True;True;True;True;ungsc;;;24183;457;1396;1192;21138;0,246627091;0,277137659;0,203519239
catia_la_mar_etape15_+disha;catia_la_mar;15;disha;22,325;24183;1649;0,0682;True;True;True;True;True;True;True;True;True;True;True;True;True;True;True;eos;;;10783;288;1089;1030;8376;0,209150327;0,218512898;0,10150193
catia_la_mar_etape15_+disha;catia_la_mar;15;disha;22,325;24183;1649;0,0682;True;True;True;True;True;True;True;True;True;True;True;True;True;True;True;t_test_seul;2,75;;24183;512;1292;1137;21242;0,283813747;0,310491207;0,242588719
catia_la_mar_etape15_+disha;catia_la_mar;15;disha;22,325;24183;1649;0,0682;True;True;True;True;True;True;True;True;True;True;True;True;True;True;True;bdpm_seul;0,78;;10390;117;286;625;9362;0,290322581;0,157681941;0,162252363
catia_la_mar_etape15_+disha;catia_la_mar;15;disha;22,325;24183;1649;0,0682;True;True;True;True;True;True;True;True;True;True;True;True;True;True;True;fusion_tstat_coevent;2,75;0,51;24183;505;1244;1144;21290;0,288736421;0,30624621;0,244178701
catia_la_mar_etape15_+disha;catia_la_mar;15;disha;22,325;24183;1649;0,0682;True;True;True;True;True;True;True;True;True;True;True;True;True;True;True;fusion_tstat_eos;2,75;0,172;10783;422;885;896;8580;0,322876817;0,320182094;0,227496863
caraballeda_etape1_+ems;caraballeda;1;ems;15,893;11555;609;0,0527;False;False;True;False;False;False;False;False;False;False;False;False;False;False;False;chatmap;;;117;96;21;0;0;0,820512821;1;0
caraballeda_etape1_+ems;caraballeda;1;ems;15,893;11555;609;0,0527;False;False;True;False;False;False;False;False;False;False;False;False;False;False;False;fair;;;7821;124;443;289;6965;0,218694885;0,300242131;0,204449325
caraballeda_etape1_+ems;caraballeda;1;ems;15,893;11555;609;0,0527;False;False;True;False;False;False;False;False;False;False;False;False;False;False;False;microsoft;;;761;313;448;0;0;0,41130092;1;0
caraballeda_etape1_+ems;caraballeda;1;ems;15,893;11555;609;0,0527;False;False;True;False;False;False;False;False;False;False;False;False;False;False;False;osu;;;11554;557;7173;52;3772;0,072056921;0,914614122;0,039754633
caraballeda_etape1_+ems;caraballeda;1;ems;15,893;11555;609;0,0527;False;False;True;False;False;False;False;False;False;False;False;False;False;False;False;uhsail;;;5541;274;338;245;4684;0,447712418;0,527938343;0,42638071
caraballeda_etape1_+ems;caraballeda;1;ems;15,893;11555;609;0,0527;False;False;True;False;False;False;False;False;False;False;False;False;False;False;False;unep;;;606;211;395;0;0;0,348184818;1;0
caraballeda_etape1_+ems;caraballeda;1;ems;15,893;11555;609;0,0527;False;False;True;False;False;False;False;False;False;False;False;False;False;False;False;nasa_s1;;;11555;67;704;542;10242;0,08690013;0,11001642;0,040601001
caraballeda_etape1_+ems;caraballeda;1;ems;15,893;11555;609;0,0527;False;False;True;False;False;False;False;False;False;False;False;False;False;False;False;nasa_s2;;;11041;453;1870;155;8563;0,195006457;0,745065789;0,243034942
caraballeda_etape1_+ems;caraballeda;1;ems;15,893;11555;609;0,0527;False;False;True;False;False;False;False;False;False;False;False;False;False;False;False;ungsc;;;11555;465;8295;144;2651;0,053082192;0,763546798;0,000783591
caraballeda_etape1_+ems;caraballeda;1;ems;15,893;11555;609;0,0527;False;False;True;False;False;False;False;False;False;False;False;False;False;False;False;eos;;;6035;119;643;371;4902;0,156167979;0,242857143;0,101272422
caraballeda_etape1_+ems;caraballeda;1;ems;15,893;11555;609;0,0527;False;False;True;False;False;False;False;False;False;False;False;False;False;False;False;t_test_seul;2,75;;11555;265;845;344;10101;0,238738739;0,435139573;0,257800942
caraballeda_etape1_+ems;caraballeda;1;ems;15,893;11555;609;0,0527;False;False;True;False;False;False;False;False;False;False;False;False;False;False;False;bdpm_seul;0,66;;4205;101;580;189;3335;0,148311307;0,348275862;0,123216041
caraballeda_etape1_+ems;caraballeda;1;ems;15,893;11555;609;0,0527;False;False;True;False;False;False;False;False;False;False;False;False;False;False;False;fusion_tstat_coevent;2,75;0,51;11555;262;830;347;10116;0,23992674;0,430213465;0,25783161
caraballeda_etape1_+ems;caraballeda;1;ems;15,893;11555;609;0,0527;False;False;True;False;False;False;False;False;False;False;False;False;False;False;False;fusion_tstat_eos;2,9;0,448;6035;187;394;303;5151;0,321858864;0,381632653;0,286338638
caraballeda_etape2_+uhsail;caraballeda;2;uhsail;15,893;11555;609;0,0527;False;False;True;False;False;False;False;True;False;False;False;False;False;False;False;chatmap;;;117;96;21;0;0;0,820512821;1;0
caraballeda_etape2_+uhsail;caraballeda;2;uhsail;15,893;11555;609;0,0527;False;False;True;False;False;False;False;True;False;False;False;False;False;False;False;fair;;;7821;124;443;289;6965;0,218694885;0,300242131;0,204449325
caraballeda_etape2_+uhsail;caraballeda;2;uhsail;15,893;11555;609;0,0527;False;False;True;False;False;False;False;True;False;False;False;False;False;False;False;microsoft;;;761;313;448;0;0;0,41130092;1;0
caraballeda_etape2_+uhsail;caraballeda;2;uhsail;15,893;11555;609;0,0527;False;False;True;False;False;False;False;True;False;False;False;False;False;False;False;osu;;;11554;557;7173;52;3772;0,072056921;0,914614122;0,039754633
caraballeda_etape2_+uhsail;caraballeda;2;uhsail;15,893;11555;609;0,0527;False;False;True;False;False;False;False;True;False;False;False;False;False;False;False;uhsail;;;5541;274;338;245;4684;0,447712418;0,527938343;0,42638071
caraballeda_etape2_+uhsail;caraballeda;2;uhsail;15,893;11555;609;0,0527;False;False;True;False;False;False;False;True;False;False;False;False;False;False;False;unep;;;606;211;395;0;0;0,348184818;1;0
caraballeda_etape2_+uhsail;caraballeda;2;uhsail;15,893;11555;609;0,0527;False;False;True;False;False;False;False;True;False;False;False;False;False;False;False;nasa_s1;;;11555;67;704;542;10242;0,08690013;0,11001642;0,040601001
caraballeda_etape2_+uhsail;caraballeda;2;uhsail;15,893;11555;609;0,0527;False;False;True;False;False;False;False;True;False;False;False;False;False;False;False;nasa_s2;;;11041;453;1870;155;8563;0,195006457;0,745065789;0,243034942
caraballeda_etape2_+uhsail;caraballeda;2;uhsail;15,893;11555;609;0,0527;False;False;True;False;False;False;False;True;False;False;False;False;False;False;False;ungsc;;;11555;465;8295;144;2651;0,053082192;0,763546798;0,000783591
caraballeda_etape2_+uhsail;caraballeda;2;uhsail;15,893;11555;609;0,0527;False;False;True;False;False;False;False;True;False;False;False;False;False;False;False;eos;;;6035;119;643;371;4902;0,156167979;0,242857143;0,101272422
caraballeda_etape2_+uhsail;caraballeda;2;uhsail;15,893;11555;609;0,0527;False;False;True;False;False;False;False;True;False;False;False;False;False;False;False;t_test_seul;2,75;;11555;265;845;344;10101;0,238738739;0,435139573;0,257800942
caraballeda_etape2_+uhsail;caraballeda;2;uhsail;15,893;11555;609;0,0527;False;False;True;False;False;False;False;True;False;False;False;False;False;False;False;bdpm_seul;0,66;;4205;101;580;189;3335;0,148311307;0,348275862;0,123216041
caraballeda_etape2_+uhsail;caraballeda;2;uhsail;15,893;11555;609;0,0527;False;False;True;False;False;False;False;True;False;False;False;False;False;False;False;fusion_tstat_coevent;2,75;0,51;11555;262;830;347;10116;0,23992674;0,430213465;0,25783161
caraballeda_etape2_+uhsail;caraballeda;2;uhsail;15,893;11555;609;0,0527;False;False;True;False;False;False;False;True;False;False;False;False;False;False;False;fusion_tstat_eos;2,9;0,448;6035;187;394;303;5151;0,321858864;0,381632653;0,286338638
caraballeda_etape3_+chatmap;caraballeda;3;chatmap;15,893;11555;609;0,0527;True;False;True;False;False;False;False;True;False;False;False;False;False;False;False;chatmap;;;117;96;21;0;0;0,820512821;1;0
caraballeda_etape3_+chatmap;caraballeda;3;chatmap;15,893;11555;609;0,0527;True;False;True;False;False;False;False;True;False;False;False;False;False;False;False;fair;;;7821;124;443;289;6965;0,218694885;0,300242131;0,204449325
caraballeda_etape3_+chatmap;caraballeda;3;chatmap;15,893;11555;609;0,0527;True;False;True;False;False;False;False;True;False;False;False;False;False;False;False;microsoft;;;761;313;448;0;0;0,41130092;1;0
caraballeda_etape3_+chatmap;caraballeda;3;chatmap;15,893;11555;609;0,0527;True;False;True;False;False;False;False;True;False;False;False;False;False;False;False;osu;;;11554;557;7173;52;3772;0,072056921;0,914614122;0,039754633
caraballeda_etape3_+chatmap;caraballeda;3;chatmap;15,893;11555;609;0,0527;True;False;True;False;False;False;False;True;False;False;False;False;False;False;False;uhsail;;;5541;274;338;245;4684;0,447712418;0,527938343;0,42638071
caraballeda_etape3_+chatmap;caraballeda;3;chatmap;15,893;11555;609;0,0527;True;False;True;False;False;False;False;True;False;False;False;False;False;False;False;unep;;;606;211;395;0;0;0,348184818;1;0
caraballeda_etape3_+chatmap;caraballeda;3;chatmap;15,893;11555;609;0,0527;True;False;True;False;False;False;False;True;False;False;False;False;False;False;False;nasa_s1;;;11555;67;704;542;10242;0,08690013;0,11001642;0,040601001
caraballeda_etape3_+chatmap;caraballeda;3;chatmap;15,893;11555;609;0,0527;True;False;True;False;False;False;False;True;False;False;False;False;False;False;False;nasa_s2;;;11041;453;1870;155;8563;0,195006457;0,745065789;0,243034942
caraballeda_etape3_+chatmap;caraballeda;3;chatmap;15,893;11555;609;0,0527;True;False;True;False;False;False;False;True;False;False;False;False;False;False;False;ungsc;;;11555;465;8295;144;2651;0,053082192;0,763546798;0,000783591
caraballeda_etape3_+chatmap;caraballeda;3;chatmap;15,893;11555;609;0,0527;True;False;True;False;False;False;False;True;False;False;False;False;False;False;False;eos;;;6035;119;643;371;4902;0,156167979;0,242857143;0,101272422
caraballeda_etape3_+chatmap;caraballeda;3;chatmap;15,893;11555;609;0,0527;True;False;True;False;False;False;False;True;False;False;False;False;False;False;False;t_test_seul;2,75;;11555;265;845;344;10101;0,238738739;0,435139573;0,257800942
caraballeda_etape3_+chatmap;caraballeda;3;chatmap;15,893;11555;609;0,0527;True;False;True;False;False;False;False;True;False;False;False;False;False;False;False;bdpm_seul;0,66;;4205;101;580;189;3335;0,148311307;0,348275862;0,123216041
caraballeda_etape3_+chatmap;caraballeda;3;chatmap;15,893;11555;609;0,0527;True;False;True;False;False;False;False;True;False;False;False;False;False;False;False;fusion_tstat_coevent;2,75;0,51;11555;262;830;347;10116;0,23992674;0,430213465;0,25783161
caraballeda_etape3_+chatmap;caraballeda;3;chatmap;15,893;11555;609;0,0527;True;False;True;False;False;False;False;True;False;False;False;False;False;False;False;fusion_tstat_eos;2,9;0,448;6035;187;394;303;5151;0,321858864;0,381632653;0,286338638
caraballeda_etape4_+impact;caraballeda;4;impact;15,893;11555;609;0,0527;True;False;True;False;True;False;False;True;False;False;False;False;False;False;False;chatmap;;;117;96;21;0;0;0,820512821;1;0
caraballeda_etape4_+impact;caraballeda;4;impact;15,893;11555;609;0,0527;True;False;True;False;True;False;False;True;False;False;False;False;False;False;False;fair;;;7821;124;443;289;6965;0,218694885;0,300242131;0,204449325
caraballeda_etape4_+impact;caraballeda;4;impact;15,893;11555;609;0,0527;True;False;True;False;True;False;False;True;False;False;False;False;False;False;False;microsoft;;;761;313;448;0;0;0,41130092;1;0
caraballeda_etape4_+impact;caraballeda;4;impact;15,893;11555;609;0,0527;True;False;True;False;True;False;False;True;False;False;False;False;False;False;False;osu;;;11554;557;7173;52;3772;0,072056921;0,914614122;0,039754633
caraballeda_etape4_+impact;caraballeda;4;impact;15,893;11555;609;0,0527;True;False;True;False;True;False;False;True;False;False;False;False;False;False;False;uhsail;;;5541;274;338;245;4684;0,447712418;0,527938343;0,42638071
caraballeda_etape4_+impact;caraballeda;4;impact;15,893;11555;609;0,0527;True;False;True;False;True;False;False;True;False;False;False;False;False;False;False;unep;;;606;211;395;0;0;0,348184818;1;0
caraballeda_etape4_+impact;caraballeda;4;impact;15,893;11555;609;0,0527;True;False;True;False;True;False;False;True;False;False;False;False;False;False;False;nasa_s1;;;11555;67;704;542;10242;0,08690013;0,11001642;0,040601001
caraballeda_etape4_+impact;caraballeda;4;impact;15,893;11555;609;0,0527;True;False;True;False;True;False;False;True;False;False;False;False;False;False;False;nasa_s2;;;11041;453;1870;155;8563;0,195006457;0,745065789;0,243034942
caraballeda_etape4_+impact;caraballeda;4;impact;15,893;11555;609;0,0527;True;False;True;False;True;False;False;True;False;False;False;False;False;False;False;ungsc;;;11555;465;8295;144;2651;0,053082192;0,763546798;0,000783591
caraballeda_etape4_+impact;caraballeda;4;impact;15,893;11555;609;0,0527;True;False;True;False;True;False;False;True;False;False;False;False;False;False;False;eos;;;6035;119;643;371;4902;0,156167979;0,242857143;0,101272422
caraballeda_etape4_+impact;caraballeda;4;impact;15,893;11555;609;0,0527;True;False;True;False;True;False;False;True;False;False;False;False;False;False;False;t_test_seul;2,75;;11555;265;845;344;10101;0,238738739;0,435139573;0,257800942
caraballeda_etape4_+impact;caraballeda;4;impact;15,893;11555;609;0,0527;True;False;True;False;True;False;False;True;False;False;False;False;False;False;False;bdpm_seul;0,66;;4205;101;580;189;3335;0,148311307;0,348275862;0,123216041
caraballeda_etape4_+impact;caraballeda;4;impact;15,893;11555;609;0,0527;True;False;True;False;True;False;False;True;False;False;False;False;False;False;False;fusion_tstat_coevent;2,75;0,51;11555;262;830;347;10116;0,23992674;0,430213465;0,25783161
caraballeda_etape4_+impact;caraballeda;4;impact;15,893;11555;609;0,0527;True;False;True;False;True;False;False;True;False;False;False;False;False;False;False;fusion_tstat_eos;2,9;0,448;6035;187;394;303;5151;0,321858864;0,381632653;0,286338638
caraballeda_etape5_+osu;caraballeda;5;osu;15,893;11555;609;0,0527;True;False;True;False;True;False;True;True;False;False;False;False;False;False;False;chatmap;;;117;96;21;0;0;0,820512821;1;0
caraballeda_etape5_+osu;caraballeda;5;osu;15,893;11555;609;0,0527;True;False;True;False;True;False;True;True;False;False;False;False;False;False;False;fair;;;7821;124;443;289;6965;0,218694885;0,300242131;0,204449325
caraballeda_etape5_+osu;caraballeda;5;osu;15,893;11555;609;0,0527;True;False;True;False;True;False;True;True;False;False;False;False;False;False;False;microsoft;;;761;313;448;0;0;0,41130092;1;0
caraballeda_etape5_+osu;caraballeda;5;osu;15,893;11555;609;0,0527;True;False;True;False;True;False;True;True;False;False;False;False;False;False;False;osu;;;11554;557;7173;52;3772;0,072056921;0,914614122;0,039754633
caraballeda_etape5_+osu;caraballeda;5;osu;15,893;11555;609;0,0527;True;False;True;False;True;False;True;True;False;False;False;False;False;False;False;uhsail;;;5541;274;338;245;4684;0,447712418;0,527938343;0,42638071
caraballeda_etape5_+osu;caraballeda;5;osu;15,893;11555;609;0,0527;True;False;True;False;True;False;True;True;False;False;False;False;False;False;False;unep;;;606;211;395;0;0;0,348184818;1;0
caraballeda_etape5_+osu;caraballeda;5;osu;15,893;11555;609;0,0527;True;False;True;False;True;False;True;True;False;False;False;False;False;False;False;nasa_s1;;;11555;67;704;542;10242;0,08690013;0,11001642;0,040601001
caraballeda_etape5_+osu;caraballeda;5;osu;15,893;11555;609;0,0527;True;False;True;False;True;False;True;True;False;False;False;False;False;False;False;nasa_s2;;;11041;453;1870;155;8563;0,195006457;0,745065789;0,243034942
caraballeda_etape5_+osu;caraballeda;5;osu;15,893;11555;609;0,0527;True;False;True;False;True;False;True;True;False;False;False;False;False;False;False;ungsc;;;11555;465;8295;144;2651;0,053082192;0,763546798;0,000783591
caraballeda_etape5_+osu;caraballeda;5;osu;15,893;11555;609;0,0527;True;False;True;False;True;False;True;True;False;False;False;False;False;False;False;eos;;;6035;119;643;371;4902;0,156167979;0,242857143;0,101272422
caraballeda_etape5_+osu;caraballeda;5;osu;15,893;11555;609;0,0527;True;False;True;False;True;False;True;True;False;False;False;False;False;False;False;t_test_seul;2,75;;11555;265;845;344;10101;0,238738739;0,435139573;0,257800942
caraballeda_etape5_+osu;caraballeda;5;osu;15,893;11555;609;0,0527;True;False;True;False;True;False;True;True;False;False;False;False;False;False;False;bdpm_seul;0,66;;4205;101;580;189;3335;0,148311307;0,348275862;0,123216041
caraballeda_etape5_+osu;caraballeda;5;osu;15,893;11555;609;0,0527;True;False;True;False;True;False;True;True;False;False;False;False;False;False;False;fusion_tstat_coevent;2,75;0,51;11555;262;830;347;10116;0,23992674;0,430213465;0,25783161
caraballeda_etape5_+osu;caraballeda;5;osu;15,893;11555;609;0,0527;True;False;True;False;True;False;True;True;False;False;False;False;False;False;False;fusion_tstat_eos;2,9;0,448;6035;187;394;303;5151;0,321858864;0,381632653;0,286338638
caraballeda_etape6_+eos;caraballeda;6;eos;15,893;11555;609;0,0527;True;False;True;False;True;False;True;True;False;True;False;False;False;False;False;chatmap;;;117;96;21;0;0;0,820512821;1;0
caraballeda_etape6_+eos;caraballeda;6;eos;15,893;11555;609;0,0527;True;False;True;False;True;False;True;True;False;True;False;False;False;False;False;fair;;;7821;124;443;289;6965;0,218694885;0,300242131;0,204449325
caraballeda_etape6_+eos;caraballeda;6;eos;15,893;11555;609;0,0527;True;False;True;False;True;False;True;True;False;True;False;False;False;False;False;microsoft;;;761;313;448;0;0;0,41130092;1;0
caraballeda_etape6_+eos;caraballeda;6;eos;15,893;11555;609;0,0527;True;False;True;False;True;False;True;True;False;True;False;False;False;False;False;osu;;;11554;557;7173;52;3772;0,072056921;0,914614122;0,039754633
caraballeda_etape6_+eos;caraballeda;6;eos;15,893;11555;609;0,0527;True;False;True;False;True;False;True;True;False;True;False;False;False;False;False;uhsail;;;5541;274;338;245;4684;0,447712418;0,527938343;0,42638071
caraballeda_etape6_+eos;caraballeda;6;eos;15,893;11555;609;0,0527;True;False;True;False;True;False;True;True;False;True;False;False;False;False;False;unep;;;606;211;395;0;0;0,348184818;1;0
caraballeda_etape6_+eos;caraballeda;6;eos;15,893;11555;609;0,0527;True;False;True;False;True;False;True;True;False;True;False;False;False;False;False;nasa_s1;;;11555;67;704;542;10242;0,08690013;0,11001642;0,040601001
caraballeda_etape6_+eos;caraballeda;6;eos;15,893;11555;609;0,0527;True;False;True;False;True;False;True;True;False;True;False;False;False;False;False;nasa_s2;;;11041;453;1870;155;8563;0,195006457;0,745065789;0,243034942
caraballeda_etape6_+eos;caraballeda;6;eos;15,893;11555;609;0,0527;True;False;True;False;True;False;True;True;False;True;False;False;False;False;False;ungsc;;;11555;465;8295;144;2651;0,053082192;0,763546798;0,000783591
caraballeda_etape6_+eos;caraballeda;6;eos;15,893;11555;609;0,0527;True;False;True;False;True;False;True;True;False;True;False;False;False;False;False;eos;;;6035;119;643;371;4902;0,156167979;0,242857143;0,101272422
caraballeda_etape6_+eos;caraballeda;6;eos;15,893;11555;609;0,0527;True;False;True;False;True;False;True;True;False;True;False;False;False;False;False;t_test_seul;2,75;;11555;265;845;344;10101;0,238738739;0,435139573;0,257800942
caraballeda_etape6_+eos;caraballeda;6;eos;15,893;11555;609;0,0527;True;False;True;False;True;False;True;True;False;True;False;False;False;False;False;bdpm_seul;0,66;;4205;101;580;189;3335;0,148311307;0,348275862;0,123216041
caraballeda_etape6_+eos;caraballeda;6;eos;15,893;11555;609;0,0527;True;False;True;False;True;False;True;True;False;True;False;False;False;False;False;fusion_tstat_coevent;2,75;0,51;11555;262;830;347;10116;0,23992674;0,430213465;0,25783161
caraballeda_etape6_+eos;caraballeda;6;eos;15,893;11555;609;0,0527;True;False;True;False;True;False;True;True;False;True;False;False;False;False;False;fusion_tstat_eos;2,9;0,448;6035;187;394;303;5151;0,321858864;0,381632653;0,286338638
caraballeda_etape7_+nasa_s1;caraballeda;7;nasa_s1;15,893;11555;609;0,0527;True;False;True;False;True;False;True;True;False;True;True;False;False;False;False;chatmap;;;117;96;21;0;0;0,820512821;1;0
caraballeda_etape7_+nasa_s1;caraballeda;7;nasa_s1;15,893;11555;609;0,0527;True;False;True;False;True;False;True;True;False;True;True;False;False;False;False;fair;;;7821;124;443;289;6965;0,218694885;0,300242131;0,204449325
caraballeda_etape7_+nasa_s1;caraballeda;7;nasa_s1;15,893;11555;609;0,0527;True;False;True;False;True;False;True;True;False;True;True;False;False;False;False;microsoft;;;761;313;448;0;0;0,41130092;1;0
caraballeda_etape7_+nasa_s1;caraballeda;7;nasa_s1;15,893;11555;609;0,0527;True;False;True;False;True;False;True;True;False;True;True;False;False;False;False;osu;;;11554;557;7173;52;3772;0,072056921;0,914614122;0,039754633
caraballeda_etape7_+nasa_s1;caraballeda;7;nasa_s1;15,893;11555;609;0,0527;True;False;True;False;True;False;True;True;False;True;True;False;False;False;False;uhsail;;;5541;274;338;245;4684;0,447712418;0,527938343;0,42638071
caraballeda_etape7_+nasa_s1;caraballeda;7;nasa_s1;15,893;11555;609;0,0527;True;False;True;False;True;False;True;True;False;True;True;False;False;False;False;unep;;;606;211;395;0;0;0,348184818;1;0
caraballeda_etape7_+nasa_s1;caraballeda;7;nasa_s1;15,893;11555;609;0,0527;True;False;True;False;True;False;True;True;False;True;True;False;False;False;False;nasa_s1;;;11555;67;704;542;10242;0,08690013;0,11001642;0,040601001
caraballeda_etape7_+nasa_s1;caraballeda;7;nasa_s1;15,893;11555;609;0,0527;True;False;True;False;True;False;True;True;False;True;True;False;False;False;False;nasa_s2;;;11041;453;1870;155;8563;0,195006457;0,745065789;0,243034942
caraballeda_etape7_+nasa_s1;caraballeda;7;nasa_s1;15,893;11555;609;0,0527;True;False;True;False;True;False;True;True;False;True;True;False;False;False;False;ungsc;;;11555;465;8295;144;2651;0,053082192;0,763546798;0,000783591
caraballeda_etape7_+nasa_s1;caraballeda;7;nasa_s1;15,893;11555;609;0,0527;True;False;True;False;True;False;True;True;False;True;True;False;False;False;False;eos;;;6035;119;643;371;4902;0,156167979;0,242857143;0,101272422
caraballeda_etape7_+nasa_s1;caraballeda;7;nasa_s1;15,893;11555;609;0,0527;True;False;True;False;True;False;True;True;False;True;True;False;False;False;False;t_test_seul;2,75;;11555;265;845;344;10101;0,238738739;0,435139573;0,257800942
caraballeda_etape7_+nasa_s1;caraballeda;7;nasa_s1;15,893;11555;609;0,0527;True;False;True;False;True;False;True;True;False;True;True;False;False;False;False;bdpm_seul;0,66;;4205;101;580;189;3335;0,148311307;0,348275862;0,123216041
caraballeda_etape7_+nasa_s1;caraballeda;7;nasa_s1;15,893;11555;609;0,0527;True;False;True;False;True;False;True;True;False;True;True;False;False;False;False;fusion_tstat_coevent;2,75;0,51;11555;262;830;347;10116;0,23992674;0,430213465;0,25783161
caraballeda_etape7_+nasa_s1;caraballeda;7;nasa_s1;15,893;11555;609;0,0527;True;False;True;False;True;False;True;True;False;True;True;False;False;False;False;fusion_tstat_eos;2,9;0,448;6035;187;394;303;5151;0,321858864;0,381632653;0,286338638
caraballeda_etape8_+nasa_s2;caraballeda;8;nasa_s2;15,893;11555;609;0,0527;True;False;True;False;True;False;True;True;False;True;True;True;False;False;False;chatmap;;;117;96;21;0;0;0,820512821;1;0
caraballeda_etape8_+nasa_s2;caraballeda;8;nasa_s2;15,893;11555;609;0,0527;True;False;True;False;True;False;True;True;False;True;True;True;False;False;False;fair;;;7821;124;443;289;6965;0,218694885;0,300242131;0,204449325
caraballeda_etape8_+nasa_s2;caraballeda;8;nasa_s2;15,893;11555;609;0,0527;True;False;True;False;True;False;True;True;False;True;True;True;False;False;False;microsoft;;;761;313;448;0;0;0,41130092;1;0
caraballeda_etape8_+nasa_s2;caraballeda;8;nasa_s2;15,893;11555;609;0,0527;True;False;True;False;True;False;True;True;False;True;True;True;False;False;False;osu;;;11554;557;7173;52;3772;0,072056921;0,914614122;0,039754633
caraballeda_etape8_+nasa_s2;caraballeda;8;nasa_s2;15,893;11555;609;0,0527;True;False;True;False;True;False;True;True;False;True;True;True;False;False;False;uhsail;;;5541;274;338;245;4684;0,447712418;0,527938343;0,42638071
caraballeda_etape8_+nasa_s2;caraballeda;8;nasa_s2;15,893;11555;609;0,0527;True;False;True;False;True;False;True;True;False;True;True;True;False;False;False;unep;;;606;211;395;0;0;0,348184818;1;0
caraballeda_etape8_+nasa_s2;caraballeda;8;nasa_s2;15,893;11555;609;0,0527;True;False;True;False;True;False;True;True;False;True;True;True;False;False;False;nasa_s1;;;11555;67;704;542;10242;0,08690013;0,11001642;0,040601001
caraballeda_etape8_+nasa_s2;caraballeda;8;nasa_s2;15,893;11555;609;0,0527;True;False;True;False;True;False;True;True;False;True;True;True;False;False;False;nasa_s2;;;11041;453;1870;155;8563;0,195006457;0,745065789;0,243034942
caraballeda_etape8_+nasa_s2;caraballeda;8;nasa_s2;15,893;11555;609;0,0527;True;False;True;False;True;False;True;True;False;True;True;True;False;False;False;ungsc;;;11555;465;8295;144;2651;0,053082192;0,763546798;0,000783591
caraballeda_etape8_+nasa_s2;caraballeda;8;nasa_s2;15,893;11555;609;0,0527;True;False;True;False;True;False;True;True;False;True;True;True;False;False;False;eos;;;6035;119;643;371;4902;0,156167979;0,242857143;0,101272422
caraballeda_etape8_+nasa_s2;caraballeda;8;nasa_s2;15,893;11555;609;0,0527;True;False;True;False;True;False;True;True;False;True;True;True;False;False;False;t_test_seul;2,75;;11555;265;845;344;10101;0,238738739;0,435139573;0,257800942
caraballeda_etape8_+nasa_s2;caraballeda;8;nasa_s2;15,893;11555;609;0,0527;True;False;True;False;True;False;True;True;False;True;True;True;False;False;False;bdpm_seul;0,66;;4205;101;580;189;3335;0,148311307;0,348275862;0,123216041
caraballeda_etape8_+nasa_s2;caraballeda;8;nasa_s2;15,893;11555;609;0,0527;True;False;True;False;True;False;True;True;False;True;True;True;False;False;False;fusion_tstat_coevent;2,75;0,51;11555;262;830;347;10116;0,23992674;0,430213465;0,25783161
caraballeda_etape8_+nasa_s2;caraballeda;8;nasa_s2;15,893;11555;609;0,0527;True;False;True;False;True;False;True;True;False;True;True;True;False;False;False;fusion_tstat_eos;2,9;0,448;6035;187;394;303;5151;0,321858864;0,381632653;0,286338638
caraballeda_etape9_+ungsc;caraballeda;9;ungsc;15,893;11555;609;0,0527;True;False;True;False;True;False;True;True;False;True;True;True;True;False;False;chatmap;;;117;96;21;0;0;0,820512821;1;0
caraballeda_etape9_+ungsc;caraballeda;9;ungsc;15,893;11555;609;0,0527;True;False;True;False;True;False;True;True;False;True;True;True;True;False;False;fair;;;7821;124;443;289;6965;0,218694885;0,300242131;0,204449325
caraballeda_etape9_+ungsc;caraballeda;9;ungsc;15,893;11555;609;0,0527;True;False;True;False;True;False;True;True;False;True;True;True;True;False;False;microsoft;;;761;313;448;0;0;0,41130092;1;0
caraballeda_etape9_+ungsc;caraballeda;9;ungsc;15,893;11555;609;0,0527;True;False;True;False;True;False;True;True;False;True;True;True;True;False;False;osu;;;11554;557;7173;52;3772;0,072056921;0,914614122;0,039754633
caraballeda_etape9_+ungsc;caraballeda;9;ungsc;15,893;11555;609;0,0527;True;False;True;False;True;False;True;True;False;True;True;True;True;False;False;uhsail;;;5541;274;338;245;4684;0,447712418;0,527938343;0,42638071
caraballeda_etape9_+ungsc;caraballeda;9;ungsc;15,893;11555;609;0,0527;True;False;True;False;True;False;True;True;False;True;True;True;True;False;False;unep;;;606;211;395;0;0;0,348184818;1;0
caraballeda_etape9_+ungsc;caraballeda;9;ungsc;15,893;11555;609;0,0527;True;False;True;False;True;False;True;True;False;True;True;True;True;False;False;nasa_s1;;;11555;67;704;542;10242;0,08690013;0,11001642;0,040601001
caraballeda_etape9_+ungsc;caraballeda;9;ungsc;15,893;11555;609;0,0527;True;False;True;False;True;False;True;True;False;True;True;True;True;False;False;nasa_s2;;;11041;453;1870;155;8563;0,195006457;0,745065789;0,243034942
caraballeda_etape9_+ungsc;caraballeda;9;ungsc;15,893;11555;609;0,0527;True;False;True;False;True;False;True;True;False;True;True;True;True;False;False;ungsc;;;11555;465;8295;144;2651;0,053082192;0,763546798;0,000783591
caraballeda_etape9_+ungsc;caraballeda;9;ungsc;15,893;11555;609;0,0527;True;False;True;False;True;False;True;True;False;True;True;True;True;False;False;eos;;;6035;119;643;371;4902;0,156167979;0,242857143;0,101272422
caraballeda_etape9_+ungsc;caraballeda;9;ungsc;15,893;11555;609;0,0527;True;False;True;False;True;False;True;True;False;True;True;True;True;False;False;t_test_seul;2,75;;11555;265;845;344;10101;0,238738739;0,435139573;0,257800942
caraballeda_etape9_+ungsc;caraballeda;9;ungsc;15,893;11555;609;0,0527;True;False;True;False;True;False;True;True;False;True;True;True;True;False;False;bdpm_seul;0,66;;4205;101;580;189;3335;0,148311307;0,348275862;0,123216041
caraballeda_etape9_+ungsc;caraballeda;9;ungsc;15,893;11555;609;0,0527;True;False;True;False;True;False;True;True;False;True;True;True;True;False;False;fusion_tstat_coevent;2,75;0,51;11555;262;830;347;10116;0,23992674;0,430213465;0,25783161
caraballeda_etape9_+ungsc;caraballeda;9;ungsc;15,893;11555;609;0,0527;True;False;True;False;True;False;True;True;False;True;True;True;True;False;False;fusion_tstat_eos;2,9;0,448;6035;187;394;303;5151;0,321858864;0,381632653;0,286338638
caraballeda_etape10_+t_test;caraballeda;10;t_test;15,893;11555;609;0,0527;True;False;True;False;True;False;True;True;False;True;True;True;True;True;False;chatmap;;;117;96;21;0;0;0,820512821;1;0
caraballeda_etape10_+t_test;caraballeda;10;t_test;15,893;11555;609;0,0527;True;False;True;False;True;False;True;True;False;True;True;True;True;True;False;fair;;;7821;124;443;289;6965;0,218694885;0,300242131;0,204449325
caraballeda_etape10_+t_test;caraballeda;10;t_test;15,893;11555;609;0,0527;True;False;True;False;True;False;True;True;False;True;True;True;True;True;False;microsoft;;;761;313;448;0;0;0,41130092;1;0
caraballeda_etape10_+t_test;caraballeda;10;t_test;15,893;11555;609;0,0527;True;False;True;False;True;False;True;True;False;True;True;True;True;True;False;osu;;;11554;557;7173;52;3772;0,072056921;0,914614122;0,039754633
caraballeda_etape10_+t_test;caraballeda;10;t_test;15,893;11555;609;0,0527;True;False;True;False;True;False;True;True;False;True;True;True;True;True;False;uhsail;;;5541;274;338;245;4684;0,447712418;0,527938343;0,42638071
caraballeda_etape10_+t_test;caraballeda;10;t_test;15,893;11555;609;0,0527;True;False;True;False;True;False;True;True;False;True;True;True;True;True;False;unep;;;606;211;395;0;0;0,348184818;1;0
caraballeda_etape10_+t_test;caraballeda;10;t_test;15,893;11555;609;0,0527;True;False;True;False;True;False;True;True;False;True;True;True;True;True;False;nasa_s1;;;11555;67;704;542;10242;0,08690013;0,11001642;0,040601001
caraballeda_etape10_+t_test;caraballeda;10;t_test;15,893;11555;609;0,0527;True;False;True;False;True;False;True;True;False;True;True;True;True;True;False;nasa_s2;;;11041;453;1870;155;8563;0,195006457;0,745065789;0,243034942
caraballeda_etape10_+t_test;caraballeda;10;t_test;15,893;11555;609;0,0527;True;False;True;False;True;False;True;True;False;True;True;True;True;True;False;ungsc;;;11555;465;8295;144;2651;0,053082192;0,763546798;0,000783591
caraballeda_etape10_+t_test;caraballeda;10;t_test;15,893;11555;609;0,0527;True;False;True;False;True;False;True;True;False;True;True;True;True;True;False;eos;;;6035;119;643;371;4902;0,156167979;0,242857143;0,101272422
caraballeda_etape10_+t_test;caraballeda;10;t_test;15,893;11555;609;0,0527;True;False;True;False;True;False;True;True;False;True;True;True;True;True;False;t_test_seul;2,75;;11555;265;845;344;10101;0,238738739;0,435139573;0,257800942
caraballeda_etape10_+t_test;caraballeda;10;t_test;15,893;11555;609;0,0527;True;False;True;False;True;False;True;True;False;True;True;True;True;True;False;bdpm_seul;0,66;;4205;101;580;189;3335;0,148311307;0,348275862;0,123216041
caraballeda_etape10_+t_test;caraballeda;10;t_test;15,893;11555;609;0,0527;True;False;True;False;True;False;True;True;False;True;True;True;True;True;False;fusion_tstat_coevent;2,75;0,51;11555;262;830;347;10116;0,23992674;0,430213465;0,25783161
caraballeda_etape10_+t_test;caraballeda;10;t_test;15,893;11555;609;0,0527;True;False;True;False;True;False;True;True;False;True;True;True;True;True;False;fusion_tstat_eos;2,9;0,448;6035;187;394;303;5151;0,321858864;0,381632653;0,286338638
caraballeda_etape11_+bdpm;caraballeda;11;bdpm;15,893;11555;609;0,0527;True;False;True;False;True;False;True;True;False;True;True;True;True;True;True;chatmap;;;117;96;21;0;0;0,820512821;1;0
caraballeda_etape11_+bdpm;caraballeda;11;bdpm;15,893;11555;609;0,0527;True;False;True;False;True;False;True;True;False;True;True;True;True;True;True;fair;;;7821;124;443;289;6965;0,218694885;0,300242131;0,204449325
caraballeda_etape11_+bdpm;caraballeda;11;bdpm;15,893;11555;609;0,0527;True;False;True;False;True;False;True;True;False;True;True;True;True;True;True;microsoft;;;761;313;448;0;0;0,41130092;1;0
caraballeda_etape11_+bdpm;caraballeda;11;bdpm;15,893;11555;609;0,0527;True;False;True;False;True;False;True;True;False;True;True;True;True;True;True;osu;;;11554;557;7173;52;3772;0,072056921;0,914614122;0,039754633
caraballeda_etape11_+bdpm;caraballeda;11;bdpm;15,893;11555;609;0,0527;True;False;True;False;True;False;True;True;False;True;True;True;True;True;True;uhsail;;;5541;274;338;245;4684;0,447712418;0,527938343;0,42638071
caraballeda_etape11_+bdpm;caraballeda;11;bdpm;15,893;11555;609;0,0527;True;False;True;False;True;False;True;True;False;True;True;True;True;True;True;unep;;;606;211;395;0;0;0,348184818;1;0
caraballeda_etape11_+bdpm;caraballeda;11;bdpm;15,893;11555;609;0,0527;True;False;True;False;True;False;True;True;False;True;True;True;True;True;True;nasa_s1;;;11555;67;704;542;10242;0,08690013;0,11001642;0,040601001
caraballeda_etape11_+bdpm;caraballeda;11;bdpm;15,893;11555;609;0,0527;True;False;True;False;True;False;True;True;False;True;True;True;True;True;True;nasa_s2;;;11041;453;1870;155;8563;0,195006457;0,745065789;0,243034942
caraballeda_etape11_+bdpm;caraballeda;11;bdpm;15,893;11555;609;0,0527;True;False;True;False;True;False;True;True;False;True;True;True;True;True;True;ungsc;;;11555;465;8295;144;2651;0,053082192;0,763546798;0,000783591
caraballeda_etape11_+bdpm;caraballeda;11;bdpm;15,893;11555;609;0,0527;True;False;True;False;True;False;True;True;False;True;True;True;True;True;True;eos;;;6035;119;643;371;4902;0,156167979;0,242857143;0,101272422
caraballeda_etape11_+bdpm;caraballeda;11;bdpm;15,893;11555;609;0,0527;True;False;True;False;True;False;True;True;False;True;True;True;True;True;True;t_test_seul;2,75;;11555;265;845;344;10101;0,238738739;0,435139573;0,257800942
caraballeda_etape11_+bdpm;caraballeda;11;bdpm;15,893;11555;609;0,0527;True;False;True;False;True;False;True;True;False;True;True;True;True;True;True;bdpm_seul;0,66;;4205;101;580;189;3335;0,148311307;0,348275862;0,123216041
caraballeda_etape11_+bdpm;caraballeda;11;bdpm;15,893;11555;609;0,0527;True;False;True;False;True;False;True;True;False;True;True;True;True;True;True;fusion_tstat_coevent;2,75;0,51;11555;262;830;347;10116;0,23992674;0,430213465;0,25783161
caraballeda_etape11_+bdpm;caraballeda;11;bdpm;15,893;11555;609;0,0527;True;False;True;False;True;False;True;True;False;True;True;True;True;True;True;fusion_tstat_eos;2,9;0,448;6035;187;394;303;5151;0,321858864;0,381632653;0,286338638
caraballeda_etape12_+fair;caraballeda;12;fair;15,579;11554;609;0,0527;True;False;True;True;True;False;True;True;False;True;True;True;True;True;True;chatmap;;;117;96;21;0;0;0,820512821;1;0
caraballeda_etape12_+fair;caraballeda;12;fair;15,579;11554;609;0,0527;True;False;True;True;True;False;True;True;False;True;True;True;True;True;True;fair;;;7821;124;443;289;6965;0,218694885;0,300242131;0,204449325
caraballeda_etape12_+fair;caraballeda;12;fair;15,579;11554;609;0,0527;True;False;True;True;True;False;True;True;False;True;True;True;True;True;True;microsoft;;;761;313;448;0;0;0,41130092;1;0
caraballeda_etape12_+fair;caraballeda;12;fair;15,579;11554;609;0,0527;True;False;True;True;True;False;True;True;False;True;True;True;True;True;True;osu;;;11553;557;7173;52;3771;0,072056921;0,914614122;0,039745631
caraballeda_etape12_+fair;caraballeda;12;fair;15,579;11554;609;0,0527;True;False;True;True;True;False;True;True;False;True;True;True;True;True;True;uhsail;;;5541;274;338;245;4684;0,447712418;0,527938343;0,42638071
caraballeda_etape12_+fair;caraballeda;12;fair;15,579;11554;609;0,0527;True;False;True;True;True;False;True;True;False;True;True;True;True;True;True;unep;;;606;211;395;0;0;0,348184818;1;0
caraballeda_etape12_+fair;caraballeda;12;fair;15,579;11554;609;0,0527;True;False;True;True;True;False;True;True;False;True;True;True;True;True;True;nasa_s1;;;11554;67;704;542;10241;0,08690013;0,11001642;0,040595805
caraballeda_etape12_+fair;caraballeda;12;fair;15,579;11554;609;0,0527;True;False;True;True;True;False;True;True;False;True;True;True;True;True;True;nasa_s2;;;11041;453;1870;155;8563;0,195006457;0,745065789;0,243034942
caraballeda_etape12_+fair;caraballeda;12;fair;15,579;11554;609;0,0527;True;False;True;True;True;False;True;True;False;True;True;True;True;True;True;ungsc;;;11554;465;8294;144;2651;0,053088252;0,763546798;0,000786701
caraballeda_etape12_+fair;caraballeda;12;fair;15,579;11554;609;0,0527;True;False;True;True;True;False;True;True;False;True;True;True;True;True;True;eos;;;6035;119;643;371;4902;0,156167979;0,242857143;0,101272422
caraballeda_etape12_+fair;caraballeda;12;fair;15,579;11554;609;0,0527;True;False;True;True;True;False;True;True;False;True;True;True;True;True;True;t_test_seul;2,75;;11554;265;845;344;10100;0,238738739;0,435139573;0,257796251
caraballeda_etape12_+fair;caraballeda;12;fair;15,579;11554;609;0,0527;True;False;True;True;True;False;True;True;False;True;True;True;True;True;True;bdpm_seul;0,66;;4205;101;580;189;3335;0,148311307;0,348275862;0,123216041
caraballeda_etape12_+fair;caraballeda;12;fair;15,579;11554;609;0,0527;True;False;True;True;True;False;True;True;False;True;True;True;True;True;True;fusion_tstat_coevent;2,75;0,51;11554;262;830;347;10115;0,23992674;0,430213465;0,257826948
caraballeda_etape12_+fair;caraballeda;12;fair;15,579;11554;609;0,0527;True;False;True;True;True;False;True;True;False;True;True;True;True;True;True;fusion_tstat_eos;2,9;0,448;6035;187;394;303;5151;0,321858864;0,381632653;0,286338638
caraballeda_etape13_+microsoft;caraballeda;13;microsoft;13,962;11364;609;0,0536;True;False;True;True;True;True;True;True;False;True;True;True;True;True;True;chatmap;;;117;96;21;0;0;0,820512821;1;0
caraballeda_etape13_+microsoft;caraballeda;13;microsoft;13,962;11364;609;0,0536;True;False;True;True;True;True;True;True;False;True;True;True;True;True;True;fair;;;7784;124;443;289;6928;0,218694885;0,300242131;0,204203141
caraballeda_etape13_+microsoft;caraballeda;13;microsoft;13,962;11364;609;0,0536;True;False;True;True;True;True;True;True;False;True;True;True;True;True;True;microsoft;;;761;313;448;0;0;0,41130092;1;0
caraballeda_etape13_+microsoft;caraballeda;13;microsoft;13,962;11364;609;0,0536;True;False;True;True;True;True;True;True;False;True;True;True;True;True;True;osu;;;11363;557;7107;52;3647;0,072677453;0,914614122;0,039253303
caraballeda_etape13_+microsoft;caraballeda;13;microsoft;13,962;11364;609;0,0536;True;False;True;True;True;True;True;True;False;True;True;True;True;True;True;uhsail;;;5541;274;338;245;4684;0,447712418;0,527938343;0,42638071
caraballeda_etape13_+microsoft;caraballeda;13;microsoft;13,962;11364;609;0,0536;True;False;True;True;True;True;True;True;False;True;True;True;True;True;True;unep;;;603;211;392;0;0;0,349917081;1;0
caraballeda_etape13_+microsoft;caraballeda;13;microsoft;13,962;11364;609;0,0536;True;False;True;True;True;True;True;True;False;True;True;True;True;True;True;nasa_s1;;;11364;67;703;542;10052;0,087012987;0,11001642;0,039700821
caraballeda_etape13_+microsoft;caraballeda;13;microsoft;13,962;11364;609;0,0536;True;False;True;True;True;True;True;True;False;True;True;True;True;True;True;nasa_s2;;;10947;453;1839;155;8500;0,197643979;0,745065789;0,246239644
caraballeda_etape13_+microsoft;caraballeda;13;microsoft;13,962;11364;609;0,0536;True;False;True;True;True;True;True;True;False;True;True;True;True;True;True;ungsc;;;11364;465;8104;144;2651;0,054265375;0,763546798;0,001400762
caraballeda_etape13_+microsoft;caraballeda;13;microsoft;13,962;11364;609;0,0536;True;False;True;True;True;True;True;True;False;True;True;True;True;True;True;eos;;;6021;119;643;371;4888;0,156167979;0,242857143;0,101043181
caraballeda_etape13_+microsoft;caraballeda;13;microsoft;13,962;11364;609;0,0536;True;False;True;True;True;True;True;True;False;True;True;True;True;True;True;t_test_seul;2,75;;11364;265;845;344;9910;0,238738739;0,435139573;0,256888732
caraballeda_etape13_+microsoft;caraballeda;13;microsoft;13,962;11364;609;0,0536;True;False;True;True;True;True;True;True;False;True;True;True;True;True;True;bdpm_seul;0,66;;4163;101;580;189;3293;0,148311307;0,348275862;0,122267665
caraballeda_etape13_+microsoft;caraballeda;13;microsoft;13,962;11364;609;0,0536;True;False;True;True;True;True;True;True;False;True;True;True;True;True;True;fusion_tstat_coevent;2,75;0,51;11364;262;830;347;9925;0,23992674;0,430213465;0,256925125
caraballeda_etape13_+microsoft;caraballeda;13;microsoft;13,962;11364;609;0,0536;True;False;True;True;True;True;True;True;False;True;True;True;True;True;True;fusion_tstat_eos;2,9;0,448;6021;187;394;303;5137;0,321858864;0,381632653;0,286178301
caraballeda_etape14_+unep;caraballeda;14;unep;11,126;11073;589;0,0532;True;False;True;True;True;True;True;True;True;True;True;True;True;True;True;chatmap;;;117;96;21;0;0;0,820512821;1;0
caraballeda_etape14_+unep;caraballeda;14;unep;11,126;11073;589;0,0532;True;False;True;True;True;True;True;True;True;True;True;True;True;True;True;fair;;;7715;119;401;289;6906;0,228846154;0,291666667;0,20962258
caraballeda_etape14_+unep;caraballeda;14;unep;11,126;11073;589;0,0532;True;False;True;True;True;True;True;True;True;True;True;True;True;True;True;microsoft;;;752;308;444;0;0;0,409574468;1;0
caraballeda_etape14_+unep;caraballeda;14;unep;11,126;11073;589;0,0532;True;False;True;True;True;True;True;True;True;True;True;True;True;True;True;osu;;;11072;543;6920;46;3563;0,072758944;0,921901528;0,040228531
caraballeda_etape14_+unep;caraballeda;14;unep;11,126;11073;589;0,0532;True;False;True;True;True;True;True;True;True;True;True;True;True;True;True;uhsail;;;5283;270;304;231;4478;0,470383275;0,538922156;0,446245619
caraballeda_etape14_+unep;caraballeda;14;unep;11,126;11073;589;0,0532;True;False;True;True;True;True;True;True;True;True;True;True;True;True;True;unep;;;597;210;387;0;0;0,351758794;1;0
caraballeda_etape14_+unep;caraballeda;14;unep;11,126;11073;589;0,0532;True;False;True;True;True;True;True;True;True;True;True;True;True;True;True;nasa_s1;;;11073;64;672;525;9812;0,086956522;0,108658744;0,039865794
caraballeda_etape14_+unep;caraballeda;14;unep;11,126;11073;589;0,0532;True;False;True;True;True;True;True;True;True;True;True;True;True;True;True;nasa_s2;;;10656;446;1799;142;8269;0,198663697;0,758503401;0,249199588
caraballeda_etape14_+unep;caraballeda;14;unep;11,126;11073;589;0,0532;True;False;True;True;True;True;True;True;True;True;True;True;True;True;True;ungsc;;;11073;453;8006;136;2478;0,053552429;0,76910017;0,00074743
caraballeda_etape14_+unep;caraballeda;14;unep;11,126;11073;589;0,0532;True;False;True;True;True;True;True;True;True;True;True;True;True;True;True;eos;;;5976;119;643;369;4845;0,156167979;0,243852459;0,100884173
caraballeda_etape14_+unep;caraballeda;14;unep;11,126;11073;589;0,0532;True;False;True;True;True;True;True;True;True;True;True;True;True;True;True;t_test_seul;2,9;;11073;225;607;364;9877;0,270432692;0,382003396;0,271287867
caraballeda_etape14_+unep;caraballeda;14;unep;11,126;11073;589;0,0532;True;False;True;True;True;True;True;True;True;True;True;True;True;True;True;bdpm_seul;0,66;;4119;100;569;188;3262;0,149476831;0,347222222;0,123281651
caraballeda_etape14_+unep;caraballeda;14;unep;11,126;11073;589;0,0532;True;False;True;True;True;True;True;True;True;True;True;True;True;True;True;fusion_tstat_coevent;2,9;0,57;11073;224;601;365;9883;0,271515152;0,380305603;0,271620903
caraballeda_etape14_+unep;caraballeda;14;unep;11,126;11073;589;0,0532;True;False;True;True;True;True;True;True;True;True;True;True;True;True;True;fusion_tstat_eos;2,9;0,448;5976;187;390;301;5098;0,324090121;0,383196721;0,288189795
